  0
SECTION
  2
HEADER
  9
$ACADVER
  1
AC1024
  9
$ACADMAINTVER
 70
6
  9
$DWGCODEPAGE
  3
ANSI_1252
  9
$LASTSAVEDBY
  1
ezdxf
  9
$INSBASE
 10
0.0
 20
0.0
 30
0.0
  9
$EXTMIN
 10
1e+20
 20
1e+20
 30
1e+20
  9
$EXTMAX
 10
-1e+20
 20
-1e+20
 30
-1e+20
  9
$LIMMIN
 10
0.0
 20
0.0
  9
$LIMMAX
 10
420.0
 20
297.0
  9
$ORTHOMODE
 70
0
  9
$REGENMODE
 70
1
  9
$FILLMODE
 70
1
  9
$QTEXTMODE
 70
0
  9
$MIRRTEXT
 70
1
  9
$LTSCALE
 40
1.0
  9
$ATTMODE
 70
1
  9
$TEXTSIZE
 40
2.5
  9
$TRACEWID
 40
1.0
  9
$TEXTSTYLE
  7
OpenSans
  9
$CLAYER
  8
0
  9
$CELTYPE
  6
ByLayer
  9
$CECOLOR
 62
256
  9
$CELTSCALE
 40
1.0
  9
$DISPSILH
 70
0
  9
$DIMSCALE
 40
1.0
  9
$DIMASZ
 40
0.175
  9
$DIMEXO
 40
0.125
  9
$DIMDLI
 40
3.75
  9
$DIMRND
 40
0.0
  9
$DIMDLE
 40
0.0
  9
$DIMEXE
 40
0.375
  9
$DIMTP
 40
0.0
  9
$DIMTM
 40
0.0
  9
$DIMTXT
 40
0.25
  9
$DIMCEN
 40
2.5
  9
$DIMTSZ
 40
0.0
  9
$DIMTOL
 70
0
  9
$DIMLIM
 70
0
  9
$DIMTIH
 70
0
  9
$DIMTOH
 70
0
  9
$DIMSE1
 70
0
  9
$DIMSE2
 70
0
  9
$DIMTAD
 70
1
  9
$DIMZIN
 70
12
  9
$DIMBLK
  1
ARCHTICK
  9
$DIMASO
 70
1
  9
$DIMSHO
 70
1
  9
$DIMPOST
  1

  9
$DIMAPOST
  1

  9
$DIMALT
 70
0
  9
$DIMALTD
 70
3
  9
$DIMALTF
 40
0.03937007874
  9
$DIMLFAC
 40
100.0
  9
$DIMTOFL
 70
1
  9
$DIMTVP
 40
0.0
  9
$DIMTIX
 70
0
  9
$DIMSOXD
 70
0
  9
$DIMSAH
 70
0
  9
$DIMBLK1
  1

  9
$DIMBLK2
  1

  9
$DIMSTYLE
  2
EZDXF
  9
$DIMCLRD
 70
0
  9
$DIMCLRE
 70
0
  9
$DIMCLRT
 70
0
  9
$DIMTFAC
 40
0.5
  9
$DIMGAP
 40
0.1
  9
$DIMJUST
 70
0
  9
$DIMSD1
 70
0
  9
$DIMSD2
 70
0
  9
$DIMTOLJ
 70
0
  9
$DIMTZIN
 70
8
  9
$DIMALTZ
 70
0
  9
$DIMALTTZ
 70
0
  9
$DIMUPT
 70
1
  9
$DIMDEC
 70
2
  9
$DIMTDEC
 70
2
  9
$DIMALTU
 70
2
  9
$DIMALTTD
 70
3
  9
$DIMTXSTY
  7
OpenSansCondensed-Light
  9
$DIMAUNIT
 70
0
  9
$DIMADEC
 70
2
  9
$DIMALTRND
 40
0.0
  9
$DIMAZIN
 70
3
  9
$DIMDSEP
 70
46
  9
$DIMATFIT
 70
3
  9
$DIMFRAC
 70
0
  9
$DIMLDRBLK
  1

  9
$DIMLUNIT
 70
2
  9
$DIMLWD
 70
-2
  9
$DIMLWE
 70
-2
  9
$DIMTMOVE
 70
2
  9
$DIMFXL
 40
1.0
  9
$DIMFXLON
 70
0
  9
$DIMJOGANG
 40
0.785398163397
  9
$DIMTFILL
 70
0
  9
$DIMTFILLCLR
 70
0
  9
$DIMARCSYM
 70
0
  9
$DIMLTYPE
  6

  9
$DIMLTEX1
  6

  9
$DIMLTEX2
  6

  9
$DIMTXTDIRECTION
 70
0
  9
$LUNITS
 70
2
  9
$LUPREC
 70
4
  9
$SKETCHINC
 40
1.0
  9
$FILLETRAD
 40
10.0
  9
$AUNITS
 70
0
  9
$AUPREC
 70
2
  9
$MENU
  1
.
  9
$ELEVATION
 40
0.0
  9
$PELEVATION
 40
0.0
  9
$THICKNESS
 40
0.0
  9
$LIMCHECK
 70
0
  9
$CHAMFERA
 40
0.0
  9
$CHAMFERB
 40
0.0
  9
$CHAMFERC
 40
0.0
  9
$CHAMFERD
 40
0.0
  9
$SKPOLY
 70
0
  9
$TDCREATE
 40
2461249.5012962963
  9
$TDUCREATE
 40
2458532.153996898
  9
$TDUPDATE
 40
2461249.5013078703
  9
$TDUUPDATE
 40
2458532.1544311
  9
$TDINDWG
 40
0.0
  9
$TDUSRTIMER
 40
0.0
  9
$USRTIMER
 70
1
  9
$ANGBASE
 50
0.0
  9
$ANGDIR
 70
0
  9
$PDMODE
 70
0
  9
$PDSIZE
 40
0.0
  9
$PLINEWID
 40
0.0
  9
$SPLFRAME
 70
0
  9
$SPLINETYPE
 70
6
  9
$SPLINESEGS
 70
8
  9
$HANDSEED
  5
9C
  9
$SURFTAB1
 70
6
  9
$SURFTAB2
 70
6
  9
$SURFTYPE
 70
6
  9
$SURFU
 70
6
  9
$SURFV
 70
6
  9
$UCSBASE
  2

  9
$UCSNAME
  2

  9
$UCSORG
 10
0.0
 20
0.0
 30
0.0
  9
$UCSXDIR
 10
1.0
 20
0.0
 30
0.0
  9
$UCSYDIR
 10
0.0
 20
1.0
 30
0.0
  9
$UCSORTHOREF
  2

  9
$UCSORTHOVIEW
 70
0
  9
$UCSORGTOP
 10
0.0
 20
0.0
 30
0.0
  9
$UCSORGBOTTOM
 10
0.0
 20
0.0
 30
0.0
  9
$UCSORGLEFT
 10
0.0
 20
0.0
 30
0.0
  9
$UCSORGRIGHT
 10
0.0
 20
0.0
 30
0.0
  9
$UCSORGFRONT
 10
0.0
 20
0.0
 30
0.0
  9
$UCSORGBACK
 10
0.0
 20
0.0
 30
0.0
  9
$PUCSBASE
  2

  9
$PUCSNAME
  2

  9
$PUCSORG
 10
0.0
 20
0.0
 30
0.0
  9
$PUCSXDIR
 10
1.0
 20
0.0
 30
0.0
  9
$PUCSYDIR
 10
0.0
 20
1.0
 30
0.0
  9
$PUCSORTHOREF
  2

  9
$PUCSORTHOVIEW
 70
0
  9
$PUCSORGTOP
 10
0.0
 20
0.0
 30
0.0
  9
$PUCSORGBOTTOM
 10
0.0
 20
0.0
 30
0.0
  9
$PUCSORGLEFT
 10
0.0
 20
0.0
 30
0.0
  9
$PUCSORGRIGHT
 10
0.0
 20
0.0
 30
0.0
  9
$PUCSORGFRONT
 10
0.0
 20
0.0
 30
0.0
  9
$PUCSORGBACK
 10
0.0
 20
0.0
 30
0.0
  9
$USERI1
 70
0
  9
$USERI2
 70
0
  9
$USERI3
 70
0
  9
$USERI4
 70
0
  9
$USERI5
 70
0
  9
$USERR1
 40
0.0
  9
$USERR2
 40
0.0
  9
$USERR3
 40
0.0
  9
$USERR4
 40
0.0
  9
$USERR5
 40
0.0
  9
$WORLDVIEW
 70
1
  9
$SHADEDGE
 70
3
  9
$SHADEDIF
 70
70
  9
$TILEMODE
 70
1
  9
$MAXACTVP
 70
64
  9
$PINSBASE
 10
0.0
 20
0.0
 30
0.0
  9
$PLIMCHECK
 70
0
  9
$PEXTMIN
 10
1e+20
 20
1e+20
 30
1e+20
  9
$PEXTMAX
 10
-1e+20
 20
-1e+20
 30
-1e+20
  9
$PLIMMIN
 10
0.0
 20
0.0
  9
$PLIMMAX
 10
420.0
 20
297.0
  9
$UNITMODE
 70
0
  9
$VISRETAIN
 70
1
  9
$PLINEGEN
 70
0
  9
$PSLTSCALE
 70
1
  9
$TREEDEPTH
 70
3020
  9
$CMLSTYLE
  2
Standard
  9
$CMLJUST
 70
0
  9
$CMLSCALE
 40
20.0
  9
$PROXYGRAPHICS
 70
1
  9
$MEASUREMENT
 70
1
  9
$CELWEIGHT
370
-1
  9
$ENDCAPS
280
0
  9
$JOINSTYLE
280
0
  9
$LWDISPLAY
290
0
  9
$INSUNITS
 70
4
  9
$HYPERLINKBASE
  1

  9
$STYLESHEET
  1

  9
$XEDIT
290
1
  9
$CEPSNTYPE
380
0
  9
$PSTYLEMODE
290
1
  9
$FINGERPRINTGUID
  2
{4701DF23-F005-4D11-9193-AC411D283133}
  9
$VERSIONGUID
  2
{26FA7ABB-5278-4F58-BEA2-6A4873933504}
  9
$EXTNAMES
290
1
  9
$PSVPSCALE
 40
0.0
  9
$OLESTARTUP
290
0
  9
$SORTENTS
280
127
  9
$INDEXCTL
280
0
  9
$HIDETEXT
280
1
  9
$XCLIPFRAME
280
1
  9
$HALOGAP
280
0
  9
$OBSCOLOR
 70
257
  9
$OBSLTYPE
280
0
  9
$INTERSECTIONDISPLAY
280
0
  9
$INTERSECTIONCOLOR
 70
257
  9
$DIMASSOC
280
2
  9
$PROJECTNAME
  1

  9
$CAMERADISPLAY
290
0
  9
$LENSLENGTH
 40
50.0
  9
$CAMERAHEIGHT
 40
0.0
  9
$STEPSPERSEC
 40
24.0
  9
$STEPSIZE
 40
100.0
  9
$3DDWFPREC
 40
2.0
  9
$PSOLWIDTH
 40
0.005
  9
$PSOLHEIGHT
 40
0.08
  9
$LOFTANG1
 40
1.570796326795
  9
$LOFTANG2
 40
1.570796326795
  9
$LOFTMAG1
 40
0.0
  9
$LOFTMAG2
 40
0.0
  9
$LOFTPARAM
 70
7
  9
$LOFTNORMALS
280
1
  9
$LATITUDE
 40
37.795
  9
$LONGITUDE
 40
-122.394
  9
$NORTHDIRECTION
 40
0.0
  9
$TIMEZONE
 70
-8000
  9
$LIGHTGLYPHDISPLAY
280
1
  9
$TILEMODELIGHTSYNCH
280
1
  9
$CMATERIAL
347
20
  9
$SOLIDHIST
280
0
  9
$SHOWHIST
280
1
  9
$DWFFRAME
280
2
  9
$DGNFRAME
280
2
  9
$REALWORLDSCALE
290
1
  9
$INTERFERECOLOR
 62
256
  9
$CSHADOW
280
0
  9
$SHADOWPLANELOCATION
 40
0.0
  0
ENDSEC
  0
SECTION
  2
CLASSES
  0
CLASS
  1
ACDBDICTIONARYWDFLT
  2
AcDbDictionaryWithDefault
  3
ObjectDBX Classes
 90
0
 91
0
280
0
281
0
  0
CLASS
  1
SUN
  2
AcDbSun
  3
SCENEOE
 90
1153
 91
0
280
0
281
0
  0
CLASS
  1
VISUALSTYLE
  2
AcDbVisualStyle
  3
ObjectDBX Classes
 90
4095
 91
0
280
0
281
0
  0
CLASS
  1
MATERIAL
  2
AcDbMaterial
  3
ObjectDBX Classes
 90
1153
 91
0
280
0
281
0
  0
CLASS
  1
SCALE
  2
AcDbScale
  3
ObjectDBX Classes
 90
1153
 91
0
280
0
281
0
  0
CLASS
  1
TABLESTYLE
  2
AcDbTableStyle
  3
ObjectDBX Classes
 90
4095
 91
0
280
0
281
0
  0
CLASS
  1
MLEADERSTYLE
  2
AcDbMLeaderStyle
  3
ACDB_MLEADERSTYLE_CLASS
 90
4095
 91
0
280
0
281
0
  0
CLASS
  1
DICTIONARYVAR
  2
AcDbDictionaryVar
  3
ObjectDBX Classes
 90
0
 91
0
280
0
281
0
  0
CLASS
  1
CELLSTYLEMAP
  2
AcDbCellStyleMap
  3
ObjectDBX Classes
 90
1152
 91
0
280
0
281
0
  0
CLASS
  1
MENTALRAYRENDERSETTINGS
  2
AcDbMentalRayRenderSettings
  3
SCENEOE
 90
1024
 91
0
280
0
281
0
  0
CLASS
  1
ACDBDETAILVIEWSTYLE
  2
AcDbDetailViewStyle
  3
ObjectDBX Classes
 90
1025
 91
0
280
0
281
0
  0
CLASS
  1
ACDBSECTIONVIEWSTYLE
  2
AcDbSectionViewStyle
  3
ObjectDBX Classes
 90
1025
 91
0
280
0
281
0
  0
CLASS
  1
RASTERVARIABLES
  2
AcDbRasterVariables
  3
ISM
 90
0
 91
0
280
0
281
0
  0
CLASS
  1
ACDBPLACEHOLDER
  2
AcDbPlaceHolder
  3
ObjectDBX Classes
 90
0
 91
0
280
0
281
0
  0
CLASS
  1
LAYOUT
  2
AcDbLayout
  3
ObjectDBX Classes
 90
0
 91
0
280
0
281
0
  0
ENDSEC
  0
SECTION
  2
TABLES
  0
TABLE
  2
VPORT
  5
8
330
0
100
AcDbSymbolTable
 70
1
  0
VPORT
  5
23
330
8
100
AcDbSymbolTableRecord
100
AcDbViewportTableRecord
  2
*Active
 70
0
 10
0.0
 20
0.0
 11
1.0
 21
1.0
 12
0.0
 22
0.0
 13
0.0
 23
0.0
 14
0.5
 24
0.5
 15
0.5
 25
0.5
 16
0.0
 26
0.0
 36
1.0
 17
0.0
 27
0.0
 37
0.0
 40
1000.0
 41
1.34
 42
50.0
 43
0.0
 44
0.0
 50
0.0
 51
0.0
 71
0
 72
1000
 73
1
 74
3
 75
0
 76
0
 77
0
 78
0
281
0
 65
0
146
0.0
  0
ENDTAB
  0
TABLE
  2
LTYPE
  5
2
330
0
100
AcDbSymbolTable
 70
21
  0
LTYPE
  5
24
330
2
100
AcDbSymbolTableRecord
100
AcDbLinetypeTableRecord
  2
ByBlock
 70
0
  3

 72
65
 73
0
 40
0.0
  0
LTYPE
  5
25
330
2
100
AcDbSymbolTableRecord
100
AcDbLinetypeTableRecord
  2
ByLayer
 70
0
  3

 72
65
 73
0
 40
0.0
  0
LTYPE
  5
26
330
2
100
AcDbSymbolTableRecord
100
AcDbLinetypeTableRecord
  2
Continuous
 70
0
  3

 72
65
 73
0
 40
0.0
  0
LTYPE
  5
2F
330
2
100
AcDbSymbolTableRecord
100
AcDbLinetypeTableRecord
  2
CENTER
 70
0
  3
Center ____ _ ____ _ ____ _ ____ _ ____ _ ____
 72
65
 73
4
 40
5.08
 49
3.175
 74
0
 49
-0.635
 74
0
 49
0.635
 74
0
 49
-0.635
 74
0
  0
LTYPE
  5
30
330
2
100
AcDbSymbolTableRecord
100
AcDbLinetypeTableRecord
  2
CENTERX2
 70
0
  3
Center (2x) ________  __  ________  __  ________
 72
65
 73
4
 40
8.89
 49
6.35
 74
0
 49
-0.635
 74
0
 49
1.27
 74
0
 49
-0.635
 74
0
  0
LTYPE
  5
31
330
2
100
AcDbSymbolTableRecord
100
AcDbLinetypeTableRecord
  2
CENTER2
 70
0
  3
Center (.5x) ____ _ ____ _ ____ _ ____ _ ____
 72
65
 73
4
 40
2.54
 49
1.587
 74
0
 49
-0.318
 74
0
 49
0.318
 74
0
 49
-0.318
 74
0
  0
LTYPE
  5
32
330
2
100
AcDbSymbolTableRecord
100
AcDbLinetypeTableRecord
  2
DASHED
 70
0
  3
Dashed __ __ __ __ __ __ __ __ __ __ __ __ __ _
 72
65
 73
2
 40
1.524
 49
1.27
 74
0
 49
-0.254
 74
0
  0
LTYPE
  5
33
330
2
100
AcDbSymbolTableRecord
100
AcDbLinetypeTableRecord
  2
DASHEDX2
 70
0
  3
Dashed (2x) ____  ____  ____  ____  ____  ____
 72
65
 73
2
 40
3.048
 49
2.54
 74
0
 49
-0.508
 74
0
  0
LTYPE
  5
34
330
2
100
AcDbSymbolTableRecord
100
AcDbLinetypeTableRecord
  2
DASHED2
 70
0
  3
Dashed (.5x) _ _ _ _ _ _ _ _ _ _ _ _ _ _
 72
65
 73
2
 40
0.762
 49
0.635
 74
0
 49
-0.127
 74
0
  0
LTYPE
  5
35
330
2
100
AcDbSymbolTableRecord
100
AcDbLinetypeTableRecord
  2
PHANTOM
 70
0
  3
Phantom ______  __  __  ______  __  __  ______
 72
65
 73
6
 40
6.35
 49
3.175
 74
0
 49
-0.635
 74
0
 49
0.635
 74
0
 49
-0.635
 74
0
 49
0.635
 74
0
 49
-0.635
 74
0
  0
LTYPE
  5
36
330
2
100
AcDbSymbolTableRecord
100
AcDbLinetypeTableRecord
  2
PHANTOMX2
 70
0
  3
Phantom (2x)____________    ____    ____    ____________
 72
65
 73
6
 40
10.795
 49
6.35
 74
0
 49
-0.635
 74
0
 49
1.27
 74
0
 49
-0.635
 74
0
 49
1.27
 74
0
 49
-0.635
 74
0
  0
LTYPE
  5
37
330
2
100
AcDbSymbolTableRecord
100
AcDbLinetypeTableRecord
  2
PHANTOM2
 70
0
  3
Phantom (.5x) ___ _ _ ___ _ _ ___ _ _ ___ _ _ ___
 72
65
 73
6
 40
3.175
 49
1.587
 74
0
 49
-0.318
 74
0
 49
0.318
 74
0
 49
-0.318
 74
0
 49
0.318
 74
0
 49
-0.318
 74
0
  0
LTYPE
  5
38
330
2
100
AcDbSymbolTableRecord
100
AcDbLinetypeTableRecord
  2
DASHDOT
 70
0
  3
Dash dot __ . __ . __ . __ . __ . __ . __ . __
 72
65
 73
4
 40
3.556
 49
2.54
 74
0
 49
-0.508
 74
0
 49
0.0
 74
0
 49
-0.508
 74
0
  0
LTYPE
  5
39
330
2
100
AcDbSymbolTableRecord
100
AcDbLinetypeTableRecord
  2
DASHDOTX2
 70
0
  3
Dash dot (2x) ____  .  ____  .  ____  .  ____
 72
65
 73
4
 40
6.096
 49
5.08
 74
0
 49
-0.508
 74
0
 49
0.0
 74
0
 49
-0.508
 74
0
  0
LTYPE
  5
3A
330
2
100
AcDbSymbolTableRecord
100
AcDbLinetypeTableRecord
  2
DASHDOT2
 70
0
  3
Dash dot (.5x) _ . _ . _ . _ . _ . _ . _ . _
 72
65
 73
4
 40
1.778
 49
1.27
 74
0
 49
-0.254
 74
0
 49
0.0
 74
0
 49
-0.254
 74
0
  0
LTYPE
  5
3B
330
2
100
AcDbSymbolTableRecord
100
AcDbLinetypeTableRecord
  2
DOT
 70
0
  3
Dot .  .  .  .  .  .  .  .  .  .  .  .  .  .  .  .
 72
65
 73
2
 40
0.508
 49
0.0
 74
0
 49
-0.508
 74
0
  0
LTYPE
  5
3C
330
2
100
AcDbSymbolTableRecord
100
AcDbLinetypeTableRecord
  2
DOTX2
 70
0
  3
Dot (2x) .    .    .    .    .    .    .    . 
 72
65
 73
2
 40
1.016
 49
0.0
 74
0
 49
-1.016
 74
0
  0
LTYPE
  5
3D
330
2
100
AcDbSymbolTableRecord
100
AcDbLinetypeTableRecord
  2
DOT2
 70
0
  3
Dot (.5) . . . . . . . . . . . . . . . . . . . 
 72
65
 73
2
 40
0.254
 49
0.0
 74
0
 49
-0.254
 74
0
  0
LTYPE
  5
3E
330
2
100
AcDbSymbolTableRecord
100
AcDbLinetypeTableRecord
  2
DIVIDE
 70
0
  3
Divide __ . . __ . . __ . . __ . . __ . . __
 72
65
 73
6
 40
4.064
 49
2.54
 74
0
 49
-0.508
 74
0
 49
0.0
 74
0
 49
-0.508
 74
0
 49
0.0
 74
0
 49
-0.508
 74
0
  0
LTYPE
  5
3F
330
2
100
AcDbSymbolTableRecord
100
AcDbLinetypeTableRecord
  2
DIVIDEX2
 70
0
  3
Divide (2x) ____  . .  ____  . .  ____  . .  ____
 72
65
 73
6
 40
6.604
 49
5.08
 74
0
 49
-0.508
 74
0
 49
0.0
 74
0
 49
-0.508
 74
0
 49
0.0
 74
0
 49
-0.508
 74
0
  0
LTYPE
  5
40
330
2
100
AcDbSymbolTableRecord
100
AcDbLinetypeTableRecord
  2
DIVIDE2
 70
0
  3
Divide(.5x) _ . _ . _ . _ . _ . _ . _ . _
 72
65
 73
6
 40
2.032
 49
1.27
 74
0
 49
-0.254
 74
0
 49
0.0
 74
0
 49
-0.254
 74
0
 49
0.0
 74
0
 49
-0.254
 74
0
  0
ENDTAB
  0
TABLE
  2
LAYER
  5
1
330
0
100
AcDbSymbolTable
 70
10
  0
LAYER
  5
27
330
1
100
AcDbSymbolTableRecord
100
AcDbLayerTableRecord
  2
0
 70
0
 62
7
  6
Continuous
370
-3
390
13
347
21
  0
LAYER
  5
28
330
1
100
AcDbSymbolTableRecord
100
AcDbLayerTableRecord
  2
Defpoints
 70
0
 62
7
  6
Continuous
290
0
370
-3
390
13
347
21
  0
LAYER
  5
8A
330
1
100
AcDbSymbolTableRecord
100
AcDbLayerTableRecord
  2
FLEXSPLINE_CYLINDRICAL
 70
0
 62
5
  6
Continuous
370
-3
390
13
347
21
  0
LAYER
  5
8B
330
1
100
AcDbSymbolTableRecord
100
AcDbLayerTableRecord
  2
FLEXSPLINE_INNER_BORE
 70
0
 62
5
  6
Continuous
370
-3
390
13
347
21
  0
LAYER
  5
8C
330
1
100
AcDbSymbolTableRecord
100
AcDbLayerTableRecord
  2
FLEXSPLINE_DEFORMED
 70
0
 62
3
  6
Continuous
370
-3
390
13
347
21
  0
LAYER
  5
8D
330
1
100
AcDbSymbolTableRecord
100
AcDbLayerTableRecord
  2
CIRCULAR_SPLINE_TEETH
 70
0
 62
1
  6
Continuous
370
-3
390
13
347
21
  0
LAYER
  5
8E
330
1
100
AcDbSymbolTableRecord
100
AcDbLayerTableRecord
  2
CIRCULAR_SPLINE_OUTER
 70
0
 62
1
  6
Continuous
370
-3
390
13
347
21
  0
LAYER
  5
8F
330
1
100
AcDbSymbolTableRecord
100
AcDbLayerTableRecord
  2
WAVE_GENERATOR_CAM
 70
0
 62
6
  6
Continuous
370
-3
390
13
347
21
  0
LAYER
  5
90
330
1
100
AcDbSymbolTableRecord
100
AcDbLayerTableRecord
  2
WAVE_GENERATOR_BORE
 70
0
 62
6
  6
Continuous
370
-3
390
13
347
21
  0
LAYER
  5
91
330
1
100
AcDbSymbolTableRecord
100
AcDbLayerTableRecord
  2
TEXT
 70
0
 62
7
  6
Continuous
370
-3
390
13
347
21
  0
ENDTAB
  0
TABLE
  2
STYLE
  5
5
330
0
100
AcDbSymbolTable
 70
26
  0
STYLE
  5
29
330
5
100
AcDbSymbolTableRecord
100
AcDbTextStyleTableRecord
  2
Standard
 70
0
 40
0.0
 41
1.0
 50
0.0
 71
0
 42
2.5
  3
txt
  4

  0
STYLE
  5
41
330
5
100
AcDbSymbolTableRecord
100
AcDbTextStyleTableRecord
  2
OpenSans-Light
 70
0
 40
0.0
 41
1.0
 50
0.0
 71
0
 42
2.5
  3
OpenSans-Light.ttf
  4

  0
STYLE
  5
42
330
5
100
AcDbSymbolTableRecord
100
AcDbTextStyleTableRecord
  2
OpenSans-Light-Italic
 70
0
 40
0.0
 41
1.0
 50
0.0
 71
0
 42
2.5
  3
OpenSans-LightItalic.ttf
  4

  0
STYLE
  5
43
330
5
100
AcDbSymbolTableRecord
100
AcDbTextStyleTableRecord
  2
OpenSans
 70
0
 40
0.0
 41
1.0
 50
0.0
 71
0
 42
2.5
  3
OpenSans-Regular.ttf
  4

  0
STYLE
  5
44
330
5
100
AcDbSymbolTableRecord
100
AcDbTextStyleTableRecord
  2
OpenSans-Italic
 70
0
 40
0.0
 41
1.0
 50
0.0
 71
0
 42
2.5
  3
OpenSans-Italic.ttf
  4

  0
STYLE
  5
45
330
5
100
AcDbSymbolTableRecord
100
AcDbTextStyleTableRecord
  2
OpenSans-SemiBold
 70
0
 40
0.0
 41
1.0
 50
0.0
 71
0
 42
2.5
  3
OpenSans-SemiBold.ttf
  4

  0
STYLE
  5
46
330
5
100
AcDbSymbolTableRecord
100
AcDbTextStyleTableRecord
  2
OpenSans-SemiBoldItalic
 70
0
 40
0.0
 41
1.0
 50
0.0
 71
0
 42
2.5
  3
OpenSans-SemiBoldItalic.ttf
  4

  0
STYLE
  5
47
330
5
100
AcDbSymbolTableRecord
100
AcDbTextStyleTableRecord
  2
OpenSans-Bold
 70
0
 40
0.0
 41
1.0
 50
0.0
 71
0
 42
2.5
  3
OpenSans-Bold.ttf
  4

  0
STYLE
  5
48
330
5
100
AcDbSymbolTableRecord
100
AcDbTextStyleTableRecord
  2
OpenSans-BoldItalic
 70
0
 40
0.0
 41
1.0
 50
0.0
 71
0
 42
2.5
  3
OpenSans-BoldItalic.ttf
  4

  0
STYLE
  5
49
330
5
100
AcDbSymbolTableRecord
100
AcDbTextStyleTableRecord
  2
OpenSans-ExtraBold
 70
0
 40
0.0
 41
1.0
 50
0.0
 71
0
 42
2.5
  3
OpenSans-ExtraBold.ttf
  4

  0
STYLE
  5
4A
330
5
100
AcDbSymbolTableRecord
100
AcDbTextStyleTableRecord
  2
OpenSans-ExtraBoldItalic
 70
0
 40
0.0
 41
1.0
 50
0.0
 71
0
 42
2.5
  3
OpenSans-ExtraBoldItalic.ttf
  4

  0
STYLE
  5
4B
330
5
100
AcDbSymbolTableRecord
100
AcDbTextStyleTableRecord
  2
OpenSansCondensed-Bold
 70
0
 40
0.0
 41
1.0
 50
0.0
 71
0
 42
2.5
  3
OpenSansCondensed-Bold.ttf
  4

  0
STYLE
  5
4C
330
5
100
AcDbSymbolTableRecord
100
AcDbTextStyleTableRecord
  2
OpenSansCondensed-Light
 70
0
 40
0.0
 41
1.0
 50
0.0
 71
0
 42
2.5
  3
OpenSansCondensed-Light.ttf
  4

  0
STYLE
  5
4D
330
5
100
AcDbSymbolTableRecord
100
AcDbTextStyleTableRecord
  2
OpenSansCondensed-Italic
 70
0
 40
0.0
 41
1.0
 50
0.0
 71
0
 42
2.5
  3
OpenSansCondensed-LightItalic.ttf
  4

  0
STYLE
  5
4E
330
5
100
AcDbSymbolTableRecord
100
AcDbTextStyleTableRecord
  2
LiberationSans
 70
0
 40
0.0
 41
1.0
 50
0.0
 71
0
 42
2.5
  3
LiberationSans-Regular.ttf
  4

  0
STYLE
  5
4F
330
5
100
AcDbSymbolTableRecord
100
AcDbTextStyleTableRecord
  2
LiberationSans-Bold
 70
0
 40
0.0
 41
1.0
 50
0.0
 71
0
 42
2.5
  3
LiberationSans-Bold.ttf
  4

  0
STYLE
  5
50
330
5
100
AcDbSymbolTableRecord
100
AcDbTextStyleTableRecord
  2
LiberationSans-BoldItalic
 70
0
 40
0.0
 41
1.0
 50
0.0
 71
0
 42
2.5
  3
LiberationSans-BoldItalic.ttf
  4

  0
STYLE
  5
51
330
5
100
AcDbSymbolTableRecord
100
AcDbTextStyleTableRecord
  2
LiberationSans-Italic
 70
0
 40
0.0
 41
1.0
 50
0.0
 71
0
 42
2.5
  3
LiberationSans-Italic.ttf
  4

  0
STYLE
  5
52
330
5
100
AcDbSymbolTableRecord
100
AcDbTextStyleTableRecord
  2
LiberationSerif
 70
0
 40
0.0
 41
1.0
 50
0.0
 71
0
 42
2.5
  3
LiberationSerif-Regular.ttf
  4

  0
STYLE
  5
53
330
5
100
AcDbSymbolTableRecord
100
AcDbTextStyleTableRecord
  2
LiberationSerif-Bold
 70
0
 40
0.0
 41
1.0
 50
0.0
 71
0
 42
2.5
  3
LiberationSerif-Bold.ttf
  4

  0
STYLE
  5
54
330
5
100
AcDbSymbolTableRecord
100
AcDbTextStyleTableRecord
  2
LiberationSerif-BoldItalic
 70
0
 40
0.0
 41
1.0
 50
0.0
 71
0
 42
2.5
  3
LiberationSerif-BoldItalic.ttf
  4

  0
STYLE
  5
55
330
5
100
AcDbSymbolTableRecord
100
AcDbTextStyleTableRecord
  2
LiberationSerif-Italic
 70
0
 40
0.0
 41
1.0
 50
0.0
 71
0
 42
2.5
  3
LiberationSerif-Italic.ttf
  4

  0
STYLE
  5
56
330
5
100
AcDbSymbolTableRecord
100
AcDbTextStyleTableRecord
  2
LiberationMono
 70
0
 40
0.0
 41
1.0
 50
0.0
 71
0
 42
2.5
  3
LiberationMono-Regular.ttf
  4

  0
STYLE
  5
57
330
5
100
AcDbSymbolTableRecord
100
AcDbTextStyleTableRecord
  2
LiberationMono-Bold
 70
0
 40
0.0
 41
1.0
 50
0.0
 71
0
 42
2.5
  3
LiberationMono-Bold.ttf
  4

  0
STYLE
  5
58
330
5
100
AcDbSymbolTableRecord
100
AcDbTextStyleTableRecord
  2
LiberationMono-BoldItalic
 70
0
 40
0.0
 41
1.0
 50
0.0
 71
0
 42
2.5
  3
LiberationMono-BoldItalic.ttf
  4

  0
STYLE
  5
59
330
5
100
AcDbSymbolTableRecord
100
AcDbTextStyleTableRecord
  2
LiberationMono-Italic
 70
0
 40
0.0
 41
1.0
 50
0.0
 71
0
 42
2.5
  3
LiberationMono-Italic.ttf
  4

  0
ENDTAB
  0
TABLE
  2
VIEW
  5
7
330
0
100
AcDbSymbolTable
 70
0
  0
ENDTAB
  0
TABLE
  2
UCS
  5
6
330
0
100
AcDbSymbolTable
 70
0
  0
ENDTAB
  0
TABLE
  2
APPID
  5
3
330
0
100
AcDbSymbolTable
 70
3
  0
APPID
  5
2A
330
3
100
AcDbSymbolTableRecord
100
AcDbRegAppTableRecord
  2
ACAD
 70
0
  0
APPID
  5
99
330
3
100
AcDbSymbolTableRecord
100
AcDbRegAppTableRecord
  2
HATCHBACKGROUNDCOLOR
 70
0
  0
APPID
  5
9A
330
3
100
AcDbSymbolTableRecord
100
AcDbRegAppTableRecord
  2
EZDXF
 70
0
  0
ENDTAB
  0
TABLE
  2
DIMSTYLE
  5
4
330
0
100
AcDbSymbolTable
 70
12
100
AcDbDimStyleTable
  0
DIMSTYLE
105
2B
330
4
100
AcDbSymbolTableRecord
100
AcDbDimStyleTableRecord
  2
Standard
 70
0
 40
1.0
 41
2.5
 42
0.625
 43
3.75
 44
1.25
 45
0.0
 46
0.0
 47
0.0
 48
0.0
 49
2.5
140
2.5
141
2.5
142
0.0
143
0.03937007874
144
1.0
145
0.0
146
1.0
147
0.625
148
0.0
 69
0
 70
0
 71
0
 72
0
 73
0
 74
0
 75
0
 76
0
 77
1
 78
8
 79
3
170
0
171
3
172
1
173
0
174
0
175
0
176
0
177
0
178
0
179
2
271
2
272
2
273
2
274
3
275
0
276
0
277
2
278
44
279
0
280
0
281
0
282
0
283
0
284
8
285
0
286
0
288
0
289
3
290
0
371
-2
372
-2
  0
DIMSTYLE
105
73
330
4
100
AcDbSymbolTableRecord
100
AcDbDimStyleTableRecord
  2
EZDXF
 70
0
 40
1.0
 41
0.175
 42
0.125
 43
3.75
 44
0.375
 45
0.0
 46
0.0
 47
0.0
 48
0.0
 49
2.5
140
0.25
141
2.5
142
0.0
143
0.03937007874
144
100.0
145
0.0
146
0.5
147
0.1
148
0.0
 69
0
 70
0
 71
0
 72
0
 73
0
 74
0
 75
0
 76
0
 77
1
 78
12
 79
3
170
0
171
3
172
1
173
0
174
0
175
0
176
0
177
0
178
0
179
2
271
2
272
2
273
2
274
3
275
0
276
0
277
2
278
46
279
2
280
0
281
0
282
0
283
0
284
8
285
0
286
0
288
1
289
3
290
0
340
4C
342
74
371
-2
372
-2
  0
DIMSTYLE
105
7C
330
4
100
AcDbSymbolTableRecord
100
AcDbDimStyleTableRecord
  2
EZ_M_100_H25_CM
 70
0
 40
1.0
 41
0.25
 42
0.125
 43
3.75
 44
0.375
 45
0.0
 46
0.0
 47
0.0
 48
0.0
 49
2.5
140
0.25
141
2.5
142
0.125
143
0.03937007874
144
100.0
145
0.0
146
0.5
147
0.1
148
0.0
 69
0
 70
0
 71
0
 72
0
 73
0
 74
0
 75
0
 76
0
 77
1
 78
12
 79
3
170
0
171
3
172
1
173
0
174
0
175
0
176
0
177
0
178
0
179
2
271
2
272
2
273
2
274
3
275
0
276
0
277
2
278
46
279
2
280
0
281
0
282
0
283
0
284
8
285
0
286
0
288
1
289
3
290
0
340
4C
371
-2
372
-2
  0
DIMSTYLE
105
7D
330
4
100
AcDbSymbolTableRecord
100
AcDbDimStyleTableRecord
  2
EZ_M_50_H25_CM
 70
0
 40
1.0
 41
0.125
 42
0.0625
 43
3.75
 44
0.1875
 45
0.0
 46
0.0
 47
0.0
 48
0.0
 49
2.5
140
0.125
141
2.5
142
0.0625
143
0.03937007874
144
100.0
145
0.0
146
0.5
147
0.05
148
0.0
 69
0
 70
0
 71
0
 72
0
 73
0
 74
0
 75
0
 76
0
 77
1
 78
12
 79
3
170
0
171
3
172
1
173
0
174
0
175
0
176
0
177
0
178
0
179
2
271
2
272
2
273
2
274
3
275
0
276
0
277
2
278
46
279
2
280
0
281
0
282
0
283
0
284
8
285
0
286
0
288
1
289
3
290
0
340
4C
371
-2
372
-2
  0
DIMSTYLE
105
7E
330
4
100
AcDbSymbolTableRecord
100
AcDbDimStyleTableRecord
  2
EZ_M_25_H25_CM
 70
0
 40
1.0
 41
0.0625
 42
0.03125
 43
3.75
 44
0.09375
 45
0.0
 46
0.0
 47
0.0
 48
0.0
 49
2.5
140
0.0625
141
2.5
142
0.03125
143
0.03937007874
144
100.0
145
0.0
146
0.5
147
0.025
148
0.0
 69
0
 70
0
 71
0
 72
0
 73
0
 74
0
 75
0
 76
0
 77
1
 78
12
 79
3
170
0
171
3
172
1
173
0
174
0
175
0
176
0
177
0
178
0
179
2
271
2
272
2
273
2
274
3
275
0
276
0
277
2
278
46
279
2
280
0
281
0
282
0
283
0
284
8
285
0
286
0
288
1
289
3
290
0
340
4C
371
-2
372
-2
  0
DIMSTYLE
105
7F
330
4
100
AcDbSymbolTableRecord
100
AcDbDimStyleTableRecord
  2
EZ_M_20_H25_CM
 70
0
 40
1.0
 41
0.05
 42
0.025
 43
3.75
 44
0.07500000000000001
 45
0.0
 46
0.0
 47
0.0
 48
0.0
 49
2.5
140
0.05
141
2.5
142
0.025
143
0.03937007874
144
100.0
145
0.0
146
0.5
147
0.020000000000000004
148
0.0
 69
0
 70
0
 71
0
 72
0
 73
0
 74
0
 75
0
 76
0
 77
1
 78
12
 79
3
170
0
171
3
172
1
173
0
174
0
175
0
176
0
177
0
178
0
179
2
271
2
272
2
273
2
274
3
275
0
276
0
277
2
278
46
279
2
280
0
281
0
282
0
283
0
284
8
285
0
286
0
288
1
289
3
290
0
340
4C
371
-2
372
-2
  0
DIMSTYLE
105
80
330
4
100
AcDbSymbolTableRecord
100
AcDbDimStyleTableRecord
  2
EZ_M_10_H25_CM
 70
0
 40
1.0
 41
0.025
 42
0.0125
 43
3.75
 44
0.037500000000000006
 45
0.0
 46
0.0
 47
0.0
 48
0.0
 49
2.5
140
0.025
141
2.5
142
0.0125
143
0.03937007874
144
100.0
145
0.0
146
0.5
147
0.010000000000000002
148
0.0
 69
0
 70
0
 71
0
 72
0
 73
0
 74
0
 75
0
 76
0
 77
1
 78
12
 79
3
170
0
171
3
172
1
173
0
174
0
175
0
176
0
177
0
178
0
179
2
271
2
272
2
273
2
274
3
275
0
276
0
277
2
278
46
279
2
280
0
281
0
282
0
283
0
284
8
285
0
286
0
288
1
289
3
290
0
340
4C
371
-2
372
-2
  0
DIMSTYLE
105
81
330
4
100
AcDbSymbolTableRecord
100
AcDbDimStyleTableRecord
  2
EZ_M_5_H25_CM
 70
0
 40
1.0
 41
0.0125
 42
0.00625
 43
3.75
 44
0.018750000000000003
 45
0.0
 46
0.0
 47
0.0
 48
0.0
 49
2.5
140
0.0125
141
2.5
142
0.00625
143
0.03937007874
144
100.0
145
0.0
146
0.5
147
0.005000000000000001
148
0.0
 69
0
 70
0
 71
0
 72
0
 73
0
 74
0
 75
0
 76
0
 77
1
 78
12
 79
3
170
0
171
3
172
1
173
0
174
0
175
0
176
0
177
0
178
0
179
2
271
2
272
2
273
2
274
3
275
0
276
0
277
2
278
46
279
2
280
0
281
0
282
0
283
0
284
8
285
0
286
0
288
1
289
3
290
0
340
4C
371
-2
372
-2
  0
DIMSTYLE
105
82
330
4
100
AcDbSymbolTableRecord
100
AcDbDimStyleTableRecord
  2
EZ_M_1_H25_CM
 70
0
 40
1.0
 41
0.0025
 42
0.00125
 43
3.75
 44
0.00375
 45
0.0
 46
0.0
 47
0.0
 48
0.0
 49
2.5
140
0.0025
141
2.5
142
0.00125
143
0.03937007874
144
100.0
145
0.0
146
0.5
147
0.001
148
0.0
 69
0
 70
0
 71
0
 72
0
 73
0
 74
0
 75
0
 76
0
 77
1
 78
12
 79
3
170
0
171
3
172
1
173
0
174
0
175
0
176
0
177
0
178
0
179
2
271
2
272
2
273
2
274
3
275
0
276
0
277
2
278
46
279
2
280
0
281
0
282
0
283
0
284
8
285
0
286
0
288
1
289
3
290
0
340
4C
371
-2
372
-2
  0
DIMSTYLE
105
83
330
4
100
AcDbSymbolTableRecord
100
AcDbDimStyleTableRecord
  2
EZ_RADIUS
 70
0
 40
1.0
 41
0.25
 42
0.125
 43
3.75
 44
0.375
 45
0.0
 46
0.0
 47
0.0
 48
0.0
 49
2.5
140
0.25
141
0.0
142
0.0
143
0.03937007874
144
100.0
145
0.0
146
0.5
147
0.1
148
0.0
 69
0
 70
0
 71
0
 72
0
 73
0
 74
0
 75
0
 76
0
 77
1
 78
12
 79
3
170
0
171
3
172
0
173
0
174
0
175
0
176
0
177
0
178
0
179
2
271
2
272
2
273
2
274
3
275
0
276
0
277
2
278
46
279
1
280
0
281
0
282
0
283
0
284
8
285
0
286
0
288
1
289
3
290
0
340
4C
342
84
371
-2
372
-2
  0
DIMSTYLE
105
88
330
4
100
AcDbSymbolTableRecord
100
AcDbDimStyleTableRecord
  2
EZ_RADIUS_INSIDE
 70
0
 40
1.0
 41
0.25
 42
0.125
 43
3.75
 44
0.375
 45
0.0
 46
0.0
 47
0.0
 48
0.0
 49
2.5
140
0.25
141
0.0
142
0.0
143
0.03937007874
144
100.0
145
0.0
146
0.5
147
0.1
148
0.0
 69
0
 70
0
 71
0
 72
0
 73
0
 74
0
 75
0
 76
0
 77
0
 78
12
 79
3
170
0
171
3
172
0
173
0
174
1
175
0
176
0
177
0
178
0
179
2
271
2
272
2
273
2
274
3
275
0
276
0
277
2
278
46
279
0
280
0
281
0
282
0
283
0
284
8
285
0
286
0
288
1
289
0
290
0
340
4C
342
84
371
-2
372
-2
  0
DIMSTYLE
105
89
330
4
100
AcDbSymbolTableRecord
100
AcDbDimStyleTableRecord
  2
EZ_CURVED
 70
0
 40
1.0
 41
0.25
 42
0.125
 43
3.75
 44
0.375
 45
0.0
 46
0.0
 47
0.0
 48
0.0
 49
2.5
140
0.25
141
2.5
142
0.0
143
0.03937007874
144
100.0
145
0.0
146
0.5
147
0.1
148
0.0
 69
0
 70
0
 71
0
 72
0
 73
0
 74
0
 75
0
 76
0
 77
1
 78
12
 79
2
 90
2
170
0
171
3
172
1
173
0
174
0
175
0
176
0
177
0
178
0
179
2
271
2
272
2
273
2
274
3
275
0
276
0
277
2
278
46
279
2
280
0
281
0
282
0
283
0
284
8
285
0
286
0
288
1
289
3
290
0
340
4C
371
-2
372
-2
  0
ENDTAB
  0
TABLE
  2
BLOCK_RECORD
  5
9
330
0
100
AcDbSymbolTable
 70
5
  0
BLOCK_RECORD
  5
17
330
9
100
AcDbSymbolTableRecord
100
AcDbBlockTableRecord
  2
*Model_Space
340
1A
 70
0
280
1
281
0
  0
BLOCK_RECORD
  5
1B
330
9
100
AcDbSymbolTableRecord
100
AcDbBlockTableRecord
  2
*Paper_Space
340
1E
 70
0
280
1
281
0
  0
BLOCK_RECORD
  5
74
330
9
100
AcDbSymbolTableRecord
100
AcDbBlockTableRecord
  2
_ARCHTICK
340
0
 70
0
280
1
281
0
  0
BLOCK_RECORD
  5
78
330
9
100
AcDbSymbolTableRecord
100
AcDbBlockTableRecord
  2
_CLOSEDFILLED
340
0
 70
0
280
1
281
0
  0
BLOCK_RECORD
  5
84
330
9
100
AcDbSymbolTableRecord
100
AcDbBlockTableRecord
  2
_CLOSEDBLANK
340
0
 70
0
280
1
281
0
  0
ENDTAB
  0
ENDSEC
  0
SECTION
  2
BLOCKS
  0
BLOCK
  5
18
330
17
100
AcDbEntity
  8
0
100
AcDbBlockBegin
  2
*Model_Space
 70
0
 10
0.0
 20
0.0
 30
0.0
  3
*Model_Space
  1

  0
ENDBLK
  5
19
330
17
100
AcDbEntity
  8
0
100
AcDbBlockEnd
  0
BLOCK
  5
1C
330
1B
100
AcDbEntity
  8
0
100
AcDbBlockBegin
  2
*Paper_Space
 70
0
 10
0.0
 20
0.0
 30
0.0
  3
*Paper_Space
  1

  0
ENDBLK
  5
1D
330
1B
100
AcDbEntity
  8
0
100
AcDbBlockEnd
  0
BLOCK
  5
75
330
74
100
AcDbEntity
  8
0
100
AcDbBlockBegin
  2
_ARCHTICK
 70
0
 10
0.0
 20
0.0
 30
0.0
  3
_ARCHTICK
  1

  0
LWPOLYLINE
  5
77
330
74
100
AcDbEntity
  8
0
  6
BYBLOCK
 62
0
100
AcDbPolyline
 90
2
 70
0
 43
0.15
 10
-0.5
 20
-0.5
 10
0.5
 20
0.5
  0
ENDBLK
  5
76
330
74
100
AcDbEntity
  8
0
100
AcDbBlockEnd
  0
BLOCK
  5
79
330
78
100
AcDbEntity
  8
0
100
AcDbBlockBegin
  2
_CLOSEDFILLED
 70
0
 10
0.0
 20
0.0
 30
0.0
  3
_CLOSEDFILLED
  1

  0
SOLID
  5
7B
330
78
100
AcDbEntity
  8
0
  6
BYBLOCK
 62
0
100
AcDbTrace
 10
-1.0
 20
0.16439898372402537
 30
0.0
 11
0.0
 21
0.0
 31
0.0
 12
-1.0
 22
-0.16439898372402537
 32
0.0
 13
-1.0
 23
-0.16439898372402537
 33
0.0
  0
ENDBLK
  5
7A
330
78
100
AcDbEntity
  8
0
100
AcDbBlockEnd
  0
BLOCK
  5
85
330
84
100
AcDbEntity
  8
0
100
AcDbBlockBegin
  2
_CLOSEDBLANK
 70
0
 10
0.0
 20
0.0
 30
0.0
  3
_CLOSEDBLANK
  1

  0
LWPOLYLINE
  5
87
330
84
100
AcDbEntity
  8
0
  6
BYBLOCK
 62
0
100
AcDbPolyline
 90
3
 70
1
 10
-1.0
 20
0.16439898372402537
 10
0.0
 20
0.0
 10
-1.0
 20
-0.16439898372402537
  0
ENDBLK
  5
86
330
84
100
AcDbEntity
  8
0
100
AcDbBlockEnd
  0
ENDSEC
  0
SECTION
  2
ENTITIES
  0
LWPOLYLINE
  5
92
330
17
100
AcDbEntity
  8
CIRCULAR_SPLINE_TEETH
100
AcDbPolyline
 90
7878
 70
1
 10
49.99684146438739
 20
-0.561999630706132
 10
50.07748874113612
 20
-0.5359971431897478
 10
50.15812637768344
 20
-0.5095252038888585
 10
50.23875362778935
 20
-0.48258907685445285
 10
50.31936975058835
 20
-0.4551937751786269
 10
50.399974010179186
 20
-0.4273440792126099
 10
50.48056567525454
 20
-0.3990445530166008
 10
50.56114401876618
 20
-0.3702995592551731
 10
50.64170831762106
 20
-0.34111327272147235
 10
50.722257852405036
 20
-0.311489692647671
 10
50.80279190713102
 20
-0.28143265393761857
 10
50.883309769008896
 20
-0.2509458374395954
 10
50.963810728234925
 20
-0.2200327793615693
 10
51.04429407779849
 20
-0.18869687991850587
 10
51.124759113304606
 20
-0.15694141128998434
 10
51.12491328074607
 20
-0.09416494142554728
 10
51.12499036452492
 20
-0.03138832958378234
 10
51.12499036452492
 20
0.03138832958378234
 10
51.12491328074607
 20
0.09416494142554728
 10
51.124759113304606
 20
0.15694141128998434
 10
51.04429407779849
 20
0.18869687991850587
 10
50.963810728234925
 20
0.2200327793615693
 10
50.883309769008896
 20
0.2509458374395954
 10
50.80279190713102
 20
0.28143265393761857
 10
50.722257852405036
 20
0.311489692647671
 10
50.64170831762106
 20
0.34111327272147235
 10
50.56114401876618
 20
0.3702995592551731
 10
50.48056567525454
 20
0.3990445530166008
 10
50.399974010179186
 20
0.4273440792126099
 10
50.31936975058835
 20
0.4551937751786269
 10
50.23875362778935
 20
0.48258907685445285
 10
50.15812637768344
 20
0.5095252038888585
 10
50.07748874113612
 20
0.5359971431897478
 10
49.99684146438739
 20
0.561999630706132
 10
49.995797704902856
 20
0.6482374953907628
 10
49.9946051967463
 20
0.7344734314239666
 10
49.99326394346571
 20
0.8207071822345603
 10
49.991773949051606
 20
0.9069384912578622
 10
49.99013521793706
 20
0.9931671019364559
 10
49.99013521793706
 20
0.993167101936456
 10
50.0699348103895
 20
1.0216651307884992
 10
50.1497101674178
 20
1.0506320845339698
 10
50.22946070685424
 20
1.0800626784602332
 10
50.30918584409814
 20
1.1099518788592995
 10
50.388884992272466
 20
1.140294884805852
 10
50.468557562365305
 20
1.1710871117038522
 10
50.54820296335838
 20
1.2023241763879244
 10
50.6278206023439
 20
1.2340018835962503
 10
50.707409884631296
 20
1.2661162136574764
 10
50.78697021384479
 20
1.2986633112556638
 10
50.86650099201293
 20
1.33163947515535
 10
50.9460016196509
 20
1.3650411487842942
 10
51.02547149583631
 20
1.3988649115843426
 10
51.10491001827921
 20
1.43310747105214
 10
51.103111771580586
 20
1.4958583694126533
 10
51.1012364740906
 20
1.5586070123905267
 10
51.099284128636725
 20
1.621353305376402
 10
51.09725473816262
 20
1.684097153764465
 10
51.0951483057281
 20
1.746838462952586
 10
51.013734601883876
 20
1.776076119376828
 10
50.93231564138492
 20
1.8048938400039922
 10
50.85089223004981
 20
1.833288376143898
 10
50.7694651802934
 20
1.8612563512142564
 10
50.688035311551666
 20
1.8887942527924246
 10
50.606603450743805
 20
1.9158984239782886
 10
50.52517043277554
 20
1.9425650539901091
 10
50.443737101088615
 20
1.968790167903894
 10
50.362304308261784
 20
1.9945696154340133
 10
50.28087291666985
 20
2.019899058637292
 10
50.19944379920804
 20
2.0447739584048037
 10
50.1180178400899
 20
2.069189559584088
 10
50.03659593572904
 20
2.0931408745487854
 10
49.955178995715734
 20
2.1166226650021827
 10
49.951453755402014
 20
2.202786354128352
 10
49.94757989834943
 20
2.288943489472805
 10
49.94355743608358
 20
2.3750938146988085
 10
49.93938638057219
 20
2.4612370734898894
 10
49.935066744225075
 20
2.5473730095506006
 10
49.935066744225075
 20
2.5473730095506006
 10
50.01394145142928
 20
2.5783390097359042
 10
50.09277735143288
 20
2.609772954269009
 10
50.17157402670354
 20
2.641669542888251
 10
50.25033104947101
 20
2.6740237261395348
 10
50.32904798245026
 20
2.7068306871680416
 10
50.407724379494596
 20
2.740085825277194
 10
50.48635978618746
 20
2.7737847410412426
 10
50.564953740379934
 20
2.8079232227883417
 10
50.64350577268032
 20
2.8424972342967294
 10
50.72201540690113
 20
2.8775029035681468
 10
50.80048216046808
 20
2.9129365125606546
 10
50.878905544795224
 20
2.9487944877784935
 10
50.957285065629726
 20
2.985073391629491
 10
51.03562022336941
 20
3.0217699144717995
 10
51.031871302218235
 20
3.084434533886928
 10
51.028045437688625
 20
3.1470945027413855
 10
51.02414263554902
 20
3.2097497265595134
 10
51.020162901683875
 20
3.272400110872806
 10
51.01610624209365
 20
3.3350455612200545
 10
50.933822632411754
 20
3.3617371198957104
 10
50.85154682856332
 20
3.388008782423432
 10
50.76927973701096
 20
3.413857326745334
 10
50.68702227478777
 20
3.4392794031784297
 10
50.60477537016923
 20
3.4642715264834445
 10
50.52253996340362
 20
3.488830067246244
 10
50.440317007507595
 20
3.5129512424938847
 10
50.358107469134495
 20
3.5366311054560375
 10
50.27591232952399
 20
3.559865534369721
 10
50.19373258554317
 20
3.5826502202098376
 10
50.11156925083067
 20
3.6049806532100304
 10
50.029423357056935
 20
3.6268521080169087
 10
49.947295955316456
 20
3.648259627295057
 10
49.865188117669824
 20
3.6691980035697505
 10
49.85878500045632
 20
3.755204159333024
 10
49.85223354221421
 20
3.841199142524651
 10
49.845533762435565
 20
3.9271826972903376
 10
49.838685681053704
 20
4.013154567809791
 10
49.83168931844321
 20
4.0991144982974825
 10
49.83168931844321
 20
4.099114498297483
 10
49.90956283421402
 20
4.132518512210776
 10
49.987383008551184
 20
4.166389037220307
 10
50.06514958896175
 20
4.200720762643049
 10
50.1428623049197
 20
4.235508628163816
 10
50.220520869155074
 20
4.270747805658286
 10
50.298124978818
 20
4.306433682780217
 10
50.375674316533264
 20
4.342561848099651
 10
50.45316855135791
 20
4.3791280776092325
 10
50.53060733965325
 20
4.416128322441575
 10
50.60799032588074
 20
4.453558697662007
 10
50.6853171433301
 20
4.49141547201908
 10
50.76258741478697
 20
4.529695058550641
 10
50.839800753146235
 20
4.568394005956147
 10
50.91695676197679
 20
4.6075089906571245
 10
50.91126079321216
 20
4.670026707154714
 10
50.905488062919765
 20
4.73253738241272
 10
50.89963857980343
 20
4.795040922180578
 10
50.89371235268273
 20
4.857537232218488
 10
50.88770939049296
 20
4.920026218297546
 10
50.80463547905157
 20
4.944145856865445
 10
50.72158242838018
 20
4.967846045156956
 10
50.6385512447085
 20
4.991123590863625
 10
50.55554294880073
 20
5.013975174442368
 10
50.47255857687376
 20
5.036397341209022
 10
50.38959918159535
 20
5.058386492746656
 10
50.306665833171124
 20
5.079938877550907
 10
50.22375962053081
 20
5.101050580823352
 10
50.1408816526257
 20
5.121717513311197
 10
50.0580330598508
 20
5.141935399076128
 10
49.97521499560752
 20
5.161699762057261
 10
49.892428638025116
 20
5.181005911271754
 10
49.80967519186208
 20
5.199848924471034
 10
49.726955890612174
 20
5.218223630040262
 10
49.71788109110126
 20
5.303989047039558
 10
49.70865836978236
 20
5.389738683486018
 10
49.69928775409515
 20
5.475472284255313
 10
49.68976927191928
 20
5.561189594270816
 10
49.68010295157439
 20
5.6468903585043755
 10
49.68010295157438
 20
5.6468903585043755
 10
49.75689993831467
 20
5.68270006991956
 10
49.83362910099266
 20
5.718974407860065
 10
49.91029035239905
 20
5.755708056359237
 10
49.9868835795138
 20
5.7928959491363345
 10
50.0634086453599
 20
5.830533251468428
 10
50.13986539067729
 20
5.8686153438217605
 10
50.21625363543916
 20
5.907137807029933
 10
50.292573180228686
 20
5.946096408836539
 10
50.36882380749261
 20
5.985487091645583
 10
50.44500528268529
 20
6.025305961344407
 10
50.521117355315255
 20
6.065549277081794
 10
50.59715975990465
 20
6.106213441899357
 10
50.673132216870556
 20
6.147294994127089
 10
50.74903443333647
 20
6.188790599465239
 10
50.74139692744029
 20
6.25110093119222
 10
50.73368291612884
 20
6.313401837812649
 10
50.725892411032916
 20
6.375693225392241
 10
50.718025423898666
 20
6.437975000011067
 10
50.71008196658756
 20
6.50024706776369
 10
50.62629812203076
 20
6.521771452031258
 10
50.542548172999055
 20
6.5428772376850395
 10
50.45883322451577
 20
6.56356126525436
 10
50.37515440008869
 20
6.583820248547485
 10
50.29151284287368
 20
6.603650766777545
 10
50.20790971693957
 20
6.623049256006048
 10
50.12434620864555
 20
6.642011999826549
 10
50.04082352814434
 20
6.660535119199848
 10
49.957342911026004
 20
6.678614561339425
 10
49.87390562011983
 20
6.696246087530443
 10
49.790512947474205
 20
6.713425259747795
 10
49.70716621653741
 20
6.730147425917405
 10
49.62386678456644
 20
6.746407703639503
 10
49.5406160452949
 20
6.762200962162339
 10
49.52887834276901
 20
6.84764266789578
 10
49.51699328076055
 20
6.933064000361866
 10
49.504960894630265
 20
7.018464705413041
 10
49.49278122017716
 20
7.10384452896312
 10
49.480454293638495
 20
7.189203216988046
 10
49.480454293638495
 20
7.189203216988046
 10
49.556100455223444
 20
7.227383982322062
 10
49.63166437573284
 20
7.266027040114324
 10
49.707146133325416
 20
7.30512707425741
 10
49.78254577259642
 20
7.344679017406318
 10
49.85786330699433
 20
7.3846780329167965
 10
49.93309872100298
 20
7.42511949853667
 10
50.0082519721181
 20
7.465998991638361
 10
50.08332299264193
 20
7.507312275810844
 10
50.158311691317124
 20
7.54905528865498
 10
50.23321795481786
 20
7.591224130647422
 10
50.3080416491138
 20
7.633815054956223
 10
50.38278262072038
 20
7.676824458106579
 10
50.45744069784742
 20
7.720248871407967
 10
50.53201569145633
 20
7.764084953065074
 10
50.5224440372223
 20
7.826127618799752
 10
50.51279620769954
 20
7.8881584846790895
 10
50.503072217434564
 20
7.950177457175957
 10
50.49327208108873
 20
8.012184442781159
 10
50.48339581343823
 20
8.074179348003574
 10
50.39898309122451
 20
8.093087654519163
 10
50.31461726649927
 20
8.111578619050691
 10
50.23029954201041
 20
8.129649118021847
 10
50.14603114292234
 20
8.147295901771422
 10
50.06181331822398
 20
8.164515586719233
 10
49.97764734225908
 20
8.18130464685311
 10
49.89353451639269
 20
8.197659404459904
 10
49.809476170829754
 20
8.213576020012358
 10
49.72547366660373
 20
8.229050481111042
 10
49.64152839775653
 20
8.24407859036527
 10
49.55764179373352
 20
8.25865595207922
 10
49.47381532202165
 20
8.272777957588161
 10
49.39005049106336
 20
8.286439769064536
 10
49.30634885348376
 20
8.29963630158335
 10
49.29195960341203
 20
8.384671636718807
 10
49.277423698743924
 20
8.469682025582204
 10
49.26274118272704
 20
8.554667215248639
 10
49.24791209904511
 20
8.639626952868177
 10
49.232936491817995
 20
8.724560985666612
 10
49.23293649181799
 20
8.724560985666612
 10
49.307358645471794
 20
8.765075867494865
 10
49.38168422059973
 20
8.80605026047619
 10
49.45591346065293
 20
8.847478853505391
 10
49.53004656779881
 20
8.889356583075537
 10
49.60408370589829
 20
8.93167861530019
 10
49.67802500319415
 20
8.974440329680487
 10
49.75187055474577
 20
9.017637304406282
 10
49.825620424639936
 20
9.06126530301038
 10
49.8992746480035
 20
9.10532026222061
 10
49.972833232840095
 20
9.149798280875476
 10
50.04629616171017
 20
9.19469560978711
 10
50.11966339327099
 20
9.24000864245043
 10
50.19293486369126
 20
9.285733906510126
 10
50.26611048795319
 20
9.331868055908298
 10
50.25461394533862
 20
9.393583033378535
 10
50.24304163125652
 20
9.455283847660242
 10
50.23139356315505
 20
9.516970405723926
 10
50.21966975859662
 20
9.57864261456159
 10
50.20787023525782
 20
9.640300381186872
 10
50.12291029924423
 20
9.656574317385102
 10
50.038010217312184
 20
9.672432571980412
 10
49.95317128877061
 20
9.687872060312714
 10
49.868394839255295
 20
9.702889572395161
 10
49.783682222379866
 20
9.717481765127653
 10
49.69903482153015
 20
9.731645153835526
 10
49.61445405181808
 20
9.745376103056884
 10
49.529941362213904
 20
9.758670816490906
 10
49.44549823787783
 20
9.771525326006984
 10
49.36112620271569
 20
9.783935479599295
 10
49.27682682218694
 20
9.79589692815385
 10
49.19260170639755
 20
9.807405110873848
 10
49.10845251351603
 20
9.818455239184228
 10
49.024380953556935
 20
9.829042278906092
 10
49.00735407660949
 20
9.913588977248741
 10
48.99018139183072
 20
9.998106180448534
 10
48.972862950313214
 20
10.08259363704791
 10
48.95539880358321
 20
10.167051095677795
 10
48.93778900360045
 20
10.25147830505838
 10
48.93778900360044
 20
10.25147830505838
 10
49.01091515069592
 20
10.294288107849313
 10
49.0839304752487
 20
10.337554195940786
 10
49.15683538576679
 20
10.38127126836797
 10
49.22963024179419
 20
10.425434270360622
 10
49.30231535744576
 20
10.470038375466595
 10
49.374891004599114
 20
10.515078969410377
 10
49.44735741578535
 20
10.560551635477058
 10
49.519714786813786
 20
10.606452141241796
 10
49.5919632791615
 20
10.652776426490327
 10
49.66410302215382
 20
10.699520592197135
 10
49.73613411495889
 20
10.746680890445532
 10
49.80805662841575
 20
10.794253715189209
 10
49.87987060671377
 20
10.842235593767356
 10
49.951576068938245
 20
10.890623179096576
 10
49.9381657601056
 20
10.951950763047467
 10
49.92468015693064
 20
11.01326183417861
 10
49.91111927974631
 20
11.074556300048148
 10
49.89748314899902
 20
11.135834068239259
 10
49.88377178524869
 20
11.1970950463603
 10
49.79834682868627
 20
11.210718868258937
 10
49.71299462489352
 20
11.223929071080894
 10
49.62771656848335
 20
11.236722612066522
 10
49.54251408428049
 20
11.249096324008793
 10
49.457388629213746
 20
11.26104690752192
 10
49.37234169437266
 20
11.272570922639943
 10
49.28737480724703
 20
11.283664779669294
 10
49.20248953417066
 20
11.294324729208261
 10
49.11768748299365
 20
11.30454685123397
 10
49.032970306011514
 20
11.314327043142264
 10
48.948339703183315
 20
11.323661006608459
 10
48.8637974256763
 20
11.332544233115978
 10
48.77934527978098
 20
11.340971987974887
 10
48.694985131246995
 20
11.348939292622624
 10
48.67533709982761
 20
11.43291556070218
 10
48.65554424840161
 20
11.51685781330273
 10
48.63560663585719
 20
11.60076580067732
 10
48.615524321513156
 20
11.684639273180931
 10
48.59529736511892
 20
11.76847798127124
 10
48.59529736511892
 20
11.76847798127124
 10
48.66705676083152
 20
11.813541289305475
 10
48.738691197198264
 20
11.85905721536116
 10
48.81020124738881
 20
11.905020473742178
 10
48.88158742797591
 20
11.951426023305132
 10
48.95285020302446
 20
11.998269049701445
 10
49.02398998778391
 20
12.04554494934297
 10
49.095007152032096
 20
12.093249314882927
 10
49.16590202311147
 20
12.141377922033412
 10
49.236674888693074
 20
12.189926717566074
 10
49.30732599929886
 20
12.238891808363427
 10
49.37785557060868
 20
12.288269451405828
 10
49.44826378557487
 20
12.338056044594365
 10
49.51855079636468
 20
12.388248118322297
 10
49.588716726148
 20
12.438842327718822
 10
49.573405624704996
 20
12.499723187673673
 10
49.5580197788873
 20
12.560585201152648
 10
49.54255921189295
 20
12.62142827639095
 10
49.527023947032625
 20
12.682252321652346
 10
49.51141400772966
 20
12.743057245229293
 10
49.4256066737468
 20
12.754017772660527
 10
49.339884920838124
 20
12.764567143691073
 10
49.25425023757135
 20
12.774702360405385
 10
49.168704146581696
 20
12.784420301440317
 10
49.08324820670366
 20
12.793717714316344
 10
48.99788401528801
 20
12.80259120710416
 10
48.91261321072463
 20
12.81103723935131
 10
48.827437475195524
 20
12.819052112182506
 10
48.74235853768524
 20
12.826631957474973
 10
48.65737817728046
 20
12.833772725995217
 10
48.572498226795254
 20
12.84047017436623
 10
48.48772057676406
 20
12.846719850713336
 10
48.40304717985183
 20
12.852517078812243
 10
48.31848005573833
 20
12.857856940533168
 10
48.296229878048464
 20
12.941181536733783
 10
48.273836008280696
 20
13.024467630027026
 10
48.251298513061826
 20
13.107714972618158
 10
48.22861745944591
 20
13.190923316827728
 10
48.20579291491416
 20
13.274092415092316
 10
48.205792914914156
 20
13.274092415092316
 10
48.276116136663056
 20
13.321365632529702
 10
48.346300383153
 20
13.369087362830742
 10
48.41634639166085
 20
13.417252340681596
 10
48.48625483528833
 20
13.465855543442707
 10
48.55602632760144
 20
13.51489217352663
 10
48.625661426819725
 20
13.56435764248626
 10
48.69516063961004
 20
13.61424755660677
 10
48.76452442453123
 20
13.66455770382392
 10
48.833753195170075
 20
13.715284041816512
 10
48.902847323002746
 20
13.766422687141421
 10
48.97180714001216
 20
13.817969905297188
 10
49.04063294108693
 20
13.869922101617092
 10
49.109324986225
 20
13.922275812905083
 10
49.177883502561706
 20
13.975027699738893
 10
49.160686421010126
 20
14.035402937397631
 10
49.14341521736185
 20
14.095757013157105
 10
49.126069917657546
 20
14.156089836018367
 10
49.10865054804961
 20
14.216401315014515
 10
49.09115713480214
 20
14.276691359210831
 10
49.005050436452684
 20
14.28497798857225
 10
48.919042064687766
 20
14.292856321976231
 10
48.83313360058982
 20
14.300323409251623
 10
48.74732666313149
 20
14.307376177898892
 10
48.661622911544924
 20
14.314011425491325
 10
48.57602404789674
 20
14.320225811417743
 10
48.490531819891885
 20
14.326015847891973
 10
48.40514802393319
 20
14.331377890143568
 10
48.31987450846693
 20
14.33630812569201
 10
48.23471317764983
 20
14.340802562591843
 10
48.14966599537783
 20
14.344857016518919
 10
48.06473498972358
 20
14.348467096547376
 10
47.97992225783741
 20
14.351628189442504
 10
47.8952299713753
 20
14.35433544226527
 10
47.87039917302486
 20
14.436927755421555
 10
47.84542594953803
 20
14.519477115491176
 10
47.820310375215776
 20
14.601983276871337
 10
47.79505252478251
 20
14.684445994087769
 10
47.769652473386
 20
14.766865021795457
 10
47.769652473386
 20
14.766865021795459
 10
47.838471487995896
 20
14.816302414851219
 10
47.90713764588336
 20
14.866183781705606
 10
47.97565184771913
 20
14.916503882520912
 10
48.04401492248273
 20
14.967257718020493
 10
48.11222763264771
 20
15.018440512019405
 10
48.18029067886365
 20
15.0700476956506
 10
48.24820470419624
 20
15.122074893081837
 10
48.315970297977145
 20
15.174517908547449
 10
48.3835879993087
 20
15.227372714544071
 10
48.451058300261955
 20
15.280635441059923
 10
48.51838164880169
 20
15.334302365724616
 10
48.585558451467556
 20
15.388369904781227
 10
48.65258907583662
 20
15.442834604794815
 10
48.71947385278993
 20
15.49769313502233
 10
48.70040742819553
 20
15.557504341241787
 10
48.68126757549076
 20
15.61729209061137
 10
48.66205432353373
 20
15.677056292986007
 10
48.642767701293266
 20
15.736796858256133
 10
48.62340773784881
 20
15.796513696347828
 10
48.5370849778023
 20
15.802118410860707
 10
48.450873194726064
 20
15.80731808485937
 10
48.36477406068765
 20
15.81210981877116
 10
48.2787892894309
 20
15.816490591932594
 10
48.192920638980354
 20
15.820457255067918
 10
48.107169914471896
 20
15.824006522115907
 10
48.02153897123475
 20
15.827134961330874
 10
47.93602971815462
 20
15.829838985573286
 10
47.850644121351316
 20
15.832114841693224
 10
47.7653842082094
 20
15.833958598895213
 10
47.68025207180677
 20
15.835366135956031
 10
47.59524987579224
 20
15.836333127146565
 10
47.51037985977269
 20
15.836855026684695
 10
47.42564434527935
 20
15.836927051517042
 10
47.39825694846207
 20
15.91870717890016
 10
47.37072853123705
 20
16.000439944571653
 10
47.343059175507506
 20
16.082125105358287
 10
47.31524896359593
 20
16.16376241822844
 10
47.28729797824394
 20
16.245351640292874
 10
47.28729797824394
 20
16.24535164029287
 10
47.35454620776281
 20
16.296905381482087
 10
47.42162784697476
 20
16.348898127888923
 10
47.488543959073084
 20
16.40132467022102
 10
47.55529552811315
 20
16.454180037401112
 10
47.62188346473836
 20
16.5074594792674
 10
47.68830861135051
 20
16.561158450952995
 10
47.75457174679203
 20
16.61527259874157
 10
47.82067359059724
 20
16.66979774722516
 10
47.88661480686249
 20
16.72472988761458
 10
47.95239600777765
 20
16.78006516707339
 10
48.01801775685602
 20
16.835799878963417
 10
48.08348057189493
 20
16.891930453904596
 10
48.14878492769502
 20
16.948453451564063
 10
48.21393125856292
 20
17.00536555310027
 10
48.19301393646011
 20
17.064554864401277
 10
48.1720239512702
 20
17.123718446594786
 10
48.15096133464086
 20
17.182856210476807
 10
48.12982611832927
 20
17.241968066882297
 10
48.10861833420212
 20
17.30105392668527
 10
48.02216302415384
 20
17.303971304150295
 10
47.93583123409851
 20
17.30648728839486
 10
47.84962472547118
 20
17.30859903324996
 10
47.76354530512894
 20
17.310303572810447
 10
47.67759482818801
 20
17.31159781399826
 10
47.591775201107126
 20
17.31247852848118
 10
47.50608838504487
 20
17.312942343873985
 10
47.420536399523144
 20
17.3129857341384
 10
47.33512132643314
 20
17.312605009086024
 10
47.249845314425954
 20
17.311796302874153
 10
47.16471058373649
 20
17.31055556136751
 10
47.07971943149656
 20
17.3088785282186
 10
46.99487423760287
 20
17.306760729495632
 10
46.91017747121603
 20
17.304197456658184
 10
46.88025997146954
 20
17.385086281276575
 10
46.850202992472084
 20
17.465923381377788
 10
46.820006623649924
 20
17.54670851645338
 10
46.78967095484398
 20
17.627441446149522
 10
46.75919607630966
 20
17.708121930267705
 10
46.75919607630965
 20
17.70812193026771
 10
46.82480846241858
 20
17.761742144675328
 10
46.89024068580148
 20
17.81579597101036
 10
46.95549397114562
 20
17.870278235565454
 10
47.020569456630184
 20
17.925184000271916
 10
47.08546820018744
 20
17.98050854558658
 10
47.15019118515648
 20
18.036247355039556
 10
47.21473932540291
 20
18.092396101242393
 10
47.27911346996766
 20
18.148950633184253
 10
47.34331440729862
 20
18.205906964668383
 10
47.40734286911221
 20
18.26326126376105
 10
47.471199533925095
 20
18.321009843142228
 10
47.534885030291356
 20
18.379149151261853
 10
47.59839993977585
 20
18.437675764217442
 10
47.66174479969064
 20
18.496586378279716
 10
47.63899681623762
 20
18.55509653282627
 10
47.616177005017626
 20
18.61357871089895
 10
47.593285400437246
 20
18.672032824321157
 10
47.57032203701134
 20
18.730458784958614
 10
47.54728694936294
 20
18.788856504719504
 10
47.460782729241735
 20
18.78908372276239
 10
47.37441445263854
 20
18.788913583200593
 10
47.28818396865184
 20
18.788343296022234
 10
47.20209317550395
 20
18.78736995294985
 10
47.116144023608044
 20
18.785990520095392
 10
47.03033851890135
 20
18.78420182997885
 10
46.94467872647453
 20
18.782000572838065
 10
46.85916677453191
 20
18.779383287147205
 10
46.77380485872198
 20
18.77634634924941
 10
46.68859524688368
 20
18.772885961994707
 10
46.603540284260994
 20
18.76899814225788
 10
46.51864239924637
 20
18.764678707190782
 10
46.43390410972402
 20
18.75992325904021
 10
46.349328030095094
 20
18.754727168333893
 10
46.316909370668206
 20
18.834646435473864
 10
46.2843529080843
 20
18.91450966533122
 10
46.25165873920615
 20
18.994316620295017
 10
46.2188269613062
 20
19.074067062921717
 10
46.185857672066334
 20
19.15376075593593
 10
46.185857672066334
 20
19.15376075593593
 10
46.24977073901928
 20
19.20939556946751
 10
46.31349024512287
 20
19.265458182144787
 10
46.37701757537358
 20
19.321943460850594
 10
46.44035402097326
 20
19.37884650530211
 10
46.50350078611961
 20
19.436162631140633
 10
46.566458994137626
 20
19.493887354662686
 10
46.62922969303207
 20
19.552016378994136
 10
46.69181386052903
 20
19.61054558153713
 10
46.75421240866518
 20
19.669471002543727
 10
46.81642618797561
 20
19.728788834690043
 10
46.87845599132392
 20
19.788495413541455
 10
46.94030255741286
 20
19.848587208813786
 10
47.00196657400887
 20
19.90906081634735
 10
47.06344868090964
 20
19.96991295072126
 10
47.03889204331126
 20
20.027687343717655
 10
47.01426448275474
 20
20.085431539939233
 10
46.989566036372324
 20
20.143145452322084
 10
46.96479674140313
 20
20.20082899384798
 10
46.939956635193106
 20
20.25848207754448
 10
46.85348719224515
 20
20.25601891634644
 10
46.76716598482369
 20
20.253162817577316
 10
46.680994947901766
 20
20.249911050081522
 10
46.59497606923051
 20
20.246260766022814
 10
46.50911139263316
 20
20.242208993638283
 10
46.4234030215848
 20
20.237752629364458
 10
46.337853123110335
 20
20.23288842926419
 10
46.25246393203762
 20
20.227612999672925
 10
46.16723775564831
 20
20.221922786970993
 10
46.082176978775166
 20
20.215814066374644
 10
45.997284069402404
 20
20.209282929622137
 10
45.9125615848338
 20
20.202325271411315
 10
45.82801217850515
 20
20.194936774422096
 10
45.74363860752892
 20
20.187112892729086
 10
45.70875015138091
 20
20.265985285661177
 10
45.67372570148549
 20
20.34479738275768
 10
45.638565362048226
 20
20.423548949535004
 10
45.60326923767897
 20
20.50223975168962
 10
45.56783743339162
 20
20.580869555098815
 10
45.56783743339162
 20
20.580869555098815
 10
45.62998934942408
 20
20.63846514466539
 10
45.69193449374147
 20
20.696482306727873
 10
45.75367441030956
 20
20.754915953725295
 10
45.81521054210377
 20
20.813761227901384
 10
45.8765442384222
 20
20.873013484613722
 10
45.93767676148903
 20
20.932668277262934
 10
45.99860929243429
 20
20.992721343646167
 10
46.05934293672333
 20
21.053168593566884
 10
46.1198787290993
 20
21.114006097556757
 10
46.180217638093104
 20
21.1752300765851
 10
46.24036057014822
 20
21.236836892647798
 10
46.30030837340145
 20
21.298823040141876
 10
46.360061841155435
 20
21.36118513794375
 10
46.41962171507451
 20
21.423919922119367
 10
46.39328018029167
 20
21.480902660571683
 10
46.36686869597293
 20
21.537853011161662
 10
46.34038730194023
 20
21.59477088802232
 10
46.31383603812094
 20
21.65165620533566
 10
46.287214944547756
 20
21.708508877332747
 10
46.20086393237457
 20
21.70335771984317
 10
46.114673304328065
 20
21.697818424957823
 10
46.02864507938387
 20
21.69188832301963
 10
45.942781332898925
 20
21.685564629388676
 10
45.857084200129236
 20
21.67884443730218
 10
45.77155588005282
 20
21.671724710115686
 10
45.68619863953234
 20
21.66420227285539
 10
45.601014817857134
 20
21.65627380300114
 10
45.51600683170983
 20
21.647935820408357
 10
45.43117718060992
 20
21.639184676263017
 10
45.34652845289416
 20
21.630016540947835
 10
45.2620633323037
 20
21.620427390678252
 10
45.177784605258836
 20
21.610412992744045
 10
45.09369516891604
 20
21.59996888916458
 10
45.056370668374996
 20
21.677718103942528
 10
45.0189121150613
 20
21.755402822664234
 10
44.98131962042253
 20
21.833022814200316
 10
44.943593296304755
 20
21.910577847613926
 10
44.90573325495223
 20
21.988067692161525
 10
44.905733254952224
 20
21.98806769216153
 10
44.966063892099434
 20
22.047568337749944
 10
45.026174746704164
 20
22.107483921340325
 10
45.08606752020778
 20
22.167809405849773
 10
45.14574380596326
 20
22.228539980748124
 10
45.20520509706375
 20
22.289671045602653
 10
45.2644527934115
 20
22.35119819521988
 10
45.32348820811915
 20
22.413117206191636
 10
45.38231257332186
 20
22.475424024679697
 10
45.44092704546816
 20
22.538114755296867
 10
45.499332710147804
 20
22.60118565096162
 10
45.55753058650724
 20
22.66463310361987
 10
45.61552163129678
 20
22.72845363574131
 10
45.67330674258779
 20
22.792643892509464
 10
45.73088676319378
 20
22.857200634634758
 10
45.70278581496015
 20
22.91333659142371
 10
45.6746159582845
 20
22.96943800059598
 10
45.64637723563997
 20
23.02550477756457
 10
45.61806968960353
 20
23.081536837794726
 10
45.58969336285594
 20
23.137534096804025
 10
45.5035443204849
 20
23.12969992643509
 10
45.417567655679456
 20
23.121482794343578
 10
45.331765469464585
 20
23.112880094953617
 10
45.246139922795244
 20
23.103889109515595
 10
45.16069324029452
 20
23.094506999078952
 10
45.07542771431596
 20
23.08473079685603
 10
44.990345709366956
 20
23.074557399907924
 10
44.905449666935205
 20
23.063983560073225
 10
44.82074211076637
 20
23.053005874049255
 10
44.73622565264848
 20
23.041620772521696
 10
44.65190299876686
 20
23.02982450822264
 10
44.56777695670359
 20
23.017613142777876
 10
44.48385044316789
 20
23.004982532181913
 10
44.40012649255736
 20
22.991928310711685
 10
44.360402056666985
 20
23.068479129991545
 10
44.320545638666125
 20
23.144961315390283
 10
44.280557357136544
 20
23.22137463935631
 10
44.24043733105231
 20
23.297718874542905
 10
44.200185679779466
 20
23.373993793808918
 10
44.20018567977947
 20
23.373993793808914
 10
44.25863667204639
 20
23.43534193238735
 10
44.316855083568825
 20
23.49709797304809
 10
44.37484277161771
 20
23.559256934059356
 10
44.432601478382104
 20
23.621814056770987
 10
44.49013283930577
 20
23.684764789410547
 10
44.547438390614694
 20
23.748104772452198
 10
44.60451957613374
 20
23.81182982536833
 10
44.66137775347588
 20
23.87593593460088
 10
44.718014199676276
 20
23.94041924261229
 10
44.77443011633325
 20
24.005276037895268
 10
44.830626634310285
 20
24.07050274583631
 10
44.88660481804558
 20
24.136095920342072
 10
44.942365669510465
 20
24.20205223614874
 10
44.99791013185217
 20
24.268368481745036
 10
44.96807695602029
 20
24.323603348957917
 10
44.93817597950474
 20
24.378801542222348
 10
44.908207247388766
 20
24.43396297831317
 10
44.87817080485777
 20
24.48908757406064
 10
44.848066697199236
 20
24.544175246350584
 10
44.76220296826499
 20
24.53366564215617
 10
44.676523443571085
 20
24.522778622403088
 10
44.59103030415924
 20
24.511511648117423
 10
44.50572579449188
 20
24.49986206907008
 10
44.42061222640696
 20
24.48782711686921
 10
44.33569198341585
 20
24.475403897454118
 10
44.250967525383174
 20
24.46258938292271
 10
44.166441393633
 20
24.449380402614697
 10
44.082116216532484
 20
24.435773633361787
 10
43.99799471561143
 20
24.421765588802444
 10
43.914079712285684
 20
24.407352607643368
 10
43.83037413526213
 20
24.39253084073084
 10
43.74688102871711
 20
24.377296236773137
 10
43.663603561353845
 20
24.361644526528323
 10
43.6215176209403
 20
24.436922892336394
 10
43.579301896762615
 20
24.512128552837314
 10
43.536956514422
 20
24.58726128427743
 10
43.49448159990543
 20
24.662320863120083
 10
43.45187727958526
 20
24.737307066046245
 10
43.45187727958526
 20
24.73730706604625
 10
43.50839207941188
 20
24.800443347252738
 10
43.56466172529884
 20
24.86398010000295
 10
43.62068822854989
 20
24.927912402735735
 10
43.6764734785047
 20
24.992235553284598
 10
43.73201925137544
 20
25.056945052940975
 10
43.78732721822566
 20
25.12203659206421
 10
43.84239895219565
 20
25.187506037051644
 10
43.89723593506278
 20
25.25334941850822
 10
43.95183956321337
 20
25.31956292047796
 10
44.00621115309188
 20
25.38614287061843
 10
44.06035194618476
 20
25.453085731214937
 10
44.11426311358836
 20
25.520388090944948
 10
44.167945760204546
 20
25.588046657314308
 10
44.22140092860194
 20
25.65605824969696
 10
44.18986438684268
 20
25.71033859116703
 10
44.15826121775089
 20
25.764580167836563
 10
44.1265914689763
 20
25.818782897922738
 10
44.094855188269015
 20
25.87294669970131
 10
44.06305242347945
 20
25.927071491506737
 10
43.97755707559432
 20
25.913896620850146
 10
43.89225758041858
 20
25.90035024592398
 10
43.80715619690067
 20
25.88642989681257
 10
43.72225525083908
 20
25.87213299437125
 10
43.6375571390501
 20
25.85745684344514
 10
43.553064333897055
 20
25.842398625500326
 10
43.46877938822202
 20
25.826955390600812
 10
43.38470494072687
 20
25.81112404865485
 10
43.30084372185744
 20
25.794901359843465
 10
43.21719856025248
 20
25.778283924130758
 10
43.13377238982874
 20
25.76126816974009
 10
43.05056825758464
 20
25.74385034046203
 10
42.967589332218566
 20
25.726026481638
 10
42.884838913673846
 20
25.707792424637418
 10
42.84043218416642
 20
25.78172551001656
 10
42.79589799479857
 20
25.855581889000206
 10
42.7512364780695
 20
25.92936134184912
 10
42.70644776685719
 20
26.00306364905294
 10
42.66153199441806
 20
26.076688591330832
 10
42.66153199441807
 20
26.076688591330825
 10
42.71605592738549
 20
26.14155193489089
 10
42.77032237038871
 20
26.20680793202575
 10
42.82433348681843
 20
26.27245172610615
 10
42.878091311337165
 20
26.338478675998346
 10
42.9315977592071
 20
26.40488434040981
 10
42.98485463471269
 20
26.471664463754397
 10
43.03786363878776
 20
26.538814963353385
 10
43.090626375940545
 20
26.606331917814856
 10
43.143144360557606
 20
26.6742115564561
 10
43.19541902265598
 20
26.7424502496523
 10
43.24745171314401
 20
26.811044500010084
 10
43.299243708643246
 20
26.87999093427796
 10
43.35079621591719
 20
26.949286295916718
 10
43.40211037594719
 20
27.01892743826255
 10
43.36890097782795
 20
27.072200741265075
 10
43.33562619018497
 20
27.125433226117412
 10
43.30228606318833
 20
27.178624812558215
 10
43.268880647106684
 20
27.23177542038778
 10
43.23540999230708
 20
27.28488496946821
 10
43.150365736698525
 20
27.26905757818592
 10
43.06552879279354
 20
27.25286495332953
 10
42.980901495261925
 20
27.236304696431112
 10
42.89648624898818
 20
27.219374301925576
 10
42.81228553344817
 20
27.202071150502398
 10
42.72830190746528
 20
27.184392501881206
 10
42.64453801438936
 20
27.16633548694597
 10
42.560996587747326
 20
27.147897099162936
 10
42.47768045742216
 20
27.12907418519678
 10
42.394592556425
 20
27.109863434626533
 10
42.31173592833518
 20
27.090261368647706
 10
42.229113735494806
 20
27.07026432762903
 10
42.14672926805887
 20
27.049868457370955
 10
42.064585954018284
 20
27.02906969388712
 10
42.01790139605979
 20
27.101585973352122
 10
41.971091825453826
 20
27.17402161954176
 10
41.924157381469314
 20
27.246376416943814
 10
41.877098203746726
 20
27.31865015028657
 10
41.829914432297635
 20
27.39084260453953
 10
41.82991443229763
 20
27.390842604539536
 10
41.88239475002209
 20
27.457370259357415
 10
41.93460549086271
 20
27.524282369914182
 10
41.98654896820421
 20
27.59157414921097
 10
42.03822736006353
 20
27.659241021636753
 10
42.08964271890001
 20
27.727278607611733
 10
42.14079698047347
 20
27.79568270972126
 10
42.1916919718657
 20
27.864449300160288
 10
42.24232941876357
 20
27.933574509333724
 10
42.29271095208881
 20
28.00305461548002
 10
42.34283811404758
 20
28.072886035203418
 10
42.39271236366319
 20
28.14306531481534
 10
42.44233508184733
 20
28.213589122398762
 10
42.49170757605772
 20
28.284454240519892
 10
42.540831084584575
 20
28.355657559521397
 10
42.505980958053236
 20
28.407872285576317
 10
42.47106674306708
 20
28.46004417962034
 10
42.436088492268034
 20
28.51217316299121
 10
42.401046258394636
 20
28.56425915709137
 10
42.36594009428185
 20
28.6163020833881
 10
42.28142920577466
 20
28.597837483458974
 10
42.197136887404554
 20
28.57901427399113
 10
42.11306554730403
 20
28.559830130284716
 10
42.02921766711704
 20
28.54028262277822
 10
41.94559580658024
 20
28.520369210539474
 10
41.86220260850167
 20
28.500087234192684
 10
41.77904080418161
 20
28.47943390821748
 10
41.69611321932753
 20
28.45840631254673
 10
41.61342278052183
 20
28.437001383379414
 10
41.530972522310535
 20
28.4152159031121
 10
41.448765594991094
 20
28.393046489277957
 10
41.366805273189954
 20
28.370489582364364
 10
41.28509496533569
 20
28.347541432359474
 10
41.203638224150424
 20
28.324198083852785
 10
41.15472100203563
 20
28.39522740258666
 10
41.10568133542793
 20
28.46617223917279
 10
41.05651937023134
 20
28.537032382534445
 10
41.00723525271365
 20
28.607807621846856
 10
40.957829129506145
 20
28.67849774653787
 10
40.957829129506145
 20
28.67849774653786
 10
41.00821506066962
 20
28.746625351404145
 10
41.05831958882785
 20
28.8151288422373
 10
41.10814517512152
 20
28.884003506299976
 10
41.15769413881491
 20
28.953244837930477
 10
41.206968667578856
 20
29.022848523498677
 10
41.25597082677586
 20
29.092810427822165
 10
41.304702567868084
 20
29.163126581866198
 10
41.35316573605153
 20
29.233793171576107
 10
41.40136207720531
 20
29.304806527712067
 10
41.44929324423267
 20
29.376163116574062
 10
41.49696080286045
 20
29.44785953151956
 10
41.5443662369545
 20
29.519892485189395
 10
41.591510953401844
 20
29.592258802367873
 10
41.63839628660364
 20
29.664955413412503
 10
41.60193914690687
 20
29.716061048144603
 10
41.56541928182563
 20
29.767121878442286
 10
41.528836746422805
 20
29.818137827318505
 10
41.49219159585574
 20
29.869108817853892
 10
41.45548388537625
 20
29.920034773196864
 10
41.371588122797014
 20
29.89895082792882
 10
41.287921977335884
 20
29.877515244089004
 10
41.20448792825834
 20
29.85572577299465
 10
41.12128853156694
 20
29.833580063438248
 10
41.03832642478282
 20
29.81107565532419
 10
40.955604332141824
 20
29.78820997275402
 10
40.87312507025239
 20
29.76498031649786
 10
40.7908915542688
 20
29.741383855780157
 10
40.708906804641636
 20
29.717417619298228
 10
40.627173954516074
 20
29.69307848537901
 10
40.545696257859944
 20
29.66836317116566
 10
40.46447709841606
 20
29.643268220707768
 10
40.38351999958912
 20
29.617789991809108
 10
40.30282863539548
 20
29.59192464146165
 10
40.251726073377505
 20
29.661398283185864
 10
40.20050375347836
 20
29.73078367562099
 10
40.14916182809592
 20
29.80008061232998
 10
40.09770044998387
 20
29.869288887138957
 10
40.046119772251316
 20
29.93840829413784
 10
40.04611977225132
 20
29.938408294137844
 10
40.09436257171955
 20
30.008069939994765
 10
40.14231241430034
 20
30.07809853840116
 10
40.18997190650938
 20
30.148489455440444
 10
40.23734350661453
 20
30.219238259759184
 10
40.284429535381705
 20
30.290340707850103
 10
40.33123218577798
 20
30.361792730763533
 10
40.37775353175798
 20
30.433590422074836
 10
40.42399553624174
 20
30.505730026959604
 10
40.46996005837669
 20
30.578207932249487
 10
40.51564886016415
 20
30.65102065735885
 10
40.561063612519675
 20
30.7241648459869
 10
40.606205900827774
 20
30.79763725851265
 10
40.65107723004371
 20
30.87143476501031
 10
40.695679029388614
 20
30.945554338821918
 10
40.65765014645452
 20
30.995501440830196
 10
40.619559961889074
 20
31.045401809325938
 10
40.581408533122804
 20
31.095255369071786
 10
40.54319591767858
 20
31.14506204490096
 10
40.504922173171536
 20
31.19482176171738
 10
40.42172270025223
 20
31.171138868465786
 10
40.33876366929232
 20
31.14711164779696
 10
40.256047628291725
 20
31.122737929220698
 10
40.17357720513887
 20
31.09801544215813
 10
40.0913551125877
 20
31.072941809730178
 10
40.00938415366641
 20
31.047514542007775
 10
39.92766722756664
 20
31.021731028662813
 10
39.8462073360693
 20
30.995588530949952
 10
39.76500759057103
 20
30.96908417293937
 10
39.68407121978505
 20
30.942214931908406
 10
39.60340157820159
 20
30.914977627786126
 10
39.52300215540627
 20
30.887368911527776
 10
39.44287658637125
 20
30.859385252276322
 10
39.36302866285272
 20
30.83102292314406
 10
39.30979019935991
 20
30.89887367659714
 10
39.256434780455685
 20
30.966632498995263
 10
39.20296256488434
 20
31.034299188740796
 10
39.14937371173766
 20
31.101873544510205
 10
39.09566838045449
 20
31.169355365254688
 10
39.095668380454484
 20
31.169355365254685
 10
39.14172137643469
 20
31.24048365895891
 10
39.187470145062136
 20
31.311969616792314
 10
39.23291743570587
 20
31.383808688142093
 10
39.27806584325912
 20
31.45599652025013
 10
39.32291781933772
 20
31.528528943837323
 10
39.3674756823917
 20
31.601401960123184
 10
39.411741626861776
 20
31.67461172907239
 10
39.455717731492996
 20
31.748154558723346
 10
39.49940596690253
 20
31.822026895474707
 10
39.542808202485105
 20
31.896225315222424
 10
39.585926212728545
 20
31.970746515254472
 10
39.628761683002224
 20
32.04558730682216
 10
39.6713162148737
 20
32.1207446083176
 10
39.71359133100141
 20
32.19621543899546
 10
39.67402749531817
 20
32.2449556876845
 10
39.634403841062074
 20
32.29364731899455
 10
39.59472042797572
 20
32.34229025951071
 10
39.55497731589186
 20
32.39088443589153
 10
39.515174564733215
 20
32.43942977486906
 10
39.432751871590526
 20
32.41317084530359
 10
39.35058021263646
 20
32.38657523259
 10
39.268662202140355
 20
32.35964084653039
 10
39.187000537334185
 20
32.33236549937121
 10
39.10559800358028
 20
32.30474689974939
 10
39.02445747998743
 20
32.276782646114064
 10
38.943581945525715
 20
32.24847021956427
 10
38.86297448569864
 20
32.2198069760344
 10
38.78263829983885
 20
32.19079013774979
 10
38.70257670910399
 20
32.16141678386244
 10
38.62279316526147
 20
32.13168384016388
 10
38.543291260363745
 20
32.101588067754975
 10
38.46407473743386
 20
32.071126050533756
 10
38.38514750229956
 20
32.040294181338375
 10
38.32982464210699
 20
32.106456405298424
 10
38.27438774211955
 20
32.17252310537501
 10
38.21883696727443
 20
32.23849408500494
 10
38.16317248284757
 20
32.30436914790979
 10
38.10739445445328
 20
32.37014809809655
 10
38.10739445445328
 20
32.37014809809655
 10
38.15121309364612
 20
32.442674227617665
 10
38.194716529341214
 20
32.51554838683072
 10
38.23790765110112
 20
32.58876611282912
 10
38.280789187934026
 20
32.662323135661076
 10
38.323363719933894
 20
32.736215364309146
 10
38.36563368879081
 20
32.8104388740306
 10
38.40760140730856
 20
32.88498989489444
 10
38.449269068046156
 20
32.95986480137359
 10
38.49063875118407
 20
33.035060102871576
 10
38.53171243170194
 20
33.11057243507857
 10
38.5724919859431
 20
33.18639855206647
 10
38.61297919763136
 20
33.26253531904378
 10
38.65317576339714
 20
33.33897970570175
 10
38.6930832978631
 20
33.415728780091385
 10
38.652022784886555
 20
33.46321502241843
 10
38.61090399426623
 20
33.51065081053419
 10
38.569726987999054
 20
33.558036072917275
 10
38.52849182816972
 20
33.60537073812248
 10
38.48719857695059
 20
33.652654734780924
 10
38.40563240221696
 20
33.62384517272003
 10
38.324327611041795
 20
33.59470689749929
 10
38.243286881434756
 20
33.56523790123533
 10
38.162512977361935
 20
33.535436081116366
 10
38.08200875409941
 20
33.5052992335121
 10
38.001777164051184
 20
33.47482504757321
 10
37.92182126308386
 20
33.44401109826273
 10
37.8421442174385
 20
33.412854838752786
 10
37.762749311288545
 20
33.381353592111154
 10
37.68363995502316
 20
33.34950454219027
 10
37.604819694347505
 20
33.31730472361819
 10
37.52629222030583
 20
33.28475101077482
 10
37.44806138035089
 20
33.251840105618136
 10
37.37013119060337
 20
33.21856852420184
 10
37.3127774550053
 20
33.282978210990194
 10
37.25531270555506
 20
33.34728887347977
 10
37.19773711322313
 20
33.411500320331974
 10
37.14005084930974
 20
33.47561236050338
 10
37.08225408544443
 20
33.539624803246376
 10
37.08225408544443
 20
33.539624803246376
 10
37.12379597614649
 20
33.6134786042381
 10
37.16501199214483
 20
33.687670463788265
 10
37.205905160400036
 20
33.76219601101407
 10
37.24647834139518
 20
33.83705106290096
 10
37.28673424120625
 20
33.91223161065095
 10
37.32667542240118
 20
33.987733807356
 10
37.36630431390938
 20
34.06355395683657
 10
37.405623219982665
 20
34.13968850350763
 10
37.44463432835234
 20
34.216134023154446
 10
37.483339717672294
 20
34.292887214516206
 10
37.521741364326175
 20
34.369944891588915
 10
37.55984114866653
 20
34.44730397657099
 10
37.597640860745265
 20
34.5249614933845
 10
37.63514220558728
 20
34.6029145617132
 10
37.59262473871187
 20
34.64910085780565
 10
37.550050591501645
 20
34.69523491166571
 10
37.50741982814783
 20
34.741316653734685
 10
37.46473251292702
 20
34.78734601453276
 10
37.421988710201084
 20
34.83332292465912
 10
37.34135796388269
 20
34.801990601493465
 10
37.26099869762091
 20
34.770337853165
 10
37.180913650574894
 20
34.73836275604735
 10
37.101105650770904
 20
34.70606329430485
 10
37.021577620636485
 20
34.67343735417182
 10
36.9423325830146
 20
34.64048271773612
 10
36.86337366771197
 20
34.60719705617083
 10
36.784704118644115
 20
34.57357792234969
 10
36.706327301648074
 20
34.53962274277269
 10
36.62824671304515
 20
34.50532880871713
 10
36.550465989048035
 20
34.470693266516406
 10
36.47298891612192
 20
34.4357131068533
 10
36.39581944242713
 20
34.40038515293638
 10
36.31896169049192
 20
34.364706047405384
 10
36.259632565523425
 20
34.4273008848099
 10
36.20019556004417
 20
34.48979329329994
 10
36.14065085089255
 20
34.55218308694661
 10
36.08099861522735
 20
34.61447008012634
 10
36.02123903052734
 20
34.676654087521385
 10
36.02123903052735
 20
34.676654087521385
 10
36.06046398364229
 20
34.75176411120103
 10
36.09935270611028
 20
34.8272018952558
 10
36.137908359361575
 20
34.902963165055226
 10
36.176133932586716
 20
34.979043828568784
 10
36.214032255225796
 20
35.05543996309619
 10
36.25160600824551
 20
35.13214780328577
 10
36.288857734351005
 20
35.209163730285226
 10
36.32578984725772
 20
35.28648426189134
 10
36.36240464013131
 20
35.3641060435839
 10
36.39870429328893
 20
35.442025840344805
 10
36.4346908812425
 20
35.520240529176434
 10
36.47036637915424
 20
35.598747092244736
 10
36.50573266876577
 20
35.677542610581696
 10
36.540791543854674
 20
35.756624258290366
 10
36.49685825598366
 20
35.80146592588964
 10
36.45286993992135
 20
35.846253613776405
 10
36.40882666199118
 20
35.890987254421965
 10
36.36472848859946
 20
35.9356667803791
 10
36.32057548623529
 20
35.98029212428221
 10
36.24095817337175
 20
35.946467352010885
 10
36.16162217442354
 20
35.91233075256446
 10
36.08257028704935
 20
35.877880488434485
 10
36.00380540059969
 20
35.843114632711654
 10
35.92533050182629
 20
35.80803116353984
 10
35.84714868108667
 20
35.772627958089736
 10
35.76926313909983
 20
35.73690278599747
 10
35.6916771943174
 20
35.70085330220585
 10
35.61439429098383
 20
35.66447703913677
 10
35.53741800797008
 20
35.62777139811289
 10
35.4607520684786
 20
35.59073363993369
 10
35.38440035073232
 20
35.55336087449618
 10
35.30836689977957
 20
35.515650049332805
 10
35.23265594056789
 20
35.477597936917405
 10
35.171408823325656
 20
35.538317368475546
 10
35.110057063281516
 20
35.59893106559684
 10
35.04860084297067
 20
35.65943884794201
 10
34.9870403452391
 20
35.719840535486874
 10
34.92537575324305
 20
35.780135948522926
 10
34.925375753243046
 20
35.780135948522926
 10
34.96224582116206
 20
35.85642953079348
 10
34.99876962777231
 20
35.93304025816885
 10
35.03495046591522
 20
36.00996395640634
 10
35.07079145059703
 20
36.0871966284182
 10
35.106295531884584
 20
36.16473444139685
 10
35.14146550654971
 20
36.24257371518966
 10
35.176304028613366
 20
36.320710911772615
 10
35.21081361891948
 20
36.39914262569314
 10
35.244996673849606
 20
36.47786557537077
 10
35.27885547327485
 20
36.55687659515983
 10
35.312392187828436
 20
36.636172628090364
 10
35.34560888557139
 20
36.715750719215364
 10
35.37850753811461
 20
36.79560800950071
 10
35.41109002625299
 20
36.875741730202606
 10
35.365783420005016
 20
36.91919538789136
 10
35.320423490945466
 20
36.96259338060937
 10
35.27501030746584
 20
37.00593564292327
 10
35.229543938037935
 20
37.049222109483686
 10
35.18402445121373
 20
37.09245271502539
 10
35.10549759641324
 20
37.05616821693103
 10
35.02726161723374
 20
37.019580791321914
 10
34.94931936712693
 20
36.98268868858524
 10
34.871673793972285
 20
36.945490072602176
 10
34.79432794595625
 20
36.90798301538216
 10
34.71728497796118
 20
36.87016549123245
 10
34.64054815852183
 20
36.83203537040995
 10
34.564120877415604
 20
36.79359041219519
 10
34.488006653962245
 20
36.754828257319225
 10
34.41220914612006
 20
36.715746419664114
 10
34.336732160479265
 20
36.67634227714544
 10
34.26157966326864
 20
36.636613061670396
 10
34.18675579251118
 20
36.59655584804841
 10
34.11226487148636
 20
36.55616754170981
 10
34.04915901460074
 20
36.61495282529302
 10
33.98595185385721
 20
36.67362917120829
 10
33.922643577311206
 20
36.732196404880376
 10
33.859234373319
 20
36.79065435205867
 10
33.79572443053713
 20
36.84900283881771
 10
33.795724430537135
 20
36.849002838817704
 10
33.83020394385071
 20
36.92640617056567
 10
33.864327500179165
 20
37.00411572533074
 10
33.898098520589514
 20
37.08212743329627
 10
33.93152024289005
 20
37.160437396184264
 10
33.96459573492045
 20
37.239041874787794
 10
33.99732790655188
 20
37.31793727771361
 10
34.02971952055362
 20
37.397120151188794
 10
34.06177320245931
 20
37.47658716980593
 10
34.09349144954799
 20
37.556335128099064
 10
34.12487663903914
 20
37.63636093285747
 10
34.15593103558735
 20
37.7166615960963
 10
34.18665679815171
 20
37.79723422861432
 10
34.21705598630501
 20
37.878076034077196
 10
34.24713056603992
 20
37.9591843035729
 10
34.200494472630425
 20
38.001207912743716
 10
34.15380681337548
 20
38.04317422553785
 10
34.107067658668456
 20
38.0850831786805
 10
34.06027707898038
 20
38.126934708983406
 10
34.013435144859834
 20
38.16872875334485
 10
33.93607471778283
 20
38.13001963233597
 10
33.85901444662911
 20
38.09101677653549
 10
33.78225723788284
 20
38.05171852591887
 10
33.70580609510058
 20
38.01212313693409
 10
33.62966412495455
 20
37.97222877732139
 10
33.55383454379982
 20
37.932033520484275
 10
33.4783206848248
 20
37.891535339360836
 10
33.403126005853274
 20
37.85073209973709
 10
33.32825409787556
 20
37.80962155293566
 10
33.25370869439846
 20
37.7682013278032
 10
33.17949368171736
 20
37.72646892190806
 10
33.105613110229804
 20
37.68442169184558
 10
33.03207120693016
 20
37.6420568425321
 10
32.958872389247375
 20
37.59937141534825
 10
32.89396884355928
 20
37.65616567999126
 10
32.828967430962216
 20
37.71284790912537
 10
32.76386834484992
 20
37.769417934108304
 10
32.6986717789067
 20
37.825875586631575
 10
32.633377927106935
 20
37.882220698721056
 10
32.63337792710693
 20
37.882220698721056
 10
32.66543352911277
 20
37.960658897221975
 10
32.697123822822526
 20
38.0393921004013
 10
32.728452354219115
 20
38.11841634680573
 10
32.75942248078058
 20
38.197727840738324
 10
32.79003738515141
 20
38.277322940210276
 10
32.8203000874871
 20
38.357198146062146
 10
32.85021345663234
 20
38.43735009211341
 10
32.87978022027048
 20
38.51777553621895
 10
32.90900297416217
 20
38.59847135212838
 10
32.937884190575375
 20
38.679434522058415
 10
32.96642622599516
 20
38.76066212989999
 10
32.99463132819005
 20
38.842151354992765
 10
33.02250164270219
 20
38.92389946640748
 10
33.05003921882005
 20
39.005903817684526
 10
33.00211875565748
 20
39.0464567232096
 10
32.95414853350219
 20
39.086950756382564
 10
32.906128624681344
 20
39.127385856148464
 10
32.858059101597036
 20
39.16776196154123
 10
32.80994003672616
 20
39.20807901168372
 10
32.73382087858959
 20
39.1669827163349
 10
32.65801086629715
 20
39.12560216308708
 10
32.58251295655358
 20
39.08393578310996
 10
32.50733020568683
 20
39.041981927105084
 10
32.43246577584939
 20
38.99973886031608
 10
32.35792294175739
 20
38.95720475710658
 10
32.28370509802827
 20
38.91437769505692
 10
32.20981576718697
 20
38.871255648523274
 10
32.136258608420334
 20
38.827836481595334
 10
32.06303742717176
 20
38.78411794037825
 10
31.990156185682014
 20
38.74009764451411
 10
31.917619014598937
 20
38.6957730778437
 10
31.845430225798943
 20
38.651141578094354
 10
31.77359432658681
 20
38.606200325459255
 10
31.70695588208497
 20
38.66094862637902
 10
31.640223102303
 20
38.715581902336055
 10
31.57339618578586
 20
38.770099990784175
 10
31.506475331358544
 20
38.824502729519864
 10
31.43946073812555
 20
38.87878995668283
 10
31.43946073812555
 20
38.87878995668283
 10
31.46906141709898
 20
38.95818713804552
 10
31.498287789877566
 20
39.03786782034991
 10
31.527143523929595
 20
39.11782815433854
 10
31.5556320931547
 20
39.198064450567614
 10
31.58375679192323
 20
39.27857316778982
 10
31.611520747753133
 20
39.35935090246474
 10
31.638926932789165
 20
39.44039437926081
 10
31.665978174225494
 20
39.521700442431765
 10
31.692677163793114
 20
39.60326604796726
 10
31.719026466416754
 20
39.68508825643094
 10
31.745028528132202
 20
39.76716422641068
 10
31.770685683342844
 20
39.84949120851584
 10
31.79600016148451
 20
39.932066539864195
 10
31.820974093158924
 20
40.01488763900892
 10
31.77181562019649
 20
40.05393060857121
 10
31.722609243232682
 20
40.09291318676117
 10
31.67335503645849
 20
40.13183531480275
 10
31.624053074137002
 20
40.17069693401106
 10
31.574703430603336
 20
40.20949798579244
 10
31.49989918177663
 20
40.16605427411527
 10
31.425412769636228
 20
40.12233605643284
 10
31.351247198247094
 20
40.07834185662686
 10
31.27740557375171
 20
40.03407012124803
 10
31.20389111072368
 20
39.98951921472162
 10
31.130707139072122
 20
39.944687414137576
 10
31.057857111559432
 20
39.89957290357826
 10
30.985344612003885
 20
39.854173767929765
 10
30.913173364248827
 20
39.80848798611513
 10
30.841347241992707
 20
39.76251342367854
 10
30.76987027958851
 20
39.71624782463863
 10
30.698746683938197
 20
39.669688802515886
 10
30.62798084762876
 20
39.6228338304242
 10
30.557577363480338
 20
39.5756802300973
 10
30.48926848855602
 20
39.628329601848534
 10
30.420868901243725
 20
39.68086107046244
 10
30.352378805047525
 20
39.73327447964618
 10
30.283798403740743
 20
39.785569673458106
 10
30.21512790136542
 20
39.837746496308355
 10
30.215127901365417
 20
39.837746496308355
 10
30.24224502056127
 20
39.918025848887616
 10
30.26897919778056
 20
39.99857692440306
 10
30.295334218428955
 20
40.07939598951692
 10
30.321313669466885
 20
40.16047946460784
 10
30.346920953803462
 20
40.24182391259596
 10
30.372159303293422
 20
40.32342602885258
 10
30.397031790506215
 20
40.405282632063766
 10
30.42154133941172
 20
40.487390655935094
 10
30.44569073510719
 20
40.56974714164113
 10
30.469482632692724
 20
40.65234923093615
 10
30.49291956538844
 20
40.7351941598539
 10
30.516003951974206
 20
40.81827925293325
 10
30.53873810362271
 20
40.90160191791524
 10
30.561124230187698
 20
40.98515964086312
 10
30.510775305073143
 20
41.02265490291113
 10
30.46038037729259
 20
41.06008831299135
 10
30.40993952282906
 20
41.09745981466347
 10
30.35945281773483
 20
41.13476935158057
 10
30.308920338131298
 20
41.17201686748915
 10
30.235503366894033
 20
41.126267768468914
 10
30.1624126156988
 20
41.08025418090401
 10
30.089651133064507
 20
41.03397472281615
 10
30.01722207194321
 20
40.9874279381081
 10
29.945128696219708
 20
40.940612291969074
 10
29.87337438777465
 20
40.89352616588213
 10
29.801962654175068
 20
40.846167852188465
 10
29.73089713706544
 20
40.79853554815679
 10
29.660181621343057
 20
40.7506273494988
 10
29.589820045213866
 20
40.70244124326263
 10
29.519816511240073
 20
40.65397510002601
 10
29.450175298507865
 20
40.605226665297884
 10
29.380900876065283
 20
40.55619355002327
 10
29.311997917804543
 20
40.506873220067504
 10
29.242084696882586
 20
40.55737272778336
 10
29.17208447422317
 20
40.60775156825095
 10
29.101997458092615
 20
40.658009591581965
 10
29.031823857015446
 20
40.708146648247556
 10
28.961563879773816
 20
40.75816258907877
 10
28.961563879773816
 20
40.758162589078765
 10
28.986171205130596
 20
40.83924644778574
 10
29.01038732320074
 20
40.920589988548976
 10
29.034216133665137
 20
41.00218959756217
 10
29.05766133307486
 20
41.084041808489495
 10
29.080726429585702
 20
41.16614329174365
 10
29.103414756262588
 20
41.248490844804685
 10
29.12572948312713
 20
41.331081383454006
 10
29.147673628096168
 20
41.41391193381547
 10
29.169250066938815
 20
41.496979625111024
 10
29.190461542361902
 20
41.5802816830508
 10
29.211310672319158
 20
41.663815423788265
 10
29.23179995762691
 20
41.74757824838023
 10
29.25193178895879
 20
41.831567637698775
 10
29.27170845328268
 20
41.915781147749335
 10
29.22021778534932
 20
41.95169242803864
 10
29.16868306058994
 20
41.987540455602456
 10
29.117104356706108
 20
42.023325176390856
 10
29.065481751465676
 20
42.05904653644939
 10
29.01381532270271
 20
42.094704481919116
 10
28.941856655232993
 20
42.04669425485445
 10
28.87023227556422
 20
41.998429812581286
 10
28.798945273719994
 20
41.949909868598354
 10
28.72799884641166
 20
41.90113306556911
 10
28.657396303677622
 20
41.85209797093157
 10
28.58714107609831
 20
41.8028030721277
 10
28.51723672265203
 20
41.75324677140959
 10
28.44768693928644
 20
41.703427380172606
 10
28.3784955682911
 20
41.65334311275936
 10
28.309666608569515
 20
41.602992079669356
 10
28.241204226924136
 20
41.55237228009947
 10
28.173112770485652
 20
41.50148159372818
 10
28.10539678043962
 20
41.450317771642915
 10
28.038061007228652
 20
41.39887842629223
 10
27.96661107683502
 20
41.44717921496044
 10
27.895077939523013
 20
41.495356689007224
 10
27.82346180811971
 20
41.54341070509382
 10
27.751762895699102
 20
41.59134112024879
 10
27.67998141558148
 20
41.63914779186845
 10
27.679981415581477
 20
41.63914779186846
 10
27.70205514110114
 20
41.72095771330656
 10
27.72372977249188
 20
41.80301502469539
 10
27.745009319937108
 20
41.88531623525624
 10
27.765897586002392
 20
41.967857995292235
 10
27.78639818069626
 20
42.0506370859298
 10
27.806514535069308
 20
42.13365040985599
 10
27.82624991352853
 20
42.216894982931336
 10
27.845607425018088
 20
42.30036792657499
 10
27.864590033196823
 20
42.38406646083359
 10
27.883200565724916
 20
42.46798789805701
 10
27.901441722756996
 20
42.55212963711499
 10
27.91931608472648
 20
42.6364891580965
 10
27.93682611949511
 20
42.721064017441805
 10
27.95397418893243
 20
42.80585184346294
 10
27.901391592076017
 20
42.840144400149136
 10
27.848766926855703
 20
42.874372364545096
 10
27.796100272616407
 20
42.90853568504353
 10
27.743391708766353
 20
42.94263431013466
 10
27.690641314776958
 20
42.97666818840623
 10
27.620210566438196
 20
42.926443280091135
 10
27.550121850257415
 20
42.8759746758405
 10
27.48037829477354
 20
42.825261185874666
 10
27.410983137364592
 20
42.77430155293097
 10
27.34193973102032
 20
42.72309444808209
 10
27.273251551702074
 20
42.671638466192235
 10
27.20492220635636
 20
42.61993212097009
 10
27.13695544165841
 20
42.56797383957128
 10
27.0693551535729
 20
42.515761956696856
 10
27.0021253978322
 20
42.46329470812566
 10
26.935270401447905
 20
42.41057022360937
 10
26.86879457538963
 20
42.35758651904725
 10
26.802702528587147
 20
42.30434148784485
 10
26.73699908343772
 20
42.2508328913437
 10
26.66408156676555
 20
42.29688823307069
 10
26.59108471849141
 20
42.34281773210201
 10
26.51800875579724
 20
42.38862125178715
 10
26.44485389610036
 20
42.434298655850384
 10
26.371620357052826
 20
42.479849808391236
 10
26.371620357052834
 20
42.47984980839123
 10
26.391139127831547
 20
42.56230664674509
 10
26.410251303736842
 20
42.64499834361033
 10
26.42896100157507
 20
42.72792153461295
 10
26.44727212624754
 20
42.811072989935646
 10
26.465188386123078
 20
42.89444960453266
 10
26.482713306918633
 20
42.978048389294436
 10
26.49985024426847
 20
43.0618664630476
 10
26.516602395136353
 20
43.1459010452915
 10
26.53297280820374
 20
43.23014944958681
 10
26.54896439334856
 20
43.31460907752337
 10
26.564579930314117
 20
43.39927741320352
 10
26.57982207665452
 20
43.48415201818631
 10
26.59469337503214
 20
43.56923052684413
 10
26.6091962599332
 20
43.654510642090095
 10
26.555572604420192
 20
43.68715129933935
 10
26.501908909703836
 20
43.71972608722246
 10
26.448205256695637
 20
43.752234956624754
 10
26.394461726367354
 20
43.78467785853093
 10
26.340678399750878
 20
43.817054744025164
 10
26.271843707743397
 20
43.7646637438147
 10
26.20335846135691
 20
43.71203980270175
 10
26.135225824619006
 20
43.659181828779296
 10
26.06744907244241
 20
43.60608866607484
 10
26.00003159752445
 20
43.5527590905814
 10
25.932976917844606
 20
43.49919180594481
 10
25.866288684828096
 20
43.44538543876822
 10
25.79997069225307
 20
43.39133853348917
 10
25.734026885990215
 20
43.337049546778196
 10
25.668461374677108
 20
43.28251684140026
 10
25.60327844144514
 20
43.227738679471166
 10
25.53848255683551
 20
43.172713215030505
 10
25.474078393063376
 20
43.11743848583986
 10
25.410070839815283
 20
43.06191240429957
 10
25.33575627985265
 20
43.10567774351665
 10
25.26136634035265
 20
43.149314833708516
 10
25.186901242641987
 20
43.19282354504507
 10
25.11236120827096
 20
43.23620374807816
 10
25.037746459012833
 20
43.279455313742
 10
25.037746459012826
 20
43.279455313742
 10
25.054691391900466
 20
43.3624792973459
 10
25.071222622524466
 20
43.44572538081138
 10
25.087344370331383
 20
43.52919032942399
 10
25.103060638780523
 20
43.61287103637061
 10
25.118375231013406
 20
43.69676451343723
 10
25.133291764002426
 20
43.78086788260949
 10
25.147813681362752
 20
43.86517836846744
 10
25.16194426498493
 20
43.94969329128053
 10
25.17568664562359
 20
44.034410060722514
 10
25.18904381255931
 20
44.1193261701369
 10
25.202018622434846
 20
44.20443919129268
 10
25.214613807353984
 20
44.28974676957795
 10
25.226831982319858
 20
44.375246619585894
 10
25.23867565208017
 20
44.4609365210529
 10
25.184062815334052
 20
44.49189370113738
 10
25.12941200728047
 20
44.52278379850419
 10
25.074723310319257
 20
44.55360676657875
 10
25.019996806907372
 20
44.58436255888767
 10
24.96523257955878
 20
44.61505112905887
 10
24.89806053700147
 20
44.56054472186213
 10
24.83124501546211
 20
44.50581635415123
 10
24.764789211395932
 20
44.450865032948144
 10
24.69869643408214
 20
44.39568970468886
 10
24.63297011264338
 20
44.34028925147093
 10
24.56761380367387
 20
44.2846624869759
 10
24.502631199545018
 20
44.22880815203008
 10
24.43802613746765
 20
44.17272490976108
 10
24.3738026094011
 20
44.11641134030201
 10
24.309964772913307
 20
44.05986593498783
 10
24.24651696311179
 20
44.00308708997982
 10
24.18346370578439
 20
43.94607309924369
 10
24.120809731911574
 20
43.88882214679545
 10
24.058559993738722
 20
43.8313322981138
 10
23.982920285022864
 20
43.872765294681834
 10
23.907209221759075
 20
43.914067759967736
 10
23.831427029204697
 20
43.95523957108745
 10
23.755573932828682
 20
43.99628060554563
 10
23.67965015831095
 20
44.037190741236024
 10
23.679650158310952
 20
44.037190741236024
 10
23.69400486017932
 20
44.120701549747835
 10
23.707939152624053
 20
44.20442148460419
 10
23.72145735364986
 20
44.2883474438795
 10
23.734563561400964
 20
44.37247644677052
 10
23.747261670112284
 20
44.45680562478586
 10
23.759555384512463
 20
44.54133221379064
 10
23.771448232866128
 20
44.62605354680341
 10
23.782943578815548
 20
44.71096704745619
 10
23.794044632159753
 20
44.79607022404175
 10
23.804754458690017
 20
44.88136066408233
 10
23.815075989184948
 20
44.966836029362696
 10
23.82501202765486
 20
45.05249405137798
 10
23.8345652589138
 20
45.13833252715306
 10
23.84373825554778
 20
45.22434931539565
 10
23.788189071960996
 20
45.25359306924296
 10
23.73260402169742
 20
45.282768591919286
 10
23.676983188565487
 20
45.31187583943515
 10
23.621326656427588
 20
45.34091476790409
 10
23.56563450919995
 20
45.369885333542605
 10
23.50019010070575
 20
45.31331625078831
 10
23.435108943715388
 20
45.25653640264065
 10
23.370394264019403
 20
45.19954489601122
 10
23.306049402061927
 20
45.14234078076377
 10
23.24207782007349
 20
45.084923046181835
 10
23.178483109822274
 20
45.02729061713041
 10
23.11526900105374
 20
44.969442349877134
 10
23.052439370699137
 20
44.91137702753301
 10
22.989998252944485
 20
44.85309335506733
 10
22.927949850265907
 20
44.794589953844635
 10
22.866298545553114
 20
44.73586535562325
 10
22.805048915462176
 20
44.676917995945495
 10
22.744205745161956
 20
44.617746206838646
 10
22.683774044665693
 20
44.55834820873134
 10
22.606882363729678
 20
44.59740877890203
 10
22.52992342226608
 20
44.63633666181428
 10
22.452897449244976
 20
44.67513174164894
 10
22.375804673835823
 20
44.71379390298196
 10
22.298645325406873
 20
44.75232303078478
 10
22.298645325406873
 20
44.75232303078478
 10
22.310395909008996
 20
44.836239872890744
 10
22.321719782746452
 20
44.92035266550795
 10
22.332621359004715
 20
45.00465844250063
 10
22.343104826648236
 20
45.08915435195914
 10
22.35317416723791
 20
45.17383764788977
 10
22.36283316967455
 20
45.25870568271129
 10
22.37208544345885
 20
45.34375590046083
 10
22.380934430730722
 20
45.428985830625464
 10
22.389383417228313
 20
45.51439308252755
 10
22.39743554228764
 20
45.59997534020199
 10
22.40509380798781
 20
45.68573035771138
 10
22.412361087532986
 20
45.7716559548525
 10
22.41924013295074
 20
45.857750013213206
 10
22.425733582176576
 20
45.94401047254406
 10
22.36930179199665
 20
45.97151250871104
 10
22.312836274469305
 20
45.99894523126293
 10
22.256337114730492
 20
46.02630859883801
 10
22.19980439796691
 20
46.053602570179116
 10
22.14323820941585
 20
46.08082710413374
 10
22.07958474822332
 20
46.022250072755995
 10
22.016300917598144
 20
45.96347367500757
 10
21.95338996954542
 20
45.90449711855372
 10
21.890855272442558
 20
45.84531955760515
 10
21.828700318278482
 20
45.785940089609156
 10
21.766928730520522
 20
45.72635775165432
 10
21.705544272679923
 20
45.66657151655608
 10
21.644550857657666
 20
45.606580288586095
 10
21.58395255796364
 20
45.54638289880273
 10
21.523753616916537
 20
45.48597809993383
 10
21.463958460948096
 20
45.42536456075517
 10
21.40457171315499
 20
45.36454085989922
 10
21.345598208265137
 20
45.303505479018185
 10
21.287043009212766
 20
45.242256795212214
 10
21.208973743791933
 20
45.27890715040663
 10
21.130841376934086
 20
45.315422790732626
 10
21.0526461411005
 20
45.35180360754803
 10
20.97438826893946
 20
45.388049492611756
 10
20.89606799328564
 20
45.42416033808422
 10
20.89606799328564
 20
45.424160338084214
 10
20.90520309069078
 20
45.508402029659266
 10
20.913905590604465
 20
45.59282630634281
 10
20.92217999552422
 20
45.677430340658425
 10
20.930030580982276
 20
45.762211412349096
 10
20.937461412013597
 20
45.8471669005754
 10
20.944476358025657
 20
45.93229427687107
 10
20.95107910626326
 20
46.0175910987646
 10
20.957273174033904
 20
46.10305500398814
 10
20.963061919836107
 20
46.188683705206486
 10
20.96844855351354
 20
46.274474985207725
 10
20.97343614554149
 20
46.36042669250509
 10
20.978027635538318
 20
46.44653673730623
 10
20.982225840082723
 20
46.532803087811395
 10
20.98603345990766
 20
46.619223766807146
 10
20.928773657247007
 20
46.64495747884999
 10
20.87148229919733
 20
46.670620861890114
 10
20.814159472139746
 20
46.696213877233504
 10
20.756805262502837
 20
46.72173648629227
 10
20.699419756762502
 20
46.747188650584654
 10
20.63761882348435
 20
46.686660340078184
 10
20.576193542243374
 20
46.62594425509782
 10
20.51514718811312
 20
46.565039704828976
 10
20.45448315414557
 20
46.50394594864756
 10
20.3942049587098
 20
46.44266219303785
 10
20.3343162534668
 20
46.3811875882435
 10
20.274820832052644
 20
46.319521224621525
 10
20.21572263955257
 20
46.25766212866427
 10
20.15702578286045
 20
46.19560925865005
 10
20.09873454203239
 20
46.13336149987665
 10
20.040853382759888
 20
46.07091765942521
 10
19.983386970107674
 20
46.008276460393425
 10
19.92634018368543
 20
45.94543653552729
 10
19.86971813445031
 20
45.882396420168554
 10
19.790546811516922
 20
45.916601103535065
 10
19.71131660728366
 20
45.95066917475113
 10
19.632027757478106
 20
45.98460053245662
 10
19.552680498002292
 20
46.01839507569816
 10
19.473275064932064
 20
46.05205270392944
 10
19.473275064932054
 20
46.05205270392945
 10
19.47978583852345
 20
46.136537746577645
 10
19.48585854550673
 20
46.221191832292284
 10
19.49149777413562
 20
46.30601227499171
 10
19.496707882473803
 20
46.39099648870318
 10
19.50149301509766
 20
46.47614198027707
 10
19.505857118177925
 20
46.56144634280819
 10
19.50980395313634
 20
46.646907249679316
 10
19.513337109045228
 20
46.732522449153066
 10
19.516460013914344
 20
46.818289759449485
 10
19.519175944989684
 20
46.904207064254855
 10
19.521488038172247
 20
46.99027230861449
 10
19.52339929665069
 20
47.076483495168645
 10
19.52491259882998
 20
47.16283868069558
 10
19.52603070562775
 20
47.24933597293069
 10
19.46799828564738
 20
47.27327646514498
 10
19.40993651276418
 20
47.297145681007684
 10
19.351845474520868
 20
47.32094358452995
 10
19.2937252585043
 20
47.34467013983045
 10
19.23557595234531
 20
47.36832531113544
 10
19.175687335393132
 20
47.30590427873151
 10
19.116180028528863
 20
47.24330724541012
 10
19.057057326726078
 20
47.18053362254523
 10
18.99832264442879
 20
47.1175827753944
 10
18.9399795229824
 20
47.05445402024655
 10
18.882031638708835
 20
46.99114662132257
 10
18.824482811698886
 20
46.927659787401
 10
18.76733701540544
 20
46.86399266813671
 10
18.7105983871332
 20
46.80014435003576
 10
18.65427123953501
 20
46.73611385204427
 10
18.598360073241846
 20
46.67190012070282
 10
18.542869590773357
 20
46.60750202480963
 10
18.48780471190027
 20
46.542918349527255
 10
18.433170590658165
 20
46.47814778985598
 10
18.35297380335396
 20
46.509873710572506
 10
18.272722411850882
 20
46.54146125401997
 10
18.192416654914755
 20
46.5729103262184
 10
18.11205677147315
 20
46.604220833599754
 10
18.031643000614686
 20
46.63539268300829
 10
18.031643000614686
 20
46.63539268300829
 10
18.035523151639385
 20
46.720039342907256
 10
18.038960190740458
 20
46.80484134029237
 10
18.041958787488976
 20
46.88979613307533
 10
18.04452337826396
 20
46.97490127206946
 10
18.04665818317359
 20
47.060154394226856
 10
18.048367221334182
 20
47.14555321653198
 10
18.04965432470549
 20
47.231095530472714
 10
18.05052315065246
 20
47.31677919702055
 10
18.050977193379715
 20
47.40260214206152
 10
18.05101979436506
 20
47.488562352227504
 10
18.050654151901405
 20
47.57465787108394
 10
18.049883329842324
 20
47.66088679563597
 10
18.048710265634377
 20
47.74724727311983
 10
18.047137777708862
 20
47.83373749805041
 10
17.988388883027138
 20
47.8558616095561
 10
17.929612866325822
 20
47.8779135663166
 10
17.870809816224533
 20
47.89989333508304
 10
17.811979821383662
 20
47.92180088271539
 10
17.753122970504215
 20
47.94363617618251
 10
17.695204608247067
 20
47.87938281019856
 10
17.637672845235684
 20
47.81496538712313
 10
17.580530993155982
 20
47.75038342108812
 10
17.523782484540753
 20
47.685636383846884
 10
17.46743088028571
 20
47.620723702154415
 10
17.411479877817108
 20
47.55564475492059
 10
17.355933319984768
 20
47.49039887011102
 10
17.300795204765166
 20
47.42498532136571
 10
17.24606969587125
 20
47.35940332430221
 10
17.1917611343804
 20
47.293652032464095
 10
17.137874051508998
 20
47.22773053287053
 10
17.084413182682223
 20
47.161637841114626
 10
17.0313834830723
 20
47.095372895950774
 10
16.978790144807014
 20
47.02893455330032
 10
16.89764547834429
 20
47.05815101858754
 10
16.816450537609715
 20
47.087227475358176
 10
16.735205564176386
 20
47.116163837103294
 10
16.65391079976626
 20
47.144960017730725
 10
16.572566486249425
 20
47.173615931565415
 10
16.57256648624943
 20
47.173615931565415
 10
16.5738122609119
 20
47.258342318538524
 10
16.574610307017412
 20
47.34321018713848
 10
16.57496537093688
 20
47.428217141729675
 10
16.574881963072713
 20
47.513360872280906
 10
16.57436437498224
 20
47.598639148132115
 10
16.573416694839114
 20
47.68404981236605
 10
16.572042821433925
 20
47.769590776712334
 10
16.570246476885988
 20
47.85526001692065
 10
16.568031218214372
 20
47.941055568549636
 10
16.565400447896018
 20
48.02697552312456
 10
16.56235742352161
 20
48.11301802462368
 10
16.558905266645567
 20
48.199181266258094
 10
16.555046970914248
 20
48.28546348751442
 10
16.550785409545956
 20
48.37186297143372
 10
16.491376875924246
 20
48.3921492985818
 10
16.43194347740498
 20
48.412362662396134
 10
16.372485303598953
 20
48.43250303240001
 10
16.313002444154314
 20
48.45257037822674
 10
16.253494988756426
 20
48.472564669619764
 10
16.197602913469197
 20
48.40654113103764
 10
16.142102352575776
 20
48.34036563790467
 10
16.0869966312706
 20
48.27403780758072
 10
16.032289196854478
 20
48.207557218826
 10
15.977983626328488
 20
48.140923409416125
 10
15.924083634646198
 20
48.07413587355086
 10
15.870593083698749
 20
48.007194059033
 10
15.817515992118429
 20
47.940097364190414
 10
15.764856545998297
 20
47.87284513451096
 10
15.712619110640565
 20
47.8054366589546
 10
15.660808243463366
 20
47.737871165902305
 10
15.609428708216173
 20
47.67014781869443
 10
15.558485490678917
 20
47.602265710703904
 10
15.507983816048544
 20
47.53422385987991
 10
15.425969772651452
 20
47.56090260469458
 10
15.343909833546649
 20
47.58743984519434
 10
15.261804242880798
 20
47.61383550242499
 10
15.17965324493637
 20
47.640089497853516
 10
15.097457084130955
 20
47.66620175336843
 10
15.097457084130946
 20
47.66620175336843
 10
15.096067277224673
 20
47.75092590010826
 10
15.094225558276559
 20
47.83577753574129
 10
15.091936745865551
 20
47.920754413402236
 10
15.089205420053966
 20
48.005854364450194
 10
15.086035939696433
 20
48.09107529277093
 10
15.082432458068924
 20
48.1764151696322
 10
15.078398937021035
 20
48.26187202902559
 10
15.073939159825523
 20
48.34744396343736
 10
15.069056742874729
 20
48.43312911999918
 10
15.063755146353053
 20
48.518925696976034
 10
15.058037683997444
 20
48.60483194055461
 10
15.05190753204326
 20
48.690846141899875
 10
15.045367737440499
 20
48.77696663445206
 10
15.038421225414833
 20
48.86319179143942
 10
14.978410526772576
 20
48.88162070851853
 10
14.918377244409987
 20
48.899975924262684
 10
14.858321468842332
 20
48.91825741099675
 10
14.798243290618794
 20
48.93646514115681
 10
14.738142800322336
 20
48.95459908729012
 10
14.684331083978131
 20
48.88686924961936
 10
14.630915418410893
 20
48.81899970694456
 10
14.577899139106659
 20
48.7509901802238
 10
14.52528570479921
 20
48.68284035563162
 10
14.47307870513449
 20
48.61454988241147
 10
14.421281868999388
 20
48.54611837054232
 10
14.369899073590247
 20
48.47754538819833
 10
14.318934354307375
 20
48.40883045897737
 10
14.268391915574199
 20
48.339973058870775
 10
14.218276142694593
 20
48.27097261294275
 10
14.168591614879434
 20
48.201828491682605
 10
14.11934311959389
 20
48.13254000698735
 10
14.070535668402151
 20
48.06310640772551
 10
14.02217451451529
 20
47.99352687482425
 10
13.939370437474027
 20
48.01764208920379
 10
13.856524887690325
 20
48.04161444036637
 10
13.773638111648207
 20
48.06544385698891
 10
13.690710355954359
 20
48.08913026817354
 10
13.607741867337385
 20
48.11267360344791
 10
13.607741867337388
 20
48.11267360344791
 10
13.603717823410788
 20
48.197313544814286
 10
13.599238121153185
 20
48.282066859002995
 10
13.594307646689895
 20
48.36693145009269
 10
13.58893104531221
 20
48.451905292930824
 10
13.583112738955169
 20
48.536986427976856
 10
13.576856941979022
 20
48.62217295664618
 10
13.570167675459542
 20
48.70746303709436
 10
13.563048780162863
 20
48.792854880389605
 10
13.555503928355966
 20
48.87834674702916
 10
13.547536634583203
 20
48.963936943760814
 10
13.539150265521968
 20
49.04962382067635
 10
13.530348049015748
 20
49.13540576854782
 10
13.521133082370461
 20
49.221281216381314
 10
13.51150833998917
 20
49.30724862916611
 10
13.450953532801574
 20
49.32380230738921
 10
13.390378444919158
 20
49.34028161757738
 10
13.329783167674094
 20
49.35668653488393
 10
13.269167792429005
 20
49.37301703457431
 10
13.208532410576808
 20
49.38927309202619
 10
13.156853112535817
 20
49.31990247951046
 10
13.105574018501402
 20
49.2504045466931
 10
13.05469847102433
 20
49.1807791184003
 10
13.004229936925267
 20
49.111025988524574
 10
12.954172015022257
 20
49.04114491811651
 10
12.904528444528061
 20
48.971135633311626
 10
12.855303114193275
 20
48.900997823073226
 10
12.80650007228226
 20
48.83073113673001
 10
12.758123537481275
 20
48.76033518128379
 10
12.710177910853384
 20
48.68980951845922
 10
12.6626677889721
 20
48.619153661462946
 10
12.615597978386727
 20
48.54836707141432
 10
12.568973511597354
 20
48.47744915340417
 10
12.522799664747037
 20
48.406399252129994
 10
12.439285661658324
 20
48.427927606161944
 10
12.35573464891464
 20
48.449311876285826
 10
12.272146875098924
 20
48.47055199887866
 10
12.18852258890348
 20
48.49164791074634
 10
12.104862039129253
 20
48.512599549123806
 10
12.104862039129255
 20
48.512599549123806
 10
12.098207651184941
 20
48.59707340143985
 10
12.091094299440464
 20
48.68164640082645
 10
12.083526932840506
 20
48.76631660433392
 10
12.07551025741131
 20
48.851082132257226
 10
12.067048753890392
 20
48.93594116352528
 10
12.05814669364516
 20
49.020891931537854
 10
12.048808153087428
 20
49.10593272039635
 10
12.039037026761013
 20
49.19106186148164
 10
12.028837039254858
 20
49.27627773033937
 10
12.018211756073175
 20
49.36157874383824
 10
12.007164593576755
 20
49.44696335757133
 10
11.99569882809449
 20
49.53243006347457
 10
11.983817604291765
 20
49.617977387639776
 10
11.971523942871498
 20
49.70360388830225
 10
11.910483610003645
 20
49.71826631305474
 10
11.849425319086748
 20
49.73285377501863
 10
11.788349162181529
 20
49.74736625219966
 10
11.727255231375654
 20
49.76180372271661
 10
11.666143618783588
 20
49.776166164801346
 10
11.616646735429011
 20
49.70522188902803
 10
11.56755382213909
 20
49.63416280082965
 10
11.518868225295622
 20
49.562988829070015
 10
11.470593416452225
 20
49.49169987555895
 10
11.422733000117423
 20
49.420295813385394
 10
11.375290722212407
 20
49.34877648510634
 10
11.328270479279908
 20
49.27714170077516
 10
11.281676328531901
 20
49.205391235790636
 10
11.235512498836185
 20
49.13352482854524
 10
11.189783402757246
 20
49.061542177848075
 10
11.14449364978437
 20
48.989442940094065
 10
11.099648060900954
 20
48.91722672614627
 10
11.055251684674372
 20
48.844893097893326
 10
11.011309815075336
 20
48.77244156443703
 10
10.927166680343495
 20
48.79136223082925
 10
10.842991034848604
 20
48.81013773201416
 10
10.758783129032023
 20
48.828768012130475
 10
10.674543213431091
 20
48.84725301574892
 10
10.590271538678385
 20
48.8655926878725
 10
10.590271538678389
 20
48.8655926878725
 10
10.580993244406924
 20
48.94981872814176
 10
10.57125312488398
 20
49.03412959381141
 10
10.561056187085807
 20
49.1185234967831
 10
10.550407193220833
 20
49.202998704617805
 10
10.539310678494214
 20
49.287553536475656
 10
10.527770967148253
 20
49.372186359449884
 10
10.515792186987138
 20
49.456895585247764
 10
10.503378282564656
 20
49.54167966717707
 10
10.490533027188398
 20
49.626537097403435
 10
10.47726003387305
 20
49.71146640444804
 10
10.463562765357691
 20
49.79646615089935
 10
10.449444543286976
 20
49.88153493131619
 10
10.434908556643508
 20
49.96667137030195
 10
10.419957869507712
 20
50.051874120732826
 10
10.358491063539429
 20
50.06463110706573
 10
10.297008639541126
 20
50.077312608378016
 10
10.235510690213015
 20
50.08991860554911
 10
10.173997308278722
 20
50.10244907957232
 10
10.112468586485136
 20
50.114904011554806
 10
10.065202002854912
 20
50.042454706528844
 10
10.018342764532477
 20
49.96990320802799
 10
9.971894218493249
 20
49.89724954902249
 10
9.925859837665294
 20
49.82449373933449
 10
9.880243228760495
 20
49.75163576421405
 10
9.835048140784517
 20
49.67867558279193
 10
9.790278474302589
 20
49.605613126395355
 10
9.745938291549205
 20
49.532448296710456
 10
9.702031827482543
 20
49.45918096377346
 10
9.658563501899648
 20
49.38581096376934
 10
9.615537932746186
 20
49.31233809661367
 10
9.572959950775664
 20
49.23876212328968
 10
9.530834615738579
 20
49.16508276290768
 10
9.48916723431172
 20
49.09129968944868
 10
9.404476370985305
 20
49.10759436367841
 10
9.319757527239826
 20
49.12374293183956
 10
9.235010955132777
 20
49.13974534588654
 10
9.150236906804151
 20
49.155601558208595
 10
9.06543563447569
 20
49.17131152162995
 10
9.065435634475682
 20
49.171311521629946
 10
9.05354241002755
 20
49.25520826659812
 10
9.041184945662721
 20
49.33917543323341
 10
9.028368301545093
 20
49.423211390018686
 10
9.01509729145815
 20
49.50731455345696
 10
9.001376500687174
 20
49.59148338456566
 10
8.987210302165929
 20
49.675716385711254
 10
8.9726028710976
 20
49.76001209774341
 10
8.957558198229837
 20
49.84436909739316
 10
8.942080101938455
 20
49.92878599490484
 10
8.926172239253253
 20
50.01326143187568
 10
8.90983811594162
 20
50.09779407928016
 10
8.893081095750501
 20
50.182382635659614
 10
8.875904408894572
 20
50.26702582545968
 10
8.85831115986748
 20
50.35172239750064
 10
8.796477345963767
 20
50.36256160385357
 10
8.734630269158496
 20
50.37332487598074
 10
8.672770022701686
 20
50.3840121976538
 10
8.610896699863217
 20
50.39462355275892
 10
8.54901039393268
 20
50.40515892529683
 10
8.504019837393807
 20
50.331274681041776
 10
8.45943960732558
 20
50.257300961127605
 10
8.415273048059055
 20
50.18323790259906
 10
8.371523630536911
 20
50.109085623281146
 10
8.328194960185122
 20
50.03484422059928
 10
8.285290785466923
 20
49.960513770297574
 10
8.242815007196484
 20
49.88609432504349
 10
8.20077168870087
 20
49.811585912905656
 10
8.15916506693159
 20
49.736988535689804
 10
8.117999564642385
 20
49.66230216711518
 10
8.07727980376773
 20
49.58752675081167
 10
8.037010620157805
 20
49.512662198113844
 10
7.997197079851244
 20
49.437708385625456
 10
7.957844497097048
 20
49.362665152522126
 10
7.872687838116653
 20
49.37631807054441
 10
7.78750775613043
 20
49.38982408298503
 10
7.702304504568158
 20
49.403183149660606
 10
7.61707833692855
 20
49.4163952308249
 10
7.531829506778506
 20
49.429460287169036
 10
7.53182950677851
 20
49.429460287169036
 10
7.517332858080252
 20
49.51294657215373
 10
7.5023700039222145
 20
49.59648880694388
 10
7.48694605276057
 20
49.680085518181926
 10
7.471065865296819
 20
49.76373527284486
 10
7.454734072460414
 20
49.84743667529629
 10
7.437955091646046
 20
49.93118836462473
 10
7.4207331414166555
 20
50.014989012233926
 10
7.403072254852964
 20
50.09883731965507
 10
7.3849762917049855
 20
50.18273201655571
 10
7.366448949479684
 20
50.26667185892327
 10
7.347493773581157
 20
50.350655627404
 10
7.328114166604432
 20
50.43468212578085
 10
7.30831339687124
 20
50.518750179575676
 10
7.288094606285043
 20
50.60285863476331
 10
7.225953604667378
 20
50.61176957490416
 10
7.163801708107618
 20
50.620604205075566
 10
7.1016390103153775
 20
50.6293625119571
 10
7.039465605016552
 20
50.6380444823434
 10
6.977281585953186
 20
50.646650103144225
 10
6.934610581963449
 20
50.57140239789466
 10
6.89235248864285
 20
50.49607802136366
 10
6.8505106444426636
 20
50.42067721453791
 10
6.809088514962273
 20
50.34520020313126
 10
6.768089700853723
 20
50.26964719665026
 10
6.727517946411422
 20
50.19401838737908
 10
6.687377148924694
 20
50.118313949274466
 10
6.64767136888217
 20
50.0425340367604
 10
6.608404841129716
 20
49.96667878341034
 10
6.569581987099032
 20
49.89074830050328
 10
6.531207428241987
 20
49.8147426754379
 10
6.493286000827057
 20
49.73866196998593
 10
6.455822772279948
 20
49.66250621836391
 10
6.418823059280682
 20
49.58627542509768
 10
6.333282988214118
 20
49.59727337859611
 10
6.247724074215202
 20
49.60812376912144
 10
6.162146571840827
 20
49.61882656439138
 10
6.0765507357031865
 20
49.62938173256267
 10
5.990936820469024
 20
49.63978924223136
 10
5.990936820469027
 20
49.639789242231366
 10
5.973850772092008
 20
49.72278429964374
 10
5.956297003735801
 20
49.805820780872075
 10
5.938280667206746
 20
49.888897372143795
 10
5.919806665421956
 20
49.972012792296184
 10
5.900879670474917
 20
50.05516579038922
 10
5.881504139947711
 20
50.1383551435501
 10
5.861684331681843
 20
50.221579655021955
 10
5.841424317189365
 20
50.304838152392314
 10
5.820727993860426
 20
50.388129485980926
 10
5.799599096102058
 20
50.47145252736889
 10
5.77804120552512
 20
50.55480616805388
 10
5.756057760280926
 20
50.6381893182177
 10
5.733652063636374
 20
50.721600905594684
 10
5.710827291865154
 20
50.80503987443065
 10
5.64843921993929
 20
50.81201392760034
 10
5.586042631570947
 20
50.81891136888188
 10
5.523637620838673
 20
50.82573218787562
 10
5.461224281833713
 20
50.832476374297464
 10
5.398802708659872
 20
50.83914391797886
 10
5.358492538659766
 20
50.762605549029814
 10
5.318597464062888
 20
50.68600338735153
 10
5.2791208142109936
 20
50.6093377776395
 10
5.2400660460074215
 20
50.53260905327806
 10
5.201436751846894
 20
50.45581753565219
 10
5.163236668232627
 20
50.378963533400075
 10
5.125469685158727
 20
50.30204734159952
 10
5.088139856347127
 20
50.2250692408804
 10
5.05125141044111
 20
50.14802949645472
 10
5.014808763272888
 20
50.070928357053546
 10
4.978816531340765
 20
49.99376605375979
 10
4.943279546652737
 20
49.91654279872261
 10
4.908202873119177
 20
49.839258783738224
 10
4.87359182470758
 20
49.76191417867829
 10
4.787751096049085
 20
49.770246527843135
 10
4.701896122761036
 20
49.77843079940111
 10
4.6160271602811696
 20
49.7864669690022
 10
4.5301444640888375
 20
49.794355012736986
 10
4.444248289704259
 20
49.8020949071368
 10
4.44424828970425
 20
49.80209490713679
 10
4.424589371296788
 20
49.88451844461897
 10
4.404461670879605
 20
49.96696883985273
 10
4.383870378625165
 20
50.049444939921464
 10
4.362820434922936
 20
50.13194561676223
 10
4.341316548510496
 20
50.21446976534158
 10
4.319363212844887
 20
50.29701630200843
 10
4.296964720926998
 20
50.37958416300306
 10
4.274125178761284
 20
50.46217230310359
 10
4.250848517607552
 20
50.544779694394194
 10
4.22713850516011
 20
50.62740532514136
 10
4.202998755771598
 20
50.71004819876655
 10
4.178432739823433
 20
50.792707332904776
 10
4.1534437923319745
 20
50.87538175854019
 10
4.128035120868307
 20
50.95807051921096
 10
4.065460335064562
 20
50.96310093846347
 10
4.002879419557063
 20
50.96805451802616
 10
3.940292468702276
 20
50.97293125043024
 10
3.8776995768657674
 20
50.97773112832283
 10
3.8151008384220626
 20
50.982454144466914
 10
3.7771904998976713
 20
50.904699157747196
 10
3.7396970399326057
 20
50.82689331856577
 10
3.702623775538174
 20
50.74903707499349
 10
3.6659741515773456
 20
50.67113086776262
 10
3.629751748712109
 20
50.59317512982568
 10
3.5939602920396596
 20
50.51517028587629
 10
3.5586036604955673
 20
50.43711675182779
 10
3.5236858971133604
 20
50.35901493424453
 10
3.4892112202427903
 20
50.28086522972041
 10
3.4551840358445545
 20
50.202668024198
 10
3.421608950997227
 20
50.124423692220866
 10
3.388490788773667
 20
50.04613259611033
 10
3.355834604669907
 20
49.96779508505676
 10
3.323645704799999
 20
49.889411494113304
 10
3.2375873639106136
 20
49.895070177934876
 10
3.1515193904752334
 20
49.90058041277133
 10
3.065442040565316
 20
49.905942182228515
 10
2.979355570280214
 20
49.91115547035392
 10
2.893260235746418
 20
49.91622026163689
 10
2.8932602357464208
 20
49.91622026163688
 10
2.871047466042424
 20
49.99799253973957
 10
2.8483653058144904
 20
50.07977708354634
 10
2.8252189785800543
 20
50.16157290211191
 10
2.8016134574214306
 20
50.24337902156445
 10
2.7775534831648856
 20
50.3251944838461
 10
2.7530435807952975
 20
50.40701834557585
 10
2.728088074319734
 20
50.488849677020305
 10
2.702691100262759
 20
50.570687561159346
 10
2.6768566199506028
 20
50.652531092835986
 10
2.6505884307198437
 20
50.73437937798089
 10
2.6238901761682514
 20
50.81623153290346
 10
2.596765355549973
 20
50.89808668364227
 10
2.5692173324044214
 20
50.97994396536875
 10
2.541249342496953
 20
51.06180252183876
 10
2.4785483798792636
 20
51.06488444056833
 10
2.415843680226637
 20
51.06788936614385
 10
2.353135338082175
 20
51.07081729403465
 10
2.290423447994472
 20
51.073668219826125
 10
2.2277081045174727
 20
51.07644213921979
 10
2.192234273272919
 20
50.99754575765732
 10
2.1571787004407046
 20
50.91861151309717
 10
2.1225446874926983
 20
50.83963995655202
 10
2.0883356639188175
 20
50.76063163567573
 10
2.054555195184256
 20
50.68158709456948
 10
2.0212069913764004
 20
50.60250687357147
 10
1.9882949166196644
 20
50.52339150902821
 10
1.955822999347793
 20
50.44424153304519
 10
1.9237954435360316
 20
50.365057473214556
 10
1.8922166410110761
 20
50.285839852316954
 10
1.8610911849747216
 20
50.206589187994304
 10
1.8304238848986774
 20
50.127305992389545
 10
1.800219782973773
 20
50.0479907717494
 10
1.7704841723272904
 20
49.96864402598432
 10
1.6842914750938358
 20
49.97162357005149
 10
1.5980937667168102
 20
49.974454437370106
 10
1.5118913036536623
 20
49.9771366195177
 10
1.4256843423759844
 20
49.979670108514156
 10
1.3394731393687538
 20
49.982054896821815
 10
1.339473139368757
 20
49.982054896821815
 10
1.3147280077883257
 20
50.063096806147136
 10
1.2895133312747584
 20
50.144136377262754
 10
1.2638343616370429
 20
50.22517278215339
 10
1.2376960998392068
 20
50.30620520208049
 10
1.2111033142097614
 20
50.387232826888656
 10
1.1840605568837899
 20
50.46825485437961
 10
1.156572178691341
 20
50.549270489745716
 10
1.128642342675268
 20
50.63027894505577
 10
1.1002750363958957
 20
50.71127943878732
 10
1.071474083158396
 20
50.79227119540018
 10
1.0422431522807223
 20
50.87325344494658
 10
1.01258576850445
 20
50.95422542271415
 10
0.9825053206380379
 20
51.0351863688983
 10
0.9520050695107202
 20
51.1161355283009
 10
0.8892385892109417
 20
51.117265964950214
 10
0.8264707681603826
 20
51.11831932946717
 10
0.7637017009973163
 20
51.11929562026353
 10
0.7009314823618956
 20
51.1201948358673
 10
0.6381602068960094
 20
51.121016974922696
 10
0.6051572015719806
 20
51.041055525671204
 10
0.5725734298753038
 20
50.96106923951604
 10
0.5404121745444493
 20
50.881058769878685
 10
0.5086768463784683
 20
50.80102477080475
 10
0.4773709921964054
 20
50.720967897017694
 10
0.44649830348656866
 20
50.64088880397757
 10
0.4160626258239235
 20
50.56078814794517
 10
0.38606796914518193
 20
50.48066658605232
 10
0.35651851898401044
 20
50.40052477637904
 10
0.3274186487842936
 20
50.32036337803828
 10
0.2987729334274216
 20
50.24018305126951
 10
0.27058616413110137
 20
50.15998445754187
 10
0.24286336490296323
 20
50.079768259668604
 10
0.21560981076276242
 20
49.99953512193391
 10
0.12936614305314476
 20
49.99983264373024
 10
0.043122090450338546
 20
49.99998140484969
 10
-0.043122090450324335
 20
49.999981404849706
 10
-0.12936614305313043
 20
49.99983264373024
 10
-0.21560981076274832
 20
49.99953512193391
 10
-0.2156098107627451
 20
49.99953512193391
 10
-0.2428633649029459
 20
50.079768259668604
 10
-0.27058616413108405
 20
50.15998445754187
 10
-0.2987729334274042
 20
50.24018305126951
 10
-0.3274186487842762
 20
50.32036337803828
 10
-0.3565185189839931
 20
50.40052477637904
 10
-0.3860679691451645
 20
50.48066658605232
 10
-0.4160626258239061
 20
50.56078814794517
 10
-0.4464983034865511
 20
50.64088880397757
 10
-0.47737099219638784
 20
50.720967897017694
 10
-0.5086768463784508
 20
50.80102477080475
 10
-0.5404121745444318
 20
50.881058769878685
 10
-0.5725734298752861
 20
50.96106923951604
 10
-0.6051572015719631
 20
51.041055525671204
 10
-0.6381602068959917
 20
51.121016974922696
 10
-0.700931482361878
 20
51.1201948358673
 10
-0.7637017009972986
 20
51.11929562026353
 10
-0.8264707681603649
 20
51.11831932946717
 10
-0.889238589210924
 20
51.117265964950214
 10
-0.9520050695107025
 20
51.1161355283009
 10
-0.9825053206380203
 20
51.0351863688983
 10
-1.0125857685044322
 20
50.95422542271415
 10
-1.0422431522807045
 20
50.87325344494658
 10
-1.0714740831583784
 20
50.79227119540018
 10
-1.1002750363958782
 20
50.71127943878732
 10
-1.1286423426752505
 20
50.63027894505577
 10
-1.1565721786913237
 20
50.549270489745716
 10
-1.1840605568837723
 20
50.46825485437961
 10
-1.211103314209744
 20
50.387232826888656
 10
-1.2376960998391895
 20
50.30620520208049
 10
-1.2638343616370253
 20
50.22517278215339
 10
-1.289513331274741
 20
50.144136377262754
 10
-1.3147280077883083
 20
50.063096806147136
 10
-1.3394731393687396
 20
49.982054896821815
 10
-1.4256843423759702
 20
49.97967010851416
 10
-1.5118913036536479
 20
49.977136619517694
 10
-1.5980937667167963
 20
49.97445443737011
 10
-1.6842914750938214
 20
49.9716235700515
 10
-1.7704841723272762
 20
49.968644025984325
 10
-1.7704841723272842
 20
49.96864402598432
 10
-1.8002197829737667
 20
50.0479907717494
 10
-1.8304238848986711
 20
50.127305992389545
 10
-1.8610911849747154
 20
50.206589187994304
 10
-1.89221664101107
 20
50.285839852316954
 10
-1.9237954435360254
 20
50.365057473214556
 10
-1.9558229993477863
 20
50.44424153304519
 10
-1.9882949166196582
 20
50.52339150902821
 10
-2.0212069913763937
 20
50.60250687357147
 10
-2.054555195184249
 20
50.68158709456948
 10
-2.0883356639188113
 20
50.76063163567573
 10
-2.122544687492692
 20
50.83963995655202
 10
-2.157178700440698
 20
50.91861151309717
 10
-2.1922342732729128
 20
50.99754575765732
 10
-2.2277081045174665
 20
51.07644213921979
 10
-2.2904234479944656
 20
51.073668219826125
 10
-2.3531353380821685
 20
51.07081729403465
 10
-2.4158436802266303
 20
51.06788936614385
 10
-2.4785483798792574
 20
51.06488444056833
 10
-2.541249342496947
 20
51.06180252183876
 10
-2.569217332404415
 20
50.97994396536875
 10
-2.5967653555499663
 20
50.89808668364227
 10
-2.623890176168245
 20
50.81623153290346
 10
-2.6505884307198375
 20
50.73437937798089
 10
-2.6768566199505965
 20
50.652531092835986
 10
-2.7026911002627525
 20
50.570687561159346
 10
-2.7280880743197278
 20
50.488849677020305
 10
-2.753043580795291
 20
50.40701834557585
 10
-2.7775534831648794
 20
50.3251944838461
 10
-2.8016134574214244
 20
50.24337902156445
 10
-2.825218978580048
 20
50.16157290211191
 10
-2.848365305814484
 20
50.07977708354634
 10
-2.871047466042418
 20
49.99799253973957
 10
-2.8932602357464146
 20
49.91622026163688
 10
-2.979355570280211
 20
49.91115547035392
 10
-3.065442040565312
 20
49.90594218222851
 10
-3.1515193904752303
 20
49.90058041277134
 10
-3.23758736391061
 20
49.89507017793487
 10
-3.323645704799996
 20
49.8894114941133
 10
-3.323645704799993
 20
49.8894114941133
 10
-3.3558346046699006
 20
49.96779508505676
 10
-3.3884907887736606
 20
50.04613259611033
 10
-3.421608950997221
 20
50.124423692220866
 10
-3.4551840358445483
 20
50.202668024198
 10
-3.489211220242784
 20
50.28086522972041
 10
-3.523685897113354
 20
50.35901493424453
 10
-3.558603660495561
 20
50.43711675182779
 10
-3.593960292039653
 20
50.51517028587629
 10
-3.6297517487121023
 20
50.59317512982568
 10
-3.665974151577339
 20
50.67113086776262
 10
-3.702623775538168
 20
50.74903707499349
 10
-3.7396970399325995
 20
50.82689331856577
 10
-3.777190499897665
 20
50.904699157747196
 10
-3.8151008384220564
 20
50.982454144466914
 10
-3.877699576865761
 20
50.97773112832283
 10
-3.9402924687022693
 20
50.97293125043024
 10
-4.002879419557056
 20
50.96805451802616
 10
-4.0654603350645555
 20
50.96310093846347
 10
-4.128035120868301
 20
50.95807051921096
 10
-4.153443792331968
 20
50.87538175854019
 10
-4.1784327398234264
 20
50.792707332904776
 10
-4.202998755771592
 20
50.71004819876655
 10
-4.227138505160103
 20
50.62740532514136
 10
-4.250848517607546
 20
50.544779694394194
 10
-4.274125178761277
 20
50.46217230310359
 10
-4.296964720926992
 20
50.37958416300306
 10
-4.3193632128448805
 20
50.29701630200843
 10
-4.341316548510489
 20
50.21446976534158
 10
-4.36282043492293
 20
50.13194561676223
 10
-4.383870378625158
 20
50.049444939921464
 10
-4.4044616708795985
 20
49.96696883985273
 10
-4.424589371296782
 20
49.88451844461897
 10
-4.444248289704245
 20
49.8020949071368
 10
-4.530144464088823
 20
49.79435501273699
 10
-4.6160271602811545
 20
49.78646696900219
 10
-4.701896122761022
 20
49.77843079940111
 10
-4.78775109604907
 20
49.77024652784313
 10
-4.873591824707566
 20
49.76191417867829
 10
-4.873591824707563
 20
49.76191417867829
 10
-4.908202873119159
 20
49.839258783738224
 10
-4.943279546652719
 20
49.91654279872261
 10
-4.978816531340748
 20
49.99376605375979
 10
-5.01480876327287
 20
50.070928357053546
 10
-5.051251410441092
 20
50.14802949645472
 10
-5.0881398563471105
 20
50.2250692408804
 10
-5.125469685158709
 20
50.30204734159951
 10
-5.16323666823261
 20
50.378963533400075
 10
-5.201436751846877
 20
50.45581753565219
 10
-5.240066046007404
 20
50.53260905327806
 10
-5.279120814210976
 20
50.6093377776395
 10
-5.31859746406287
 20
50.68600338735153
 10
-5.358492538659748
 20
50.762605549029814
 10
-5.398802708659854
 20
50.83914391797886
 10
-5.461224281833696
 20
50.832476374297464
 10
-5.523637620838655
 20
50.82573218787562
 10
-5.586042631570929
 20
50.81891136888188
 10
-5.648439219939272
 20
50.81201392760034
 10
-5.710827291865137
 20
50.80503987443065
 10
-5.733652063636356
 20
50.721600905594684
 10
-5.756057760280909
 20
50.6381893182177
 10
-5.778041205525102
 20
50.55480616805388
 10
-5.79959909610204
 20
50.47145252736889
 10
-5.820727993860409
 20
50.388129485980926
 10
-5.8414243171893485
 20
50.304838152392314
 10
-5.8616843316818255
 20
50.22157965502196
 10
-5.881504139947694
 20
50.1383551435501
 10
-5.900879670474899
 20
50.05516579038922
 10
-5.919806665421938
 20
49.972012792296184
 10
-5.938280667206729
 20
49.888897372143795
 10
-5.956297003735783
 20
49.805820780872075
 10
-5.97385077209199
 20
49.72278429964374
 10
-5.9909368204690105
 20
49.639789242231366
 10
-6.076550735703172
 20
49.62938173256267
 10
-6.162146571840813
 20
49.61882656439137
 10
-6.247724074215189
 20
49.60812376912144
 10
-6.333282988214105
 20
49.5972733785961
 10
-6.418823059280669
 20
49.58627542509769
 10
-6.418823059280665
 20
49.58627542509768
 10
-6.455822772279931
 20
49.66250621836391
 10
-6.493286000827039
 20
49.73866196998593
 10
-6.53120742824197
 20
49.8147426754379
 10
-6.569581987099015
 20
49.89074830050328
 10
-6.608404841129699
 20
49.96667878341034
 10
-6.647671368882154
 20
50.0425340367604
 10
-6.687377148924677
 20
50.118313949274466
 10
-6.727517946411405
 20
50.19401838737908
 10
-6.768089700853706
 20
50.26964719665026
 10
-6.809088514962256
 20
50.34520020313126
 10
-6.850510644442647
 20
50.42067721453791
 10
-6.892352488642834
 20
50.49607802136366
 10
-6.934610581963431
 20
50.57140239789466
 10
-6.977281585953169
 20
50.646650103144225
 10
-7.0394656050165345
 20
50.6380444823434
 10
-7.101639010315361
 20
50.6293625119571
 10
-7.163801708107601
 20
50.620604205075566
 10
-7.22595360466736
 20
50.61176957490416
 10
-7.288094606285026
 20
50.60285863476331
 10
-7.308313396871222
 20
50.518750179575676
 10
-7.328114166604415
 20
50.43468212578085
 10
-7.3474937735811405
 20
50.350655627404
 10
-7.366448949479667
 20
50.26667185892327
 10
-7.384976291704969
 20
50.18273201655571
 10
-7.4030722548529475
 20
50.09883731965507
 10
-7.420733141416639
 20
50.014989012233926
 10
-7.43795509164603
 20
49.93118836462473
 10
-7.454734072460397
 20
49.84743667529629
 10
-7.4710658652968025
 20
49.76373527284486
 10
-7.486946052760553
 20
49.680085518181926
 10
-7.5023700039221985
 20
49.59648880694388
 10
-7.517332858080235
 20
49.51294657215373
 10
-7.531829506778493
 20
49.429460287169036
 10
-7.617078336928536
 20
49.4163952308249
 10
-7.702304504568142
 20
49.4031831496606
 10
-7.787507756130416
 20
49.38982408298504
 10
-7.872687838116639
 20
49.37631807054441
 10
-7.9578444970970335
 20
49.362665152522126
 10
-7.957844497097042
 20
49.362665152522126
 10
-7.997197079851238
 20
49.437708385625456
 10
-8.0370106201578
 20
49.512662198113844
 10
-8.077279803767725
 20
49.58752675081167
 10
-8.11799956464238
 20
49.66230216711518
 10
-8.159165066931585
 20
49.736988535689804
 10
-8.200771688700865
 20
49.811585912905656
 10
-8.242815007196478
 20
49.88609432504349
 10
-8.285290785466916
 20
49.960513770297574
 10
-8.328194960185117
 20
50.03484422059928
 10
-8.371523630536904
 20
50.109085623281146
 10
-8.41527304805905
 20
50.18323790259906
 10
-8.459439607325573
 20
50.257300961127605
 10
-8.504019837393802
 20
50.331274681041776
 10
-8.549010393932674
 20
50.40515892529683
 10
-8.610896699863211
 20
50.39462355275892
 10
-8.67277002270168
 20
50.3840121976538
 10
-8.73463026915849
 20
50.37332487598074
 10
-8.796477345963762
 20
50.36256160385357
 10
-8.858311159867474
 20
50.35172239750064
 10
-8.875904408894566
 20
50.26702582545968
 10
-8.893081095750494
 20
50.182382635659614
 10
-8.909838115941614
 20
50.09779407928016
 10
-8.926172239253246
 20
50.01326143187568
 10
-8.94208010193845
 20
49.92878599490484
 10
-8.95755819822983
 20
49.84436909739316
 10
-8.972602871097594
 20
49.76001209774341
 10
-8.987210302165924
 20
49.675716385711254
 10
-9.001376500687169
 20
49.59148338456566
 10
-9.015097291458146
 20
49.50731455345696
 10
-9.028368301545088
 20
49.423211390018686
 10
-9.041184945662716
 20
49.33917543323341
 10
-9.053542410027545
 20
49.25520826659812
 10
-9.065435634475676
 20
49.171311521629946
 10
-9.150236906804139
 20
49.155601558208595
 10
-9.235010955132763
 20
49.13974534588654
 10
-9.319757527239812
 20
49.12374293183956
 10
-9.404476370985291
 20
49.10759436367841
 10
-9.489167234311706
 20
49.09129968944869
 10
-9.489167234311703
 20
49.09129968944869
 10
-9.530834615738563
 20
49.16508276290769
 10
-9.572959950775648
 20
49.23876212328969
 10
-9.61553793274617
 20
49.31233809661368
 10
-9.658563501899632
 20
49.385810963769345
 10
-9.702031827482525
 20
49.45918096377346
 10
-9.745938291549189
 20
49.53244829671045
 10
-9.790278474302573
 20
49.60561312639536
 10
-9.8350481407845
 20
49.67867558279194
 10
-9.880243228760477
 20
49.75163576421406
 10
-9.925859837665278
 20
49.8244937393345
 10
-9.971894218493233
 20
49.8972495490225
 10
-10.018342764532461
 20
49.969903208028
 10
-10.065202002854894
 20
50.04245470652885
 10
-10.11246858648512
 20
50.114904011554806
 10
-10.173997308278704
 20
50.102449079572324
 10
-10.235510690212998
 20
50.089918605549116
 10
-10.297008639541108
 20
50.07731260837802
 10
-10.358491063539411
 20
50.064631107065736
 10
-10.419957869507696
 20
50.051874120732826
 10
-10.43490855664349
 20
49.96667137030196
 10
-10.44944454328696
 20
49.881534931316196
 10
-10.463562765357675
 20
49.796466150899356
 10
-10.477260033873034
 20
49.711466404448046
 10
-10.49053302718838
 20
49.62653709740344
 10
-10.503378282564638
 20
49.54167966717708
 10
-10.515792186987122
 20
49.45689558524777
 10
-10.527770967148237
 20
49.37218635944989
 10
-10.5393106784942
 20
49.287553536475656
 10
-10.550407193220817
 20
49.20299870461781
 10
-10.561056187085791
 20
49.118523496783105
 10
-10.571253124883963
 20
49.034129593811414
 10
-10.580993244406908
 20
48.949818728141764
 10
-10.59027153867837
 20
48.86559268787251
 10
-10.674543213431077
 20
48.84725301574893
 10
-10.758783129032008
 20
48.828768012130475
 10
-10.842991034848591
 20
48.81013773201418
 10
-10.92716668034348
 20
48.79136223082925
 10
-11.011309815075322
 20
48.772441564437045
 10
-11.01130981507532
 20
48.77244156443704
 10
-11.055251684674355
 20
48.84489309789333
 10
-11.099648060900936
 20
48.917226726146275
 10
-11.144493649784351
 20
48.98944294009407
 10
-11.18978340275723
 20
49.06154217784808
 10
-11.235512498836169
 20
49.13352482854524
 10
-11.281676328531884
 20
49.20539123579064
 10
-11.32827047927989
 20
49.27714170077517
 10
-11.37529072221239
 20
49.34877648510635
 10
-11.422733000117407
 20
49.4202958133854
 10
-11.470593416452207
 20
49.49169987555896
 10
-11.518868225295606
 20
49.562988829070015
 10
-11.567553822139072
 20
49.63416280082966
 10
-11.616646735428994
 20
49.70522188902803
 10
-11.66614361878357
 20
49.77616616480135
 10
-11.727255231375638
 20
49.761803722716614
 10
-11.788349162181511
 20
49.74736625219967
 10
-11.84942531908673
 20
49.73285377501864
 10
-11.910483610003629
 20
49.71826631305475
 10
-11.97152394287148
 20
49.703603888302254
 10
-11.983817604291747
 20
49.617977387639776
 10
-11.995698828094472
 20
49.53243006347458
 10
-12.00716459357674
 20
49.44696335757133
 10
-12.018211756073157
 20
49.361578743838244
 10
-12.028837039254842
 20
49.27627773033938
 10
-12.039037026760996
 20
49.19106186148165
 10
-12.04880815308741
 20
49.10593272039636
 10
-12.058146693645142
 20
49.02089193153786
 10
-12.067048753890376
 20
48.93594116352528
 10
-12.075510257411294
 20
48.85108213225723
 10
-12.083526932840488
 20
48.76631660433393
 10
-12.091094299440446
 20
48.68164640082646
 10
-12.098207651184923
 20
48.59707340143986
 10
-12.10486203912924
 20
48.51259954912381
 10
-12.188522588903467
 20
48.491647910746345
 10
-12.272146875098908
 20
48.470551998878655
 10
-12.355734648914627
 20
48.449311876285826
 10
-12.439285661658309
 20
48.42792760616194
 10
-12.522799664747023
 20
48.40639925213
 10
-12.522799664747028
 20
48.406399252129994
 10
-12.568973511597347
 20
48.47744915340417
 10
-12.615597978386718
 20
48.54836707141432
 10
-12.662667788972092
 20
48.619153661462946
 10
-12.710177910853375
 20
48.68980951845922
 10
-12.758123537481266
 20
48.76033518128379
 10
-12.806500072282251
 20
48.83073113673001
 10
-12.855303114193266
 20
48.900997823073226
 10
-12.904528444528053
 20
48.971135633311626
 10
-12.954172015022248
 20
49.04114491811651
 10
-13.004229936925258
 20
49.111025988524574
 10
-13.054698471024322
 20
49.1807791184003
 10
-13.105574018501395
 20
49.2504045466931
 10
-13.156853112535808
 20
49.31990247951046
 10
-13.2085324105768
 20
49.38927309202619
 10
-13.269167792428997
 20
49.37301703457431
 10
-13.329783167674085
 20
49.35668653488393
 10
-13.390378444919149
 20
49.34028161757738
 10
-13.450953532801565
 20
49.32380230738921
 10
-13.511508339989161
 20
49.30724862916611
 10
-13.521133082370453
 20
49.221281216381314
 10
-13.53034804901574
 20
49.13540576854782
 10
-13.53915026552196
 20
49.04962382067635
 10
-13.547536634583194
 20
48.963936943760814
 10
-13.555503928355957
 20
48.87834674702916
 10
-13.563048780162854
 20
48.792854880389605
 10
-13.570167675459533
 20
48.70746303709436
 10
-13.576856941979013
 20
48.62217295664618
 10
-13.58311273895516
 20
48.536986427976856
 10
-13.5889310453122
 20
48.451905292930824
 10
-13.594307646689886
 20
48.36693145009269
 10
-13.599238121153176
 20
48.282066859002995
 10
-13.603717823410781
 20
48.197313544814286
 10
-13.60774186733738
 20
48.11267360344791
 10
-13.690710355954353
 20
48.089130268173534
 10
-13.773638111648202
 20
48.0654438569889
 10
-13.85652488769032
 20
48.041614440366374
 10
-13.939370437474023
 20
48.01764208920379
 10
-14.022174514515285
 20
47.993526874824255
 10
-14.022174514515282
 20
47.99352687482425
 10
-14.070535668402144
 20
48.06310640772551
 10
-14.119343119593882
 20
48.13254000698735
 10
-14.168591614879425
 20
48.201828491682605
 10
-14.218276142694586
 20
48.27097261294275
 10
-14.26839191557419
 20
48.339973058870775
 10
-14.318934354307368
 20
48.40883045897737
 10
-14.369899073590238
 20
48.47754538819833
 10
-14.42128186899938
 20
48.54611837054232
 10
-14.473078705134483
 20
48.61454988241147
 10
-14.5252857047992
 20
48.68284035563162
 10
-14.57789913910665
 20
48.7509901802238
 10
-14.630915418410884
 20
48.81899970694456
 10
-14.684331083978124
 20
48.88686924961936
 10
-14.738142800322327
 20
48.95459908729012
 10
-14.798243290618787
 20
48.93646514115681
 10
-14.858321468842325
 20
48.91825741099675
 10
-14.91837724440998
 20
48.899975924262684
 10
-14.978410526772569
 20
48.88162070851853
 10
-15.038421225414824
 20
48.86319179143942
 10
-15.045367737440491
 20
48.77696663445206
 10
-15.05190753204325
 20
48.690846141899875
 10
-15.058037683997435
 20
48.60483194055461
 10
-15.063755146353044
 20
48.518925696976034
 10
-15.069056742874722
 20
48.43312911999918
 10
-15.073939159825514
 20
48.34744396343736
 10
-15.078398937021026
 20
48.26187202902559
 10
-15.082432458068917
 20
48.1764151696322
 10
-15.086035939696425
 20
48.09107529277093
 10
-15.08920542005396
 20
48.005854364450194
 10
-15.091936745865542
 20
47.920754413402236
 10
-15.094225558276552
 20
47.83577753574129
 10
-15.096067277224666
 20
47.75092590010826
 10
-15.097457084130937
 20
47.66620175336843
 10
-15.179653244936356
 20
47.64008949785352
 10
-15.261804242880778
 20
47.61383550242498
 10
-15.343909833546636
 20
47.58743984519435
 10
-15.425969772651436
 20
47.56090260469458
 10
-15.507983816048528
 20
47.53422385987991
 10
-15.507983816048526
 20
47.534223859879916
 10
-15.558485490678903
 20
47.602265710703904
 10
-15.609428708216159
 20
47.67014781869444
 10
-15.660808243463348
 20
47.73787116590231
 10
-15.712619110640548
 20
47.805436658954605
 10
-15.76485654599828
 20
47.87284513451097
 10
-15.817515992118409
 20
47.94009736419042
 10
-15.870593083698735
 20
48.007194059033
 10
-15.924083634646179
 20
48.074135873550865
 10
-15.97798362632847
 20
48.140923409416125
 10
-16.032289196854457
 20
48.207557218826
 10
-16.086996631270583
 20
48.274037807580726
 10
-16.14210235257576
 20
48.34036563790467
 10
-16.19760291346918
 20
48.40654113103765
 10
-16.253494988756408
 20
48.472564669619764
 10
-16.313002444154296
 20
48.452570378226746
 10
-16.37248530359894
 20
48.432503032400014
 10
-16.431943477404968
 20
48.41236266239614
 10
-16.491376875924228
 20
48.392149298581806
 10
-16.550785409545938
 20
48.37186297143372
 10
-16.55504697091423
 20
48.28546348751443
 10
-16.55890526664555
 20
48.199181266258094
 10
-16.562357423521593
 20
48.113018024623685
 10
-16.565400447896003
 20
48.02697552312456
 10
-16.568031218214355
 20
47.941055568549636
 10
-16.57024647688597
 20
47.85526001692066
 10
-16.57204282143391
 20
47.769590776712334
 10
-16.573416694839096
 20
47.684049812366055
 10
-16.57436437498222
 20
47.59863914813212
 10
-16.574881963072695
 20
47.51336087228091
 10
-16.574965370936862
 20
47.42821714172968
 10
-16.574610307017398
 20
47.34321018713849
 10
-16.573812260911886
 20
47.258342318538524
 10
-16.57256648624941
 20
47.17361593156542
 10
-16.653910799766248
 20
47.14496001773073
 10
-16.735205564176376
 20
47.116163837103294
 10
-16.816450537609704
 20
47.08722747535818
 10
-16.897645478344277
 20
47.05815101858753
 10
-16.978790144807
 20
47.02893455330032
 10
-16.978790144807
 20
47.02893455330032
 10
-17.031383483072283
 20
47.09537289595078
 10
-17.084413182682205
 20
47.16163784111463
 10
-17.137874051508984
 20
47.22773053287054
 10
-17.191761134380382
 20
47.293652032464095
 10
-17.24606969587123
 20
47.359403324302214
 10
-17.30079520476515
 20
47.42498532136572
 10
-17.35593331998475
 20
47.49039887011103
 10
-17.41147987781709
 20
47.5556447549206
 10
-17.467430880285697
 20
47.62072370215442
 10
-17.523782484540735
 20
47.68563638384689
 10
-17.580530993155964
 20
47.75038342108812
 10
-17.637672845235667
 20
47.81496538712314
 10
-17.695204608247053
 20
47.879382810198564
 10
-17.753122970504197
 20
47.94363617618251
 10
-17.811979821383645
 20
47.921800882715395
 10
-17.870809816224515
 20
47.89989333508305
 10
-17.929612866325805
 20
47.87791356631661
 10
-17.98838888302712
 20
47.85586160955611
 10
-18.047137777708844
 20
47.83373749805041
 10
-18.048710265634362
 20
47.74724727311984
 10
-18.049883329842306
 20
47.660886795635975
 10
-18.050654151901387
 20
47.57465787108394
 10
-18.051019794365043
 20
47.48856235222751
 10
-18.0509771933797
 20
47.402602142061525
 10
-18.05052315065244
 20
47.31677919702056
 10
-18.04965432470547
 20
47.23109553047272
 10
-18.048367221334168
 20
47.14555321653199
 10
-18.046658183173573
 20
47.06015439422686
 10
-18.044523378263943
 20
46.97490127206946
 10
-18.041958787488962
 20
46.889796133075336
 10
-18.03896019074044
 20
46.80484134029238
 10
-18.035523151639367
 20
46.72003934290726
 10
-18.03164300061467
 20
46.63539268300829
 10
-18.112056771473135
 20
46.60422083359976
 10
-18.19241665491474
 20
46.5729103262184
 10
-18.27272241185087
 20
46.54146125401998
 10
-18.352973803353947
 20
46.509873710572506
 10
-18.43317059065815
 20
46.478147789855996
 10
-18.433170590658158
 20
46.47814778985599
 10
-18.487804711900264
 20
46.54291834952726
 10
-18.54286959077335
 20
46.607502024809634
 10
-18.59836007324184
 20
46.67190012070283
 10
-18.654271239535003
 20
46.73611385204428
 10
-18.710598387133192
 20
46.800144350035765
 10
-18.767337015405438
 20
46.86399266813672
 10
-18.82448281169888
 20
46.927659787401005
 10
-18.882031638708828
 20
46.99114662132257
 10
-18.939979522982394
 20
47.05445402024656
 10
-18.998322644428786
 20
47.11758277539441
 10
-19.057057326726074
 20
47.180533622545234
 10
-19.11618002852886
 20
47.24330724541013
 10
-19.17568733539313
 20
47.30590427873152
 10
-19.235575952345304
 20
47.36832531113545
 10
-19.293725258504296
 20
47.344670139830455
 10
-19.351845474520864
 20
47.32094358452995
 10
-19.409936512764176
 20
47.297145681007684
 10
-19.467998285647376
 20
47.27327646514499
 10
-19.526030705627743
 20
47.249335972930695
 10
-19.524912598829978
 20
47.162838680695586
 10
-19.523399296650688
 20
47.07648349516865
 10
-19.521488038172244
 20
46.9902723086145
 10
-19.51917594498968
 20
46.90420706425486
 10
-19.516460013914337
 20
46.81828975944949
 10
-19.51333710904522
 20
46.732522449153066
 10
-19.509803953136334
 20
46.64690724967932
 10
-19.50585711817792
 20
46.561446342808196
 10
-19.501493015097655
 20
46.47614198027708
 10
-19.496707882473796
 20
46.39099648870319
 10
-19.491497774135613
 20
46.306012274991716
 10
-19.485858545506723
 20
46.22119183229229
 10
-19.479785838523444
 20
46.13653774657765
 10
-19.473275064932047
 20
46.052052703929455
 10
-19.55268049800228
 20
46.018395075698166
 10
-19.632027757478088
 20
45.984600532456625
 10
-19.711316607283653
 20
45.95066917475114
 10
-19.790546811516904
 20
45.916601103535065
 10
-19.869718134450295
 20
45.88239642016857
 10
-19.8697181344503
 20
45.88239642016856
 10
-19.92634018368541
 20
45.94543653552729
 10
-19.98338697010766
 20
46.00827646039343
 10
-20.040853382759874
 20
46.07091765942522
 10
-20.098734542032375
 20
46.133361499876656
 10
-20.157025782860437
 20
46.19560925865006
 10
-20.215722639552556
 20
46.25766212866428
 10
-20.27482083205263
 20
46.319521224621525
 10
-20.334316253466785
 20
46.381187588243506
 10
-20.394204958709786
 20
46.442662193037854
 10
-20.454483154145557
 20
46.50394594864757
 10
-20.515147188113104
 20
46.56503970482898
 10
-20.57619354224336
 20
46.62594425509782
 10
-20.637618823484335
 20
46.68666034007819
 10
-20.699419756762488
 20
46.747188650584654
 10
-20.756805262502823
 20
46.72173648629227
 10
-20.814159472139732
 20
46.69621387723351
 10
-20.871482299197314
 20
46.67062086189012
 10
-20.928773657246992
 20
46.64495747884999
 10
-20.986033459907645
 20
46.619223766807146
 10
-20.98222584008271
 20
46.5328030878114
 10
-20.978027635538304
 20
46.44653673730623
 10
-20.973436145541477
 20
46.360426692505094
 10
-20.968448553513525
 20
46.27447498520773
 10
-20.963061919836093
 20
46.18868370520649
 10
-20.95727317403389
 20
46.103055003988146
 10
-20.951079106263247
 20
46.0175910987646
 10
-20.944476358025643
 20
45.932294276871076
 10
-20.937461412013583
 20
45.84716690057541
 10
-20.93003058098226
 20
45.7622114123491
 10
-20.922179995524207
 20
45.67743034065843
 10
-20.91390559060445
 20
45.592826306342815
 10
-20.90520309069077
 20
45.508402029659266
 10
-20.89606799328563
 20
45.42416033808422
 10
-20.974388268939453
 20
45.38804949261177
 10
-21.052646141100485
 20
45.351803607548035
 10
-21.13084137693408
 20
45.31542279073264
 10
-21.20897374379192
 20
45.27890715040663
 10
-21.28704300921276
 20
45.242256795212214
 10
-21.287043009212763
 20
45.242256795212214
 10
-21.34559820826513
 20
45.303505479018185
 10
-21.404571713154983
 20
45.36454085989922
 10
-21.46395846094809
 20
45.42536456075517
 10
-21.52375361691653
 20
45.48597809993383
 10
-21.583952557963634
 20
45.54638289880273
 10
-21.644550857657663
 20
45.606580288586095
 10
-21.70554427267992
 20
45.66657151655608
 10
-21.76692873052052
 20
45.72635775165432
 10
-21.82870031827848
 20
45.785940089609156
 10
-21.89085527244255
 20
45.84531955760515
 10
-21.953389969545416
 20
45.90449711855372
 10
-22.016300917598137
 20
45.96347367500757
 10
-22.07958474822331
 20
46.022250072755995
 10
-22.14323820941584
 20
46.08082710413374
 10
-22.199804397966908
 20
46.053602570179116
 10
-22.25633711473049
 20
46.02630859883801
 10
-22.3128362744693
 20
45.99894523126293
 10
-22.369301791996648
 20
45.97151250871104
 10
-22.42573358217657
 20
45.94401047254406
 10
-22.419240132950733
 20
45.857750013213206
 10
-22.41236108753298
 20
45.7716559548525
 10
-22.405093807987807
 20
45.68573035771138
 10
-22.39743554228763
 20
45.59997534020199
 10
-22.38938341722831
 20
45.51439308252755
 10
-22.38093443073072
 20
45.428985830625464
 10
-22.372085443458847
 20
45.34375590046083
 10
-22.362833169674545
 20
45.25870568271129
 10
-22.353174167237903
 20
45.17383764788977
 10
-22.34310482664823
 20
45.08915435195914
 10
-22.33262135900471
 20
45.00465844250063
 10
-22.321719782746445
 20
44.92035266550795
 10
-22.31039590900899
 20
44.836239872890744
 10
-22.29864532540687
 20
44.75232303078478
 10
-22.37580467383582
 20
44.71379390298197
 10
-22.45289744924497
 20
44.67513174164894
 10
-22.529923422266084
 20
44.63633666181429
 10
-22.606882363729675
 20
44.597408778902036
 10
-22.68377404466569
 20
44.55834820873133
 10
-22.68377404466568
 20
44.55834820873134
 10
-22.744205745161942
 20
44.61774620683865
 10
-22.805048915462162
 20
44.6769179959455
 10
-22.8662985455531
 20
44.735865355623254
 10
-22.927949850265893
 20
44.79458995384464
 10
-22.98999825294447
 20
44.85309335506734
 10
-23.052439370699123
 20
44.911377027533014
 10
-23.115269001053726
 20
44.96944234987714
 10
-23.17848310982226
 20
45.02729061713042
 10
-23.242077820073476
 20
45.08492304618184
 10
-23.306049402061912
 20
45.142340780763774
 10
-23.37039426401939
 20
45.19954489601122
 10
-23.435108943715374
 20
45.256536402640656
 10
-23.500190100705737
 20
45.31331625078832
 10
-23.565634509199935
 20
45.36988533354261
 10
-23.621326656427573
 20
45.340914767904096
 10
-23.676983188565472
 20
45.31187583943515
 10
-23.732604021697405
 20
45.282768591919286
 10
-23.788189071960982
 20
45.25359306924297
 10
-23.843738255547766
 20
45.224349315395656
 10
-23.834565258913784
 20
45.13833252715307
 10
-23.825012027654846
 20
45.052494051377984
 10
-23.815075989184933
 20
44.966836029362696
 10
-23.804754458690002
 20
44.88136066408234
 10
-23.79404463215974
 20
44.796070224041756
 10
-23.782943578815534
 20
44.710967047456194
 10
-23.771448232866113
 20
44.62605354680342
 10
-23.75955538451245
 20
44.541332213790646
 10
-23.74726167011227
 20
44.456805624785865
 10
-23.73456356140095
 20
44.37247644677053
 10
-23.721457353649846
 20
44.28834744387951
 10
-23.70793915262404
 20
44.2044214846042
 10
-23.694004860179305
 20
44.12070154974784
 10
-23.67965015831094
 20
44.037190741236024
 10
-23.75557393282867
 20
43.996280605545635
 10
-23.831427029204686
 20
43.95523957108745
 10
-23.907209221759064
 20
43.91406775996774
 10
-23.98292028502285
 20
43.87276529468184
 10
-24.05855999373871
 20
43.831332298113814
 10
-24.058559993738715
 20
43.83133229811381
 10
-24.120809731911567
 20
43.88882214679545
 10
-24.183463705784387
 20
43.9460730992437
 10
-24.246516963111787
 20
44.00308708997983
 10
-24.309964772913304
 20
44.05986593498784
 10
-24.373802609401096
 20
44.116411340302015
 10
-24.43802613746764
 20
44.17272490976108
 10
-24.502631199545014
 20
44.22880815203009
 10
-24.567613803673865
 20
44.2846624869759
 10
-24.632970112643378
 20
44.34028925147093
 10
-24.698696434082134
 20
44.39568970468887
 10
-24.76478921139593
 20
44.450865032948144
 10
-24.831245015462102
 20
44.505816354151236
 10
-24.898060537001463
 20
44.560544721862136
 10
-24.965232579558773
 20
44.61505112905888
 10
-25.019996806907365
 20
44.584362558887676
 10
-25.074723310319253
 20
44.55360676657876
 10
-25.129412007280468
 20
44.5227837985042
 10
-25.184062815334045
 20
44.491893701137386
 10
-25.23867565208016
 20
44.46093652105291
 10
-25.22683198231985
 20
44.3752466195859
 10
-25.214613807353977
 20
44.28974676957796
 10
-25.202018622434842
 20
44.20443919129268
 10
-25.1890438125593
 20
44.11932617013691
 10
-25.175686645623585
 20
44.034410060722514
 10
-25.161944264984925
 20
43.94969329128053
 10
-25.14781368136275
 20
43.86517836846745
 10
-25.13329176400242
 20
43.78086788260949
 10
-25.118375231013403
 20
43.69676451343724
 10
-25.10306063878052
 20
43.61287103637062
 10
-25.08734437033138
 20
43.529190329424
 10
-25.071222622524463
 20
43.44572538081139
 10
-25.05469139190046
 20
43.3624792973459
 10
-25.03774645901282
 20
43.279455313742005
 10
-25.112361208270947
 20
43.23620374807817
 10
-25.186901242641973
 20
43.19282354504507
 10
-25.261366340352644
 20
43.14931483370853
 10
-25.33575627985264
 20
43.10567774351666
 10
-25.410070839815273
 20
43.06191240429958
 10
-25.410070839815276
 20
43.06191240429957
 10
-25.47407839306337
 20
43.11743848583986
 10
-25.538482556835504
 20
43.172713215030505
 10
-25.603278441445138
 20
43.227738679471166
 10
-25.668461374677104
 20
43.28251684140026
 10
-25.73402688599021
 20
43.337049546778196
 10
-25.799970692253062
 20
43.39133853348917
 10
-25.86628868482809
 20
43.44538543876822
 10
-25.9329769178446
 20
43.49919180594481
 10
-26.000031597524444
 20
43.5527590905814
 10
-26.067449072442404
 20
43.60608866607484
 10
-26.135225824619
 20
43.659181828779296
 10
-26.203358461356903
 20
43.71203980270175
 10
-26.27184370774339
 20
43.7646637438147
 10
-26.340678399750875
 20
43.817054744025164
 10
-26.39446172636735
 20
43.78467785853093
 10
-26.44820525669563
 20
43.752234956624754
 10
-26.50190890970383
 20
43.71972608722246
 10
-26.55557260442019
 20
43.68715129933935
 10
-26.609196259933196
 20
43.654510642090095
 10
-26.594693375032133
 20
43.56923052684413
 10
-26.579822076654512
 20
43.48415201818631
 10
-26.56457993031411
 20
43.39927741320352
 10
-26.54896439334855
 20
43.31460907752337
 10
-26.532972808203734
 20
43.23014944958681
 10
-26.516602395136346
 20
43.1459010452915
 10
-26.499850244268462
 20
43.0618664630476
 10
-26.482713306918626
 20
42.978048389294436
 10
-26.465188386123074
 20
42.89444960453266
 10
-26.447272126247537
 20
42.811072989935646
 10
-26.428961001575065
 20
42.72792153461295
 10
-26.410251303736835
 20
42.64499834361033
 10
-26.39113912783154
 20
42.56230664674509
 10
-26.371620357052826
 20
42.47984980839123
 10
-26.444853896100362
 20
42.434298655850384
 10
-26.518008755797236
 20
42.38862125178714
 10
-26.591084718491413
 20
42.34281773210202
 10
-26.664081566765546
 20
42.29688823307068
 10
-26.73699908343772
 20
42.2508328913437
 10
-26.73699908343771
 20
42.2508328913437
 10
-26.802702528587137
 20
42.30434148784486
 10
-26.868794575389618
 20
42.35758651904726
 10
-26.935270401447895
 20
42.41057022360937
 10
-27.002125397832188
 20
42.46329470812566
 10
-27.06935515357289
 20
42.51576195669686
 10
-27.1369554416584
 20
42.56797383957129
 10
-27.20492220635635
 20
42.6199321209701
 10
-27.273251551702064
 20
42.67163846619224
 10
-27.34193973102031
 20
42.723094448082094
 10
-27.410983137364582
 20
42.77430155293098
 10
-27.48037829477353
 20
42.82526118587467
 10
-27.5501218502574
 20
42.8759746758405
 10
-27.620210566438185
 20
42.926443280091135
 10
-27.690641314776947
 20
42.97666818840624
 10
-27.74339170876634
 20
42.942634310134665
 10
-27.796100272616396
 20
42.90853568504353
 10
-27.848766926855692
 20
42.874372364545096
 10
-27.901391592076003
 20
42.84014440014914
 10
-27.95397418893242
 20
42.805851843462946
 10
-27.936826119495098
 20
42.721064017441805
 10
-27.919316084726464
 20
42.6364891580965
 10
-27.901441722756985
 20
42.552129637114994
 10
-27.883200565724906
 20
42.46798789805702
 10
-27.864590033196812
 20
42.384066460833594
 10
-27.845607425018077
 20
42.300367926575
 10
-27.82624991352852
 20
42.21689498293134
 10
-27.806514535069297
 20
42.133650409855996
 10
-27.78639818069625
 20
42.05063708592981
 10
-27.76589758600238
 20
41.967857995292235
 10
-27.745009319937097
 20
41.88531623525624
 10
-27.72372977249187
 20
41.8030150246954
 10
-27.70205514110113
 20
41.72095771330657
 10
-27.679981415581466
 20
41.63914779186846
 10
-27.751762895699088
 20
41.591341120248806
 10
-27.823461808119696
 20
41.54341070509383
 10
-27.895077939523002
 20
41.49535668900724
 10
-27.966611076835
 20
41.44717921496045
 10
-28.038061007228638
 20
41.398878426292235
 10
-28.038061007228645
 20
41.39887842629224
 10
-28.105396780439612
 20
41.45031777164293
 10
-28.173112770485645
 20
41.501481593728194
 10
-28.24120422692413
 20
41.55237228009948
 10
-28.30966660856951
 20
41.60299207966937
 10
-28.378495568291097
 20
41.65334311275937
 10
-28.447686939286438
 20
41.70342738017262
 10
-28.517236722652026
 20
41.75324677140961
 10
-28.587141076098305
 20
41.802803072127716
 10
-28.65739630367762
 20
41.85209797093158
 10
-28.727998846411655
 20
41.90113306556912
 10
-28.798945273719987
 20
41.94990986859836
 10
-28.870232275564213
 20
41.9984298125813
 10
-28.94185665523299
 20
42.04669425485446
 10
-29.013815322702705
 20
42.09470448191913
 10
-29.06548175146567
 20
42.0590465364494
 10
-29.117104356706104
 20
42.02332517639087
 10
-29.168683060589938
 20
41.98754045560247
 10
-29.220217785349313
 20
41.951692428038655
 10
-29.271708453282677
 20
41.91578114774935
 10
-29.251931788958785
 20
41.83156763769878
 10
-29.231799957626905
 20
41.74757824838024
 10
-29.21131067231915
 20
41.66381542378827
 10
-29.1904615423619
 20
41.580281683050806
 10
-29.16925006693881
 20
41.49697962511104
 10
-29.147673628096165
 20
41.413911933815484
 10
-29.125729483127127
 20
41.33108138345402
 10
-29.103414756262584
 20
41.2484908448047
 10
-29.0807264295857
 20
41.166143291743666
 10
-29.057661333074858
 20
41.08404180848951
 10
-29.03421613366513
 20
41.002189597562186
 10
-29.01038732320073
 20
40.92058998854899
 10
-28.98617120513059
 20
40.839246447785754
 10
-28.96156387977381
 20
40.75816258907878
 10
-29.031823857015443
 20
40.70814664824757
 10
-29.101997458092608
 20
40.658009591581965
 10
-29.172084474223173
 20
40.60775156825096
 10
-29.242084696882582
 20
40.55737272778337
 10
-29.311997917804543
 20
40.50687322006751
 10
-29.31199791780453
 20
40.50687322006752
 10
-29.380900876065265
 20
40.55619355002328
 10
-29.45017529850785
 20
40.60522666529789
 10
-29.51981651124006
 20
40.65397510002602
 10
-29.589820045213852
 20
40.70244124326265
 10
-29.66018162134304
 20
40.75062734949881
 10
-29.730897137065426
 20
40.79853554815679
 10
-29.80196265417505
 20
40.84616785218847
 10
-29.873374387774636
 20
40.89352616588214
 10
-29.945128696219694
 20
40.94061229196908
 10
-30.017222071943195
 20
40.98742793810811
 10
-30.08965113306449
 20
41.03397472281616
 10
-30.162412615698784
 20
41.08025418090402
 10
-30.235503366894015
 20
41.12626776846892
 10
-30.30892033813128
 20
41.172016867489155
 10
-30.359452817734812
 20
41.13476935158059
 10
-30.409939522829042
 20
41.09745981466348
 10
-30.460380377292573
 20
41.060088312991354
 10
-30.510775305073125
 20
41.02265490291114
 10
-30.56112423018768
 20
40.985159640863124
 10
-30.53873810362269
 20
40.901601917915244
 10
-30.51600395197419
 20
40.818279252933266
 10
-30.492919565388423
 20
40.73519415985391
 10
-30.46948263269271
 20
40.65234923093617
 10
-30.445690735107174
 20
40.56974714164114
 10
-30.421541339411707
 20
40.48739065593511
 10
-30.397031790506198
 20
40.40528263206377
 10
-30.372159303293408
 20
40.323426028852595
 10
-30.346920953803444
 20
40.24182391259597
 10
-30.32131366946687
 20
40.16047946460785
 10
-30.29533421842894
 20
40.079395989516925
 10
-30.268979197780546
 20
39.99857692440307
 10
-30.242245020561253
 20
39.91802584888762
 10
-30.215127901365403
 20
39.83774649630837
 10
-30.283798403740732
 20
39.78556967345812
 10
-30.352378805047508
 20
39.733274479646184
 10
-30.420868901243715
 20
39.68086107046246
 10
-30.489268488556004
 20
39.62832960184855
 10
-30.55757736348032
 20
39.57568023009731
 10
-30.557577363480327
 20
39.575680230097305
 10
-30.62798084762875
 20
39.622833830424206
 10
-30.698746683938182
 20
39.6696888025159
 10
-30.7698702795885
 20
39.71624782463864
 10
-30.841347241992697
 20
39.76251342367855
 10
-30.913173364248813
 20
39.80848798611514
 10
-30.985344612003875
 20
39.85417376792978
 10
-31.05785711155942
 20
39.899572903578274
 10
-31.13070713907211
 20
39.94468741413759
 10
-31.20389111072367
 20
39.98951921472163
 10
-31.2774055737517
 20
40.03407012124804
 10
-31.35124719824708
 20
40.078341856626864
 10
-31.425412769636218
 20
40.12233605643285
 10
-31.499899181776613
 20
40.166054274115275
 10
-31.574703430603325
 20
40.209497985792446
 10
-31.62405307413699
 20
40.170696934011076
 10
-31.673355036458478
 20
40.131835314802764
 10
-31.72260924323267
 20
40.09291318676119
 10
-31.77181562019648
 20
40.05393060857122
 10
-31.820974093158913
 20
40.014887639008926
 10
-31.7960001614845
 20
39.932066539864216
 10
-31.770685683342833
 20
39.84949120851585
 10
-31.74502852813219
 20
39.767164226410685
 10
-31.719026466416743
 20
39.68508825643095
 10
-31.692677163793103
 20
39.603266047967274
 10
-31.665978174225483
 20
39.52170044243178
 10
-31.638926932789154
 20
39.44039437926082
 10
-31.611520747753122
 20
39.359350902464755
 10
-31.58375679192322
 20
39.27857316778983
 10
-31.55563209315469
 20
39.19806445056762
 10
-31.527143523929585
 20
39.117828154338554
 10
-31.49828778987755
 20
39.03786782034992
 10
-31.46906141709897
 20
38.958187138045524
 10
-31.43946073812554
 20
38.87878995668284
 10
-31.506475331358534
 20
38.82450272951988
 10
-31.573396185785846
 20
38.77009999078419
 10
-31.640223102302997
 20
38.71558190233607
 10
-31.706955882084955
 20
38.660948626379025
 10
-31.7735943265868
 20
38.60620032545927
 10
-31.773594326586803
 20
38.60620032545926
 10
-31.845430225798935
 20
38.65114157809436
 10
-31.91761901459893
 20
38.695773077843704
 10
-31.990156185682007
 20
38.740097644514115
 10
-32.06303742717175
 20
38.78411794037826
 10
-32.13625860842033
 20
38.82783648159534
 10
-32.20981576718696
 20
38.87125564852328
 10
-32.283705098028264
 20
38.91437769505691
 10
-32.35792294175738
 20
38.95720475710659
 10
-32.43246577584938
 20
38.999738860316086
 10
-32.50733020568682
 20
39.041981927105084
 10
-32.58251295655357
 20
39.08393578310996
 10
-32.65801086629714
 20
39.12560216308709
 10
-32.73382087858958
 20
39.16698271633491
 10
-32.809940036726154
 20
39.20807901168373
 10
-32.858059101597036
 20
39.16776196154123
 10
-32.90612862468134
 20
39.127385856148464
 10
-32.954148533502185
 20
39.086950756382564
 10
-33.00211875565748
 20
39.0464567232096
 10
-33.05003921882004
 20
39.00590381768453
 10
-33.02250164270218
 20
38.923899466407484
 10
-32.994631328190046
 20
38.84215135499277
 10
-32.96642622599515
 20
38.76066212989999
 10
-32.93788419057537
 20
38.679434522058415
 10
-32.90900297416216
 20
38.598471352128385
 10
-32.879780220270476
 20
38.517775536218956
 10
-32.85021345663233
 20
38.43735009211342
 10
-32.82030008748709
 20
38.35719814606215
 10
-32.7900373851514
 20
38.27732294021028
 10
-32.75942248078057
 20
38.19772784073833
 10
-32.72845235421911
 20
38.11841634680574
 10
-32.69712382282252
 20
38.03939210040131
 10
-32.66543352911276
 20
37.96065889722198
 10
-32.63337792710692
 20
37.88222069872106
 10
-32.69867177890669
 20
37.82587558663158
 10
-32.763868344849904
 20
37.76941793410831
 10
-32.82896743096221
 20
37.71284790912538
 10
-32.89396884355927
 20
37.65616567999127
 10
-32.95887238924736
 20
37.59937141534826
 10
-32.958872389247354
 20
37.599371415348266
 10
-33.03207120693015
 20
37.642056842532114
 10
-33.10561311022978
 20
37.68442169184559
 10
-33.17949368171734
 20
37.72646892190807
 10
-33.25370869439845
 20
37.76820132780321
 10
-33.328254097875536
 20
37.809621552935674
 10
-33.40312600585326
 20
37.8507320997371
 10
-33.47832068482479
 20
37.89153533936085
 10
-33.5538345437998
 20
37.93203352048428
 10
-33.62966412495454
 20
37.972228777321405
 10
-33.70580609510056
 20
38.0121231369341
 10
-33.78225723788282
 20
38.05171852591888
 10
-33.8590144466291
 20
38.091016776535504
 10
-33.93607471778281
 20
38.13001963233598
 10
-34.01343514485981
 20
38.16872875334486
 10
-34.06027707898036
 20
38.12693470898341
 10
-34.107067658668434
 20
38.085083178680506
 10
-34.15380681337546
 20
38.043174225537854
 10
-34.20049447263041
 20
38.00120791274372
 10
-34.2471305660399
 20
37.959184303572904
 10
-34.21705598630499
 20
37.8780760340772
 10
-34.186656798151695
 20
37.797234228614336
 10
-34.15593103558733
 20
37.71666159609631
 10
-34.12487663903912
 20
37.63636093285748
 10
-34.093491449547976
 20
37.55633512809908
 10
-34.061773202459285
 20
37.47658716980594
 10
-34.029719520553606
 20
37.39712015118881
 10
-33.99732790655187
 20
37.317937277713625
 10
-33.96459573492043
 20
37.23904187478781
 10
-33.93152024289004
 20
37.16043739618428
 10
-33.89809852058949
 20
37.082127433296286
 10
-33.86432750017916
 20
37.004115725330756
 10
-33.8302039438507
 20
36.926406170565684
 10
-33.79572443053711
 20
36.84900283881772
 10
-33.859234373318984
 20
36.790654352058674
 10
-33.92264357731119
 20
36.73219640488038
 10
-33.9859518538572
 20
36.6736291712083
 10
-34.049159014600725
 20
36.614952825293024
 10
-34.11226487148634
 20
36.55616754170982
 10
-34.11226487148635
 20
36.55616754170981
 10
-34.18675579251117
 20
36.59655584804841
 10
-34.261579663268634
 20
36.6366130616704
 10
-34.33673216047926
 20
36.676342277145444
 10
-34.412209146120055
 20
36.71574641966412
 10
-34.488006653962245
 20
36.754828257319225
 10
-34.5641208774156
 20
36.7935904121952
 10
-34.640548158521824
 20
36.832035370409955
 10
-34.71728497796118
 20
36.87016549123245
 10
-34.79432794595625
 20
36.907983015382165
 10
-34.87167379397228
 20
36.94549007260218
 10
-34.949319367126925
 20
36.98268868858525
 10
-35.02726161723374
 20
37.01958079132192
 10
-35.10549759641323
 20
37.056168216931034
 10
-35.18402445121373
 20
37.092452715025395
 10
-35.22954393803793
 20
37.049222109483686
 10
-35.275010307465834
 20
37.005935642923276
 10
-35.32042349094546
 20
36.96259338060938
 10
-35.36578342000501
 20
36.91919538789136
 10
-35.41109002625299
 20
36.87574173020261
 10
-35.378507538114604
 20
36.79560800950072
 10
-35.34560888557139
 20
36.71575071921537
 10
-35.31239218782843
 20
36.63617262809037
 10
-35.278855473274845
 20
36.556876595159835
 10
-35.244996673849606
 20
36.47786557537078
 10
-35.21081361891948
 20
36.39914262569314
 10
-35.17630402861336
 20
36.32071091177262
 10
-35.1414655065497
 20
36.242573715189664
 10
-35.106295531884584
 20
36.16473444139685
 10
-35.07079145059702
 20
36.087196628418205
 10
-35.034950465915216
 20
36.009963956406345
 10
-34.998769627772305
 20
35.93304025816886
 10
-34.96224582116205
 20
35.85642953079349
 10
-34.92537575324304
 20
35.780135948522926
 10
-34.987040345239095
 20
35.71984053548689
 10
-35.04860084297066
 20
35.65943884794201
 10
-35.110057063281516
 20
35.59893106559685
 10
-35.17140882332564
 20
35.538317368475546
 10
-35.23265594056788
 20
35.47759793691741
 10
-35.23265594056788
 20
35.47759793691741
 10
-35.308366899779564
 20
35.51565004933281
 10
-35.384400350732314
 20
35.553360874496185
 10
-35.46075206847859
 20
35.590733639933696
 10
-35.537418007970075
 20
35.62777139811289
 10
-35.614394290983824
 20
35.66447703913678
 10
-35.69167719431739
 20
35.70085330220586
 10
-35.76926313909982
 20
35.73690278599748
 10
-35.847148681086665
 20
35.772627958089736
 10
-35.92533050182628
 20
35.808031163539844
 10
-36.00380540059968
 20
35.84311463271166
 10
-36.08257028704935
 20
35.87788048843449
 10
-36.161622174423535
 20
35.912330752564465
 10
-36.240958173371745
 20
35.946467352010885
 10
-36.320575486235285
 20
35.980292124282215
 10
-36.36472848859946
 20
35.93566678037911
 10
-36.40882666199118
 20
35.89098725442197
 10
-36.45286993992135
 20
35.84625361377641
 10
-36.49685825598366
 20
35.801465925889644
 10
-36.54079154385467
 20
35.75662425829037
 10
-36.505732668765766
 20
35.677542610581696
 10
-36.470366379154235
 20
35.59874709224474
 10
-36.4346908812425
 20
35.52024052917644
 10
-36.39870429328892
 20
35.44202584034481
 10
-36.3624046401313
 20
35.36410604358391
 10
-36.32578984725771
 20
35.28648426189134
 10
-36.288857734351
 20
35.20916373028523
 10
-36.2516060082455
 20
35.132147803285775
 10
-36.21403225522579
 20
35.0554399630962
 10
-36.17613393258671
 20
34.979043828568784
 10
-36.13790835936157
 20
34.90296316505523
 10
-36.099352706110274
 20
34.827201895255804
 10
-36.060463983642286
 20
34.751764111201034
 10
-36.02123903052734
 20
34.67665408752139
 10
-36.08099861522736
 20
34.61447008012634
 10
-36.14065085089255
 20
34.55218308694661
 10
-36.20019556004418
 20
34.48979329329995
 10
-36.25963256552342
 20
34.42730088480991
 10
-36.31896169049192
 20
34.364706047405384
 10
-36.31896169049191
 20
34.3647060474054
 10
-36.39581944242712
 20
34.400385152936394
 10
-36.472988916121906
 20
34.43571310685332
 10
-36.55046598904803
 20
34.47069326651642
 10
-36.62824671304514
 20
34.505328808717145
 10
-36.70632730164806
 20
34.53962274277271
 10
-36.7847041186441
 20
34.573577922349706
 10
-36.86337366771196
 20
34.60719705617085
 10
-36.94233258301458
 20
34.640482717736134
 10
-37.02157762063647
 20
34.67343735417184
 10
-37.1011056507709
 20
34.70606329430487
 10
-37.18091365057488
 20
34.738362756047366
 10
-37.2609986976209
 20
34.770337853165024
 10
-37.341357963882686
 20
34.80199060149348
 10
-37.42198871020107
 20
34.833322924659136
 10
-37.46473251292701
 20
34.78734601453278
 10
-37.50741982814782
 20
34.7413166537347
 10
-37.55005059150163
 20
34.69523491166572
 10
-37.592624738711855
 20
34.64910085780567
 10
-37.635142205587265
 20
34.60291456171321
 10
-37.59764086074526
 20
34.52496149338452
 10
-37.559841148666514
 20
34.447303976571014
 10
-37.52174136432616
 20
34.36994489158893
 10
-37.48333971767229
 20
34.29288721451623
 10
-37.44463432835233
 20
34.21613402315447
 10
-37.40562321998265
 20
34.13968850350764
 10
-37.366304313909374
 20
34.063553956836586
 10
-37.326675422401166
 20
33.987733807356015
 10
-37.28673424120623
 20
33.91223161065096
 10
-37.24647834139517
 20
33.837051062900976
 10
-37.20590516040003
 20
33.76219601101408
 10
-37.16501199214481
 20
33.68767046378829
 10
-37.123795976146475
 20
33.61347860423811
 10
-37.082254085444426
 20
33.53962480324639
 10
-37.14005084930972
 20
33.475612360503405
 10
-37.19773711322311
 20
33.41150032033198
 10
-37.25531270555505
 20
33.34728887347979
 10
-37.31277745500529
 20
33.28297821099021
 10
-37.370131190603345
 20
33.218568524201864
 10
-37.37013119060335
 20
33.21856852420185
 10
-37.44806138035088
 20
33.25184010561814
 10
-37.52629222030582
 20
33.284751010774826
 10
-37.6048196943475
 20
33.31730472361819
 10
-37.683639955023146
 20
33.349504542190274
 10
-37.76274931128853
 20
33.38135359211116
 10
-37.84214421743849
 20
33.41285483875279
 10
-37.92182126308384
 20
33.444011098262735
 10
-38.00177716405118
 20
33.47482504757322
 10
-38.0820087540994
 20
33.5052992335121
 10
-38.16251297736192
 20
33.53543608111637
 10
-38.24328688143475
 20
33.565237901235335
 10
-38.32432761104179
 20
33.59470689749929
 10
-38.40563240221695
 20
33.62384517272003
 10
-38.48719857695058
 20
33.652654734780924
 10
-38.528491828169706
 20
33.60537073812249
 10
-38.56972698799905
 20
33.55803607291728
 10
-38.61090399426622
 20
33.510650810534194
 10
-38.65202278488654
 20
33.46321502241844
 10
-38.69308329786309
 20
33.415728780091385
 10
-38.65317576339713
 20
33.33897970570175
 10
-38.612979197631354
 20
33.26253531904378
 10
-38.572491985943095
 20
33.18639855206648
 10
-38.531712431701926
 20
33.11057243507858
 10
-38.49063875118406
 20
33.035060102871576
 10
-38.44926906804615
 20
32.9598648013736
 10
-38.40760140730855
 20
32.884989894894446
 10
-38.365633688790794
 20
32.81043887403061
 10
-38.32336371993388
 20
32.73621536430915
 10
-38.28078918793401
 20
32.66232313566108
 10
-38.23790765110111
 20
32.58876611282912
 10
-38.19471652934121
 20
32.51554838683073
 10
-38.151213093646106
 20
32.44267422761767
 10
-38.107394454453264
 20
32.37014809809656
 10
-38.16317248284756
 20
32.3043691479098
 10
-38.218836967274406
 20
32.23849408500494
 10
-38.27438774211954
 20
32.172523105375014
 10
-38.32982464210697
 20
32.10645640529843
 10
-38.385147502299546
 20
32.04029418133838
 10
-38.38514750229956
 20
32.04029418133838
 10
-38.464074737433855
 20
32.07112605053376
 10
-38.543291260363745
 20
32.10158806775498
 10
-38.62279316526146
 20
32.13168384016389
 10
-38.70257670910399
 20
32.16141678386245
 10
-38.782638299838844
 20
32.190790137749794
 10
-38.86297448569864
 20
32.219806976034405
 10
-38.94358194552571
 20
32.24847021956427
 10
-39.024457479987426
 20
32.27678264611407
 10
-39.105598003580276
 20
32.30474689974939
 10
-39.18700053733418
 20
32.332365499371214
 10
-39.26866220214035
 20
32.3596408465304
 10
-39.35058021263645
 20
32.38657523259
 10
-39.43275187159052
 20
32.4131708453036
 10
-39.51517456473321
 20
32.43942977486907
 10
-39.554977315891854
 20
32.390884435891536
 10
-39.594720427975716
 20
32.34229025951072
 10
-39.63440384106207
 20
32.29364731899456
 10
-39.674027495318164
 20
32.24495568768451
 10
-39.7135913310014
 20
32.196215438995466
 10
-39.67131621487369
 20
32.12074460831761
 10
-39.62876168300222
 20
32.04558730682216
 10
-39.58592621272854
 20
31.97074651525448
 10
-39.5428082024851
 20
31.89622531522243
 10
-39.49940596690252
 20
31.822026895474707
 10
-39.45571773149299
 20
31.748154558723353
 10
-39.41174162686177
 20
31.674611729072392
 10
-39.3674756823917
 20
31.60140196012319
 10
-39.32291781933771
 20
31.52852894383733
 10
-39.27806584325912
 20
31.45599652025014
 10
-39.232917435705865
 20
31.3838086881421
 10
-39.187470145062136
 20
31.311969616792318
 10
-39.14172137643468
 20
31.24048365895892
 10
-39.095668380454484
 20
31.169355365254688
 10
-39.14937371173767
 20
31.10187354451021
 10
-39.20296256488433
 20
31.034299188740796
 10
-39.256434780455685
 20
30.96663249899527
 10
-39.3097901993599
 20
30.89887367659714
 10
-39.36302866285273
 20
30.831022923144065
 10
-39.36302866285271
 20
30.831022923144076
 10
-39.442876586371234
 20
30.85938525227634
 10
-39.52300215540625
 20
30.887368911527794
 10
-39.60340157820158
 20
30.914977627786143
 10
-39.68407121978503
 20
30.942214931908424
 10
-39.76500759057102
 20
30.96908417293939
 10
-39.84620733606929
 20
30.99558853094997
 10
-39.927667227566616
 20
31.021731028662828
 10
-40.009384153666396
 20
31.04751454200779
 10
-40.09135511258769
 20
31.072941809730196
 10
-40.17357720513886
 20
31.098015442158147
 10
-40.25604762829171
 20
31.122737929220715
 10
-40.338763669292305
 20
31.14711164779698
 10
-40.42172270025222
 20
31.171138868465803
 10
-40.50492217317153
 20
31.1948217617174
 10
-40.54319591767857
 20
31.14506204490098
 10
-40.58140853312279
 20
31.095255369071804
 10
-40.61955996188906
 20
31.045401809325956
 10
-40.65765014645451
 20
30.995501440830214
 10
-40.69567902938861
 20
30.945554338821935
 10
-40.6510772300437
 20
30.871434765010328
 10
-40.60620590082776
 20
30.79763725851267
 10
-40.56106361251966
 20
30.724164845986916
 10
-40.51564886016414
 20
30.651020657358867
 10
-40.469960058376685
 20
30.578207932249505
 10
-40.423995536241726
 20
30.50573002695962
 10
-40.377753531757975
 20
30.43359042207485
 10
-40.33123218577797
 20
30.36179273076355
 10
-40.284429535381705
 20
30.29034070785012
 10
-40.237343506614515
 20
30.2192382597592
 10
-40.18997190650936
 20
30.148489455440462
 10
-40.14231241430033
 20
30.07809853840118
 10
-40.094362571719536
 20
30.008069939994783
 10
-40.046119772251316
 20
29.938408294137858
 10
-40.09770044998387
 20
29.86928888713898
 10
-40.149161828095906
 20
29.800080612329996
 10
-40.20050375347836
 20
29.730783675621012
 10
-40.2517260733775
 20
29.661398283185882
 10
-40.30282863539548
 20
29.59192464146167
 10
-40.30282863539548
 20
29.59192464146166
 10
-40.38351999958911
 20
29.61778999180912
 10
-40.464477098416054
 20
29.64326822070778
 10
-40.54569625785994
 20
29.66836317116567
 10
-40.62717395451607
 20
29.693078485379022
 10
-40.708906804641636
 20
29.71741761929824
 10
-40.790891554268796
 20
29.741383855780168
 10
-40.873125070252385
 20
29.76498031649787
 10
-40.955604332141824
 20
29.788209972754032
 10
-41.03832642478281
 20
29.8110756553242
 10
-41.12128853156693
 20
29.83358006343826
 10
-41.20448792825834
 20
29.85572577299466
 10
-41.28792197733588
 20
29.877515244089015
 10
-41.37158812279701
 20
29.898950827928832
 10
-41.455483885376246
 20
29.920034773196875
 10
-41.492191595855736
 20
29.869108817853903
 10
-41.5288367464228
 20
29.818137827318516
 10
-41.565419281825626
 20
29.767121878442296
 10
-41.601939146906865
 20
29.716061048144613
 10
-41.63839628660363
 20
29.664955413412514
 10
-41.59151095340184
 20
29.592258802367883
 10
-41.544366236954495
 20
29.519892485189406
 10
-41.49696080286045
 20
29.44785953151957
 10
-41.44929324423266
 20
29.376163116574073
 10
-41.401362077205306
 20
29.304806527712078
 10
-41.35316573605153
 20
29.233793171576117
 10
-41.30470256786808
 20
29.16312658186621
 10
-41.25597082677585
 20
29.092810427822176
 10
-41.206968667578856
 20
29.022848523498688
 10
-41.157694138814904
 20
28.953244837930487
 10
-41.108145175121514
 20
28.884003506299987
 10
-41.05831958882784
 20
28.81512884223731
 10
-41.00821506066961
 20
28.746625351404155
 10
-40.957829129506145
 20
28.67849774653787
 10
-41.00723525271364
 20
28.60780762184686
 10
-41.05651937023133
 20
28.537032382534445
 10
-41.10568133542793
 20
28.466172239172792
 10
-41.154721002035615
 20
28.39522740258666
 10
-41.203638224150424
 20
28.324198083852792
 10
-41.203638224150424
 20
28.324198083852785
 10
-41.28509496533569
 20
28.347541432359474
 10
-41.366805273189954
 20
28.370489582364364
 10
-41.448765594991094
 20
28.393046489277957
 10
-41.530972522310535
 20
28.4152159031121
 10
-41.61342278052183
 20
28.437001383379414
 10
-41.69611321932753
 20
28.45840631254673
 10
-41.77904080418161
 20
28.47943390821748
 10
-41.86220260850167
 20
28.500087234192684
 10
-41.94559580658024
 20
28.520369210539474
 10
-42.02921766711704
 20
28.54028262277822
 10
-42.11306554730403
 20
28.559830130284716
 10
-42.197136887404554
 20
28.57901427399113
 10
-42.28142920577466
 20
28.597837483458974
 10
-42.36594009428185
 20
28.6163020833881
 10
-42.401046258394636
 20
28.56425915709137
 10
-42.436088492268034
 20
28.51217316299121
 10
-42.47106674306708
 20
28.46004417962034
 10
-42.505980958053236
 20
28.407872285576317
 10
-42.540831084584575
 20
28.355657559521397
 10
-42.49170757605772
 20
28.284454240519892
 10
-42.44233508184733
 20
28.213589122398762
 10
-42.39271236366319
 20
28.14306531481534
 10
-42.34283811404758
 20
28.072886035203418
 10
-42.29271095208881
 20
28.00305461548002
 10
-42.24232941876357
 20
27.933574509333724
 10
-42.1916919718657
 20
27.864449300160288
 10
-42.14079698047347
 20
27.79568270972126
 10
-42.08964271890001
 20
27.727278607611733
 10
-42.03822736006353
 20
27.659241021636753
 10
-41.98654896820421
 20
27.59157414921097
 10
-41.93460549086271
 20
27.524282369914182
 10
-41.88239475002209
 20
27.457370259357415
 10
-41.82991443229763
 20
27.390842604539536
 10
-41.877098203746726
 20
27.318650150286576
 10
-41.924157381469314
 20
27.246376416943814
 10
-41.971091825453826
 20
27.174021619541772
 10
-42.01790139605979
 20
27.101585973352126
 10
-42.06458595401829
 20
27.029069693887124
 10
-42.06458595401828
 20
27.029069693887138
 10
-42.14672926805886
 20
27.049868457370973
 10
-42.2291137354948
 20
27.070264327629044
 10
-42.311735928335175
 20
27.090261368647724
 10
-42.394592556424996
 20
27.10986343462655
 10
-42.47768045742215
 20
27.1290741851968
 10
-42.56099658774732
 20
27.14789709916295
 10
-42.644538014389354
 20
27.166335486945986
 10
-42.72830190746528
 20
27.18439250188122
 10
-42.81228553344816
 20
27.202071150502416
 10
-42.896486248988175
 20
27.219374301925594
 10
-42.980901495261925
 20
27.236304696431127
 10
-43.065528792793536
 20
27.25286495332955
 10
-43.15036573669852
 20
27.269057578185933
 10
-43.23540999230708
 20
27.284884969468227
 10
-43.26888064710668
 20
27.231775420387798
 10
-43.302286063188326
 20
27.178624812558233
 10
-43.33562619018496
 20
27.12543322611743
 10
-43.36890097782794
 20
27.072200741265092
 10
-43.40211037594719
 20
27.01892743826257
 10
-43.350796215917185
 20
26.949286295916732
 10
-43.29924370864324
 20
26.879990934277977
 10
-43.24745171314401
 20
26.811044500010098
 10
-43.195419022655976
 20
26.742450249652318
 10
-43.1431443605576
 20
26.674211556456118
 10
-43.090626375940545
 20
26.60633191781487
 10
-43.037863638787755
 20
26.5388149633534
 10
-42.98485463471268
 20
26.47166446375441
 10
-42.931597759207094
 20
26.40488434040983
 10
-42.87809131133716
 20
26.338478675998363
 10
-42.824333486818425
 20
26.27245172610617
 10
-42.770322370388705
 20
26.206807932025765
 10
-42.71605592738548
 20
26.14155193489091
 10
-42.66153199441806
 20
26.076688591330843
 10
-42.70644776685719
 20
26.003063649052955
 10
-42.751236478069494
 20
25.929361341849127
 10
-42.79589799479857
 20
25.855581889000216
 10
-42.84043218416641
 20
25.78172551001657
 10
-42.884838913673846
 20
25.70779242463743
 10
-42.884838913673846
 20
25.707792424637418
 10
-42.967589332218566
 20
25.726026481638
 10
-43.05056825758464
 20
25.74385034046203
 10
-43.13377238982874
 20
25.76126816974009
 10
-43.21719856025248
 20
25.778283924130758
 10
-43.30084372185744
 20
25.794901359843465
 10
-43.38470494072687
 20
25.81112404865485
 10
-43.46877938822202
 20
25.826955390600812
 10
-43.553064333897055
 20
25.842398625500326
 10
-43.6375571390501
 20
25.85745684344514
 10
-43.72225525083908
 20
25.87213299437125
 10
-43.80715619690067
 20
25.88642989681257
 10
-43.89225758041858
 20
25.90035024592398
 10
-43.97755707559432
 20
25.913896620850146
 10
-44.06305242347945
 20
25.927071491506737
 10
-44.094855188269015
 20
25.87294669970131
 10
-44.1265914689763
 20
25.818782897922738
 10
-44.15826121775089
 20
25.764580167836563
 10
-44.18986438684268
 20
25.71033859116703
 10
-44.22140092860194
 20
25.65605824969696
 10
-44.167945760204546
 20
25.588046657314308
 10
-44.11426311358836
 20
25.520388090944948
 10
-44.06035194618476
 20
25.453085731214937
 10
-44.00621115309188
 20
25.38614287061843
 10
-43.95183956321337
 20
25.31956292047796
 10
-43.89723593506278
 20
25.25334941850822
 10
-43.84239895219565
 20
25.187506037051644
 10
-43.78732721822566
 20
25.12203659206421
 10
-43.73201925137544
 20
25.056945052940975
 10
-43.6764734785047
 20
24.992235553284598
 10
-43.62068822854989
 20
24.927912402735735
 10
-43.56466172529884
 20
24.86398010000295
 10
-43.50839207941188
 20
24.800443347252738
 10
-43.45187727958526
 20
24.73730706604625
 10
-43.49448159990543
 20
24.66232086312009
 10
-43.536956514421995
 20
24.58726128427744
 10
-43.579301896762615
 20
24.51212855283732
 10
-43.6215176209403
 20
24.436922892336398
 10
-43.663603561353845
 20
24.361644526528327
 10
-43.66360356135383
 20
24.36164452652834
 10
-43.7468810287171
 20
24.377296236773155
 10
-43.830374135262126
 20
24.39253084073086
 10
-43.91407971228568
 20
24.40735260764339
 10
-43.997994715611426
 20
24.42176558880246
 10
-44.08211621653247
 20
24.435773633361805
 10
-44.166441393632994
 20
24.449380402614718
 10
-44.25096752538317
 20
24.462589382922733
 10
-44.33569198341584
 20
24.475403897454136
 10
-44.420612226406945
 20
24.487827116869227
 10
-44.50572579449187
 20
24.499862069070097
 10
-44.59103030415923
 20
24.511511648117445
 10
-44.67652344357108
 20
24.522778622403106
 10
-44.76220296826497
 20
24.533665642156187
 10
-44.84806669719922
 20
24.544175246350605
 10
-44.87817080485775
 20
24.48908757406066
 10
-44.90820724738876
 20
24.43396297831319
 10
-44.938175979504734
 20
24.37880154222237
 10
-44.968076956020276
 20
24.32360334895794
 10
-44.99791013185216
 20
24.268368481745057
 10
-44.94236566951045
 20
24.20205223614876
 10
-44.886604818045576
 20
24.13609592034209
 10
-44.83062663431028
 20
24.070502745836333
 10
-44.77443011633324
 20
24.005276037895285
 10
-44.71801419967626
 20
23.940419242612307
 10
-44.661377753475875
 20
23.875935934600896
 10
-44.60451957613373
 20
23.811829825368353
 10
-44.54743839061469
 20
23.74810477245222
 10
-44.49013283930576
 20
23.684764789410565
 10
-44.4326014783821
 20
23.621814056771004
 10
-44.3748427716177
 20
23.559256934059377
 10
-44.31685508356882
 20
23.49709797304811
 10
-44.25863667204638
 20
23.435341932387367
 10
-44.20018567977946
 20
23.373993793808932
 10
-44.240437331052306
 20
23.297718874542927
 10
-44.28055735713653
 20
23.221374639356327
 10
-44.32054563866612
 20
23.144961315390304
 10
-44.36040205666697
 20
23.068479129991562
 10
-44.400126492557355
 20
22.991928310711703
 10
-44.400126492557355
 20
22.991928310711696
 10
-44.483850443167874
 20
23.004982532181923
 10
-44.56777695670359
 20
23.017613142777886
 10
-44.65190299876685
 20
23.02982450822265
 10
-44.73622565264847
 20
23.04162077252171
 10
-44.82074211076636
 20
23.05300587404927
 10
-44.9054496669352
 20
23.063983560073236
 10
-44.99034570936695
 20
23.074557399907935
 10
-45.07542771431595
 20
23.08473079685604
 10
-45.16069324029451
 20
23.094506999078966
 10
-45.24613992279524
 20
23.103889109515606
 10
-45.33176546946458
 20
23.112880094953628
 10
-45.41756765567945
 20
23.12148279434359
 10
-45.5035443204849
 20
23.1296999264351
 10
-45.58969336285594
 20
23.137534096804035
 10
-45.61806968960352
 20
23.081536837794737
 10
-45.64637723563997
 20
23.02550477756458
 10
-45.6746159582845
 20
22.96943800059599
 10
-45.702785814960144
 20
22.91333659142372
 10
-45.73088676319378
 20
22.85720063463477
 10
-45.67330674258779
 20
22.792643892509474
 10
-45.61552163129677
 20
22.72845363574132
 10
-45.557530586507234
 20
22.66463310361988
 10
-45.4993327101478
 20
22.601185650961632
 10
-45.44092704546815
 20
22.53811475529688
 10
-45.382312573321855
 20
22.475424024679707
 10
-45.323488208119144
 20
22.413117206191647
 10
-45.26445279341149
 20
22.35119819521989
 10
-45.20520509706374
 20
22.289671045602667
 10
-45.14574380596325
 20
22.22853998074814
 10
-45.08606752020777
 20
22.167809405849784
 10
-45.026174746704164
 20
22.107483921340336
 10
-44.966063892099434
 20
22.047568337749954
 10
-44.90573325495222
 20
21.98806769216154
 10
-44.94359329630475
 20
21.91057784761394
 10
-44.98131962042252
 20
21.833022814200323
 10
-45.0189121150613
 20
21.755402822664255
 10
-45.05637066837498
 20
21.677718103942542
 10
-45.093695168916035
 20
21.599968889164593
 10
-45.09369516891604
 20
21.599968889164582
 10
-45.17778460525883
 20
21.610412992744052
 10
-45.26206333230369
 20
21.62042739067826
 10
-45.34652845289416
 20
21.630016540947842
 10
-45.431177180609915
 20
21.639184676263024
 10
-45.51600683170983
 20
21.647935820408364
 10
-45.60101481785713
 20
21.656273803001145
 10
-45.686198639532336
 20
21.664202272855395
 10
-45.771555880052816
 20
21.67172471011569
 10
-45.857084200129236
 20
21.678844437302182
 10
-45.94278133289892
 20
21.685564629388683
 10
-46.028645079383864
 20
21.691888323019633
 10
-46.11467330432806
 20
21.69781842495783
 10
-46.20086393237456
 20
21.703357719843176
 10
-46.28721494454775
 20
21.708508877332754
 10
-46.31383603812093
 20
21.651656205335666
 10
-46.340387301940225
 20
21.594770888022328
 10
-46.366868695972926
 20
21.53785301116167
 10
-46.39328018029166
 20
21.48090266057169
 10
-46.419621715074506
 20
21.423919922119374
 10
-46.36006184115543
 20
21.361185137943757
 10
-46.30030837340144
 20
21.298823040141883
 10
-46.24036057014821
 20
21.2368368926478
 10
-46.1802176380931
 20
21.175230076585105
 10
-46.1198787290993
 20
21.11400609755676
 10
-46.059342936723326
 20
21.053168593566888
 10
-45.99860929243428
 20
20.99272134364617
 10
-45.93767676148902
 20
20.932668277262938
 10
-45.8765442384222
 20
20.87301348461373
 10
-45.81521054210376
 20
20.81376122790139
 10
-45.75367441030956
 20
20.754915953725302
 10
-45.69193449374146
 20
20.69648230672788
 10
-45.62998934942407
 20
20.638465144665396
 10
-45.56783743339162
 20
20.58086955509882
 10
-45.60326923767898
 20
20.502239751689626
 10
-45.63856536204822
 20
20.423548949535007
 10
-45.67372570148549
 20
20.34479738275769
 10
-45.708750151380904
 20
20.265985285661184
 10
-45.74363860752892
 20
20.187112892729093
 10
-45.743638607528915
 20
20.187112892729104
 10
-45.82801217850514
 20
20.194936774422118
 10
-45.912561584833796
 20
20.202325271411333
 10
-45.9972840694024
 20
20.209282929622155
 10
-46.08217697877516
 20
20.215814066374662
 10
-46.16723775564831
 20
20.22192278697101
 10
-46.25246393203762
 20
20.227612999672946
 10
-46.337853123110335
 20
20.23288842926421
 10
-46.42340302158479
 20
20.237752629364476
 10
-46.50911139263315
 20
20.242208993638304
 10
-46.594976069230505
 20
20.246260766022832
 10
-46.68099494790176
 20
20.249911050081543
 10
-46.767165984823684
 20
20.253162817577337
 10
-46.85348719224514
 20
20.25601891634646
 10
-46.9399566351931
 20
20.258482077544496
 10
-46.96479674140312
 20
20.200828993848003
 10
-46.98956603637232
 20
20.143145452322106
 10
-47.01426448275473
 20
20.085431539939254
 10
-47.03889204331125
 20
20.027687343717677
 10
-47.06344868090963
 20
19.969912950721277
 10
-47.00196657400886
 20
19.909060816347367
 10
-46.940302557412856
 20
19.848587208813807
 10
-46.87845599132391
 20
19.788495413541476
 10
-46.8164261879756
 20
19.72878883469006
 10
-46.754212408665175
 20
19.669471002543748
 10
-46.691813860529024
 20
19.61054558153715
 10
-46.62922969303207
 20
19.552016378994157
 10
-46.566458994137626
 20
19.493887354662707
 10
-46.50350078611961
 20
19.43616263114065
 10
-46.44035402097325
 20
19.37884650530213
 10
-46.37701757537357
 20
19.321943460850612
 10
-46.313490245122864
 20
19.265458182144805
 10
-46.249770739019276
 20
19.20939556946753
 10
-46.18585767206633
 20
19.15376075593595
 10
-46.2188269613062
 20
19.074067062921735
 10
-46.251658739206135
 20
18.994316620295034
 10
-46.284352908084294
 20
18.91450966533124
 10
-46.31690937066819
 20
18.83464643547388
 10
-46.34932803009509
 20
18.75472716833391
 10
-46.34932803009509
 20
18.754727168333904
 10
-46.43390410972401
 20
18.75992325904022
 10
-46.51864239924636
 20
18.764678707190793
 10
-46.60354028426099
 20
18.768998142257892
 10
-46.68859524688367
 20
18.772885961994717
 10
-46.77380485872198
 20
18.77634634924942
 10
-46.8591667745319
 20
18.779383287147212
 10
-46.94467872647453
 20
18.782000572838076
 10
-47.030338518901345
 20
18.784201829978866
 10
-47.11614402360804
 20
18.785990520095403
 10
-47.20209317550394
 20
18.78736995294986
 10
-47.288183968651836
 20
18.788343296022248
 10
-47.37441445263853
 20
18.788913583200603
 10
-47.46078272924173
 20
18.789083722762403
 10
-47.547286949362935
 20
18.788856504719515
 10
-47.57032203701133
 20
18.73045878495863
 10
-47.59328540043724
 20
18.672032824321168
 10
-47.61617700501762
 20
18.61357871089896
 10
-47.638996816237615
 20
18.555096532826283
 10
-47.66174479969063
 20
18.496586378279726
 10
-47.598399939775845
 20
18.437675764217456
 10
-47.53488503029135
 20
18.379149151261863
 10
-47.47119953392509
 20
18.321009843142242
 10
-47.407342869112206
 20
18.26326126376106
 10
-47.343314407298614
 20
18.205906964668394
 10
-47.279113469967655
 20
18.148950633184267
 10
-47.21473932540291
 20
18.092396101242404
 10
-47.15019118515647
 20
18.03624735503957
 10
-47.08546820018744
 20
17.98050854558659
 10
-47.02056945663018
 20
17.925184000271926
 10
-46.955493971145614
 20
17.870278235565465
 10
-46.89024068580147
 20
17.81579597101037
 10
-46.824808462418574
 20
17.76174214467534
 10
-46.75919607630964
 20
17.70812193026772
 10
-46.78967095484397
 20
17.62744144614954
 10
-46.82000662364991
 20
17.546708516453393
 10
-46.850202992472084
 20
17.465923381377802
 10
-46.88025997146953
 20
17.385086281276593
 10
-46.91017747121602
 20
17.3041974566582
 10
-46.91017747121603
 20
17.30419745665819
 10
-46.99487423760287
 20
17.30676072949564
 10
-47.07971943149655
 20
17.308878528218603
 10
-47.164710583736486
 20
17.310555561367515
 10
-47.24984531442595
 20
17.311796302874157
 10
-47.33512132643313
 20
17.31260500908603
 10
-47.42053639952314
 20
17.312985734138408
 10
-47.50608838504486
 20
17.312942343873992
 10
-47.59177520110712
 20
17.312478528481183
 10
-47.67759482818801
 20
17.31159781399827
 10
-47.763545305128936
 20
17.310303572810454
 10
-47.84962472547118
 20
17.308599033249966
 10
-47.9358312340985
 20
17.306487288394862
 10
-48.02216302415384
 20
17.3039713041503
 10
-48.10861833420211
 20
17.301053926685277
 10
-48.12982611832927
 20
17.241968066882304
 10
-48.150961334640854
 20
17.18285621047681
 10
-48.17202395127019
 20
17.12371844659479
 10
-48.19301393646011
 20
17.064554864401284
 10
-48.213931258562916
 20
17.005365553100276
 10
-48.14878492769502
 20
16.948453451564067
 10
-48.083480571894924
 20
16.8919304539046
 10
-48.01801775685602
 20
16.835799878963424
 10
-47.952396007777644
 20
16.780065167073396
 10
-47.88661480686249
 20
16.724729887614586
 10
-47.82067359059723
 20
16.669797747225164
 10
-47.754571746792024
 20
16.615272598741576
 10
-47.6883086113505
 20
16.561158450953002
 10
-47.62188346473835
 20
16.507459479267407
 10
-47.55529552811314
 20
16.454180037401116
 10
-47.48854395907308
 20
16.401324670221022
 10
-47.42162784697475
 20
16.348898127888926
 10
-47.35454620776281
 20
16.296905381482095
 10
-47.28729797824394
 20
16.245351640292878
 10
-47.31524896359593
 20
16.163762418228448
 10
-47.3430591755075
 20
16.082125105358287
 10
-47.37072853123705
 20
16.00043994457166
 10
-47.39825694846206
 20
15.918707178900162
 10
-47.42564434527935
 20
15.836927051517048
 10
-47.42564434527935
 20
15.836927051517062
 10
-47.51037985977269
 20
15.836855026684713
 10
-47.595249875792234
 20
15.836333127146585
 10
-47.68025207180676
 20
15.83536613595605
 10
-47.76538420820939
 20
15.833958598895233
 10
-47.85064412135131
 20
15.832114841693244
 10
-47.936029718154614
 20
15.829838985573307
 10
-48.02153897123474
 20
15.827134961330893
 10
-48.10716991447189
 20
15.824006522115926
 10
-48.192920638980354
 20
15.820457255067938
 10
-48.27878928943089
 20
15.816490591932613
 10
-48.36477406068765
 20
15.81210981877118
 10
-48.45087319472606
 20
15.80731808485939
 10
-48.537084977802294
 20
15.802118410860727
 10
-48.62340773784881
 20
15.796513696347848
 10
-48.642767701293266
 20
15.736796858256154
 10
-48.662054323533724
 20
15.677056292986027
 10
-48.68126757549075
 20
15.61729209061139
 10
-48.70040742819553
 20
15.557504341241808
 10
-48.71947385278993
 20
15.497693135022349
 10
-48.652589075836616
 20
15.442834604794834
 10
-48.58555845146755
 20
15.388369904781246
 10
-48.51838164880169
 20
15.334302365724636
 10
-48.45105830026195
 20
15.280635441059943
 10
-48.3835879993087
 20
15.22737271454409
 10
-48.31597029797714
 20
15.174517908547468
 10
-48.24820470419623
 20
15.122074893081857
 10
-48.18029067886364
 20
15.070047695650619
 10
-48.1122276326477
 20
15.018440512019424
 10
-48.044014922482724
 20
14.967257718020512
 10
-47.97565184771912
 20
14.916503882520932
 10
-47.90713764588335
 20
14.866183781705626
 10
-47.838471487995896
 20
14.81630241485124
 10
-47.769652473386
 20
14.766865021795478
 10
-47.79505252478252
 20
14.684445994087792
 10
-47.820310375215776
 20
14.601983276871357
 10
-47.84542594953804
 20
14.519477115491197
 10
-47.87039917302485
 20
14.436927755421575
 10
-47.8952299713753
 20
14.354335442265292
 10
-47.895229971375294
 20
14.354335442265281
 10
-47.97992225783741
 20
14.351628189442517
 10
-48.06473498972358
 20
14.348467096547386
 10
-48.14966599537783
 20
14.34485701651893
 10
-48.23471317764983
 20
14.340802562591854
 10
-48.31987450846693
 20
14.336308125692021
 10
-48.40514802393319
 20
14.33137789014358
 10
-48.490531819891885
 20
14.326015847891986
 10
-48.57602404789674
 20
14.320225811417753
 10
-48.661622911544924
 20
14.314011425491335
 10
-48.74732666313149
 20
14.307376177898902
 10
-48.83313360058982
 20
14.300323409251636
 10
-48.919042064687766
 20
14.292856321976243
 10
-49.005050436452684
 20
14.28497798857226
 10
-49.09115713480214
 20
14.276691359210844
 10
-49.10865054804961
 20
14.216401315014526
 10
-49.126069917657546
 20
14.156089836018378
 10
-49.14341521736185
 20
14.095757013157115
 10
-49.160686421010126
 20
14.035402937397642
 10
-49.177883502561706
 20
13.975027699738906
 10
-49.109324986225
 20
13.922275812905093
 10
-49.04063294108693
 20
13.869922101617105
 10
-48.97180714001216
 20
13.8179699052972
 10
-48.902847323002746
 20
13.766422687141432
 10
-48.833753195170075
 20
13.715284041816522
 10
-48.76452442453123
 20
13.664557703823931
 10
-48.69516063961004
 20
13.614247556606783
 10
-48.625661426819725
 20
13.564357642486273
 10
-48.55602632760144
 20
13.51489217352664
 10
-48.48625483528833
 20
13.465855543442718
 10
-48.41634639166085
 20
13.417252340681607
 10
-48.346300383153
 20
13.369087362830752
 10
-48.276116136663056
 20
13.321365632529714
 10
-48.20579291491416
 20
13.274092415092326
 10
-48.22861745944591
 20
13.190923316827739
 10
-48.25129851306182
 20
13.107714972618167
 10
-48.2738360082807
 20
13.024467630027036
 10
-48.29622987804846
 20
12.941181536733792
 10
-48.318480055738334
 20
12.857856940533178
 10
-48.31848005573833
 20
12.857856940533171
 10
-48.40304717985183
 20
12.852517078812246
 10
-48.48772057676406
 20
12.84671985071334
 10
-48.572498226795254
 20
12.840470174366232
 10
-48.65737817728046
 20
12.833772725995221
 10
-48.74235853768524
 20
12.826631957474977
 10
-48.827437475195524
 20
12.819052112182508
 10
-48.91261321072463
 20
12.811037239351311
 10
-48.99788401528801
 20
12.802591207104161
 10
-49.08324820670366
 20
12.793717714316346
 10
-49.168704146581696
 20
12.78442030144032
 10
-49.25425023757135
 20
12.774702360405387
 10
-49.339884920838124
 20
12.764567143691076
 10
-49.4256066737468
 20
12.75401777266053
 10
-49.51141400772966
 20
12.743057245229295
 10
-49.527023947032625
 20
12.68225232165235
 10
-49.54255921189295
 20
12.621428276390953
 10
-49.5580197788873
 20
12.56058520115265
 10
-49.573405624704996
 20
12.499723187673677
 10
-49.588716726148
 20
12.438842327718824
 10
-49.51855079636468
 20
12.3882481183223
 10
-49.44826378557487
 20
12.338056044594369
 10
-49.37785557060868
 20
12.28826945140583
 10
-49.30732599929886
 20
12.23889180836343
 10
-49.236674888693074
 20
12.189926717566076
 10
-49.16590202311147
 20
12.141377922033413
 10
-49.095007152032096
 20
12.093249314882929
 10
-49.02398998778391
 20
12.045544949342972
 10
-48.95285020302446
 20
11.998269049701449
 10
-48.88158742797591
 20
11.951426023305135
 10
-48.81020124738881
 20
11.90502047374218
 10
-48.738691197198264
 20
11.859057215361164
 10
-48.66705676083152
 20
11.813541289305478
 10
-48.59529736511892
 20
11.76847798127124
 10
-48.61552432151316
 20
11.684639273180935
 10
-48.63560663585719
 20
11.60076580067732
 10
-48.655544248401625
 20
11.516857813302734
 10
-48.67533709982761
 20
11.43291556070218
 10
-48.694985131247
 20
11.348939292622628
 10
-48.694985131246995
 20
11.348939292622642
 10
-48.77934527978098
 20
11.340971987974903
 10
-48.8637974256763
 20
11.332544233115994
 10
-48.948339703183315
 20
11.323661006608477
 10
-49.032970306011514
 20
11.314327043142281
 10
-49.11768748299365
 20
11.304546851233987
 10
-49.20248953417066
 20
11.294324729208277
 10
-49.28737480724703
 20
11.28366477966931
 10
-49.37234169437266
 20
11.27257092263996
 10
-49.457388629213746
 20
11.261046907521937
 10
-49.54251408428049
 20
11.24909632400881
 10
-49.62771656848335
 20
11.23672261206654
 10
-49.71299462489352
 20
11.223929071080912
 10
-49.79834682868627
 20
11.210718868258953
 10
-49.88377178524869
 20
11.197095046360316
 10
-49.89748314899902
 20
11.135834068239275
 10
-49.91111927974631
 20
11.074556300048163
 10
-49.92468015693064
 20
11.013261834178627
 10
-49.9381657601056
 20
10.951950763047483
 10
-49.951576068938245
 20
10.890623179096591
 10
-49.87987060671377
 20
10.842235593767372
 10
-49.80805662841575
 20
10.794253715189226
 10
-49.73613411495889
 20
10.74668089044555
 10
-49.66410302215382
 20
10.699520592197153
 10
-49.5919632791615
 20
10.652776426490345
 10
-49.519714786813786
 20
10.606452141241814
 10
-49.44735741578535
 20
10.560551635477074
 10
-49.374891004599114
 20
10.515078969410393
 10
-49.30231535744576
 20
10.470038375466611
 10
-49.22963024179419
 20
10.42543427036064
 10
-49.15683538576679
 20
10.381271268367987
 10
-49.0839304752487
 20
10.337554195940802
 10
-49.01091515069592
 20
10.29428810784933
 10
-48.93778900360044
 20
10.251478305058399
 10
-48.955398803583215
 20
10.167051095677813
 10
-48.972862950313214
 20
10.082593637047925
 10
-48.99018139183072
 20
9.998106180448552
 10
-49.00735407660948
 20
9.913588977248756
 10
-49.024380953556935
 20
9.82904227890611
 10
-49.024380953556935
 20
9.829042278906101
 10
-49.10845251351603
 20
9.818455239184235
 10
-49.19260170639755
 20
9.807405110873855
 10
-49.27682682218694
 20
9.795896928153857
 10
-49.36112620271569
 20
9.783935479599304
 10
-49.44549823787783
 20
9.77152532600699
 10
-49.529941362213904
 20
9.758670816490914
 10
-49.61445405181808
 20
9.745376103056891
 10
-49.69903482153015
 20
9.731645153835535
 10
-49.783682222379866
 20
9.71748176512766
 10
-49.868394839255295
 20
9.702889572395168
 10
-49.95317128877061
 20
9.687872060312722
 10
-50.038010217312184
 20
9.672432571980421
 10
-50.12291029924423
 20
9.656574317385111
 10
-50.20787023525782
 20
9.640300381186881
 10
-50.21966975859662
 20
9.578642614561598
 10
-50.23139356315505
 20
9.516970405723935
 10
-50.24304163125652
 20
9.455283847660251
 10
-50.25461394533862
 20
9.393583033378544
 10
-50.26611048795319
 20
9.331868055908307
 10
-50.19293486369126
 20
9.285733906510135
 10
-50.11966339327099
 20
9.240008642450439
 10
-50.04629616171017
 20
9.19469560978712
 10
-49.972833232840095
 20
9.149798280875483
 10
-49.8992746480035
 20
9.105320262220618
 10
-49.825620424639936
 20
9.061265303010389
 10
-49.75187055474577
 20
9.01763730440629
 10
-49.67802500319415
 20
8.974440329680496
 10
-49.60408370589829
 20
8.931678615300196
 10
-49.53004656779881
 20
8.889356583075546
 10
-49.45591346065293
 20
8.847478853505399
 10
-49.38168422059973
 20
8.806050260476198
 10
-49.307358645471794
 20
8.765075867494872
 10
-49.23293649181799
 20
8.72456098566662
 10
-49.24791209904511
 20
8.639626952868186
 10
-49.26274118272703
 20
8.554667215248648
 10
-49.27742369874393
 20
8.469682025582216
 10
-49.291959603412025
 20
8.384671636718815
 10
-49.30634885348376
 20
8.299636301583359
 10
-49.30634885348376
 20
8.299636301583352
 10
-49.39005049106336
 20
8.286439769064536
 10
-49.47381532202165
 20
8.272777957588163
 10
-49.55764179373352
 20
8.258655952079222
 10
-49.64152839775653
 20
8.244078590365271
 10
-49.72547366660373
 20
8.229050481111043
 10
-49.809476170829754
 20
8.21357602001236
 10
-49.89353451639269
 20
8.197659404459905
 10
-49.97764734225908
 20
8.181304646853112
 10
-50.06181331822398
 20
8.164515586719235
 10
-50.14603114292234
 20
8.147295901771423
 10
-50.23029954201041
 20
8.129649118021847
 10
-50.31461726649927
 20
8.111578619050693
 10
-50.39898309122451
 20
8.093087654519165
 10
-50.48339581343823
 20
8.074179348003575
 10
-50.49327208108873
 20
8.01218444278116
 10
-50.503072217434564
 20
7.950177457175958
 10
-50.51279620769954
 20
7.88815848467909
 10
-50.5224440372223
 20
7.826127618799753
 10
-50.53201569145633
 20
7.764084953065076
 10
-50.45744069784742
 20
7.720248871407968
 10
-50.38278262072038
 20
7.676824458106581
 10
-50.3080416491138
 20
7.633815054956224
 10
-50.23321795481786
 20
7.591224130647424
 10
-50.158311691317124
 20
7.549055288654981
 10
-50.08332299264193
 20
7.507312275810846
 10
-50.0082519721181
 20
7.465998991638362
 10
-49.93309872100298
 20
7.425119498536672
 10
-49.85786330699433
 20
7.384678032916798
 10
-49.78254577259642
 20
7.34467901740632
 10
-49.707146133325416
 20
7.305127074257411
 10
-49.63166437573284
 20
7.266027040114325
 10
-49.556100455223444
 20
7.227383982322063
 10
-49.480454293638495
 20
7.189203216988048
 10
-49.49278122017716
 20
7.103844528963122
 10
-49.50496089463025
 20
7.018464705413042
 10
-49.51699328076056
 20
6.933064000361868
 10
-49.528878342769005
 20
6.847642667895782
 10
-49.5406160452949
 20
6.762200962162341
 10
-49.5406160452949
 20
6.762200962162355
 10
-49.62386678456643
 20
6.746407703639519
 10
-49.70716621653741
 20
6.730147425917421
 10
-49.790512947474205
 20
6.713425259747811
 10
-49.87390562011983
 20
6.696246087530459
 10
-49.957342911026004
 20
6.678614561339441
 10
-50.04082352814434
 20
6.660535119199864
 10
-50.12434620864555
 20
6.642011999826565
 10
-50.20790971693957
 20
6.623049256006064
 10
-50.29151284287368
 20
6.603650766777561
 10
-50.37515440008869
 20
6.583820248547501
 10
-50.45883322451577
 20
6.563561265254377
 10
-50.542548172999055
 20
6.5428772376850555
 10
-50.62629812203076
 20
6.521771452031275
 10
-50.71008196658756
 20
6.500247067763706
 10
-50.718025423898666
 20
6.437975000011083
 10
-50.725892411032916
 20
6.375693225392258
 10
-50.73368291612884
 20
6.313401837812666
 10
-50.74139692744029
 20
6.251100931192236
 10
-50.74903443333647
 20
6.188790599465255
 10
-50.673132216870556
 20
6.147294994127106
 10
-50.59715975990465
 20
6.106213441899373
 10
-50.521117355315255
 20
6.065549277081811
 10
-50.44500528268529
 20
6.025305961344423
 10
-50.36882380749261
 20
5.985487091645599
 10
-50.292573180228686
 20
5.946096408836555
 10
-50.21625363543916
 20
5.907137807029949
 10
-50.13986539067729
 20
5.8686153438217765
 10
-50.0634086453599
 20
5.830533251468444
 10
-49.9868835795138
 20
5.7928959491363505
 10
-49.91029035239905
 20
5.755708056359253
 10
-49.83362910099266
 20
5.718974407860081
 10
-49.756899938314675
 20
5.6827000699195755
 10
-49.68010295157438
 20
5.6468903585043915
 10
-49.68976927191928
 20
5.561189594270832
 10
-49.699287754095145
 20
5.475472284255328
 10
-49.70865836978236
 20
5.389738683486034
 10
-49.71788109110126
 20
5.303989047039573
 10
-49.72695589061218
 20
5.218223630040278
 10
-49.726955890612174
 20
5.218223630040269
 10
-49.80967519186208
 20
5.199848924471041
 10
-49.892428638025116
 20
5.181005911271761
 10
-49.97521499560752
 20
5.161699762057268
 10
-50.0580330598508
 20
5.141935399076134
 10
-50.1408816526257
 20
5.1217175133112045
 10
-50.22375962053081
 20
5.101050580823359
 10
-50.306665833171124
 20
5.079938877550914
 10
-50.38959918159535
 20
5.0583864927466635
 10
-50.47255857687376
 20
5.036397341209029
 10
-50.55554294880073
 20
5.013975174442375
 10
-50.6385512447085
 20
4.991123590863632
 10
-50.72158242838018
 20
4.967846045156963
 10
-50.80463547905157
 20
4.944145856865452
 10
-50.88770939049296
 20
4.920026218297553
 10
-50.89371235268273
 20
4.857537232218495
 10
-50.89963857980343
 20
4.795040922180585
 10
-50.905488062919765
 20
4.732537382412727
 10
-50.91126079321216
 20
4.6700267071547215
 10
-50.91695676197679
 20
4.607508990657132
 10
-50.839800753146235
 20
4.568394005956154
 10
-50.76258741478697
 20
4.529695058550648
 10
-50.6853171433301
 20
4.491415472019087
 10
-50.60799032588074
 20
4.453558697662014
 10
-50.53060733965325
 20
4.416128322441582
 10
-50.45316855135791
 20
4.37912807760924
 10
-50.375674316533264
 20
4.342561848099658
 10
-50.298124978818
 20
4.3064336827802245
 10
-50.220520869155074
 20
4.270747805658293
 10
-50.1428623049197
 20
4.235508628163823
 10
-50.06514958896175
 20
4.200720762643056
 10
-49.987383008551184
 20
4.1663890372203145
 10
-49.90956283421402
 20
4.132518512210783
 10
-49.83168931844321
 20
4.0991144982974905
 10
-49.838685681053704
 20
4.013154567809799
 10
-49.84553376243556
 20
3.9271826972903447
 10
-49.85223354221422
 20
3.8411991425246583
 10
-49.858785000456315
 20
3.755204159333031
 10
-49.865188117669824
 20
3.669198003569759
 10
-49.865188117669824
 20
3.6691980035697727
 10
-49.947295955316456
 20
3.6482596272950794
 10
-50.029423357056935
 20
3.6268521080169305
 10
-50.11156925083067
 20
3.6049806532100526
 10
-50.19373258554317
 20
3.58265022020986
 10
-50.27591232952399
 20
3.5598655343697434
 10
-50.358107469134495
 20
3.5366311054560593
 10
-50.440317007507595
 20
3.5129512424939064
 10
-50.52253996340362
 20
3.488830067246266
 10
-50.60477537016923
 20
3.4642715264834667
 10
-50.68702227478777
 20
3.439279403178452
 10
-50.76927973701096
 20
3.4138573267453562
 10
-50.85154682856332
 20
3.388008782423454
 10
-50.933822632411754
 20
3.3617371198957327
 10
-51.01610624209365
 20
3.3350455612200767
 10
-51.020162901683875
 20
3.272400110872828
 10
-51.02414263554902
 20
3.209749726559536
 10
-51.028045437688625
 20
3.147094502741408
 10
-51.031871302218235
 20
3.08443453388695
 10
-51.03562022336941
 20
3.0217699144718226
 10
-50.957285065629726
 20
2.985073391629513
 10
-50.878905544795224
 20
2.9487944877785157
 10
-50.80048216046808
 20
2.9129365125606768
 10
-50.72201540690113
 20
2.877502903568169
 10
-50.64350577268032
 20
2.8424972342967516
 10
-50.564953740379934
 20
2.807923222788364
 10
-50.48635978618746
 20
2.7737847410412644
 10
-50.407724379494596
 20
2.7400858252772156
 10
-50.32904798245026
 20
2.706830687168064
 10
-50.25033104947101
 20
2.674023726139557
 10
-50.17157402670354
 20
2.6416695428882733
 10
-50.09277735143288
 20
2.609772954269031
 10
-50.01394145142928
 20
2.5783390097359264
 10
-49.935066744225075
 20
2.547373009550622
 10
-49.93938638057219
 20
2.461237073489911
 10
-49.94355743608358
 20
2.37509381469883
 10
-49.94757989834943
 20
2.2889434894728273
 10
-49.951453755402014
 20
2.2027863541283743
 10
-49.95517899571574
 20
2.116622665002204
 10
-49.955178995715734
 20
2.1166226650021964
 10
-50.03659593572904
 20
2.0931408745487996
 10
-50.1180178400899
 20
2.069189559584102
 10
-50.19944379920804
 20
2.044773958404818
 10
-50.28087291666985
 20
2.0198990586373062
 10
-50.362304308261784
 20
1.9945696154340276
 10
-50.443737101088615
 20
1.9687901679039082
 10
-50.52517043277554
 20
1.9425650539901234
 10
-50.606603450743805
 20
1.9158984239783028
 10
-50.688035311551666
 20
1.888794252792439
 10
-50.7694651802934
 20
1.8612563512142706
 10
-50.85089223004981
 20
1.8332883761439123
 10
-50.93231564138492
 20
1.8048938400040064
 10
-51.013734601883876
 20
1.7760761193768422
 10
-51.0951483057281
 20
1.7468384629526001
 10
-51.09725473816262
 20
1.684097153764479
 10
-51.099284128636725
 20
1.6213533053764164
 10
-51.1012364740906
 20
1.5586070123905411
 10
-51.103111771580586
 20
1.4958583694126675
 10
-51.10491001827921
 20
1.4331074710521543
 10
-51.02547149583631
 20
1.3988649115843568
 10
-50.9460016196509
 20
1.3650411487843084
 10
-50.86650099201293
 20
1.3316394751553642
 10
-50.78697021384479
 20
1.298663311255678
 10
-50.707409884631296
 20
1.2661162136574908
 10
-50.6278206023439
 20
1.2340018835962645
 10
-50.54820296335838
 20
1.2023241763879386
 10
-50.468557562365305
 20
1.1710871117038664
 10
-50.388884992272466
 20
1.1402948848058663
 10
-50.30918584409814
 20
1.1099518788593137
 10
-50.22946070685424
 20
1.0800626784602474
 10
-50.1497101674178
 20
1.050632084533984
 10
-50.0699348103895
 20
1.0216651307885132
 10
-49.99013521793706
 20
0.99316710193647
 10
-49.991773949051606
 20
0.9069384912578764
 10
-49.993263943465706
 20
0.8207071822345744
 10
-49.994605196746306
 20
0.7344734314239807
 10
-49.995797704902856
 20
0.648237495390777
 10
-49.996841464387394
 20
0.5619996307061462
 10
-49.99684146438739
 20
0.5619996307061381
 10
-50.07748874113612
 20
0.5359971431897539
 10
-50.15812637768344
 20
0.5095252038888646
 10
-50.23875362778935
 20
0.482589076854459
 10
-50.31936975058835
 20
0.4551937751786331
 10
-50.399974010179186
 20
0.4273440792126161
 10
-50.48056567525454
 20
0.39904455301660696
 10
-50.56114401876618
 20
0.3702995592551793
 10
-50.64170831762106
 20
0.34111327272147857
 10
-50.722257852405036
 20
0.31148969264767723
 10
-50.80279190713102
 20
0.2814326539376248
 10
-50.883309769008896
 20
0.25094583743960164
 10
-50.963810728234925
 20
0.22003277936157553
 10
-51.04429407779849
 20
0.1886968799185121
 10
-51.124759113304606
 20
0.15694141128999062
 10
-51.12491328074607
 20
0.09416494142555354
 10
-51.12499036452492
 20
0.0313883295837886
 10
-51.12499036452492
 20
-0.03138832958377608
 10
-51.12491328074607
 20
-0.09416494142554102
 10
-51.124759113304606
 20
-0.15694141128997807
 10
-51.04429407779849
 20
-0.18869687991849962
 10
-50.963810728234925
 20
-0.22003277936156304
 10
-50.883309769008896
 20
-0.2509458374395892
 10
-50.80279190713102
 20
-0.28143265393761235
 10
-50.722257852405036
 20
-0.3114896926476648
 10
-50.64170831762106
 20
-0.34111327272146613
 10
-50.56114401876618
 20
-0.3702995592551669
 10
-50.48056567525454
 20
-0.39904455301659464
 10
-50.399974010179186
 20
-0.42734407921260376
 10
-50.31936975058835
 20
-0.45519377517862075
 10
-50.23875362778935
 20
-0.4825890768544467
 10
-50.15812637768344
 20
-0.5095252038888524
 10
-50.07748874113612
 20
-0.5359971431897417
 10
-49.99684146438739
 20
-0.5619996307061259
 10
-49.995797704902856
 20
-0.6482374953907567
 10
-49.9946051967463
 20
-0.7344734314239605
 10
-49.99326394346571
 20
-0.8207071822345542
 10
-49.991773949051606
 20
-0.9069384912578561
 10
-49.99013521793706
 20
-0.9931671019364497
 10
-49.99013521793706
 20
-0.9931671019364353
 10
-50.0699348103895
 20
-1.0216651307884785
 10
-50.1497101674178
 20
-1.0506320845339494
 10
-50.22946070685424
 20
-1.0800626784602128
 10
-50.30918584409814
 20
-1.1099518788592788
 10
-50.388884992272466
 20
-1.1402948848058316
 10
-50.468557562365305
 20
-1.1710871117038315
 10
-50.54820296335838
 20
-1.2023241763879036
 10
-50.6278206023439
 20
-1.2340018835962296
 10
-50.707409884631296
 20
-1.2661162136574557
 10
-50.78697021384479
 20
-1.298663311255643
 10
-50.86650099201293
 20
-1.331639475155329
 10
-50.9460016196509
 20
-1.3650411487842733
 10
-51.02547149583631
 20
-1.3988649115843217
 10
-51.10491001827921
 20
-1.433107471052119
 10
-51.103111771580586
 20
-1.4958583694126322
 10
-51.1012364740906
 20
-1.5586070123905058
 10
-51.099284128636725
 20
-1.6213533053763811
 10
-51.09725473816262
 20
-1.6840971537644438
 10
-51.0951483057281
 20
-1.7468384629525648
 10
-51.013734601883876
 20
-1.776076119376807
 10
-50.93231564138492
 20
-1.8048938400039714
 10
-50.85089223004981
 20
-1.8332883761438772
 10
-50.7694651802934
 20
-1.8612563512142355
 10
-50.688035311551666
 20
-1.888794252792404
 10
-50.606603450743805
 20
-1.915898423978268
 10
-50.52517043277554
 20
-1.9425650539900883
 10
-50.443737101088615
 20
-1.9687901679038733
 10
-50.362304308261784
 20
-1.994569615433993
 10
-50.28087291666985
 20
-2.019899058637271
 10
-50.19944379920804
 20
-2.0447739584047833
 10
-50.1180178400899
 20
-2.0691895595840673
 10
-50.03659593572904
 20
-2.093140874548765
 10
-49.955178995715734
 20
-2.116622665002162
 10
-49.951453755402014
 20
-2.2027863541283317
 10
-49.94757989834943
 20
-2.2889434894727847
 10
-49.94355743608358
 20
-2.375093814698788
 10
-49.93938638057219
 20
-2.461237073489869
 10
-49.935066744225075
 20
-2.54737300955058
 10
-49.935066744225075
 20
-2.547373009550588
 10
-50.01394145142928
 20
-2.578339009735892
 10
-50.09277735143288
 20
-2.6097729542689967
 10
-50.17157402670354
 20
-2.6416695428882386
 10
-50.25033104947101
 20
-2.6740237261395223
 10
-50.32904798245026
 20
-2.706830687168029
 10
-50.407724379494596
 20
-2.740085825277181
 10
-50.48635978618746
 20
-2.7737847410412297
 10
-50.564953740379934
 20
-2.8079232227883293
 10
-50.64350577268032
 20
-2.842497234296717
 10
-50.72201540690113
 20
-2.8775029035681343
 10
-50.80048216046808
 20
-2.9129365125606417
 10
-50.878905544795224
 20
-2.9487944877784806
 10
-50.957285065629726
 20
-2.985073391629478
 10
-51.03562022336941
 20
-3.021769914471787
 10
-51.031871302218235
 20
-3.084434533886915
 10
-51.028045437688625
 20
-3.147094502741373
 10
-51.02414263554902
 20
-3.209749726559501
 10
-51.020162901683875
 20
-3.272400110872793
 10
-51.01610624209365
 20
-3.335045561220041
 10
-50.933822632411754
 20
-3.3617371198956976
 10
-50.85154682856332
 20
-3.388008782423419
 10
-50.76927973701096
 20
-3.413857326745321
 10
-50.68702227478777
 20
-3.4392794031784173
 10
-50.60477537016923
 20
-3.464271526483432
 10
-50.52253996340362
 20
-3.4888300672462313
 10
-50.440317007507595
 20
-3.512951242493872
 10
-50.358107469134495
 20
-3.5366311054560247
 10
-50.27591232952399
 20
-3.5598655343697088
 10
-50.19373258554317
 20
-3.582650220209825
 10
-50.11156925083067
 20
-3.604980653210018
 10
-50.029423357056935
 20
-3.6268521080168963
 10
-49.947295955316456
 20
-3.6482596272950447
 10
-49.865188117669824
 20
-3.669198003569738
 10
-49.85878500045632
 20
-3.7552041593330117
 10
-49.85223354221421
 20
-3.8411991425246383
 10
-49.845533762435565
 20
-3.927182697290325
 10
-49.838685681053704
 20
-4.013154567809779
 10
-49.83168931844321
 20
-4.09911449829747
 10
-49.83168931844321
 20
-4.099114498297478
 10
-49.90956283421402
 20
-4.132518512210772
 10
-49.987383008551184
 20
-4.166389037220303
 10
-50.06514958896175
 20
-4.200720762643043
 10
-50.1428623049197
 20
-4.235508628163811
 10
-50.220520869155074
 20
-4.270747805658281
 10
-50.298124978818
 20
-4.306433682780212
 10
-50.375674316533264
 20
-4.342561848099646
 10
-50.45316855135791
 20
-4.379128077609228
 10
-50.53060733965325
 20
-4.41612832244157
 10
-50.60799032588074
 20
-4.453558697662002
 10
-50.6853171433301
 20
-4.491415472019074
 10
-50.76258741478697
 20
-4.529695058550636
 10
-50.839800753146235
 20
-4.568394005956142
 10
-50.91695676197679
 20
-4.60750899065712
 10
-50.91126079321216
 20
-4.67002670715471
 10
-50.905488062919765
 20
-4.732537382412715
 10
-50.89963857980343
 20
-4.795040922180573
 10
-50.89371235268273
 20
-4.857537232218483
 10
-50.88770939049296
 20
-4.920026218297542
 10
-50.80463547905157
 20
-4.94414585686544
 10
-50.72158242838018
 20
-4.967846045156951
 10
-50.6385512447085
 20
-4.991123590863619
 10
-50.55554294880073
 20
-5.013975174442363
 10
-50.47255857687376
 20
-5.036397341209017
 10
-50.38959918159535
 20
-5.058386492746652
 10
-50.306665833171124
 20
-5.0799388775509025
 10
-50.22375962053081
 20
-5.101050580823347
 10
-50.1408816526257
 20
-5.121717513311192
 10
-50.0580330598508
 20
-5.1419353990761225
 10
-49.97521499560752
 20
-5.161699762057256
 10
-49.892428638025116
 20
-5.1810059112717495
 10
-49.80967519186208
 20
-5.19984892447103
 10
-49.726955890612174
 20
-5.218223630040258
 10
-49.71788109110126
 20
-5.303989047039552
 10
-49.70865836978236
 20
-5.389738683486013
 10
-49.69928775409515
 20
-5.475472284255308
 10
-49.68976927191928
 20
-5.561189594270812
 10
-49.68010295157439
 20
-5.64689035850437
 10
-49.68010295157439
 20
-5.646890358504357
 10
-49.756899938314675
 20
-5.682700069919541
 10
-49.83362910099267
 20
-5.7189744078600455
 10
-49.91029035239906
 20
-5.755708056359218
 10
-49.98688357951381
 20
-5.792895949136316
 10
-50.06340864535991
 20
-5.83053325146841
 10
-50.1398653906773
 20
-5.868615343821741
 10
-50.216253635439166
 20
-5.9071378070299145
 10
-50.292573180228686
 20
-5.94609640883652
 10
-50.36882380749261
 20
-5.985487091645563
 10
-50.445005282685294
 20
-6.025305961344388
 10
-50.52111735531526
 20
-6.065549277081775
 10
-50.59715975990465
 20
-6.106213441899338
 10
-50.67313221687056
 20
-6.14729499412707
 10
-50.749034433336476
 20
-6.18879059946522
 10
-50.7413969274403
 20
-6.251100931192201
 10
-50.73368291612885
 20
-6.313401837812631
 10
-50.72589241103292
 20
-6.375693225392222
 10
-50.71802542389867
 20
-6.437975000011048
 10
-50.710081966587566
 20
-6.50024706776367
 10
-50.62629812203077
 20
-6.521771452031239
 10
-50.542548172999055
 20
-6.54287723768502
 10
-50.45883322451578
 20
-6.563561265254341
 10
-50.3751544000887
 20
-6.5838202485474655
 10
-50.29151284287368
 20
-6.603650766777525
 10
-50.20790971693957
 20
-6.62304925600603
 10
-50.124346208645555
 20
-6.64201199982653
 10
-50.040823528144344
 20
-6.660535119199828
 10
-49.95734291102601
 20
-6.678614561339407
 10
-49.873905620119835
 20
-6.696246087530424
 10
-49.79051294747421
 20
-6.713425259747776
 10
-49.707166216537416
 20
-6.7301474259173855
 10
-49.623866784566445
 20
-6.746407703639484
 10
-49.540616045294904
 20
-6.7622009621623205
 10
-49.52887834276902
 20
-6.847642667895762
 10
-49.51699328076056
 20
-6.933064000361847
 10
-49.50496089463027
 20
-7.018464705413022
 10
-49.492781220177164
 20
-7.103844528963101
 10
-49.48045429363851
 20
-7.189203216988028
 10
-49.4804542936385
 20
-7.189203216988036
 10
-49.556100455223444
 20
-7.227383982322052
 10
-49.631664375732846
 20
-7.266027040114314
 10
-49.70714613332542
 20
-7.3051270742574
 10
-49.78254577259643
 20
-7.344679017406309
 10
-49.85786330699433
 20
-7.384678032916787
 10
-49.933098721002985
 20
-7.42511949853666
 10
-50.00825197211811
 20
-7.465998991638351
 10
-50.08332299264194
 20
-7.507312275810834
 10
-50.15831169131713
 20
-7.54905528865497
 10
-50.23321795481787
 20
-7.591224130647412
 10
-50.3080416491138
 20
-7.633815054956212
 10
-50.382782620720384
 20
-7.676824458106569
 10
-50.457440697847424
 20
-7.720248871407956
 10
-50.53201569145633
 20
-7.764084953065065
 10
-50.52244403722231
 20
-7.826127618799742
 10
-50.512796207699544
 20
-7.88815848467908
 10
-50.50307221743457
 20
-7.950177457175947
 10
-50.49327208108874
 20
-8.012184442781148
 10
-50.48339581343823
 20
-8.074179348003563
 10
-50.398983091224515
 20
-8.093087654519152
 10
-50.314617266499276
 20
-8.11157861905068
 10
-50.23029954201041
 20
-8.129649118021836
 10
-50.14603114292235
 20
-8.147295901771411
 10
-50.06181331822399
 20
-8.164515586719224
 10
-49.97764734225909
 20
-8.1813046468531
 10
-49.8935345163927
 20
-8.197659404459895
 10
-49.80947617082976
 20
-8.213576020012349
 10
-49.72547366660373
 20
-8.229050481111031
 10
-49.64152839775654
 20
-8.24407859036526
 10
-49.557641793733524
 20
-8.258655952079211
 10
-49.47381532202166
 20
-8.27277795758815
 10
-49.39005049106336
 20
-8.286439769064526
 10
-49.30634885348377
 20
-8.299636301583341
 10
-49.29195960341203
 20
-8.384671636718796
 10
-49.27742369874393
 20
-8.469682025582195
 10
-49.26274118272704
 20
-8.55466721524863
 10
-49.24791209904512
 20
-8.639626952868166
 10
-49.232936491818
 20
-8.724560985666601
 10
-49.23293649181799
 20
-8.724560985666608
 10
-49.307358645471794
 20
-8.76507586749486
 10
-49.38168422059973
 20
-8.806050260476185
 10
-49.45591346065293
 20
-8.847478853505386
 10
-49.53004656779881
 20
-8.889356583075534
 10
-49.60408370589829
 20
-8.931678615300184
 10
-49.67802500319415
 20
-8.974440329680483
 10
-49.75187055474577
 20
-9.017637304406277
 10
-49.825620424639936
 20
-9.061265303010376
 10
-49.8992746480035
 20
-9.105320262220605
 10
-49.972833232840095
 20
-9.149798280875471
 10
-50.04629616171017
 20
-9.194695609787107
 10
-50.11966339327099
 20
-9.240008642450427
 10
-50.19293486369126
 20
-9.285733906510123
 10
-50.26611048795319
 20
-9.331868055908295
 10
-50.25461394533862
 20
-9.393583033378532
 10
-50.24304163125652
 20
-9.455283847660239
 10
-50.23139356315505
 20
-9.516970405723923
 10
-50.21966975859662
 20
-9.578642614561586
 10
-50.20787023525782
 20
-9.640300381186869
 10
-50.12291029924423
 20
-9.656574317385099
 10
-50.038010217312184
 20
-9.672432571980409
 10
-49.95317128877061
 20
-9.68787206031271
 10
-49.868394839255295
 20
-9.702889572395156
 10
-49.783682222379866
 20
-9.717481765127648
 10
-49.69903482153015
 20
-9.731645153835522
 10
-49.61445405181808
 20
-9.745376103056879
 10
-49.529941362213904
 20
-9.758670816490902
 10
-49.44549823787783
 20
-9.771525326006978
 10
-49.36112620271569
 20
-9.783935479599291
 10
-49.27682682218694
 20
-9.795896928153844
 10
-49.19260170639755
 20
-9.807405110873843
 10
-49.10845251351603
 20
-9.818455239184223
 10
-49.024380953556935
 20
-9.829042278906089
 10
-49.00735407660949
 20
-9.913588977248736
 10
-48.99018139183072
 20
-9.99810618044853
 10
-48.972862950313214
 20
-10.082593637047907
 10
-48.95539880358321
 20
-10.167051095677792
 10
-48.93778900360045
 20
-10.251478305058377
 10
-48.93778900360045
 20
-10.251478305058363
 10
-49.01091515069593
 20
-10.294288107849296
 10
-49.0839304752487
 20
-10.337554195940768
 10
-49.1568353857668
 20
-10.381271268367952
 10
-49.2296302417942
 20
-10.425434270360604
 10
-49.302315357445764
 20
-10.470038375466578
 10
-49.37489100459912
 20
-10.515078969410359
 10
-49.447357415785355
 20
-10.56055163547704
 10
-49.51971478681379
 20
-10.606452141241778
 10
-49.5919632791615
 20
-10.652776426490309
 10
-49.664103022153824
 20
-10.699520592197118
 10
-49.736134114958894
 20
-10.746680890445514
 10
-49.808056628415756
 20
-10.79425371518919
 10
-49.87987060671378
 20
-10.842235593767336
 10
-49.95157606893825
 20
-10.890623179096556
 10
-49.938165760105605
 20
-10.951950763047448
 10
-49.92468015693065
 20
-11.013261834178591
 10
-49.911119279746316
 20
-11.074556300048128
 10
-49.89748314899903
 20
-11.13583406823924
 10
-49.8837717852487
 20
-11.19709504636028
 10
-49.79834682868628
 20
-11.210718868258917
 10
-49.712994624893525
 20
-11.223929071080876
 10
-49.62771656848336
 20
-11.236722612066504
 10
-49.5425140842805
 20
-11.249096324008775
 10
-49.457388629213746
 20
-11.261046907521902
 10
-49.372341694372665
 20
-11.272570922639925
 10
-49.28737480724704
 20
-11.283664779669277
 10
-49.20248953417067
 20
-11.294324729208244
 10
-49.11768748299366
 20
-11.304546851233953
 10
-49.03297030601152
 20
-11.314327043142246
 10
-48.94833970318332
 20
-11.323661006608441
 10
-48.86379742567632
 20
-11.33254423311596
 10
-48.77934527978099
 20
-11.34097198797487
 10
-48.694985131247
 20
-11.348939292622607
 10
-48.675337099827615
 20
-11.432915560702162
 10
-48.65554424840162
 20
-11.516857813302712
 10
-48.635606635857194
 20
-11.600765800677303
 10
-48.61552432151316
 20
-11.684639273180913
 10
-48.595297365118924
 20
-11.76847798127122
 10
-48.59529736511892
 20
-11.768477981271229
 10
-48.66705676083152
 20
-11.813541289305466
 10
-48.738691197198264
 20
-11.859057215361151
 10
-48.81020124738881
 20
-11.905020473742168
 10
-48.88158742797591
 20
-11.951426023305123
 10
-48.95285020302446
 20
-11.998269049701435
 10
-49.02398998778391
 20
-12.04554494934296
 10
-49.095007152032096
 20
-12.093249314882916
 10
-49.16590202311147
 20
-12.141377922033401
 10
-49.236674888693074
 20
-12.189926717566063
 10
-49.30732599929886
 20
-12.238891808363416
 10
-49.37785557060868
 20
-12.288269451405817
 10
-49.44826378557487
 20
-12.338056044594357
 10
-49.51855079636468
 20
-12.388248118322288
 10
-49.588716726148
 20
-12.438842327718811
 10
-49.573405624704996
 20
-12.499723187673665
 10
-49.5580197788873
 20
-12.560585201152637
 10
-49.54255921189295
 20
-12.62142827639094
 10
-49.527023947032625
 20
-12.682252321652337
 10
-49.51141400772966
 20
-12.743057245229283
 10
-49.4256066737468
 20
-12.754017772660518
 10
-49.339884920838124
 20
-12.764567143691064
 10
-49.25425023757135
 20
-12.774702360405374
 10
-49.168704146581696
 20
-12.784420301440306
 10
-49.08324820670366
 20
-12.793717714316333
 10
-48.99788401528801
 20
-12.802591207104149
 10
-48.91261321072463
 20
-12.811037239351299
 10
-48.827437475195524
 20
-12.819052112182495
 10
-48.74235853768524
 20
-12.826631957474962
 10
-48.65737817728046
 20
-12.833772725995209
 10
-48.572498226795254
 20
-12.840470174366219
 10
-48.48772057676406
 20
-12.846719850713328
 10
-48.40304717985183
 20
-12.852517078812234
 10
-48.31848005573833
 20
-12.857856940533157
 10
-48.296229878048464
 20
-12.941181536733774
 10
-48.273836008280696
 20
-13.024467630027015
 10
-48.251298513061826
 20
-13.107714972618147
 10
-48.22861745944591
 20
-13.190923316827718
 10
-48.20579291491416
 20
-13.274092415092307
 10
-48.20579291491416
 20
-13.27409241509229
 10
-48.27611613666306
 20
-13.32136563252968
 10
-48.34630038315301
 20
-13.369087362830719
 10
-48.41634639166086
 20
-13.417252340681573
 10
-48.486254835288335
 20
-13.465855543442684
 10
-48.556026327601444
 20
-13.514892173526606
 10
-48.62566142681973
 20
-13.56435764248624
 10
-48.69516063961004
 20
-13.614247556606749
 10
-48.76452442453123
 20
-13.664557703823895
 10
-48.83375319517008
 20
-13.715284041816489
 10
-48.90284732300275
 20
-13.766422687141398
 10
-48.97180714001216
 20
-13.817969905297167
 10
-49.04063294108693
 20
-13.86992210161707
 10
-49.109324986225005
 20
-13.92227581290506
 10
-49.17788350256171
 20
-13.97502769973887
 10
-49.16068642101013
 20
-14.035402937397608
 10
-49.14341521736185
 20
-14.095757013157082
 10
-49.126069917657546
 20
-14.156089836018344
 10
-49.10865054804962
 20
-14.216401315014492
 10
-49.091157134802145
 20
-14.276691359210808
 10
-49.00505043645269
 20
-14.284977988572226
 10
-48.919042064687766
 20
-14.292856321976208
 10
-48.83313360058982
 20
-14.300323409251602
 10
-48.747326663131496
 20
-14.307376177898869
 10
-48.66162291154493
 20
-14.314011425491302
 10
-48.57602404789674
 20
-14.320225811417721
 10
-48.490531819891885
 20
-14.326015847891952
 10
-48.405148023933194
 20
-14.331377890143546
 10
-48.31987450846694
 20
-14.336308125691987
 10
-48.23471317764984
 20
-14.34080256259182
 10
-48.14966599537784
 20
-14.344857016518896
 10
-48.06473498972359
 20
-14.348467096547353
 10
-47.979922257837416
 20
-14.351628189442483
 10
-47.89522997137531
 20
-14.35433544226525
 10
-47.870399173024865
 20
-14.436927755421534
 10
-47.84542594953804
 20
-14.519477115491153
 10
-47.82031037521579
 20
-14.601983276871316
 10
-47.79505252478252
 20
-14.684445994087746
 10
-47.76965247338601
 20
-14.766865021795438
 10
-47.769652473386
 20
-14.766865021795445
 10
-47.838471487995896
 20
-14.816302414851208
 10
-47.90713764588336
 20
-14.866183781705592
 10
-47.97565184771913
 20
-14.916503882520898
 10
-48.04401492248273
 20
-14.967257718020479
 10
-48.11222763264771
 20
-15.01844051201939
 10
-48.18029067886365
 20
-15.070047695650587
 10
-48.24820470419623
 20
-15.122074893081823
 10
-48.315970297977145
 20
-15.174517908547434
 10
-48.3835879993087
 20
-15.227372714544057
 10
-48.451058300261955
 20
-15.280635441059909
 10
-48.51838164880169
 20
-15.334302365724602
 10
-48.585558451467556
 20
-15.388369904781213
 10
-48.65258907583662
 20
-15.4428346047948
 10
-48.71947385278993
 20
-15.497693135022315
 10
-48.70040742819553
 20
-15.557504341241772
 10
-48.68126757549076
 20
-15.617292090611356
 10
-48.66205432353373
 20
-15.677056292985993
 10
-48.642767701293266
 20
-15.736796858256119
 10
-48.62340773784881
 20
-15.796513696347814
 10
-48.5370849778023
 20
-15.802118410860693
 10
-48.450873194726064
 20
-15.807318084859356
 10
-48.36477406068765
 20
-15.812109818771146
 10
-48.2787892894309
 20
-15.81649059193258
 10
-48.192920638980354
 20
-15.820457255067904
 10
-48.107169914471896
 20
-15.824006522115893
 10
-48.021538971234754
 20
-15.82713496133086
 10
-47.93602971815462
 20
-15.829838985573272
 10
-47.850644121351316
 20
-15.83211484169321
 10
-47.7653842082094
 20
-15.8339585988952
 10
-47.68025207180677
 20
-15.835366135956017
 10
-47.59524987579224
 20
-15.83633312714655
 10
-47.51037985977269
 20
-15.836855026684681
 10
-47.42564434527935
 20
-15.836927051517028
 10
-47.39825694846208
 20
-15.918707178900146
 10
-47.37072853123705
 20
-16.00043994457164
 10
-47.343059175507506
 20
-16.082125105358273
 10
-47.315248963595934
 20
-16.163762418228426
 10
-47.28729797824394
 20
-16.24535164029286
 10
-47.28729797824394
 20
-16.245351640292867
 10
-47.35454620776281
 20
-16.29690538148208
 10
-47.42162784697476
 20
-16.348898127888916
 10
-47.488543959073084
 20
-16.401324670221012
 10
-47.55529552811315
 20
-16.454180037401105
 10
-47.62188346473836
 20
-16.507459479267393
 10
-47.68830861135051
 20
-16.56115845095299
 10
-47.75457174679203
 20
-16.615272598741566
 10
-47.82067359059724
 20
-16.669797747225154
 10
-47.88661480686249
 20
-16.724729887614576
 10
-47.95239600777765
 20
-16.780065167073385
 10
-48.01801775685602
 20
-16.83579987896341
 10
-48.08348057189493
 20
-16.89193045390459
 10
-48.14878492769502
 20
-16.948453451564056
 10
-48.21393125856292
 20
-17.005365553100262
 10
-48.19301393646011
 20
-17.064554864401273
 10
-48.1720239512702
 20
-17.12371844659478
 10
-48.15096133464086
 20
-17.1828562104768
 10
-48.12982611832927
 20
-17.241968066882293
 10
-48.10861833420212
 20
-17.301053926685263
 10
-48.02216302415384
 20
-17.303971304150288
 10
-47.93583123409851
 20
-17.30648728839485
 10
-47.84962472547118
 20
-17.30859903324995
 10
-47.76354530512894
 20
-17.310303572810444
 10
-47.67759482818801
 20
-17.311597813998258
 10
-47.591775201107126
 20
-17.312478528481172
 10
-47.50608838504487
 20
-17.31294234387398
 10
-47.420536399523144
 20
-17.312985734138397
 10
-47.33512132643314
 20
-17.312605009086017
 10
-47.249845314425954
 20
-17.311796302874146
 10
-47.16471058373649
 20
-17.310555561367504
 10
-47.07971943149656
 20
-17.308878528218592
 10
-46.99487423760287
 20
-17.306760729495625
 10
-46.91017747121603
 20
-17.30419745665818
 10
-46.88025997146954
 20
-17.38508628127657
 10
-46.850202992472084
 20
-17.46592338137778
 10
-46.820006623649924
 20
-17.546708516453375
 10
-46.78967095484398
 20
-17.62744144614952
 10
-46.75919607630966
 20
-17.7081219302677
 10
-46.75919607630965
 20
-17.708121930267687
 10
-46.82480846241859
 20
-17.761742144675303
 10
-46.89024068580149
 20
-17.81579597101034
 10
-46.95549397114562
 20
-17.87027823556543
 10
-47.02056945663019
 20
-17.925184000271894
 10
-47.08546820018745
 20
-17.980508545586556
 10
-47.15019118515649
 20
-18.036247355039535
 10
-47.21473932540292
 20
-18.09239610124237
 10
-47.27911346996767
 20
-18.14895063318423
 10
-47.34331440729863
 20
-18.205906964668362
 10
-47.40734286911222
 20
-18.263261263761024
 10
-47.471199533925095
 20
-18.321009843142207
 10
-47.53488503029136
 20
-18.379149151261828
 10
-47.59839993977586
 20
-18.43767576421742
 10
-47.661744799690645
 20
-18.49658637827969
 10
-47.63899681623763
 20
-18.555096532826248
 10
-47.61617700501763
 20
-18.613578710898924
 10
-47.59328540043725
 20
-18.672032824321132
 10
-47.570322037011344
 20
-18.730458784958593
 10
-47.54728694936295
 20
-18.78885650471948
 10
-47.46078272924174
 20
-18.789083722762367
 10
-47.37441445263855
 20
-18.788913583200568
 10
-47.28818396865184
 20
-18.788343296022212
 10
-47.202093175503954
 20
-18.787369952949824
 10
-47.11614402360805
 20
-18.78599052009537
 10
-47.03033851890136
 20
-18.78420182997883
 10
-46.944678726474535
 20
-18.782000572838044
 10
-46.859166774531914
 20
-18.779383287147184
 10
-46.77380485872199
 20
-18.776346349249383
 10
-46.688595246883686
 20
-18.772885961994685
 10
-46.603540284260994
 20
-18.768998142257857
 10
-46.518642399246374
 20
-18.76467870719076
 10
-46.433904109724025
 20
-18.759923259040185
 10
-46.349328030095094
 20
-18.754727168333872
 10
-46.316909370668206
 20
-18.834646435473843
 10
-46.28435290808431
 20
-18.9145096653312
 10
-46.25165873920616
 20
-18.994316620294995
 10
-46.218826961306206
 20
-19.074067062921692
 10
-46.18585767206634
 20
-19.153760755935913
 10
-46.18585767206634
 20
-19.15376075593592
 10
-46.24977073901929
 20
-19.2093955694675
 10
-46.31349024512288
 20
-19.265458182144773
 10
-46.37701757537358
 20
-19.321943460850584
 10
-46.44035402097327
 20
-19.3788465053021
 10
-46.503500786119616
 20
-19.43616263114062
 10
-46.56645899413763
 20
-19.493887354662675
 10
-46.62922969303208
 20
-19.552016378994125
 10
-46.69181386052904
 20
-19.61054558153712
 10
-46.75421240866519
 20
-19.669471002543716
 10
-46.816426187975615
 20
-19.72878883469003
 10
-46.878455991323925
 20
-19.788495413541444
 10
-46.94030255741287
 20
-19.848587208813775
 10
-47.001966574008875
 20
-19.90906081634734
 10
-47.063448680909644
 20
-19.96991295072125
 10
-47.038892043311265
 20
-20.027687343717645
 10
-47.01426448275475
 20
-20.085431539939222
 10
-46.98956603637233
 20
-20.143145452322074
 10
-46.964796741403134
 20
-20.20082899384797
 10
-46.93995663519311
 20
-20.258482077544468
 10
-46.853487192245154
 20
-20.25601891634643
 10
-46.7671659848237
 20
-20.253162817577305
 10
-46.68099494790177
 20
-20.24991105008151
 10
-46.59497606923052
 20
-20.2462607660228
 10
-46.509111392633166
 20
-20.242208993638272
 10
-46.423403021584804
 20
-20.237752629364447
 10
-46.33785312311034
 20
-20.23288842926418
 10
-46.25246393203763
 20
-20.227612999672914
 10
-46.167237755648316
 20
-20.22192278697098
 10
-46.08217697877517
 20
-20.215814066374634
 10
-45.997284069402404
 20
-20.209282929622127
 10
-45.91256158483381
 20
-20.2023252714113
 10
-45.828012178505155
 20
-20.194936774422086
 10
-45.74363860752893
 20
-20.187112892729075
 10
-45.70875015138091
 20
-20.265985285661166
 10
-45.673725701485495
 20
-20.34479738275767
 10
-45.63856536204823
 20
-20.423548949534993
 10
-45.60326923767898
 20
-20.502239751689608
 10
-45.567837433391624
 20
-20.580869555098804
 10
-45.56783743339162
 20
-20.580869555098808
 10
-45.62998934942408
 20
-20.638465144665382
 10
-45.69193449374147
 20
-20.69648230672787
 10
-45.75367441030956
 20
-20.75491595372529
 10
-45.81521054210377
 20
-20.81376122790138
 10
-45.8765442384222
 20
-20.87301348461372
 10
-45.93767676148903
 20
-20.932668277262927
 10
-45.99860929243429
 20
-20.99272134364616
 10
-46.05934293672333
 20
-21.053168593566877
 10
-46.1198787290993
 20
-21.11400609755675
 10
-46.180217638093104
 20
-21.175230076585095
 10
-46.24036057014822
 20
-21.23683689264779
 10
-46.30030837340145
 20
-21.298823040141873
 10
-46.360061841155435
 20
-21.361185137943746
 10
-46.41962171507451
 20
-21.42391992211936
 10
-46.39328018029167
 20
-21.480902660571676
 10
-46.36686869597293
 20
-21.53785301116166
 10
-46.34038730194023
 20
-21.594770888022317
 10
-46.31383603812094
 20
-21.65165620533565
 10
-46.287214944547756
 20
-21.70850887733274
 10
-46.20086393237457
 20
-21.703357719843165
 10
-46.114673304328065
 20
-21.69781842495782
 10
-46.02864507938387
 20
-21.691888323019622
 10
-45.942781332898925
 20
-21.685564629388672
 10
-45.857084200129236
 20
-21.67884443730217
 10
-45.77155588005282
 20
-21.67172471011568
 10
-45.68619863953234
 20
-21.664202272855384
 10
-45.601014817857134
 20
-21.656273803001135
 10
-45.51600683170983
 20
-21.647935820408353
 10
-45.43117718060992
 20
-21.639184676263014
 10
-45.34652845289416
 20
-21.63001654094783
 10
-45.2620633323037
 20
-21.62042739067825
 10
-45.177784605258836
 20
-21.61041299274404
 10
-45.09369516891604
 20
-21.599968889164572
 10
-45.056370668374996
 20
-21.677718103942524
 10
-45.0189121150613
 20
-21.75540282266423
 10
-44.98131962042253
 20
-21.83302281420031
 10
-44.943593296304755
 20
-21.910577847613922
 10
-44.90573325495223
 20
-21.988067692161522
 10
-44.90573325495224
 20
-21.988067692161508
 10
-44.96606389209944
 20
-22.047568337749926
 10
-45.02617474670418
 20
-22.107483921340307
 10
-45.08606752020779
 20
-22.167809405849752
 10
-45.145743805963264
 20
-22.228539980748106
 10
-45.20520509706376
 20
-22.289671045602635
 10
-45.264452793411515
 20
-22.35119819521986
 10
-45.323488208119166
 20
-22.413117206191615
 10
-45.382312573321876
 20
-22.47542402467968
 10
-45.44092704546817
 20
-22.53811475529685
 10
-45.49933271014781
 20
-22.6011856509616
 10
-45.55753058650725
 20
-22.66463310361985
 10
-45.615521631296794
 20
-22.72845363574129
 10
-45.673306742587805
 20
-22.792643892509442
 10
-45.730886763193794
 20
-22.857200634634737
 10
-45.702785814960166
 20
-22.91333659142369
 10
-45.67461595828451
 20
-22.969438000595957
 10
-45.64637723563998
 20
-23.02550477756455
 10
-45.618069689603544
 20
-23.081536837794705
 10
-45.589693362855954
 20
-23.137534096804004
 10
-45.50354432048491
 20
-23.12969992643507
 10
-45.41756765567947
 20
-23.121482794343557
 10
-45.33176546946459
 20
-23.112880094953596
 10
-45.24613992279525
 20
-23.103889109515574
 10
-45.160693240294535
 20
-23.094506999078934
 10
-45.07542771431597
 20
-23.08473079685601
 10
-44.99034570936697
 20
-23.074557399907903
 10
-44.90544966693522
 20
-23.063983560073208
 10
-44.82074211076638
 20
-23.053005874049237
 10
-44.736225652648486
 20
-23.04162077252168
 10
-44.65190299876687
 20
-23.029824508222617
 10
-44.567776956703604
 20
-23.017613142777858
 10
-44.483850443167896
 20
-23.004982532181895
 10
-44.400126492557376
 20
-22.991928310711664
 10
-44.360402056667
 20
-23.068479129991527
 10
-44.32054563866614
 20
-23.144961315390265
 10
-44.28055735713656
 20
-23.22137463935629
 10
-44.24043733105232
 20
-23.297718874542888
 10
-44.20018567977948
 20
-23.373993793808896
 10
-44.20018567977948
 20
-23.3739937938089
 10
-44.25863667204639
 20
-23.435341932387335
 10
-44.31685508356883
 20
-23.497097973048078
 10
-44.374842771617715
 20
-23.559256934059345
 10
-44.43260147838211
 20
-23.621814056770976
 10
-44.49013283930578
 20
-23.684764789410536
 10
-44.5474383906147
 20
-23.748104772452187
 10
-44.60451957613375
 20
-23.81182982536832
 10
-44.66137775347589
 20
-23.875935934600868
 10
-44.71801419967628
 20
-23.94041924261228
 10
-44.77443011633326
 20
-24.005276037895257
 10
-44.83062663431029
 20
-24.0705027458363
 10
-44.88660481804559
 20
-24.13609592034206
 10
-44.94236566951047
 20
-24.20205223614873
 10
-44.99791013185217
 20
-24.268368481745025
 10
-44.9680769560203
 20
-24.323603348957906
 10
-44.93817597950475
 20
-24.378801542222337
 10
-44.90820724738877
 20
-24.433962978313158
 10
-44.878170804857774
 20
-24.48908757406063
 10
-44.848066697199236
 20
-24.544175246350573
 10
-44.762202968264994
 20
-24.53366564215616
 10
-44.67652344357109
 20
-24.522778622403077
 10
-44.59103030415925
 20
-24.511511648117413
 10
-44.50572579449189
 20
-24.49986206907007
 10
-44.420612226406966
 20
-24.487827116869198
 10
-44.335691983415856
 20
-24.475403897454107
 10
-44.25096752538318
 20
-24.4625893829227
 10
-44.16644139363301
 20
-24.449380402614686
 10
-44.08211621653249
 20
-24.435773633361777
 10
-43.99799471561144
 20
-24.421765588802433
 10
-43.91407971228569
 20
-24.407352607643357
 10
-43.83037413526214
 20
-24.392530840730828
 10
-43.74688102871711
 20
-24.377296236773123
 10
-43.66360356135385
 20
-24.36164452652831
 10
-43.62151762094031
 20
-24.436922892336383
 10
-43.579301896762615
 20
-24.5121285528373
 10
-43.53695651442201
 20
-24.587261284277425
 10
-43.494481599905434
 20
-24.662320863120073
 10
-43.45187727958527
 20
-24.737307066046235
 10
-43.45187727958527
 20
-24.737307066046245
 10
-43.508392079411884
 20
-24.800443347252735
 10
-43.56466172529885
 20
-24.863980100002948
 10
-43.620688228549895
 20
-24.92791240273573
 10
-43.676473478504704
 20
-24.992235553284594
 10
-43.73201925137545
 20
-25.05694505294097
 10
-43.78732721822566
 20
-25.1220365920642
 10
-43.84239895219566
 20
-25.18750603705164
 10
-43.89723593506279
 20
-25.25334941850821
 10
-43.95183956321337
 20
-25.319562920477953
 10
-44.00621115309188
 20
-25.386142870618425
 10
-44.06035194618476
 20
-25.453085731214934
 10
-44.114263113588365
 20
-25.52038809094494
 10
-44.16794576020455
 20
-25.588046657314305
 10
-44.221400928601945
 20
-25.656058249696958
 10
-44.189864386842686
 20
-25.710338591167027
 10
-44.1582612177509
 20
-25.764580167836556
 10
-44.12659146897631
 20
-25.81878289792273
 10
-44.09485518826902
 20
-25.872946699701306
 10
-44.063052423479455
 20
-25.927071491506734
 10
-43.977557075594326
 20
-25.913896620850142
 10
-43.89225758041859
 20
-25.900350245923974
 10
-43.80715619690067
 20
-25.886429896812565
 10
-43.72225525083908
 20
-25.872132994371245
 10
-43.6375571390501
 20
-25.85745684344513
 10
-43.55306433389706
 20
-25.84239862550032
 10
-43.468779388222025
 20
-25.82695539060081
 10
-43.38470494072687
 20
-25.811124048654843
 10
-43.30084372185745
 20
-25.79490135984346
 10
-43.217198560252484
 20
-25.778283924130754
 10
-43.13377238982875
 20
-25.761268169740084
 10
-43.050568257584644
 20
-25.743850340462025
 10
-42.96758933221857
 20
-25.726026481637998
 10
-42.88483891367385
 20
-25.707792424637415
 10
-42.84043218416642
 20
-25.781725510016557
 10
-42.79589799479857
 20
-25.8555818890002
 10
-42.75123647806951
 20
-25.929361341849116
 10
-42.706447766857195
 20
-26.003063649052937
 10
-42.66153199441807
 20
-26.07668859133083
 10
-42.66153199441808
 20
-26.076688591330814
 10
-42.7160559273855
 20
-26.14155193489088
 10
-42.770322370388726
 20
-26.206807932025736
 10
-42.824333486818446
 20
-26.27245172610614
 10
-42.87809131133717
 20
-26.338478675998335
 10
-42.931597759207115
 20
-26.4048843404098
 10
-42.984854634712704
 20
-26.471664463754383
 10
-43.03786363878777
 20
-26.538814963353374
 10
-43.09062637594056
 20
-26.606331917814842
 10
-43.14314436055761
 20
-26.67421155645609
 10
-43.195419022656
 20
-26.74245024965229
 10
-43.247451713144024
 20
-26.81104450001007
 10
-43.29924370864325
 20
-26.87999093427795
 10
-43.3507962159172
 20
-26.949286295916703
 10
-43.4021103759472
 20
-27.01892743826254
 10
-43.36890097782796
 20
-27.072200741265064
 10
-43.335626190184975
 20
-27.1254332261174
 10
-43.30228606318834
 20
-27.178624812558205
 10
-43.2688806471067
 20
-27.23177542038777
 10
-43.2354099923071
 20
-27.284884969468198
 10
-43.15036573669853
 20
-27.269057578185905
 10
-43.06552879279355
 20
-27.25286495332952
 10
-42.98090149526194
 20
-27.236304696431098
 10
-42.8964862489882
 20
-27.219374301925566
 10
-42.812285533448176
 20
-27.202071150502388
 10
-42.728301907465294
 20
-27.18439250188119
 10
-42.64453801438937
 20
-27.16633548694596
 10
-42.56099658774734
 20
-27.147897099162922
 10
-42.477680457422174
 20
-27.12907418519677
 10
-42.39459255642501
 20
-27.109863434626522
 10
-42.311735928335196
 20
-27.090261368647695
 10
-42.22911373549482
 20
-27.070264327629015
 10
-42.14672926805888
 20
-27.049868457370945
 10
-42.06458595401829
 20
-27.02906969388711
 10
-42.017901396059806
 20
-27.101585973352112
 10
-41.97109182545383
 20
-27.17402161954175
 10
-41.92415738146933
 20
-27.2463764169438
 10
-41.87709820374673
 20
-27.318650150286558
 10
-41.82991443229764
 20
-27.390842604539518
 10
-41.829914432297635
 20
-27.390842604539525
 10
-41.88239475002209
 20
-27.457370259357404
 10
-41.934605490862715
 20
-27.524282369914168
 10
-41.98654896820422
 20
-27.59157414921096
 10
-42.03822736006354
 20
-27.659241021636742
 10
-42.08964271890001
 20
-27.727278607611723
 10
-42.14079698047347
 20
-27.795682709721248
 10
-42.19169197186571
 20
-27.864449300160278
 10
-42.242329418763575
 20
-27.93357450933371
 10
-42.29271095208882
 20
-28.00305461548001
 10
-42.34283811404758
 20
-28.072886035203407
 10
-42.3927123636632
 20
-28.143065314815328
 10
-42.44233508184734
 20
-28.21358912239875
 10
-42.49170757605773
 20
-28.28445424051988
 10
-42.54083108458458
 20
-28.355657559521386
 10
-42.50598095805324
 20
-28.407872285576307
 10
-42.471066743067084
 20
-28.46004417962033
 10
-42.43608849226804
 20
-28.5121731629912
 10
-42.40104625839464
 20
-28.56425915709136
 10
-42.365940094281854
 20
-28.61630208338809
 10
-42.281429205774664
 20
-28.597837483458964
 10
-42.19713688740456
 20
-28.57901427399112
 10
-42.11306554730404
 20
-28.559830130284706
 10
-42.02921766711704
 20
-28.54028262277821
 10
-41.94559580658025
 20
-28.520369210539464
 10
-41.862202608501676
 20
-28.500087234192677
 10
-41.77904080418162
 20
-28.47943390821747
 10
-41.69611321932753
 20
-28.45840631254672
 10
-41.61342278052183
 20
-28.437001383379403
 10
-41.53097252231054
 20
-28.415215903112088
 10
-41.4487655949911
 20
-28.393046489277946
 10
-41.36680527318996
 20
-28.37048958236435
 10
-41.28509496533569
 20
-28.347541432359463
 10
-41.20363822415043
 20
-28.324198083852774
 10
-41.154721002035636
 20
-28.39522740258665
 10
-41.10568133542794
 20
-28.466172239172778
 10
-41.05651937023134
 20
-28.537032382534434
 10
-41.007235252713656
 20
-28.607807621846845
 10
-40.95782912950615
 20
-28.67849774653786
 10
-40.95782912950615
 20
-28.67849774653786
 10
-41.00821506066963
 20
-28.746625351404145
 10
-41.05831958882785
 20
-28.8151288422373
 10
-41.10814517512153
 20
-28.884003506299976
 10
-41.15769413881491
 20
-28.953244837930477
 10
-41.20696866757886
 20
-29.022848523498677
 10
-41.255970826775865
 20
-29.092810427822165
 10
-41.304702567868084
 20
-29.163126581866198
 10
-41.35316573605154
 20
-29.233793171576107
 10
-41.40136207720531
 20
-29.304806527712067
 10
-41.44929324423268
 20
-29.376163116574062
 10
-41.49696080286046
 20
-29.44785953151956
 10
-41.54436623695451
 20
-29.519892485189395
 10
-41.59151095340185
 20
-29.592258802367873
 10
-41.638396286603644
 20
-29.664955413412503
 10
-41.60193914690688
 20
-29.716061048144603
 10
-41.56541928182563
 20
-29.767121878442286
 10
-41.528836746422805
 20
-29.818137827318505
 10
-41.49219159585575
 20
-29.869108817853892
 10
-41.45548388537626
 20
-29.920034773196864
 10
-41.37158812279702
 20
-29.89895082792882
 10
-41.28792197733589
 20
-29.877515244089004
 10
-41.204487928258345
 20
-29.85572577299465
 10
-41.12128853156695
 20
-29.833580063438248
 10
-41.03832642478282
 20
-29.81107565532419
 10
-40.95560433214183
 20
-29.78820997275402
 10
-40.87312507025239
 20
-29.76498031649786
 10
-40.79089155426881
 20
-29.741383855780157
 10
-40.70890680464164
 20
-29.717417619298228
 10
-40.627173954516074
 20
-29.69307848537901
 10
-40.54569625785995
 20
-29.66836317116566
 10
-40.46447709841606
 20
-29.643268220707768
 10
-40.383519999589126
 20
-29.617789991809108
 10
-40.302828635395485
 20
-29.59192464146165
 10
-40.25172607337751
 20
-29.661398283185864
 10
-40.200503753478365
 20
-29.73078367562099
 10
-40.14916182809593
 20
-29.80008061232998
 10
-40.097700449983876
 20
-29.869288887138957
 10
-40.04611977225132
 20
-29.93840829413784
 10
-40.04611977225133
 20
-29.938408294137833
 10
-40.09436257171956
 20
-30.008069939994755
 10
-40.14231241430035
 20
-30.07809853840115
 10
-40.18997190650939
 20
-30.148489455440433
 10
-40.237343506614536
 20
-30.219238259759173
 10
-40.28442953538172
 20
-30.290340707850092
 10
-40.33123218577799
 20
-30.361792730763522
 10
-40.37775353175799
 20
-30.433590422074822
 10
-40.42399553624175
 20
-30.50573002695959
 10
-40.46996005837671
 20
-30.578207932249477
 10
-40.51564886016416
 20
-30.65102065735884
 10
-40.56106361251968
 20
-30.724164845986888
 10
-40.60620590082778
 20
-30.79763725851264
 10
-40.65107723004372
 20
-30.8714347650103
 10
-40.69567902938863
 20
-30.945554338821907
 10
-40.65765014645453
 20
-30.995501440830186
 10
-40.61955996188908
 20
-31.045401809325927
 10
-40.58140853312281
 20
-31.095255369071776
 10
-40.54319591767859
 20
-31.14506204490095
 10
-40.50492217317155
 20
-31.19482176171737
 10
-40.42172270025224
 20
-31.171138868465775
 10
-40.33876366929233
 20
-31.14711164779695
 10
-40.25604762829173
 20
-31.122737929220687
 10
-40.17357720513888
 20
-31.09801544215812
 10
-40.09135511258771
 20
-31.072941809730168
 10
-40.00938415366642
 20
-31.04751454200776
 10
-39.927667227566644
 20
-31.0217310286628
 10
-39.84620733606931
 20
-30.99558853094994
 10
-39.765007590571045
 20
-30.96908417293936
 10
-39.684071219785054
 20
-30.942214931908396
 10
-39.603401578201606
 20
-30.914977627786115
 10
-39.523002155406274
 20
-30.887368911527766
 10
-39.442876586371256
 20
-30.85938525227631
 10
-39.36302866285274
 20
-30.83102292314405
 10
-39.309790199359924
 20
-30.89887367659713
 10
-39.25643478045569
 20
-30.966632498995253
 10
-39.20296256488435
 20
-31.034299188740786
 10
-39.149373711737674
 20
-31.10187354451019
 10
-39.0956683804545
 20
-31.169355365254678
 10
-39.095668380454484
 20
-31.169355365254678
 10
-39.14172137643469
 20
-31.240483658958908
 10
-39.187470145062136
 20
-31.311969616792307
 10
-39.23291743570587
 20
-31.38380868814209
 10
-39.27806584325912
 20
-31.455996520250128
 10
-39.32291781933772
 20
-31.528528943837316
 10
-39.3674756823917
 20
-31.60140196012318
 10
-39.411741626861776
 20
-31.67461172907238
 10
-39.455717731492996
 20
-31.74815455872334
 10
-39.49940596690253
 20
-31.8220268954747
 10
-39.542808202485105
 20
-31.896225315222416
 10
-39.585926212728545
 20
-31.970746515254465
 10
-39.628761683002224
 20
-32.045587306822156
 10
-39.6713162148737
 20
-32.1207446083176
 10
-39.71359133100141
 20
-32.19621543899545
 10
-39.67402749531817
 20
-32.2449556876845
 10
-39.634403841062074
 20
-32.29364731899455
 10
-39.59472042797572
 20
-32.34229025951071
 10
-39.55497731589186
 20
-32.39088443589153
 10
-39.515174564733215
 20
-32.439429774869055
 10
-39.432751871590526
 20
-32.41317084530359
 10
-39.35058021263646
 20
-32.38657523258999
 10
-39.268662202140355
 20
-32.35964084653038
 10
-39.187000537334185
 20
-32.3323654993712
 10
-39.10559800358028
 20
-32.30474689974938
 10
-39.02445747998743
 20
-32.27678264611406
 10
-38.943581945525715
 20
-32.24847021956426
 10
-38.86297448569864
 20
-32.2198069760344
 10
-38.78263829983885
 20
-32.19079013774978
 10
-38.70257670910399
 20
-32.161416783862435
 10
-38.62279316526147
 20
-32.13168384016388
 10
-38.543291260363745
 20
-32.10158806775497
 10
-38.46407473743386
 20
-32.07112605053375
 10
-38.38514750229956
 20
-32.04029418133837
 10
-38.32982464210699
 20
-32.10645640529842
 10
-38.27438774211955
 20
-32.172523105375
 10
-38.21883696727443
 20
-32.23849408500493
 10
-38.16317248284757
 20
-32.30436914790978
 10
-38.107394454453285
 20
-32.37014809809654
 10
-38.10739445445329
 20
-32.370148098096536
 10
-38.151213093646135
 20
-32.44267422761765
 10
-38.194716529341235
 20
-32.51554838683071
 10
-38.23790765110114
 20
-32.5887661128291
 10
-38.28078918793404
 20
-32.66232313566106
 10
-38.32336371993391
 20
-32.736215364309125
 10
-38.36563368879082
 20
-32.81043887403059
 10
-38.407601407308576
 20
-32.88498989489442
 10
-38.44926906804618
 20
-32.95986480137357
 10
-38.490638751184086
 20
-33.035060102871554
 10
-38.531712431701955
 20
-33.11057243507856
 10
-38.572491985943124
 20
-33.18639855206646
 10
-38.61297919763138
 20
-33.26253531904376
 10
-38.65317576339715
 20
-33.33897970570173
 10
-38.69308329786312
 20
-33.415728780091364
 10
-38.65202278488657
 20
-33.46321502241842
 10
-38.61090399426625
 20
-33.51065081053417
 10
-38.569726987999076
 20
-33.55803607291726
 10
-38.528491828169734
 20
-33.60537073812247
 10
-38.48719857695061
 20
-33.6526547347809
 10
-38.40563240221697
 20
-33.62384517272001
 10
-38.32432761104182
 20
-33.59470689749927
 10
-38.24328688143478
 20
-33.565237901235314
 10
-38.16251297736195
 20
-33.53543608111635
 10
-38.08200875409943
 20
-33.505299233512076
 10
-38.001777164051205
 20
-33.47482504757319
 10
-37.92182126308387
 20
-33.444011098262706
 10
-37.842144217438516
 20
-33.41285483875277
 10
-37.76274931128856
 20
-33.38135359211113
 10
-37.683639955023175
 20
-33.34950454219025
 10
-37.604819694347526
 20
-33.31730472361817
 10
-37.52629222030585
 20
-33.284751010774805
 10
-37.44806138035091
 20
-33.25184010561812
 10
-37.37013119060338
 20
-33.21856852420183
 10
-37.31277745500532
 20
-33.28297821099018
 10
-37.25531270555508
 20
-33.347288873479755
 10
-37.19773711322314
 20
-33.41150032033195
 10
-37.14005084930976
 20
-33.47561236050337
 10
-37.08225408544445
 20
-33.53962480324636
 10
-37.08225408544445
 20
-33.53962480324636
 10
-37.123795976146496
 20
-33.61347860423809
 10
-37.165011992144834
 20
-33.68767046378826
 10
-37.20590516040005
 20
-33.762196011014055
 10
-37.24647834139519
 20
-33.83705106290095
 10
-37.286734241206254
 20
-33.912231610650934
 10
-37.326675422401195
 20
-33.98773380735599
 10
-37.366304313909396
 20
-34.06355395683656
 10
-37.40562321998267
 20
-34.139688503507614
 10
-37.44463432835235
 20
-34.21613402315444
 10
-37.48333971767231
 20
-34.2928872145162
 10
-37.52174136432618
 20
-34.3699448915889
 10
-37.559841148666536
 20
-34.447303976570986
 10
-37.59764086074528
 20
-34.52496149338449
 10
-37.635142205587286
 20
-34.602914561713185
 10
-37.592624738711876
 20
-34.64910085780564
 10
-37.55005059150165
 20
-34.69523491166569
 10
-37.50741982814784
 20
-34.74131665373467
 10
-37.46473251292703
 20
-34.78734601453275
 10
-37.42198871020109
 20
-34.83332292465911
 10
-37.34135796388271
 20
-34.80199060149345
 10
-37.26099869762092
 20
-34.770337853164996
 10
-37.1809136505749
 20
-34.73836275604734
 10
-37.10110565077092
 20
-34.70606329430484
 10
-37.02157762063649
 20
-34.67343735417181
 10
-36.942332583014604
 20
-34.640482717736106
 10
-36.86337366771198
 20
-34.60719705617082
 10
-36.78470411864413
 20
-34.57357792234968
 10
-36.70632730164808
 20
-34.53962274277268
 10
-36.62824671304516
 20
-34.50532880871712
 10
-36.55046598904805
 20
-34.47069326651639
 10
-36.47298891612193
 20
-34.43571310685329
 10
-36.39581944242714
 20
-34.40038515293637
 10
-36.31896169049193
 20
-34.36470604740537
 10
-36.25963256552344
 20
-34.427300884809895
 10
-36.200195560044186
 20
-34.489793293299925
 10
-36.14065085089256
 20
-34.552183086946606
 10
-36.080998615227365
 20
-34.614470080126324
 10
-36.021239030527354
 20
-34.67665408752138
 10
-36.02123903052735
 20
-34.67665408752138
 10
-36.06046398364229
 20
-34.75176411120102
 10
-36.09935270611028
 20
-34.8272018952558
 10
-36.137908359361575
 20
-34.902963165055226
 10
-36.176133932586716
 20
-34.97904382856878
 10
-36.214032255225796
 20
-35.055439963096184
 10
-36.25160600824551
 20
-35.13214780328576
 10
-36.288857734351005
 20
-35.20916373028522
 10
-36.32578984725772
 20
-35.28648426189133
 10
-36.36240464013131
 20
-35.364106043583895
 10
-36.39870429328893
 20
-35.4420258403448
 10
-36.4346908812425
 20
-35.520240529176434
 10
-36.47036637915424
 20
-35.59874709224473
 10
-36.50573266876577
 20
-35.67754261058169
 10
-36.540791543854674
 20
-35.75662425829036
 10
-36.49685825598366
 20
-35.80146592588964
 10
-36.45286993992135
 20
-35.846253613776405
 10
-36.40882666199118
 20
-35.890987254421965
 10
-36.36472848859946
 20
-35.9356667803791
 10
-36.32057548623529
 20
-35.9802921242822
 10
-36.24095817337175
 20
-35.94646735201088
 10
-36.16162217442354
 20
-35.91233075256445
 10
-36.08257028704935
 20
-35.877880488434485
 10
-36.00380540059969
 20
-35.84311463271165
 10
-35.92533050182629
 20
-35.80803116353983
 10
-35.84714868108667
 20
-35.77262795808973
 10
-35.76926313909983
 20
-35.736902785997465
 10
-35.6916771943174
 20
-35.70085330220584
 10
-35.61439429098383
 20
-35.66447703913676
 10
-35.53741800797008
 20
-35.627771398112884
 10
-35.4607520684786
 20
-35.59073363993369
 10
-35.38440035073232
 20
-35.55336087449618
 10
-35.30836689977957
 20
-35.5156500493328
 10
-35.23265594056789
 20
-35.4775979369174
 10
-35.171408823325656
 20
-35.53831736847554
 10
-35.110057063281516
 20
-35.59893106559684
 10
-35.04860084297067
 20
-35.65943884794201
 10
-34.9870403452391
 20
-35.71984053548687
 10
-34.92537575324305
 20
-35.78013594852292
 10
-34.92537575324306
 20
-35.780135948522904
 10
-34.96224582116208
 20
-35.85642953079346
 10
-34.998769627772326
 20
-35.93304025816884
 10
-35.03495046591524
 20
-36.009963956406324
 10
-35.07079145059704
 20
-36.087196628418184
 10
-35.106295531884605
 20
-36.16473444139683
 10
-35.14146550654972
 20
-36.24257371518964
 10
-35.17630402861338
 20
-36.3207109117726
 10
-35.2108136189195
 20
-36.399142625693116
 10
-35.24499667384963
 20
-36.47786557537076
 10
-35.27885547327487
 20
-36.55687659515981
 10
-35.31239218782846
 20
-36.63617262809035
 10
-35.34560888557141
 20
-36.71575071921535
 10
-35.37850753811463
 20
-36.79560800950069
 10
-35.411090026253014
 20
-36.875741730202584
 10
-35.36578342000503
 20
-36.919195387891335
 10
-35.32042349094548
 20
-36.962593380609356
 10
-35.275010307465855
 20
-37.005935642923255
 10
-35.22954393803795
 20
-37.049222109483665
 10
-35.18402445121375
 20
-37.09245271502537
 10
-35.10549759641326
 20
-37.056168216931006
 10
-35.02726161723376
 20
-37.0195807913219
 10
-34.949319367126954
 20
-36.98268868858523
 10
-34.8716737939723
 20
-36.945490072602155
 10
-34.79432794595627
 20
-36.90798301538214
 10
-34.7172849779612
 20
-36.87016549123243
 10
-34.640548158521845
 20
-36.83203537040993
 10
-34.56412087741562
 20
-36.79359041219518
 10
-34.488006653962266
 20
-36.754828257319204
 10
-34.41220914612008
 20
-36.7157464196641
 10
-34.33673216047928
 20
-36.67634227714542
 10
-34.261579663268655
 20
-36.63661306167038
 10
-34.1867557925112
 20
-36.596555848048396
 10
-34.112264871486374
 20
-36.55616754170979
 10
-34.049159014600754
 20
-36.614952825293
 10
-33.98595185385723
 20
-36.67362917120827
 10
-33.92264357731123
 20
-36.732196404880355
 10
-33.85923437331901
 20
-36.790654352058645
 10
-33.79572443053714
 20
-36.8490028388177
 10
-33.79572443053714
 20
-36.8490028388177
 10
-33.83020394385073
 20
-36.92640617056566
 10
-33.86432750017918
 20
-37.004115725330735
 10
-33.89809852058952
 20
-37.082127433296264
 10
-33.93152024289006
 20
-37.16043739618426
 10
-33.96459573492046
 20
-37.23904187478779
 10
-33.997327906551895
 20
-37.317937277713604
 10
-34.029719520553634
 20
-37.39712015118879
 10
-34.061773202459314
 20
-37.47658716980592
 10
-34.093491449548004
 20
-37.55633512809906
 10
-34.12487663903915
 20
-37.63636093285746
 10
-34.15593103558736
 20
-37.71666159609629
 10
-34.18665679815172
 20
-37.79723422861431
 10
-34.21705598630502
 20
-37.87807603407718
 10
-34.24713056603993
 20
-37.95918430357288
 10
-34.20049447263044
 20
-38.0012079127437
 10
-34.15380681337549
 20
-38.04317422553783
 10
-34.10706765866846
 20
-38.085083178680485
 10
-34.06027707898039
 20
-38.12693470898339
 10
-34.01343514485984
 20
-38.16872875334484
 10
-33.93607471778284
 20
-38.13001963233596
 10
-33.859014446629125
 20
-38.091016776535476
 10
-33.782257237882845
 20
-38.05171852591886
 10
-33.70580609510059
 20
-38.01212313693408
 10
-33.629664124954566
 20
-37.972228777321384
 10
-33.55383454379983
 20
-37.93203352048426
 10
-33.478320684824816
 20
-37.89153533936083
 10
-33.40312600585329
 20
-37.85073209973708
 10
-33.328254097875565
 20
-37.80962155293565
 10
-33.25370869439847
 20
-37.76820132780319
 10
-33.17949368171737
 20
-37.72646892190805
 10
-33.10561311022982
 20
-37.68442169184557
 10
-33.032071206930176
 20
-37.64205684253209
 10
-32.95887238924738
 20
-37.599371415348244
 10
-32.89396884355929
 20
-37.65616567999125
 10
-32.82896743096222
 20
-37.71284790912536
 10
-32.763868344849925
 20
-37.76941793410829
 10
-32.69867177890671
 20
-37.82587558663157
 10
-32.63337792710694
 20
-37.88222069872104
 10
-32.633377927106935
 20
-37.882220698721056
 10
-32.66543352911277
 20
-37.960658897221975
 10
-32.69712382282253
 20
-38.0393921004013
 10
-32.72845235421912
 20
-38.11841634680573
 10
-32.75942248078058
 20
-38.197727840738324
 10
-32.790037385151415
 20
-38.277322940210276
 10
-32.8203000874871
 20
-38.357198146062146
 10
-32.850213456632346
 20
-38.43735009211341
 10
-32.87978022027049
 20
-38.51777553621895
 10
-32.90900297416218
 20
-38.59847135212838
 10
-32.93788419057538
 20
-38.679434522058415
 10
-32.966426225995164
 20
-38.76066212989999
 10
-32.99463132819005
 20
-38.842151354992765
 10
-33.022501642702196
 20
-38.92389946640747
 10
-33.050039218820054
 20
-39.005903817684526
 10
-33.002118755657484
 20
-39.0464567232096
 10
-32.9541485335022
 20
-39.086950756382564
 10
-32.90612862468135
 20
-39.127385856148464
 10
-32.85805910159704
 20
-39.16776196154123
 10
-32.80994003672617
 20
-39.20807901168372
 10
-32.7338208785896
 20
-39.16698271633491
 10
-32.65801086629715
 20
-39.12560216308708
 10
-32.582512956553586
 20
-39.08393578310996
 10
-32.507330205686834
 20
-39.041981927105084
 10
-32.432465775849394
 20
-38.99973886031608
 10
-32.357922941757394
 20
-38.95720475710658
 10
-32.28370509802828
 20
-38.91437769505692
 10
-32.20981576718697
 20
-38.871255648523274
 10
-32.13625860842034
 20
-38.827836481595334
 10
-32.06303742717176
 20
-38.78411794037825
 10
-31.99015618568202
 20
-38.74009764451411
 10
-31.917619014598944
 20
-38.6957730778437
 10
-31.845430225798943
 20
-38.651141578094354
 10
-31.773594326586817
 20
-38.606200325459255
 10
-31.706955882084976
 20
-38.66094862637902
 10
-31.640223102303008
 20
-38.715581902336055
 10
-31.573396185785867
 20
-38.770099990784175
 10
-31.506475331358544
 20
-38.824502729519864
 10
-31.439460738125558
 20
-38.87878995668283
 10
-31.43946073812555
 20
-38.87878995668283
 10
-31.46906141709898
 20
-38.95818713804552
 10
-31.498287789877566
 20
-39.037867820349916
 10
-31.527143523929595
 20
-39.11782815433855
 10
-31.5556320931547
 20
-39.19806445056762
 10
-31.583756791923232
 20
-39.27857316778982
 10
-31.611520747753133
 20
-39.35935090246475
 10
-31.638926932789165
 20
-39.440394379260816
 10
-31.665978174225494
 20
-39.52170044243177
 10
-31.692677163793114
 20
-39.60326604796727
 10
-31.719026466416754
 20
-39.685088256430944
 10
-31.745028528132202
 20
-39.767164226410685
 10
-31.770685683342844
 20
-39.84949120851584
 10
-31.796000161484514
 20
-39.93206653986421
 10
-31.820974093158924
 20
-40.01488763900892
 10
-31.77181562019649
 20
-40.053930608571214
 10
-31.722609243232682
 20
-40.09291318676118
 10
-31.67335503645849
 20
-40.13183531480276
 10
-31.624053074137002
 20
-40.17069693401107
 10
-31.574703430603336
 20
-40.20949798579244
 10
-31.499899181776627
 20
-40.16605427411527
 10
-31.425412769636228
 20
-40.12233605643284
 10
-31.351247198247094
 20
-40.078341856626864
 10
-31.27740557375171
 20
-40.034070121248035
 10
-31.20389111072368
 20
-39.989519214721625
 10
-31.130707139072122
 20
-39.94468741413758
 10
-31.057857111559432
 20
-39.89957290357827
 10
-30.985344612003885
 20
-39.85417376792977
 10
-30.913173364248824
 20
-39.80848798611513
 10
-30.841347241992707
 20
-39.76251342367855
 10
-30.76987027958851
 20
-39.716247824638636
 10
-30.698746683938197
 20
-39.66968880251589
 10
-30.62798084762876
 20
-39.6228338304242
 10
-30.557577363480338
 20
-39.5756802300973
 10
-30.48926848855602
 20
-39.62832960184854
 10
-30.420868901243725
 20
-39.68086107046245
 10
-30.352378805047525
 20
-39.733274479646184
 10
-30.283798403740743
 20
-39.785569673458106
 10
-30.21512790136542
 20
-39.83774649630836
 10
-30.215127901365445
 20
-39.837746496308334
 10
-30.2422450205613
 20
-39.91802584888759
 10
-30.268979197780588
 20
-39.99857692440303
 10
-30.295334218428984
 20
-40.0793959895169
 10
-30.321313669466914
 20
-40.16047946460782
 10
-30.34692095380349
 20
-40.24182391259593
 10
-30.37215930329345
 20
-40.32342602885255
 10
-30.397031790506244
 20
-40.405282632063745
 10
-30.42154133941175
 20
-40.48739065593507
 10
-30.445690735107217
 20
-40.5697471416411
 10
-30.469482632692753
 20
-40.65234923093613
 10
-30.49291956538847
 20
-40.735194159853876
 10
-30.516003951974234
 20
-40.81827925293323
 10
-30.538738103622737
 20
-40.901601917915215
 10
-30.561124230187723
 20
-40.985159640863095
 10
-30.51077530507317
 20
-41.02265490291111
 10
-30.46038037729262
 20
-41.060088312991326
 10
-30.409939522829088
 20
-41.09745981466345
 10
-30.35945281773486
 20
-41.13476935158055
 10
-30.30892033813133
 20
-41.17201686748913
 10
-30.23550336689406
 20
-41.12626776846889
 10
-30.162412615698827
 20
-41.080254180903985
 10
-30.089651133064535
 20
-41.033974722816126
 10
-30.017222071943237
 20
-40.98742793810808
 10
-29.945128696219736
 20
-40.940612291969046
 10
-29.87337438777468
 20
-40.89352616588211
 10
-29.801962654175096
 20
-40.846167852188444
 10
-29.73089713706547
 20
-40.798535548156764
 10
-29.660181621343085
 20
-40.75062734949877
 10
-29.589820045213894
 20
-40.70244124326261
 10
-29.5198165112401
 20
-40.65397510002599
 10
-29.450175298507894
 20
-40.605226665297856
 10
-29.38090087606531
 20
-40.556193550023245
 10
-29.31199791780457
 20
-40.50687322006748
 10
-29.242084696882614
 20
-40.55737272778334
 10
-29.172084474223198
 20
-40.607751568250926
 10
-29.101997458092644
 20
-40.658009591581944
 10
-29.031823857015475
 20
-40.708146648247535
 10
-28.961563879773845
 20
-40.75816258907875
 10
-28.961563879773838
 20
-40.75816258907876
 10
-28.986171205130617
 20
-40.83924644778573
 10
-29.01038732320076
 20
-40.92058998854897
 10
-29.034216133665158
 20
-41.002189597562165
 10
-29.057661333074886
 20
-41.08404180848949
 10
-29.080726429585727
 20
-41.16614329174364
 10
-29.103414756262612
 20
-41.24849084480467
 10
-29.125729483127156
 20
-41.33108138345399
 10
-29.147673628096193
 20
-41.41391193381546
 10
-29.169250066938837
 20
-41.49697962511102
 10
-29.190461542361927
 20
-41.580281683050785
 10
-29.21131067231918
 20
-41.66381542378825
 10
-29.231799957626933
 20
-41.74757824838022
 10
-29.251931788958814
 20
-41.83156763769876
 10
-29.271708453282706
 20
-41.91578114774933
 10
-29.22021778534934
 20
-41.95169242803863
 10
-29.168683060589967
 20
-41.98754045560245
 10
-29.117104356706133
 20
-42.02332517639085
 10
-29.065481751465697
 20
-42.05904653644938
 10
-29.013815322702733
 20
-42.09470448191911
 10
-28.941856655233018
 20
-42.04669425485444
 10
-28.87023227556424
 20
-41.99842981258128
 10
-28.798945273720015
 20
-41.94990986859834
 10
-28.727998846411683
 20
-41.9011330655691
 10
-28.657396303677643
 20
-41.85209797093156
 10
-28.587141076098334
 20
-41.802803072127695
 10
-28.517236722652054
 20
-41.75324677140958
 10
-28.447686939286466
 20
-41.70342738017259
 10
-28.378495568291125
 20
-41.653343112759345
 10
-28.30966660856954
 20
-41.60299207966935
 10
-28.241204226924157
 20
-41.55237228009946
 10
-28.173112770485673
 20
-41.50148159372817
 10
-28.10539678043964
 20
-41.45031777164291
 10
-28.038061007228674
 20
-41.39887842629222
 10
-27.96661107683504
 20
-41.447179214960435
 10
-27.895077939523034
 20
-41.49535668900721
 10
-27.823461808119735
 20
-41.54341070509381
 10
-27.751762895699123
 20
-41.591341120248785
 10
-27.6799814155815
 20
-41.63914779186844
 10
-27.679981415581494
 20
-41.639147791868446
 10
-27.702055141101155
 20
-41.720957713306554
 10
-27.723729772491893
 20
-41.80301502469538
 10
-27.745009319937125
 20
-41.88531623525623
 10
-27.76589758600241
 20
-41.96785799529221
 10
-27.786398180696278
 20
-42.05063708592979
 10
-27.806514535069326
 20
-42.13365040985598
 10
-27.82624991352855
 20
-42.21689498293132
 10
-27.845607425018105
 20
-42.300367926574985
 10
-27.86459003319684
 20
-42.38406646083357
 10
-27.883200565724934
 20
-42.467987898057004
 10
-27.901441722757014
 20
-42.55212963711498
 10
-27.919316084726493
 20
-42.63648915809649
 10
-27.936826119495127
 20
-42.72106401744179
 10
-27.95397418893245
 20
-42.805851843462925
 10
-27.90139159207603
 20
-42.84014440014913
 10
-27.84876692685572
 20
-42.87437236454508
 10
-27.796100272616425
 20
-42.90853568504352
 10
-27.743391708766367
 20
-42.94263431013465
 10
-27.690641314776975
 20
-42.976668188406215
 10
-27.620210566438214
 20
-42.92644328009112
 10
-27.55012185025743
 20
-42.87597467584049
 10
-27.48037829477356
 20
-42.82526118587466
 10
-27.41098313736461
 20
-42.774301552930964
 10
-27.34193973102034
 20
-42.72309444808207
 10
-27.273251551702092
 20
-42.67163846619223
 10
-27.20492220635638
 20
-42.61993212097008
 10
-27.13695544165843
 20
-42.56797383957127
 10
-27.069355153572918
 20
-42.51576195669685
 10
-27.002125397832216
 20
-42.46329470812565
 10
-26.935270401447923
 20
-42.410570223609355
 10
-26.868794575389643
 20
-42.35758651904725
 10
-26.80270252858716
 20
-42.304341487844844
 10
-26.736999083437738
 20
-42.250832891343684
 10
-26.664081566765567
 20
-42.29688823307068
 10
-26.591084718491427
 20
-42.342817732102
 10
-26.518008755797258
 20
-42.388621251787136
 10
-26.444853896100376
 20
-42.43429865585037
 10
-26.371620357052844
 20
-42.47984980839123
 10
-26.371620357052837
 20
-42.47984980839122
 10
-26.39113912783155
 20
-42.562306646745085
 10
-26.410251303736846
 20
-42.644998343610325
 10
-26.428961001575075
 20
-42.727921534612946
 10
-26.447272126247547
 20
-42.81107298993564
 10
-26.465188386123085
 20
-42.89444960453265
 10
-26.482713306918637
 20
-42.97804838929443
 10
-26.499850244268472
 20
-43.0618664630476
 10
-26.516602395136356
 20
-43.145901045291495
 10
-26.532972808203745
 20
-43.23014944958681
 10
-26.548964393348566
 20
-43.314609077523365
 10
-26.56457993031412
 20
-43.399277413203514
 10
-26.579822076654526
 20
-43.4841520181863
 10
-26.594693375032143
 20
-43.56923052684412
 10
-26.609196259933206
 20
-43.65451064209009
 10
-26.5555726044202
 20
-43.68715129933934
 10
-26.501908909703843
 20
-43.71972608722246
 10
-26.448205256695644
 20
-43.752234956624754
 10
-26.39446172636736
 20
-43.78467785853092
 10
-26.340678399750885
 20
-43.81705474402516
 10
-26.2718437077434
 20
-43.764663743814694
 10
-26.203358461356917
 20
-43.712039802701746
 10
-26.13522582461901
 20
-43.65918182877929
 10
-26.067449072442418
 20
-43.60608866607483
 10
-26.000031597524455
 20
-43.5527590905814
 10
-25.93297691784461
 20
-43.499191805944804
 10
-25.8662886848281
 20
-43.44538543876822
 10
-25.799970692253073
 20
-43.39133853348916
 10
-25.73402688599022
 20
-43.33704954677819
 10
-25.668461374677115
 20
-43.28251684140025
 10
-25.60327844144515
 20
-43.22773867947116
 10
-25.538482556835515
 20
-43.1727132150305
 10
-25.47407839306338
 20
-43.117438485839855
 10
-25.410070839815287
 20
-43.06191240429956
 10
-25.335756279852657
 20
-43.10567774351665
 10
-25.26136634035266
 20
-43.149314833708516
 10
-25.186901242641994
 20
-43.192823545045066
 10
-25.112361208270965
 20
-43.236203748078154
 10
-25.037746459012837
 20
-43.27945531374199
 10
-25.03774645901283
 20
-43.279455313742
 10
-25.05469139190047
 20
-43.3624792973459
 10
-25.071222622524473
 20
-43.44572538081138
 10
-25.08734437033139
 20
-43.52919032942399
 10
-25.10306063878053
 20
-43.61287103637061
 10
-25.118375231013413
 20
-43.69676451343723
 10
-25.13329176400243
 20
-43.78086788260949
 10
-25.14781368136276
 20
-43.86517836846744
 10
-25.161944264984935
 20
-43.94969329128053
 10
-25.175686645623596
 20
-44.034410060722514
 10
-25.189043812559312
 20
-44.1193261701369
 10
-25.202018622434853
 20
-44.20443919129268
 10
-25.214613807353988
 20
-44.28974676957795
 10
-25.22683198231986
 20
-44.375246619585894
 10
-25.238675652080172
 20
-44.4609365210529
 10
-25.18406281533406
 20
-44.49189370113738
 10
-25.12941200728048
 20
-44.52278379850419
 10
-25.074723310319264
 20
-44.55360676657875
 10
-25.01999680690738
 20
-44.58436255888767
 10
-24.965232579558783
 20
-44.61505112905887
 10
-24.898060537001474
 20
-44.56054472186213
 10
-24.831245015462112
 20
-44.50581635415123
 10
-24.76478921139594
 20
-44.450865032948144
 10
-24.698696434082144
 20
-44.39568970468886
 10
-24.632970112643388
 20
-44.34028925147093
 10
-24.567613803673876
 20
-44.2846624869759
 10
-24.502631199545025
 20
-44.22880815203008
 10
-24.438026137467652
 20
-44.17272490976108
 10
-24.373802609401107
 20
-44.11641134030201
 10
-24.309964772913315
 20
-44.05986593498783
 10
-24.246516963111798
 20
-44.00308708997982
 10
-24.183463705784398
 20
-43.94607309924369
 10
-24.120809731911578
 20
-43.88882214679545
 10
-24.058559993738726
 20
-43.8313322981138
 10
-23.98292028502287
 20
-43.872765294681834
 10
-23.90720922175908
 20
-43.914067759967736
 10
-23.831427029204704
 20
-43.95523957108745
 10
-23.755573932828685
 20
-43.99628060554563
 10
-23.679650158310956
 20
-44.037190741236024
 10
-23.67965015831095
 20
-44.037190741236024
 10
-23.694004860179316
 20
-44.120701549747835
 10
-23.70793915262405
 20
-44.20442148460419
 10
-23.721457353649857
 20
-44.2883474438795
 10
-23.73456356140096
 20
-44.37247644677052
 10
-23.74726167011228
 20
-44.45680562478586
 10
-23.75955538451246
 20
-44.54133221379064
 10
-23.771448232866124
 20
-44.62605354680341
 10
-23.782943578815544
 20
-44.71096704745619
 10
-23.794044632159753
 20
-44.79607022404175
 10
-23.804754458690013
 20
-44.88136066408233
 10
-23.815075989184944
 20
-44.966836029362696
 10
-23.825012027654857
 20
-45.05249405137798
 10
-23.834565258913795
 20
-45.13833252715306
 10
-23.843738255547777
 20
-45.22434931539565
 10
-23.788189071960993
 20
-45.25359306924296
 10
-23.732604021697416
 20
-45.282768591919286
 10
-23.676983188565483
 20
-45.31187583943515
 10
-23.621326656427584
 20
-45.34091476790409
 10
-23.565634509199946
 20
-45.369885333542605
 10
-23.500190100705748
 20
-45.31331625078831
 10
-23.435108943715385
 20
-45.25653640264065
 10
-23.3703942640194
 20
-45.19954489601122
 10
-23.306049402061923
 20
-45.14234078076377
 10
-23.24207782007349
 20
-45.084923046181835
 10
-23.17848310982227
 20
-45.02729061713041
 10
-23.115269001053736
 20
-44.969442349877134
 10
-23.052439370699133
 20
-44.91137702753301
 10
-22.98999825294448
 20
-44.85309335506733
 10
-22.927949850265904
 20
-44.794589953844635
 10
-22.86629854555311
 20
-44.73586535562325
 10
-22.805048915462173
 20
-44.676917995945495
 10
-22.744205745161953
 20
-44.617746206838646
 10
-22.68377404466569
 20
-44.55834820873134
 10
-22.606882363729675
 20
-44.59740877890203
 10
-22.52992342226608
 20
-44.63633666181428
 10
-22.452897449244972
 20
-44.67513174164894
 10
-22.37580467383582
 20
-44.71379390298196
 10
-22.29864532540687
 20
-44.75232303078478
 10
-22.298645325406902
 20
-44.752323030784765
 10
-22.310395909009024
 20
-44.83623987289073
 10
-22.32171978274648
 20
-44.92035266550793
 10
-22.332621359004744
 20
-45.00465844250061
 10
-22.343104826648265
 20
-45.08915435195912
 10
-22.35317416723794
 20
-45.173837647889755
 10
-22.362833169674577
 20
-45.25870568271127
 10
-22.37208544345888
 20
-45.34375590046081
 10
-22.38093443073075
 20
-45.42898583062544
 10
-22.38938341722834
 20
-45.51439308252753
 10
-22.397435542287663
 20
-45.59997534020197
 10
-22.40509380798784
 20
-45.685730357711364
 10
-22.412361087533014
 20
-45.771655954852484
 10
-22.41924013295077
 20
-45.85775001321319
 10
-22.425733582176605
 20
-45.944010472544036
 10
-22.36930179199668
 20
-45.97151250871102
 10
-22.312836274469333
 20
-45.998945231262915
 10
-22.25633711473052
 20
-46.02630859883799
 10
-22.19980439796694
 20
-46.0536025701791
 10
-22.143238209415877
 20
-46.08082710413372
 10
-22.079584748223347
 20
-46.02225007275598
 10
-22.016300917598173
 20
-45.963473675007556
 10
-21.953389969545448
 20
-45.90449711855371
 10
-21.890855272442582
 20
-45.84531955760513
 10
-21.82870031827851
 20
-45.78594008960914
 10
-21.76692873052055
 20
-45.7263577516543
 10
-21.70554427267995
 20
-45.66657151655607
 10
-21.644550857657695
 20
-45.60658028858608
 10
-21.58395255796367
 20
-45.54638289880272
 10
-21.523753616916565
 20
-45.48597809993381
 10
-21.463958460948124
 20
-45.425364560755156
 10
-21.40457171315502
 20
-45.364540859899215
 10
-21.345598208265166
 20
-45.30350547901817
 10
-21.287043009212795
 20
-45.2422567952122
 10
-21.208973743791958
 20
-45.27890715040661
 10
-21.130841376934114
 20
-45.31542279073261
 10
-21.052646141100528
 20
-45.351803607548014
 10
-20.974388268939492
 20
-45.38804949261175
 10
-20.896067993285673
 20
-45.42416033808421
 10
-20.89606799328566
 20
-45.42416033808421
 10
-20.905203090690797
 20
-45.50840202965926
 10
-20.91390559060448
 20
-45.5928263063428
 10
-20.922179995524235
 20
-45.677430340658425
 10
-20.930030580982294
 20
-45.762211412349096
 10
-20.93746141201361
 20
-45.8471669005754
 10
-20.944476358025675
 20
-45.93229427687106
 10
-20.951079106263276
 20
-46.01759109876459
 10
-20.957273174033922
 20
-46.10305500398813
 10
-20.963061919836125
 20
-46.18868370520648
 10
-20.968448553513557
 20
-46.27447498520772
 10
-20.973436145541505
 20
-46.36042669250508
 10
-20.978027635538336
 20
-46.446536737306225
 10
-20.982225840082737
 20
-46.532803087811395
 10
-20.986033459907674
 20
-46.61922376680714
 10
-20.928773657247024
 20
-46.64495747884998
 10
-20.871482299197343
 20
-46.67062086189011
 10
-20.81415947213976
 20
-46.6962138772335
 10
-20.756805262502855
 20
-46.721736486292265
 10
-20.699419756762516
 20
-46.74718865058465
 10
-20.637618823484363
 20
-46.686660340078184
 10
-20.57619354224339
 20
-46.625944255097814
 10
-20.515147188113133
 20
-46.56503970482897
 10
-20.45448315414559
 20
-46.503945948647555
 10
-20.394204958709818
 20
-46.44266219303784
 10
-20.334316253466817
 20
-46.38118758824349
 10
-20.274820832052658
 20
-46.31952122462152
 10
-20.215722639552588
 20
-46.257662128664265
 10
-20.157025782860465
 20
-46.19560925865005
 10
-20.098734542032407
 20
-46.13336149987665
 10
-20.040853382759902
 20
-46.07091765942521
 10
-19.983386970107688
 20
-46.00827646039342
 10
-19.926340183685447
 20
-45.945436535527286
 10
-19.869718134450327
 20
-45.88239642016855
 10
-19.790546811516936
 20
-45.91660110353506
 10
-19.711316607283678
 20
-45.95066917475112
 10
-19.632027757478124
 20
-45.98460053245661
 10
-19.55268049800231
 20
-46.01839507569815
 10
-19.473275064932082
 20
-46.05205270392944
 10
-19.47327506493207
 20
-46.052052703929434
 10
-19.479785838523465
 20
-46.13653774657764
 10
-19.485858545506744
 20
-46.221191832292284
 10
-19.491497774135635
 20
-46.3060122749917
 10
-19.496707882473817
 20
-46.39099648870317
 10
-19.50149301509768
 20
-46.47614198027706
 10
-19.505857118177943
 20
-46.56144634280819
 10
-19.50980395313636
 20
-46.64690724967931
 10
-19.513337109045242
 20
-46.73252244915306
 10
-19.51646001391436
 20
-46.81828975944948
 10
-19.5191759449897
 20
-46.90420706425485
 10
-19.521488038172265
 20
-46.990272308614486
 10
-19.52339929665071
 20
-47.076483495168645
 10
-19.52491259883
 20
-47.16283868069557
 10
-19.526030705627768
 20
-47.24933597293068
 10
-19.467998285647397
 20
-47.273276465144974
 10
-19.409936512764197
 20
-47.29714568100768
 10
-19.351845474520886
 20
-47.32094358452994
 10
-19.293725258504317
 20
-47.34467013983044
 10
-19.23557595234533
 20
-47.368325311135436
 10
-19.17568733539315
 20
-47.305904278731504
 10
-19.11618002852888
 20
-47.24330724541012
 10
-19.057057326726095
 20
-47.18053362254522
 10
-18.998322644428807
 20
-47.117582775394396
 10
-18.93997952298242
 20
-47.054454020246546
 10
-18.88203163870885
 20
-46.991146621322564
 10
-18.824482811698903
 20
-46.92765978740099
 10
-18.76733701540546
 20
-46.86399266813671
 10
-18.710598387133217
 20
-46.80014435003575
 10
-18.654271239535024
 20
-46.73611385204426
 10
-18.59836007324186
 20
-46.671900120702816
 10
-18.54286959077337
 20
-46.60750202480963
 10
-18.487804711900285
 20
-46.54291834952725
 10
-18.433170590658182
 20
-46.47814778985598
 10
-18.352973803353976
 20
-46.5098737105725
 10
-18.2727224118509
 20
-46.541461254019964
 10
-18.19241665491477
 20
-46.57291032621839
 10
-18.112056771473167
 20
-46.604220833599754
 10
-18.031643000614704
 20
-46.635392683008284
 10
-18.031643000614693
 20
-46.635392683008284
 10
-18.03552315163939
 20
-46.720039342907256
 10
-18.03896019074046
 20
-46.80484134029237
 10
-18.041958787488984
 20
-46.88979613307532
 10
-18.044523378263964
 20
-46.97490127206945
 10
-18.046658183173594
 20
-47.06015439422685
 10
-18.04836722133419
 20
-47.14555321653198
 10
-18.049654324705497
 20
-47.23109553047271
 10
-18.050523150652463
 20
-47.316779197020544
 10
-18.050977193379723
 20
-47.40260214206151
 10
-18.051019794365068
 20
-47.488562352227504
 10
-18.050654151901405
 20
-47.574657871083936
 10
-18.049883329842327
 20
-47.66088679563596
 10
-18.048710265634384
 20
-47.747247273119825
 10
-18.04713777770887
 20
-47.833737498050404
 10
-17.98838888302714
 20
-47.855861609556094
 10
-17.92961286632583
 20
-47.87791356631659
 10
-17.87080981622454
 20
-47.899893335083036
 10
-17.811979821383666
 20
-47.92180088271538
 10
-17.753122970504222
 20
-47.9436361761825
 10
-17.695204608247074
 20
-47.87938281019855
 10
-17.637672845235688
 20
-47.814965387123124
 10
-17.58053099315599
 20
-47.75038342108811
 10
-17.52378248454076
 20
-47.685636383846884
 10
-17.46743088028572
 20
-47.62072370215441
 10
-17.41147987781711
 20
-47.555644754920586
 10
-17.355933319984775
 20
-47.490398870111015
 10
-17.300795204765173
 20
-47.42498532136571
 10
-17.246069695871252
 20
-47.3594033243022
 10
-17.191761134380403
 20
-47.29365203246409
 10
-17.137874051509005
 20
-47.227730532870524
 10
-17.084413182682226
 20
-47.161637841114626
 10
-17.031383483072304
 20
-47.095372895950774
 10
-16.97879014480702
 20
-47.02893455330031
 10
-16.897645478344298
 20
-47.05815101858753
 10
-16.81645053760972
 20
-47.08722747535817
 10
-16.735205564176397
 20
-47.116163837103294
 10
-16.653910799766265
 20
-47.14496001773072
 10
-16.57256648624943
 20
-47.17361593156541
 10
-16.57256648624942
 20
-47.173615931565415
 10
-16.573812260911897
 20
-47.258342318538524
 10
-16.57461030701741
 20
-47.34321018713848
 10
-16.574965370936873
 20
-47.428217141729675
 10
-16.57488196307271
 20
-47.513360872280906
 10
-16.57436437498223
 20
-47.598639148132115
 10
-16.573416694839107
 20
-47.68404981236605
 10
-16.57204282143392
 20
-47.769590776712334
 10
-16.57024647688598
 20
-47.85526001692065
 10
-16.56803121821437
 20
-47.941055568549636
 10
-16.56540044789601
 20
-48.02697552312456
 10
-16.562357423521604
 20
-48.11301802462368
 10
-16.55890526664556
 20
-48.199181266258094
 10
-16.55504697091424
 20
-48.28546348751442
 10
-16.550785409545952
 20
-48.37186297143372
 10
-16.49137687592424
 20
-48.3921492985818
 10
-16.431943477404978
 20
-48.412362662396134
 10
-16.37248530359895
 20
-48.43250303240001
 10
-16.313002444154307
 20
-48.45257037822674
 10
-16.253494988756422
 20
-48.472564669619764
 10
-16.19760291346919
 20
-48.40654113103764
 10
-16.14210235257577
 20
-48.34036563790467
 10
-16.086996631270594
 20
-48.27403780758072
 10
-16.03228919685447
 20
-48.207557218826
 10
-15.977983626328484
 20
-48.140923409416125
 10
-15.924083634646191
 20
-48.07413587355086
 10
-15.870593083698745
 20
-48.007194059033
 10
-15.817515992118421
 20
-47.940097364190414
 10
-15.76485654599829
 20
-47.87284513451096
 10
-15.712619110640562
 20
-47.8054366589546
 10
-15.660808243463359
 20
-47.737871165902305
 10
-15.60942870821617
 20
-47.67014781869443
 10
-15.558485490678914
 20
-47.602265710703904
 10
-15.507983816048537
 20
-47.53422385987991
 10
-15.425969772651449
 20
-47.56090260469458
 10
-15.343909833546645
 20
-47.58743984519434
 10
-15.26180424288079
 20
-47.61383550242499
 10
-15.179653244936363
 20
-47.640089497853516
 10
-15.097457084130951
 20
-47.66620175336843
 10
-15.097457084130982
 20
-47.666201753368426
 10
-15.09606727722471
 20
-47.750925900108236
 10
-15.094225558276596
 20
-47.835777535741286
 10
-15.091936745865588
 20
-47.92075441340223
 10
-15.089205420054004
 20
-48.00585436445018
 10
-15.086035939696469
 20
-48.091075292770924
 10
-15.082432458068961
 20
-48.17641516963219
 10
-15.078398937021072
 20
-48.261872029025575
 10
-15.07393915982556
 20
-48.34744396343735
 10
-15.069056742874766
 20
-48.433129119999165
 10
-15.063755146353088
 20
-48.51892569697603
 10
-15.05803768399748
 20
-48.6048319405546
 10
-15.051907532043296
 20
-48.69084614189987
 10
-15.045367737440536
 20
-48.776966634452045
 10
-15.03842122541487
 20
-48.86319179143941
 10
-14.978410526772613
 20
-48.881620708518525
 10
-14.918377244410024
 20
-48.89997592426268
 10
-14.85832146884237
 20
-48.918257410996745
 10
-14.798243290618831
 20
-48.9364651411568
 10
-14.738142800322374
 20
-48.95459908729011
 10
-14.684331083978169
 20
-48.886869249619345
 10
-14.63091541841093
 20
-48.81899970694455
 10
-14.577899139106695
 20
-48.75099018022379
 10
-14.525285704799245
 20
-48.68284035563161
 10
-14.473078705134528
 20
-48.61454988241145
 10
-14.421281868999426
 20
-48.54611837054231
 10
-14.369899073590284
 20
-48.47754538819833
 10
-14.318934354307412
 20
-48.40883045897736
 10
-14.268391915574234
 20
-48.33997305887077
 10
-14.21827614269463
 20
-48.270972612942735
 10
-14.168591614879471
 20
-48.2018284916826
 10
-14.119343119593927
 20
-48.13254000698734
 10
-14.070535668402188
 20
-48.063106407725506
 10
-14.022174514515326
 20
-47.99352687482424
 10
-13.939370437474064
 20
-48.017642089203775
 10
-13.85652488769036
 20
-48.04161444036636
 10
-13.773638111648244
 20
-48.06544385698889
 10
-13.690710355954394
 20
-48.08913026817353
 10
-13.60774186733742
 20
-48.1126736034479
 10
-13.607741867337413
 20
-48.112673603447895
 10
-13.603717823410813
 20
-48.19731354481427
 10
-13.59923812115321
 20
-48.28206685900298
 10
-13.59430764668992
 20
-48.36693145009268
 10
-13.588931045312235
 20
-48.45190529293081
 10
-13.583112738955194
 20
-48.53698642797684
 10
-13.576856941979047
 20
-48.62217295664617
 10
-13.570167675459567
 20
-48.70746303709434
 10
-13.563048780162887
 20
-48.79285488038959
 10
-13.555503928355991
 20
-48.87834674702915
 10
-13.547536634583228
 20
-48.9639369437608
 10
-13.539150265521993
 20
-49.049623820676345
 10
-13.530348049015775
 20
-49.13540576854781
 10
-13.521133082370486
 20
-49.2212812163813
 10
-13.511508339989195
 20
-49.307248629166104
 10
-13.450953532801599
 20
-49.323802307389194
 10
-13.390378444919184
 20
-49.34028161757737
 10
-13.32978316767412
 20
-49.35668653488391
 10
-13.26916779242903
 20
-49.373017034574296
 10
-13.208532410576833
 20
-49.38927309202618
 10
-13.156853112535842
 20
-49.319902479510446
 10
-13.105574018501429
 20
-49.25040454669309
 10
-13.054698471024356
 20
-49.180779118400295
 10
-13.004229936925292
 20
-49.11102598852456
 10
-12.954172015022282
 20
-49.041144918116494
 10
-12.904528444528086
 20
-48.97113563331161
 10
-12.8553031141933
 20
-48.90099782307321
 10
-12.806500072282285
 20
-48.830731136729995
 10
-12.7581235374813
 20
-48.76033518128378
 10
-12.710177910853409
 20
-48.68980951845921
 10
-12.662667788972126
 20
-48.61915366146293
 10
-12.615597978386752
 20
-48.548367071414305
 10
-12.56897351159738
 20
-48.47744915340416
 10
-12.522799664747062
 20
-48.40639925212998
 10
-12.43928566165835
 20
-48.42792760616194
 10
-12.355734648914666
 20
-48.44931187628581
 10
-12.272146875098949
 20
-48.470551998878655
 10
-12.188522588903506
 20
-48.49164791074632
 10
-12.10486203912928
 20
-48.5125995491238
 10
-12.104862039129271
 20
-48.512599549123806
 10
-12.098207651184957
 20
-48.59707340143985
 10
-12.09109429944048
 20
-48.68164640082645
 10
-12.083526932840522
 20
-48.76631660433392
 10
-12.075510257411327
 20
-48.851082132257226
 10
-12.06704875389041
 20
-48.93594116352528
 10
-12.058146693645176
 20
-49.020891931537854
 10
-12.048808153087442
 20
-49.10593272039635
 10
-12.03903702676103
 20
-49.19106186148164
 10
-12.028837039254876
 20
-49.27627773033937
 10
-12.01821175607319
 20
-49.36157874383824
 10
-12.007164593576773
 20
-49.44696335757133
 10
-11.995698828094506
 20
-49.53243006347457
 10
-11.983817604291781
 20
-49.617977387639776
 10
-11.971523942871514
 20
-49.70360388830225
 10
-11.910483610003663
 20
-49.71826631305474
 10
-11.849425319086766
 20
-49.73285377501863
 10
-11.788349162181547
 20
-49.74736625219966
 10
-11.727255231375672
 20
-49.76180372271661
 10
-11.666143618783604
 20
-49.776166164801346
 10
-11.616646735429027
 20
-49.70522188902803
 10
-11.567553822139105
 20
-49.63416280082965
 10
-11.51886822529564
 20
-49.562988829070015
 10
-11.47059341645224
 20
-49.49169987555895
 10
-11.422733000117441
 20
-49.420295813385394
 10
-11.375290722212423
 20
-49.34877648510634
 10
-11.328270479279926
 20
-49.27714170077516
 10
-11.281676328531917
 20
-49.205391235790636
 10
-11.235512498836203
 20
-49.13352482854524
 10
-11.189783402757264
 20
-49.061542177848075
 10
-11.144493649784385
 20
-48.989442940094065
 10
-11.09964806090097
 20
-48.91722672614627
 10
-11.055251684674388
 20
-48.844893097893326
 10
-11.011309815075352
 20
-48.77244156443703
 10
-10.927166680343511
 20
-48.79136223082925
 10
-10.842991034848621
 20
-48.81013773201416
 10
-10.758783129032041
 20
-48.828768012130475
 10
-10.674543213431107
 20
-48.84725301574892
 10
-10.590271538678403
 20
-48.8655926878725
 10
-10.590271538678394
 20
-48.8655926878725
 10
-10.580993244406931
 20
-48.94981872814176
 10
-10.571253124883986
 20
-49.03412959381141
 10
-10.561056187085812
 20
-49.1185234967831
 10
-10.550407193220838
 20
-49.202998704617805
 10
-10.539310678494221
 20
-49.287553536475656
 10
-10.527770967148259
 20
-49.372186359449884
 10
-10.515792186987143
 20
-49.456895585247764
 10
-10.503378282564661
 20
-49.54167966717707
 10
-10.490533027188404
 20
-49.626537097403435
 10
-10.477260033873057
 20
-49.71146640444804
 10
-10.463562765357697
 20
-49.79646615089935
 10
-10.449444543286983
 20
-49.88153493131619
 10
-10.434908556643514
 20
-49.96667137030195
 10
-10.41995786950772
 20
-50.051874120732826
 10
-10.358491063539434
 20
-50.06463110706573
 10
-10.297008639541131
 20
-50.077312608378016
 10
-10.23551069021302
 20
-50.08991860554911
 10
-10.173997308278727
 20
-50.10244907957232
 10
-10.112468586485143
 20
-50.114904011554806
 10
-10.065202002854917
 20
-50.042454706528844
 10
-10.018342764532484
 20
-49.96990320802799
 10
-9.971894218493254
 20
-49.89724954902249
 10
-9.925859837665302
 20
-49.82449373933449
 10
-9.8802432287605
 20
-49.75163576421405
 10
-9.835048140784522
 20
-49.67867558279193
 10
-9.790278474302594
 20
-49.605613126395355
 10
-9.74593829154921
 20
-49.532448296710456
 10
-9.702031827482546
 20
-49.45918096377346
 10
-9.658563501899653
 20
-49.38581096376934
 10
-9.615537932746191
 20
-49.31233809661367
 10
-9.57295995077567
 20
-49.23876212328968
 10
-9.530834615738586
 20
-49.16508276290768
 10
-9.489167234311726
 20
-49.09129968944868
 10
-9.40447637098531
 20
-49.10759436367841
 10
-9.319757527239831
 20
-49.12374293183956
 10
-9.235010955132783
 20
-49.13974534588654
 10
-9.150236906804157
 20
-49.155601558208595
 10
-9.065435634475696
 20
-49.17131152162995
 10
-9.065435634475687
 20
-49.171311521629946
 10
-9.053542410027557
 20
-49.25520826659812
 10
-9.041184945662726
 20
-49.33917543323341
 10
-9.0283683015451
 20
-49.423211390018686
 10
-9.015097291458156
 20
-49.50731455345696
 10
-9.001376500687181
 20
-49.59148338456566
 10
-8.987210302165934
 20
-49.675716385711254
 10
-8.972602871097605
 20
-49.76001209774341
 10
-8.957558198229842
 20
-49.84436909739316
 10
-8.94208010193846
 20
-49.92878599490484
 10
-8.926172239253258
 20
-50.01326143187568
 10
-8.909838115941625
 20
-50.09779407928016
 10
-8.893081095750507
 20
-50.182382635659614
 10
-8.875904408894577
 20
-50.26702582545968
 10
-8.858311159867485
 20
-50.35172239750064
 10
-8.796477345963773
 20
-50.36256160385357
 10
-8.734630269158501
 20
-50.37332487598074
 10
-8.672770022701691
 20
-50.3840121976538
 10
-8.610896699863222
 20
-50.39462355275892
 10
-8.549010393932685
 20
-50.40515892529683
 10
-8.504019837393813
 20
-50.331274681041776
 10
-8.459439607325585
 20
-50.257300961127605
 10
-8.41527304805906
 20
-50.18323790259906
 10
-8.371523630536917
 20
-50.109085623281146
 10
-8.328194960185128
 20
-50.03484422059928
 10
-8.285290785466929
 20
-49.960513770297574
 10
-8.242815007196489
 20
-49.88609432504349
 10
-8.200771688700875
 20
-49.811585912905656
 10
-8.159165066931598
 20
-49.736988535689804
 10
-8.11799956464239
 20
-49.66230216711518
 10
-8.077279803767738
 20
-49.58752675081167
 10
-8.03701062015781
 20
-49.512662198113844
 10
-7.997197079851251
 20
-49.437708385625456
 10
-7.957844497097053
 20
-49.362665152522126
 10
-7.872687838116659
 20
-49.37631807054441
 10
-7.787507756130435
 20
-49.38982408298503
 10
-7.702304504568163
 20
-49.403183149660606
 10
-7.6170783369285555
 20
-49.4163952308249
 10
-7.531829506778512
 20
-49.429460287169036
 10
-7.5318295067785055
 20
-49.429460287169036
 10
-7.517332858080248
 20
-49.51294657215373
 10
-7.502370003922211
 20
-49.59648880694388
 10
-7.486946052760566
 20
-49.680085518181926
 10
-7.471065865296816
 20
-49.76373527284486
 10
-7.45473407246041
 20
-49.84743667529629
 10
-7.437955091646042
 20
-49.93118836462473
 10
-7.420733141416651
 20
-50.014989012233926
 10
-7.40307225485296
 20
-50.09883731965507
 10
-7.384976291704982
 20
-50.18273201655571
 10
-7.36644894947968
 20
-50.26667185892327
 10
-7.347493773581154
 20
-50.350655627404
 10
-7.328114166604427
 20
-50.43468212578085
 10
-7.3083133968712355
 20
-50.518750179575676
 10
-7.288094606285039
 20
-50.60285863476331
 10
-7.225953604667374
 20
-50.61176957490416
 10
-7.163801708107614
 20
-50.620604205075566
 10
-7.101639010315373
 20
-50.6293625119571
 10
-7.039465605016548
 20
-50.6380444823434
 10
-6.9772815859531825
 20
-50.646650103144225
 10
-6.934610581963445
 20
-50.57140239789466
 10
-6.892352488642846
 20
-50.49607802136366
 10
-6.85051064444266
 20
-50.42067721453791
 10
-6.809088514962268
 20
-50.34520020313126
 10
-6.76808970085372
 20
-50.26964719665026
 10
-6.727517946411417
 20
-50.19401838737908
 10
-6.687377148924689
 20
-50.118313949274466
 10
-6.6476713688821665
 20
-50.0425340367604
 10
-6.608404841129713
 20
-49.96667878341034
 10
-6.569581987099029
 20
-49.89074830050328
 10
-6.531207428241983
 20
-49.8147426754379
 10
-6.493286000827052
 20
-49.73866196998593
 10
-6.455822772279944
 20
-49.66250621836391
 10
-6.418823059280678
 20
-49.58627542509768
 10
-6.333282988214114
 20
-49.59727337859611
 10
-6.247724074215197
 20
-49.60812376912144
 10
-6.162146571840823
 20
-49.61882656439138
 10
-6.076550735703182
 20
-49.62938173256267
 10
-5.99093682046902
 20
-49.63978924223136
 10
-5.990936820469055
 20
-49.63978924223136
 10
-5.973850772092035
 20
-49.722784299643735
 10
-5.956297003735829
 20
-49.80582078087207
 10
-5.938280667206774
 20
-49.88889737214379
 10
-5.919806665421984
 20
-49.97201279229618
 10
-5.9008796704749455
 20
-50.05516579038921
 10
-5.881504139947739
 20
-50.1383551435501
 10
-5.861684331681871
 20
-50.22157965502195
 10
-5.841424317189394
 20
-50.304838152392314
 10
-5.820727993860454
 20
-50.38812948598092
 10
-5.799599096102086
 20
-50.47145252736888
 10
-5.778041205525147
 20
-50.55480616805387
 10
-5.756057760280954
 20
-50.63818931821769
 10
-5.733652063636402
 20
-50.72160090559468
 10
-5.710827291865183
 20
-50.80503987443064
 10
-5.648439219939318
 20
-50.81201392760033
 10
-5.586042631570975
 20
-50.81891136888187
 10
-5.523637620838701
 20
-50.825732187875616
 10
-5.461224281833742
 20
-50.83247637429746
 10
-5.3988027086599
 20
-50.83914391797885
 10
-5.358492538659794
 20
-50.76260554902981
 10
-5.3185974640629174
 20
-50.686003387351526
 10
-5.279120814211021
 20
-50.609337777639496
 10
-5.24006604600745
 20
-50.53260905327805
 10
-5.201436751846923
 20
-50.45581753565218
 10
-5.163236668232655
 20
-50.378963533400075
 10
-5.1254696851587545
 20
-50.30204734159951
 10
-5.088139856347156
 20
-50.2250692408804
 10
-5.051251410441139
 20
-50.14802949645471
 10
-5.0148087632729155
 20
-50.07092835705354
 10
-4.978816531340794
 20
-49.993766053759785
 10
-4.943279546652764
 20
-49.9165427987226
 10
-4.908202873119205
 20
-49.83925878373822
 10
-4.873591824707607
 20
-49.76191417867828
 10
-4.787751096049113
 20
-49.77024652784313
 10
-4.701896122761064
 20
-49.7784307994011
 10
-4.616027160281197
 20
-49.7864669690022
 10
-4.530144464088866
 20
-49.794355012736986
 10
-4.444248289704286
 20
-49.80209490713679
 10
-4.444248289704278
 20
-49.80209490713679
 10
-4.4245893712968165
 20
-49.88451844461897
 10
-4.404461670879633
 20
-49.96696883985273
 10
-4.383870378625193
 20
-50.049444939921464
 10
-4.3628204349229645
 20
-50.13194561676223
 10
-4.341316548510524
 20
-50.21446976534158
 10
-4.319363212844915
 20
-50.29701630200843
 10
-4.2969647209270265
 20
-50.37958416300306
 10
-4.274125178761312
 20
-50.46217230310359
 10
-4.250848517607581
 20
-50.544779694394194
 10
-4.227138505160139
 20
-50.62740532514136
 10
-4.2029987557716275
 20
-50.71004819876655
 10
-4.178432739823462
 20
-50.792707332904776
 10
-4.153443792332004
 20
-50.87538175854019
 10
-4.128035120868336
 20
-50.95807051921096
 10
-4.065460335064591
 20
-50.96310093846347
 10
-4.002879419557091
 20
-50.96805451802616
 10
-3.940292468702305
 20
-50.97293125043024
 10
-3.8776995768657967
 20
-50.97773112832283
 10
-3.815100838422092
 20
-50.982454144466914
 10
-3.7771904998977006
 20
-50.904699157747196
 10
-3.739697039932635
 20
-50.82689331856577
 10
-3.702623775538203
 20
-50.74903707499349
 10
-3.6659741515773745
 20
-50.67113086776262
 10
-3.629751748712138
 20
-50.59317512982568
 10
-3.5939602920396885
 20
-50.51517028587629
 10
-3.5586036604955966
 20
-50.43711675182779
 10
-3.523685897113389
 20
-50.35901493424453
 10
-3.489211220242819
 20
-50.28086522972041
 10
-3.4551840358445833
 20
-50.202668024198
 10
-3.421608950997256
 20
-50.124423692220866
 10
-3.3884907887736953
 20
-50.04613259611033
 10
-3.355834604669936
 20
-49.96779508505676
 10
-3.3236457048000276
 20
-49.889411494113304
 10
-3.237587363910642
 20
-49.895070177934876
 10
-3.151519390475262
 20
-49.90058041277133
 10
-3.0654420405653444
 20
-49.905942182228515
 10
-2.9793555702802426
 20
-49.91115547035392
 10
-2.8932602357464465
 20
-49.91622026163689
 10
-2.8932602357464376
 20
-49.91622026163688
 10
-2.871047466042442
 20
-49.99799253973957
 10
-2.848365305814508
 20
-50.07977708354634
 10
-2.8252189785800716
 20
-50.16157290211191
 10
-2.8016134574214475
 20
-50.24337902156445
 10
-2.777553483164903
 20
-50.3251944838461
 10
-2.7530435807953144
 20
-50.40701834557585
 10
-2.7280880743197513
 20
-50.488849677020305
 10
-2.702691100262776
 20
-50.570687561159346
 10
-2.6768566199506196
 20
-50.652531092835986
 10
-2.650588430719861
 20
-50.73437937798089
 10
-2.6238901761682687
 20
-50.81623153290346
 10
-2.5967653555499903
 20
-50.89808668364227
 10
-2.5692173324044387
 20
-50.97994396536875
 10
-2.5412493424969704
 20
-51.06180252183876
 10
-2.4785483798792813
 20
-51.06488444056833
 10
-2.4158436802266543
 20
-51.06788936614385
 10
-2.3531353380821924
 20
-51.07081729403465
 10
-2.2904234479944896
 20
-51.073668219826125
 10
-2.22770810451749
 20
-51.07644213921979
 10
-2.1922342732729363
 20
-50.99754575765732
 10
-2.157178700440722
 20
-50.91861151309717
 10
-2.1225446874927156
 20
-50.83963995655202
 10
-2.088335663918835
 20
-50.76063163567573
 10
-2.054555195184273
 20
-50.68158709456948
 10
-2.0212069913764172
 20
-50.60250687357147
 10
-1.9882949166196817
 20
-50.52339150902821
 10
-1.9558229993478098
 20
-50.44424153304519
 10
-1.923795443536049
 20
-50.365057473214556
 10
-1.892216641011093
 20
-50.285839852316954
 10
-1.861091184974739
 20
-50.206589187994304
 10
-1.8304238848986947
 20
-50.127305992389545
 10
-1.8002197829737903
 20
-50.0479907717494
 10
-1.7704841723273073
 20
-49.96864402598432
 10
-1.6842914750938527
 20
-49.97162357005149
 10
-1.5980937667168276
 20
-49.974454437370106
 10
-1.5118913036536792
 20
-49.9771366195177
 10
-1.4256843423760017
 20
-49.979670108514156
 10
-1.3394731393687707
 20
-49.982054896821815
 10
-1.339473139368763
 20
-49.982054896821815
 10
-1.3147280077883319
 20
-50.063096806147136
 10
-1.2895133312747644
 20
-50.144136377262754
 10
-1.2638343616370489
 20
-50.22517278215339
 10
-1.237696099839213
 20
-50.30620520208049
 10
-1.2111033142097676
 20
-50.387232826888656
 10
-1.1840605568837959
 20
-50.46825485437961
 10
-1.1565721786913472
 20
-50.549270489745716
 10
-1.128642342675274
 20
-50.63027894505577
 10
-1.1002750363959017
 20
-50.71127943878732
 10
-1.0714740831584022
 20
-50.79227119540018
 10
-1.0422431522807285
 20
-50.87325344494658
 10
-1.0125857685044561
 20
-50.95422542271415
 10
-0.9825053206380441
 20
-51.0351863688983
 10
-0.9520050695107264
 20
-51.1161355283009
 10
-0.8892385892109479
 20
-51.117265964950214
 10
-0.8264707681603888
 20
-51.11831932946717
 10
-0.7637017009973225
 20
-51.11929562026353
 10
-0.7009314823619018
 20
-51.1201948358673
 10
-0.6381602068960156
 20
-51.121016974922696
 10
-0.6051572015719868
 20
-51.041055525671204
 10
-0.57257342987531
 20
-50.96106923951604
 10
-0.5404121745444556
 20
-50.881058769878685
 10
-0.5086768463784745
 20
-50.80102477080475
 10
-0.4773709921964115
 20
-50.720967897017694
 10
-0.44649830348657477
 20
-50.64088880397757
 10
-0.4160626258239296
 20
-50.56078814794517
 10
-0.38606796914518804
 20
-50.48066658605232
 10
-0.35651851898401654
 20
-50.40052477637904
 10
-0.3274186487842997
 20
-50.32036337803828
 10
-0.2987729334274276
 20
-50.24018305126951
 10
-0.2705861641311075
 20
-50.15998445754187
 10
-0.24286336490296934
 20
-50.079768259668604
 10
-0.21560981076276853
 20
-49.99953512193391
 10
-0.12936614305315086
 20
-49.99983264373024
 10
-0.04312209045034454
 20
-49.99998140484969
 10
0.04312209045031834
 20
-49.999981404849706
 10
0.12936614305312433
 20
-49.99983264373024
 10
0.21560981076274233
 20
-49.99953512193392
 10
0.2156098107627501
 20
-49.99953512193391
 10
0.2428633649029509
 20
-50.079768259668604
 10
0.27058616413108905
 20
-50.15998445754187
 10
0.2987729334274092
 20
-50.24018305126951
 10
0.3274186487842812
 20
-50.32036337803828
 10
0.356518518983998
 20
-50.40052477637904
 10
0.3860679691451695
 20
-50.48066658605232
 10
0.41606262582391107
 20
-50.56078814794517
 10
0.4464983034865561
 20
-50.64088880397757
 10
0.47737099219639284
 20
-50.720967897017694
 10
0.5086768463784559
 20
-50.80102477080475
 10
0.5404121745444368
 20
-50.881058769878685
 10
0.5725734298752913
 20
-50.96106923951604
 10
0.6051572015719682
 20
-51.041055525671204
 10
0.6381602068959967
 20
-51.121016974922696
 10
0.7009314823618831
 20
-51.1201948358673
 10
0.7637017009973036
 20
-51.11929562026353
 10
0.8264707681603699
 20
-51.11831932946717
 10
0.8892385892109291
 20
-51.117265964950214
 10
0.9520050695107075
 20
-51.1161355283009
 10
0.9825053206380252
 20
-51.0351863688983
 10
1.0125857685044375
 20
-50.95422542271415
 10
1.0422431522807096
 20
-50.87325344494658
 10
1.0714740831583836
 20
-50.79227119540018
 10
1.100275036395883
 20
-50.71127943878732
 10
1.1286423426752554
 20
-50.63027894505577
 10
1.1565721786913286
 20
-50.549270489745716
 10
1.1840605568837774
 20
-50.46825485437961
 10
1.211103314209749
 20
-50.387232826888656
 10
1.2376960998391944
 20
-50.30620520208049
 10
1.2638343616370304
 20
-50.22517278215339
 10
1.2895133312747462
 20
-50.144136377262754
 10
1.3147280077883132
 20
-50.063096806147136
 10
1.3394731393687445
 20
-49.982054896821815
 10
1.425684342375975
 20
-49.97967010851416
 10
1.511891303653653
 20
-49.977136619517694
 10
1.5980937667168014
 20
-49.97445443737011
 10
1.6842914750938263
 20
-49.9716235700515
 10
1.7704841723272813
 20
-49.968644025984325
 10
1.770484172327289
 20
-49.96864402598432
 10
1.8002197829737716
 20
-50.0479907717494
 10
1.830423884898676
 20
-50.127305992389545
 10
1.8610911849747203
 20
-50.206589187994304
 10
1.8922166410110748
 20
-50.285839852316954
 10
1.9237954435360303
 20
-50.365057473214556
 10
1.9558229993477916
 20
-50.44424153304519
 10
1.988294916619663
 20
-50.52339150902821
 10
2.021206991376399
 20
-50.60250687357147
 10
2.0545551951842542
 20
-50.68158709456948
 10
2.088335663918816
 20
-50.76063163567573
 10
2.122544687492697
 20
-50.83963995655202
 10
2.157178700440703
 20
-50.91861151309717
 10
2.1922342732729176
 20
-50.99754575765732
 10
2.2277081045174714
 20
-51.07644213921979
 10
2.2904234479944705
 20
-51.073668219826125
 10
2.3531353380821733
 20
-51.07081729403465
 10
2.415843680226635
 20
-51.06788936614385
 10
2.4785483798792622
 20
-51.06488444056833
 10
2.541249342496952
 20
-51.06180252183876
 10
2.56921733240442
 20
-50.97994396536875
 10
2.5967653555499712
 20
-50.89808668364227
 10
2.62389017616825
 20
-50.81623153290346
 10
2.6505884307198424
 20
-50.73437937798089
 10
2.676856619950601
 20
-50.652531092835986
 10
2.702691100262758
 20
-50.570687561159346
 10
2.7280880743197327
 20
-50.488849677020305
 10
2.753043580795296
 20
-50.40701834557585
 10
2.7775534831648843
 20
-50.3251944838461
 10
2.8016134574214293
 20
-50.24337902156445
 10
2.825218978580053
 20
-50.16157290211191
 10
2.8483653058144895
 20
-50.07977708354634
 10
2.8710474660424232
 20
-49.99799253973957
 10
2.8932602357464194
 20
-49.91622026163688
 10
2.979355570280216
 20
-49.91115547035392
 10
3.0654420405653173
 20
-49.90594218222851
 10
3.1515193904752357
 20
-49.90058041277134
 10
3.237587363910615
 20
-49.89507017793487
 10
3.323645704800001
 20
-49.8894114941133
 10
3.3236457047999646
 20
-49.889411494113304
 10
3.355834604669872
 20
-49.967795085056764
 10
3.3884907887736317
 20
-50.04613259611033
 10
3.4216089509971925
 20
-50.124423692220866
 10
3.4551840358445194
 20
-50.202668024198005
 10
3.4892112202427557
 20
-50.28086522972042
 10
3.5236858971133254
 20
-50.35901493424453
 10
3.5586036604955322
 20
-50.43711675182779
 10
3.5939602920396245
 20
-50.515170285876295
 10
3.6297517487120734
 20
-50.59317512982569
 10
3.66597415157731
 20
-50.67113086776263
 10
3.702623775538139
 20
-50.749037074993495
 10
3.7396970399325706
 20
-50.82689331856578
 10
3.7771904998976362
 20
-50.904699157747196
 10
3.815100838422027
 20
-50.98245414446692
 10
3.877699576865732
 20
-50.97773112832284
 10
3.9402924687022405
 20
-50.97293125043025
 10
4.002879419557027
 20
-50.968054518026165
 10
4.065460335064526
 20
-50.96310093846348
 10
4.1280351208682715
 20
-50.95807051921097
 10
4.15344379233194
 20
-50.87538175854019
 10
4.178432739823398
 20
-50.79270733290478
 10
4.202998755771564
 20
-50.71004819876656
 10
4.227138505160075
 20
-50.62740532514137
 10
4.250848517607516
 20
-50.5447796943942
 10
4.274125178761248
 20
-50.4621723031036
 10
4.296964720926963
 20
-50.37958416300306
 10
4.319363212844852
 20
-50.29701630200843
 10
4.341316548510461
 20
-50.21446976534159
 10
4.362820434922901
 20
-50.13194561676224
 10
4.38387037862513
 20
-50.049444939921464
 10
4.40446167087957
 20
-49.96696883985273
 10
4.4245893712967534
 20
-49.884518444618976
 10
4.444248289704216
 20
-49.802094907136805
 10
4.530144464088796
 20
-49.794355012737
 10
4.616027160281126
 20
-49.7864669690022
 10
4.701896122760994
 20
-49.77843079940112
 10
4.787751096049042
 20
-49.770246527843135
 10
4.873591824707537
 20
-49.761914178678296
 10
4.873591824707545
 20
-49.76191417867829
 10
4.908202873119142
 20
-49.839258783738224
 10
4.943279546652702
 20
-49.91654279872261
 10
4.978816531340731
 20
-49.99376605375979
 10
5.014808763272852
 20
-50.070928357053546
 10
5.0512514104410755
 20
-50.14802949645472
 10
5.088139856347093
 20
-50.2250692408804
 10
5.125469685158691
 20
-50.30204734159951
 10
5.163236668232592
 20
-50.378963533400075
 10
5.20143675184686
 20
-50.45581753565219
 10
5.240066046007386
 20
-50.53260905327806
 10
5.279120814210958
 20
-50.6093377776395
 10
5.318597464062853
 20
-50.68600338735153
 10
5.35849253865973
 20
-50.762605549029814
 10
5.3988027086598365
 20
-50.83914391797886
 10
5.461224281833678
 20
-50.832476374297464
 10
5.523637620838637
 20
-50.82573218787562
 10
5.586042631570911
 20
-50.81891136888188
 10
5.648439219939254
 20
-50.81201392760034
 10
5.710827291865119
 20
-50.80503987443065
 10
5.733652063636338
 20
-50.721600905594684
 10
5.756057760280891
 20
-50.6381893182177
 10
5.778041205525084
 20
-50.55480616805388
 10
5.799599096102022
 20
-50.47145252736889
 10
5.820727993860391
 20
-50.388129485980926
 10
5.841424317189331
 20
-50.304838152392314
 10
5.861684331681808
 20
-50.22157965502196
 10
5.881504139947676
 20
-50.1383551435501
 10
5.9008796704748825
 20
-50.05516579038922
 10
5.919806665421921
 20
-49.972012792296184
 10
5.938280667206711
 20
-49.888897372143795
 10
5.9562970037357665
 20
-49.805820780872075
 10
5.973850772091972
 20
-49.72278429964374
 10
5.990936820468993
 20
-49.639789242231366
 10
6.076550735703155
 20
-49.62938173256267
 10
6.162146571840795
 20
-49.61882656439137
 10
6.2477240742151725
 20
-49.60812376912144
 10
6.333282988214087
 20
-49.5972733785961
 10
6.418823059280652
 20
-49.58627542509769
 10
6.41882305928066
 20
-49.58627542509768
 10
6.455822772279926
 20
-49.66250621836391
 10
6.493286000827034
 20
-49.73866196998593
 10
6.531207428241965
 20
-49.8147426754379
 10
6.56958198709901
 20
-49.89074830050328
 10
6.608404841129694
 20
-49.96667878341034
 10
6.647671368882148
 20
-50.0425340367604
 10
6.687377148924671
 20
-50.118313949274466
 10
6.727517946411399
 20
-50.19401838737908
 10
6.768089700853701
 20
-50.26964719665026
 10
6.80908851496225
 20
-50.34520020313126
 10
6.850510644442641
 20
-50.42067721453791
 10
6.892352488642828
 20
-50.49607802136366
 10
6.934610581963426
 20
-50.57140239789466
 10
6.977281585953164
 20
-50.646650103144225
 10
7.039465605016529
 20
-50.6380444823434
 10
7.101639010315354
 20
-50.6293625119571
 10
7.163801708107595
 20
-50.620604205075566
 10
7.225953604667355
 20
-50.61176957490416
 10
7.2880946062850205
 20
-50.60285863476331
 10
7.308313396871217
 20
-50.518750179575676
 10
7.32811416660441
 20
-50.43468212578085
 10
7.347493773581135
 20
-50.350655627404
 10
7.366448949479661
 20
-50.26667185892327
 10
7.384976291704963
 20
-50.18273201655571
 10
7.403072254852941
 20
-50.09883731965507
 10
7.420733141416633
 20
-50.014989012233926
 10
7.437955091646024
 20
-49.93118836462473
 10
7.454734072460392
 20
-49.84743667529629
 10
7.471065865296797
 20
-49.76373527284486
 10
7.486946052760548
 20
-49.680085518181926
 10
7.502370003922193
 20
-49.59648880694388
 10
7.51733285808023
 20
-49.51294657215373
 10
7.531829506778488
 20
-49.429460287169036
 10
7.617078336928531
 20
-49.4163952308249
 10
7.702304504568136
 20
-49.4031831496606
 10
7.7875077561304105
 20
-49.389824082985044
 10
7.872687838116634
 20
-49.37631807054441
 10
7.957844497097028
 20
-49.362665152522126
 10
7.957844497097035
 20
-49.36266515252212
 10
7.997197079851231
 20
-49.437708385625456
 10
8.037010620157792
 20
-49.512662198113844
 10
8.077279803767718
 20
-49.58752675081167
 10
8.117999564642373
 20
-49.66230216711518
 10
8.159165066931578
 20
-49.736988535689804
 10
8.200771688700858
 20
-49.811585912905656
 10
8.242815007196471
 20
-49.88609432504349
 10
8.28529078546691
 20
-49.960513770297574
 10
8.32819496018511
 20
-50.03484422059928
 10
8.371523630536897
 20
-50.109085623281146
 10
8.415273048059042
 20
-50.18323790259906
 10
8.459439607325566
 20
-50.257300961127605
 10
8.504019837393795
 20
-50.331274681041776
 10
8.549010393932667
 20
-50.40515892529683
 10
8.610896699863204
 20
-50.39462355275892
 10
8.672770022701673
 20
-50.3840121976538
 10
8.734630269158483
 20
-50.37332487598074
 10
8.796477345963755
 20
-50.36256160385357
 10
8.858311159867467
 20
-50.35172239750064
 10
8.87590440889456
 20
-50.26702582545968
 10
8.893081095750487
 20
-50.182382635659614
 10
8.909838115941607
 20
-50.09779407928016
 10
8.926172239253239
 20
-50.01326143187568
 10
8.942080101938442
 20
-49.92878599490484
 10
8.957558198229822
 20
-49.84436909739316
 10
8.972602871097587
 20
-49.76001209774341
 10
8.987210302165916
 20
-49.675716385711254
 10
9.001376500687162
 20
-49.59148338456566
 10
9.015097291458138
 20
-49.50731455345696
 10
9.02836830154508
 20
-49.423211390018686
 10
9.041184945662708
 20
-49.33917543323341
 10
9.053542410027537
 20
-49.25520826659812
 10
9.06543563447567
 20
-49.17131152162995
 10
9.150236906804132
 20
-49.155601558208595
 10
9.235010955132758
 20
-49.13974534588654
 10
9.319757527239807
 20
-49.12374293183956
 10
9.404476370985284
 20
-49.10759436367841
 10
9.489167234311699
 20
-49.09129968944869
 10
9.489167234311708
 20
-49.09129968944868
 10
9.530834615738566
 20
-49.16508276290768
 10
9.572959950775651
 20
-49.23876212328968
 10
9.615537932746173
 20
-49.31233809661367
 10
9.658563501899636
 20
-49.38581096376934
 10
9.702031827482529
 20
-49.45918096377346
 10
9.745938291549193
 20
-49.53244829671045
 10
9.790278474302577
 20
-49.605613126395355
 10
9.835048140784505
 20
-49.67867558279193
 10
9.880243228760483
 20
-49.75163576421405
 10
9.925859837665282
 20
-49.82449373933449
 10
9.971894218493237
 20
-49.89724954902249
 10
10.018342764532465
 20
-49.96990320802799
 10
10.0652020028549
 20
-50.042454706528844
 10
10.112468586485123
 20
-50.114904011554806
 10
10.17399730827871
 20
-50.10244907957232
 10
10.235510690213003
 20
-50.08991860554911
 10
10.297008639541113
 20
-50.077312608378016
 10
10.358491063539416
 20
-50.06463110706573
 10
10.4199578695077
 20
-50.051874120732826
 10
10.434908556643496
 20
-49.96667137030195
 10
10.449444543286964
 20
-49.88153493131619
 10
10.463562765357679
 20
-49.79646615089935
 10
10.477260033873037
 20
-49.71146640444804
 10
10.490533027188386
 20
-49.626537097403435
 10
10.503378282564643
 20
-49.54167966717707
 10
10.515792186987126
 20
-49.456895585247764
 10
10.527770967148241
 20
-49.37218635944989
 10
10.539310678494203
 20
-49.287553536475656
 10
10.55040719322082
 20
-49.202998704617805
 10
10.561056187085795
 20
-49.1185234967831
 10
10.571253124883967
 20
-49.03412959381141
 10
10.580993244406912
 20
-48.94981872814176
 10
10.590271538678376
 20
-48.8655926878725
 10
10.674543213431082
 20
-48.847253015748926
 10
10.758783129032013
 20
-48.82876801213047
 10
10.842991034848595
 20
-48.81013773201417
 10
10.927166680343486
 20
-48.79136223082924
 10
11.011309815075327
 20
-48.77244156443704
 10
11.011309815075291
 20
-48.772441564437045
 10
11.055251684674328
 20
-48.84489309789333
 10
11.09964806090091
 20
-48.91722672614628
 10
11.144493649784325
 20
-48.98944294009408
 10
11.189783402757202
 20
-49.06154217784809
 10
11.23551249883614
 20
-49.13352482854525
 10
11.281676328531855
 20
-49.20539123579064
 10
11.328270479279862
 20
-49.277141700775175
 10
11.375290722212362
 20
-49.348776485106356
 10
11.422733000117379
 20
-49.42029581338541
 10
11.470593416452179
 20
-49.491699875558965
 10
11.518868225295577
 20
-49.56298882907002
 10
11.567553822139043
 20
-49.63416280082966
 10
11.616646735428965
 20
-49.70522188902804
 10
11.666143618783542
 20
-49.77616616480136
 10
11.72725523137561
 20
-49.761803722716614
 10
11.788349162181483
 20
-49.747366252199676
 10
11.849425319086702
 20
-49.73285377501865
 10
11.9104836100036
 20
-49.71826631305475
 10
11.971523942871451
 20
-49.70360388830226
 10
11.983817604291719
 20
-49.61797738763978
 10
11.995698828094444
 20
-49.53243006347458
 10
12.00716459357671
 20
-49.446963357571335
 10
12.018211756073129
 20
-49.36157874383825
 10
12.028837039254814
 20
-49.27627773033939
 10
12.039037026760969
 20
-49.19106186148166
 10
12.048808153087382
 20
-49.10593272039637
 10
12.058146693645114
 20
-49.02089193153786
 10
12.067048753890347
 20
-48.935941163525285
 10
12.075510257411265
 20
-48.85108213225724
 10
12.083526932840462
 20
-48.76631660433394
 10
12.09109429944042
 20
-48.681646400826466
 10
12.098207651184897
 20
-48.59707340143986
 10
12.10486203912921
 20
-48.51259954912382
 10
12.188522588903439
 20
-48.491647910746345
 10
12.27214687509888
 20
-48.47055199887866
 10
12.355734648914598
 20
-48.44931187628583
 10
12.439285661658282
 20
-48.427927606161944
 10
12.522799664746994
 20
-48.40639925213
 10
12.522799664747003
 20
-48.40639925213
 10
12.568973511597322
 20
-48.47744915340418
 10
12.615597978386694
 20
-48.548367071414326
 10
12.662667788972067
 20
-48.61915366146295
 10
12.71017791085335
 20
-48.68980951845922
 10
12.758123537481241
 20
-48.7603351812838
 10
12.806500072282226
 20
-48.830731136730016
 10
12.85530311419324
 20
-48.90099782307323
 10
12.904528444528026
 20
-48.971135633311626
 10
12.954172015022223
 20
-49.041144918116515
 10
13.004229936925233
 20
-49.11102598852458
 10
13.054698471024297
 20
-49.18077911840031
 10
13.105574018501368
 20
-49.250404546693105
 10
13.156853112535783
 20
-49.31990247951047
 10
13.208532410576773
 20
-49.389273092026194
 10
13.269167792428972
 20
-49.37301703457431
 10
13.32978316767406
 20
-49.356686534883934
 10
13.390378444919124
 20
-49.34028161757739
 10
13.45095353280154
 20
-49.32380230738921
 10
13.511508339989135
 20
-49.30724862916612
 10
13.521133082370428
 20
-49.22128121638132
 10
13.530348049015714
 20
-49.13540576854783
 10
13.539150265521934
 20
-49.04962382067636
 10
13.54753663458317
 20
-48.96393694376082
 10
13.555503928355932
 20
-48.87834674702917
 10
13.56304878016283
 20
-48.792854880389605
 10
13.570167675459508
 20
-48.707463037094364
 10
13.576856941978988
 20
-48.62217295664619
 10
13.583112738955135
 20
-48.53698642797686
 10
13.588931045312176
 20
-48.451905292930824
 10
13.594307646689861
 20
-48.3669314500927
 10
13.599238121153151
 20
-48.282066859003
 10
13.603717823410756
 20
-48.19731354481429
 10
13.607741867337355
 20
-48.11267360344792
 10
13.690710355954328
 20
-48.08913026817354
 10
13.773638111648177
 20
-48.06544385698891
 10
13.856524887690295
 20
-48.04161444036638
 10
13.939370437473999
 20
-48.0176420892038
 10
14.02217451451526
 20
-47.99352687482426
 10
14.022174514515267
 20
-47.993526874824255
 10
14.07053566840213
 20
-48.06310640772552
 10
14.119343119593868
 20
-48.132540006987355
 10
14.168591614879412
 20
-48.20182849168261
 10
14.218276142694572
 20
-48.27097261294276
 10
14.268391915574176
 20
-48.33997305887078
 10
14.318934354307354
 20
-48.40883045897738
 10
14.369899073590224
 20
-48.47754538819834
 10
14.421281868999365
 20
-48.546118370542324
 10
14.47307870513447
 20
-48.61454988241147
 10
14.525285704799186
 20
-48.682840355631626
 10
14.577899139106636
 20
-48.75099018022381
 10
14.63091541841087
 20
-48.81899970694457
 10
14.68433108397811
 20
-48.886869249619366
 10
14.738142800322313
 20
-48.95459908729013
 10
14.798243290618773
 20
-48.936465141156816
 10
14.85832146884231
 20
-48.91825741099676
 10
14.918377244409966
 20
-48.89997592426269
 10
14.978410526772555
 20
-48.88162070851854
 10
15.03842122541481
 20
-48.86319179143943
 10
15.045367737440477
 20
-48.776966634452066
 10
15.051907532043236
 20
-48.69084614189988
 10
15.058037683997421
 20
-48.60483194055462
 10
15.06375514635303
 20
-48.51892569697604
 10
15.069056742874707
 20
-48.43312911999918
 10
15.0739391598255
 20
-48.347443963437364
 10
15.078398937021012
 20
-48.2618720290256
 10
15.082432458068903
 20
-48.17641516963221
 10
15.08603593969641
 20
-48.09107529277094
 10
15.089205420053945
 20
-48.0058543644502
 10
15.09193674586553
 20
-47.92075441340224
 10
15.094225558276538
 20
-47.8357775357413
 10
15.096067277224652
 20
-47.750925900108264
 10
15.097457084130923
 20
-47.66620175336844
 10
15.179653244936341
 20
-47.64008949785353
 10
15.261804242880764
 20
-47.61383550242499
 10
15.343909833546622
 20
-47.58743984519436
 10
15.425969772651422
 20
-47.56090260469458
 10
15.507983816048514
 20
-47.534223859879916
 10
15.507983816048519
 20
-47.534223859879916
 10
15.558485490678896
 20
-47.602265710703904
 10
15.609428708216152
 20
-47.67014781869444
 10
15.660808243463341
 20
-47.73787116590231
 10
15.712619110640544
 20
-47.805436658954605
 10
15.764856545998272
 20
-47.87284513451097
 10
15.817515992118405
 20
-47.94009736419042
 10
15.870593083698727
 20
-48.007194059033
 10
15.924083634646172
 20
-48.074135873550865
 10
15.977983626328466
 20
-48.140923409416125
 10
16.03228919685445
 20
-48.207557218826
 10
16.086996631270576
 20
-48.274037807580726
 10
16.14210235257575
 20
-48.34036563790467
 10
16.197602913469172
 20
-48.40654113103765
 10
16.253494988756405
 20
-48.472564669619764
 10
16.313002444154293
 20
-48.452570378226746
 10
16.372485303598932
 20
-48.432503032400014
 10
16.43194347740496
 20
-48.41236266239614
 10
16.491376875924225
 20
-48.392149298581806
 10
16.550785409545934
 20
-48.37186297143372
 10
16.555046970914223
 20
-48.28546348751443
 10
16.558905266645542
 20
-48.199181266258094
 10
16.562357423521586
 20
-48.113018024623685
 10
16.565400447895996
 20
-48.02697552312456
 10
16.56803121821435
 20
-47.941055568549636
 10
16.570246476885963
 20
-47.85526001692066
 10
16.572042821433904
 20
-47.769590776712334
 10
16.573416694839093
 20
-47.684049812366055
 10
16.574364374982213
 20
-47.59863914813212
 10
16.57488196307269
 20
-47.51336087228091
 10
16.574965370936855
 20
-47.42821714172968
 10
16.57461030701739
 20
-47.34321018713849
 10
16.57381226091188
 20
-47.258342318538524
 10
16.572566486249404
 20
-47.17361593156542
 10
16.65391079976624
 20
-47.14496001773073
 10
16.73520556417637
 20
-47.116163837103294
 10
16.8164505376097
 20
-47.08722747535818
 10
16.897645478344273
 20
-47.05815101858753
 10
16.978790144806997
 20
-47.02893455330032
 10
16.978790144807004
 20
-47.02893455330032
 10
17.031383483072286
 20
-47.09537289595078
 10
17.08441318268221
 20
-47.16163784111463
 10
17.137874051508987
 20
-47.22773053287054
 10
17.19176113438039
 20
-47.293652032464095
 10
17.24606969587124
 20
-47.359403324302214
 10
17.300795204765155
 20
-47.42498532136572
 10
17.355933319984757
 20
-47.49039887011103
 10
17.411479877817097
 20
-47.5556447549206
 10
17.4674308802857
 20
-47.62072370215442
 10
17.523782484540742
 20
-47.68563638384689
 10
17.58053099315597
 20
-47.75038342108812
 10
17.637672845235674
 20
-47.81496538712314
 10
17.695204608247057
 20
-47.879382810198564
 10
17.753122970504204
 20
-47.94363617618251
 10
17.81197982138365
 20
-47.921800882715395
 10
17.870809816224522
 20
-47.89989333508305
 10
17.92961286632581
 20
-47.87791356631661
 10
17.988388883027127
 20
-47.85586160955611
 10
18.04713777770885
 20
-47.83373749805041
 10
18.048710265634366
 20
-47.74724727311984
 10
18.049883329842313
 20
-47.660886795635975
 10
18.050654151901394
 20
-47.57465787108394
 10
18.05101979436505
 20
-47.48856235222751
 10
18.050977193379705
 20
-47.402602142061525
 10
18.05052315065245
 20
-47.31677919702056
 10
18.04965432470548
 20
-47.23109553047272
 10
18.04836722133417
 20
-47.14555321653199
 10
18.04665818317358
 20
-47.06015439422686
 10
18.04452337826395
 20
-46.97490127206946
 10
18.041958787488966
 20
-46.889796133075336
 10
18.038960190740443
 20
-46.80484134029238
 10
18.03552315163937
 20
-46.72003934290726
 10
18.031643000614675
 20
-46.63539268300829
 10
18.112056771473142
 20
-46.60422083359976
 10
18.192416654914744
 20
-46.5729103262184
 10
18.27272241185088
 20
-46.54146125401998
 10
18.35297380335395
 20
-46.509873710572506
 10
18.433170590658158
 20
-46.478147789855996
 10
18.433170590658165
 20
-46.47814778985598
 10
18.48780471190027
 20
-46.542918349527255
 10
18.542869590773357
 20
-46.60750202480963
 10
18.598360073241846
 20
-46.67190012070282
 10
18.65427123953501
 20
-46.73611385204427
 10
18.7105983871332
 20
-46.80014435003576
 10
18.76733701540544
 20
-46.86399266813671
 10
18.824482811698886
 20
-46.927659787401
 10
18.882031638708835
 20
-46.99114662132257
 10
18.9399795229824
 20
-47.05445402024655
 10
18.99832264442879
 20
-47.1175827753944
 10
19.057057326726078
 20
-47.18053362254523
 10
19.116180028528863
 20
-47.24330724541012
 10
19.175687335393132
 20
-47.30590427873151
 10
19.23557595234531
 20
-47.36832531113544
 10
19.2937252585043
 20
-47.34467013983045
 10
19.351845474520868
 20
-47.32094358452995
 10
19.40993651276418
 20
-47.297145681007684
 10
19.46799828564738
 20
-47.27327646514498
 10
19.52603070562775
 20
-47.24933597293069
 10
19.52491259882998
 20
-47.16283868069558
 10
19.52339929665069
 20
-47.076483495168645
 10
19.521488038172247
 20
-46.99027230861449
 10
19.519175944989684
 20
-46.904207064254855
 10
19.516460013914344
 20
-46.818289759449485
 10
19.513337109045228
 20
-46.732522449153066
 10
19.50980395313634
 20
-46.646907249679316
 10
19.505857118177925
 20
-46.56144634280819
 10
19.50149301509766
 20
-46.47614198027707
 10
19.496707882473803
 20
-46.39099648870318
 10
19.49149777413562
 20
-46.30601227499171
 10
19.48585854550673
 20
-46.221191832292284
 10
19.47978583852345
 20
-46.136537746577645
 10
19.473275064932054
 20
-46.05205270392945
 10
19.55268049800229
 20
-46.018395075698166
 10
19.632027757478095
 20
-45.98460053245662
 10
19.71131660728366
 20
-45.950669174751134
 10
19.79054681151691
 20
-45.91660110353506
 10
19.869718134450302
 20
-45.88239642016856
 10
19.86971813445027
 20
-45.88239642016857
 10
19.926340183685383
 20
-45.94543653552731
 10
19.98338697010763
 20
-46.00827646039344
 10
20.040853382759845
 20
-46.070917659425234
 10
20.098734542032346
 20
-46.13336149987667
 10
20.15702578286041
 20
-46.19560925865007
 10
20.215722639552528
 20
-46.257662128664286
 10
20.2748208320526
 20
-46.31952122462154
 10
20.334316253466756
 20
-46.38118758824351
 10
20.394204958709757
 20
-46.44266219303786
 10
20.454483154145528
 20
-46.503945948647576
 10
20.515147188113076
 20
-46.56503970482899
 10
20.57619354224333
 20
-46.625944255097835
 10
20.637618823484306
 20
-46.686660340078205
 10
20.69941975676246
 20
-46.74718865058467
 10
20.756805262502795
 20
-46.721736486292286
 10
20.814159472139703
 20
-46.69621387723352
 10
20.871482299197286
 20
-46.67062086189013
 10
20.928773657246964
 20
-46.64495747885
 10
20.986033459907617
 20
-46.61922376680716
 10
20.98222584008268
 20
-46.532803087811416
 10
20.978027635538275
 20
-46.446536737306246
 10
20.97343614554145
 20
-46.3604266925051
 10
20.968448553513497
 20
-46.27447498520774
 10
20.963061919836065
 20
-46.1886837052065
 10
20.957273174033862
 20
-46.10305500398815
 10
20.95107910626322
 20
-46.01759109876461
 10
20.944476358025614
 20
-45.9322942768711
 10
20.937461412013555
 20
-45.847166900575424
 10
20.930030580982233
 20
-45.76221141234912
 10
20.92217999552418
 20
-45.67743034065845
 10
20.913905590604422
 20
-45.59282630634282
 10
20.90520309069074
 20
-45.50840202965928
 10
20.8960679932856
 20
-45.42416033808423
 10
20.974388268939425
 20
-45.38804949261178
 10
21.05264614110046
 20
-45.35180360754804
 10
21.13084137693405
 20
-45.31542279073265
 10
21.20897374379189
 20
-45.278907150406646
 10
21.28704300921273
 20
-45.24225679521223
 10
21.287043009212738
 20
-45.24225679521223
 10
21.345598208265105
 20
-45.30350547901819
 10
21.404571713154958
 20
-45.364540859899236
 10
21.463958460948064
 20
-45.425364560755185
 10
21.523753616916505
 20
-45.48597809993384
 10
21.58395255796361
 20
-45.54638289880275
 10
21.644550857657634
 20
-45.6065802885861
 10
21.705544272679894
 20
-45.6665715165561
 10
21.766928730520494
 20
-45.72635775165433
 10
21.828700318278454
 20
-45.78594008960917
 10
21.890855272442526
 20
-45.84531955760516
 10
21.95338996954539
 20
-45.90449711855373
 10
22.016300917598112
 20
-45.963473675007585
 10
22.079584748223287
 20
-46.02225007275601
 10
22.143238209415816
 20
-46.080827104133746
 10
22.19980439796688
 20
-46.05360257017913
 10
22.25633711473046
 20
-46.02630859883802
 10
22.312836274469273
 20
-45.998945231262944
 10
22.36930179199662
 20
-45.97151250871105
 10
22.425733582176544
 20
-45.944010472544065
 10
22.41924013295071
 20
-45.85775001321322
 10
22.412361087532954
 20
-45.77165595485251
 10
22.405093807987782
 20
-45.685730357711385
 10
22.397435542287607
 20
-45.599975340202
 10
22.389383417228284
 20
-45.51439308252756
 10
22.380934430730694
 20
-45.42898583062547
 10
22.372085443458822
 20
-45.34375590046084
 10
22.362833169674516
 20
-45.258705682711295
 10
22.353174167237878
 20
-45.17383764788978
 10
22.343104826648204
 20
-45.089154351959145
 10
22.332621359004683
 20
-45.00465844250064
 10
22.32171978274642
 20
-44.92035266550796
 10
22.310395909008964
 20
-44.83623987289075
 10
22.298645325406845
 20
-44.752323030784794
 10
22.375804673835795
 20
-44.713793902981976
 10
22.452897449244944
 20
-44.675131741648954
 10
22.52992342226606
 20
-44.636336661814305
 10
22.606882363729646
 20
-44.59740877890204
 10
22.683774044665665
 20
-44.558348208731346
 10
22.68377404466567
 20
-44.558348208731346
 10
22.74420574516194
 20
-44.61774620683866
 10
22.80504891546216
 20
-44.6769179959455
 10
22.866298545553093
 20
-44.735865355623254
 10
22.927949850265886
 20
-44.79458995384465
 10
22.989998252944464
 20
-44.85309335506734
 10
23.052439370699116
 20
-44.911377027533014
 10
23.115269001053722
 20
-44.96944234987715
 10
23.178483109822253
 20
-45.027290617130426
 10
23.242077820073472
 20
-45.08492304618184
 10
23.306049402061905
 20
-45.14234078076378
 10
23.37039426401938
 20
-45.199544896011226
 10
23.435108943715367
 20
-45.256536402640656
 10
23.50019010070573
 20
-45.313316250788326
 10
23.56563450919993
 20
-45.36988533354262
 10
23.62132665642757
 20
-45.3409147679041
 10
23.676983188565465
 20
-45.31187583943516
 10
23.732604021697398
 20
-45.28276859191929
 10
23.78818907196098
 20
-45.253593069242974
 10
23.843738255547763
 20
-45.22434931539566
 10
23.834565258913777
 20
-45.138332527153075
 10
23.82501202765484
 20
-45.052494051377984
 10
23.815075989184926
 20
-44.9668360293627
 10
23.804754458689995
 20
-44.881360664082344
 10
23.794044632159736
 20
-44.796070224041756
 10
23.782943578815527
 20
-44.7109670474562
 10
23.77144823286611
 20
-44.626053546803426
 10
23.759555384512442
 20
-44.541332213790646
 10
23.747261670112263
 20
-44.456805624785865
 10
23.734563561400943
 20
-44.372476446770534
 10
23.72145735364984
 20
-44.28834744387951
 10
23.707939152624036
 20
-44.2044214846042
 10
23.6940048601793
 20
-44.12070154974785
 10
23.67965015831093
 20
-44.03719074123603
 10
23.755573932828664
 20
-43.99628060554564
 10
23.83142702920468
 20
-43.95523957108745
 10
23.907209221759057
 20
-43.91406775996775
 10
23.982920285022843
 20
-43.87276529468185
 10
24.058559993738704
 20
-43.83133229811382
 10
24.05855999373871
 20
-43.83133229811381
 10
24.120809731911564
 20
-43.88882214679545
 10
24.18346370578438
 20
-43.9460730992437
 10
24.24651696311178
 20
-44.00308708997983
 10
24.309964772913297
 20
-44.05986593498784
 10
24.37380260940109
 20
-44.116411340302015
 10
24.438026137467638
 20
-44.17272490976108
 10
24.502631199545007
 20
-44.22880815203009
 10
24.567613803673858
 20
-44.2846624869759
 10
24.63297011264337
 20
-44.34028925147093
 10
24.69869643408213
 20
-44.39568970468887
 10
24.76478921139592
 20
-44.450865032948144
 10
24.831245015462095
 20
-44.505816354151236
 10
24.898060537001456
 20
-44.560544721862136
 10
24.96523257955877
 20
-44.61505112905888
 10
25.01999680690736
 20
-44.584362558887676
 10
25.074723310319246
 20
-44.55360676657876
 10
25.12941200728046
 20
-44.5227837985042
 10
25.18406281533404
 20
-44.491893701137386
 10
25.238675652080158
 20
-44.46093652105291
 10
25.226831982319844
 20
-44.3752466195859
 10
25.21461380735397
 20
-44.28974676957796
 10
25.202018622434835
 20
-44.20443919129268
 10
25.189043812559298
 20
-44.11932617013691
 10
25.17568664562358
 20
-44.034410060722514
 10
25.161944264984918
 20
-43.94969329128053
 10
25.14781368136274
 20
-43.86517836846745
 10
25.133291764002415
 20
-43.78086788260949
 10
25.118375231013395
 20
-43.69676451343724
 10
25.103060638780512
 20
-43.61287103637062
 10
25.087344370331373
 20
-43.529190329424
 10
25.071222622524456
 20
-43.44572538081139
 10
25.054691391900455
 20
-43.3624792973459
 10
25.037746459012816
 20
-43.279455313742005
 10
25.112361208270944
 20
-43.23620374807817
 10
25.18690124264197
 20
-43.19282354504507
 10
25.26136634035264
 20
-43.14931483370853
 10
25.335756279852635
 20
-43.10567774351666
 10
25.410070839815265
 20
-43.06191240429958
 10
25.41007083981527
 20
-43.06191240429958
 10
25.474078393063365
 20
-43.11743848583987
 10
25.5384825568355
 20
-43.17271321503051
 10
25.60327844144513
 20
-43.227738679471166
 10
25.668461374677097
 20
-43.282516841400266
 10
25.734026885990204
 20
-43.3370495467782
 10
25.79997069225306
 20
-43.391338533489176
 10
25.866288684828085
 20
-43.44538543876823
 10
25.93297691784459
 20
-43.49919180594481
 10
26.000031597524437
 20
-43.552759090581404
 10
26.0674490724424
 20
-43.60608866607484
 10
26.135225824618992
 20
-43.6591818287793
 10
26.2033584613569
 20
-43.71203980270176
 10
26.271843707743386
 20
-43.76466374381471
 10
26.340678399750868
 20
-43.817054744025164
 10
26.394461726367343
 20
-43.784677858530934
 10
26.448205256695626
 20
-43.75223495662476
 10
26.501908909703825
 20
-43.71972608722247
 10
26.55557260442018
 20
-43.687151299339355
 10
26.60919625993319
 20
-43.654510642090095
 10
26.59469337503213
 20
-43.56923052684414
 10
26.57982207665451
 20
-43.484152018186315
 10
26.564579930314103
 20
-43.39927741320353
 10
26.548964393348548
 20
-43.31460907752337
 10
26.532972808203727
 20
-43.23014944958682
 10
26.51660239513634
 20
-43.1459010452915
 10
26.49985024426846
 20
-43.06186646304761
 10
26.482713306918622
 20
-42.97804838929444
 10
26.465188386123067
 20
-42.89444960453267
 10
26.44727212624753
 20
-42.81107298993565
 10
26.428961001575058
 20
-42.72792153461295
 10
26.410251303736832
 20
-42.64499834361034
 10
26.391139127831536
 20
-42.5623066467451
 10
26.37162035705282
 20
-42.479849808391236
 10
26.444853896100355
 20
-42.43429865585039
 10
26.51800875579723
 20
-42.38862125178715
 10
26.591084718491405
 20
-42.34281773210202
 10
26.664081566765542
 20
-42.29688823307069
 10
26.736999083437716
 20
-42.250832891343705
 10
26.736999083437688
 20
-42.25083289134372
 10
26.802702528587112
 20
-42.304341487844866
 10
26.868794575389593
 20
-42.357586519047274
 10
26.935270401447873
 20
-42.41057022360939
 10
27.002125397832167
 20
-42.46329470812568
 10
27.069355153572868
 20
-42.51576195669688
 10
27.13695544165838
 20
-42.56797383957131
 10
27.20492220635633
 20
-42.61993212097011
 10
27.27325155170204
 20
-42.67163846619226
 10
27.34193973102029
 20
-42.72309444808211
 10
27.410983137364557
 20
-42.77430155293099
 10
27.480378294773505
 20
-42.825261185874695
 10
27.55012185025738
 20
-42.875974675840524
 10
27.620210566438164
 20
-42.926443280091156
 10
27.690641314776922
 20
-42.97666818840625
 10
27.743391708766318
 20
-42.94263431013468
 10
27.796100272616375
 20
-42.90853568504355
 10
27.84876692685567
 20
-42.87437236454512
 10
27.90139159207598
 20
-42.84014440014916
 10
27.953974188932396
 20
-42.80585184346296
 10
27.936826119495077
 20
-42.721064017441826
 10
27.919316084726443
 20
-42.63648915809652
 10
27.90144172275696
 20
-42.552129637115016
 10
27.88320056572488
 20
-42.46798789805703
 10
27.86459003319679
 20
-42.38406646083361
 10
27.845607425018052
 20
-42.30036792657502
 10
27.8262499135285
 20
-42.21689498293136
 10
27.806514535069276
 20
-42.13365040985602
 10
27.786398180696228
 20
-42.05063708592982
 10
27.76589758600236
 20
-41.967857995292256
 10
27.745009319937076
 20
-41.88531623525626
 10
27.723729772491843
 20
-41.80301502469541
 10
27.702055141101106
 20
-41.72095771330659
 10
27.679981415581445
 20
-41.63914779186848
 10
27.751762895699066
 20
-41.59134112024882
 10
27.823461808119674
 20
-41.54341070509385
 10
27.89507793952298
 20
-41.49535668900725
 10
27.96661107683498
 20
-41.447179214960464
 10
28.038061007228617
 20
-41.39887842629226
 10
28.038061007228617
 20
-41.39887842629224
 10
28.105396780439584
 20
-41.45031777164294
 10
28.173112770485616
 20
-41.5014815937282
 10
28.2412042269241
 20
-41.55237228009949
 10
28.309666608569483
 20
-41.60299207966938
 10
28.37849556829107
 20
-41.65334311275938
 10
28.44768693928641
 20
-41.70342738017263
 10
28.517236722651997
 20
-41.753246771409614
 10
28.587141076098277
 20
-41.80280307212772
 10
28.65739630367759
 20
-41.85209797093159
 10
28.727998846411626
 20
-41.901133065569134
 10
28.79894527371996
 20
-41.949909868598375
 10
28.870232275564184
 20
-41.99842981258131
 10
28.94185665523296
 20
-42.04669425485447
 10
29.013815322702676
 20
-42.09470448191914
 10
29.06548175146564
 20
-42.05904653644941
 10
29.117104356706076
 20
-42.02332517639088
 10
29.16868306058991
 20
-41.98754045560248
 10
29.220217785349284
 20
-41.95169242803866
 10
29.27170845328265
 20
-41.91578114774936
 10
29.251931788958757
 20
-41.8315676376988
 10
29.231799957626876
 20
-41.74757824838025
 10
29.211310672319122
 20
-41.663815423788286
 10
29.19046154236187
 20
-41.58028168305082
 10
29.169250066938783
 20
-41.496979625111045
 10
29.147673628096136
 20
-41.41391193381549
 10
29.1257294831271
 20
-41.33108138345403
 10
29.103414756262556
 20
-41.24849084480471
 10
29.08072642958567
 20
-41.16614329174367
 10
29.05766133307483
 20
-41.084041808489516
 10
29.0342161336651
 20
-41.00218959756219
 10
29.010387323200703
 20
-40.920589988549
 10
28.98617120513056
 20
-40.83924644778577
 10
28.96156387977378
 20
-40.75816258907879
 10
29.031823857015414
 20
-40.70814664824758
 10
29.10199745809258
 20
-40.65800959158199
 10
29.172084474223144
 20
-40.60775156825097
 10
29.242084696882554
 20
-40.557372727783374
 10
29.311997917804515
 20
-40.506873220067526
 10
29.311997917804522
 20
-40.50687322006752
 10
29.38090087606526
 20
-40.55619355002329
 10
29.450175298507844
 20
-40.6052266652979
 10
29.51981651124005
 20
-40.653975100026024
 10
29.589820045213845
 20
-40.70244124326265
 10
29.660181621343032
 20
-40.750627349498814
 10
29.73089713706542
 20
-40.7985355481568
 10
29.801962654175046
 20
-40.84616785218848
 10
29.87337438777463
 20
-40.89352616588214
 10
29.945128696219687
 20
-40.94061229196909
 10
30.017222071943188
 20
-40.98742793810812
 10
30.089651133064486
 20
-41.03397472281616
 10
30.162412615698777
 20
-41.08025418090402
 10
30.23550336689401
 20
-41.12626776846893
 10
30.308920338131276
 20
-41.17201686748916
 10
30.359452817734805
 20
-41.134769351580594
 10
30.40993952282904
 20
-41.09745981466349
 10
30.46038037729257
 20
-41.06008831299136
 10
30.510775305073118
 20
-41.02265490291115
 10
30.561124230187676
 20
-40.98515964086313
 10
30.538738103622688
 20
-40.90160191791525
 10
30.516003951974184
 20
-40.818279252933266
 10
30.49291956538842
 20
-40.73519415985391
 10
30.469482632692703
 20
-40.652349230936174
 10
30.445690735107167
 20
-40.569747141641145
 10
30.4215413394117
 20
-40.48739065593511
 10
30.397031790506194
 20
-40.40528263206378
 10
30.3721593032934
 20
-40.3234260288526
 10
30.346920953803437
 20
-40.241823912595976
 10
30.321313669466864
 20
-40.16047946460785
 10
30.295334218428934
 20
-40.07939598951693
 10
30.26897919778054
 20
-39.998576924403075
 10
30.24224502056125
 20
-39.91802584888763
 10
30.215127901365396
 20
-39.83774649630837
 10
30.283798403740725
 20
-39.78556967345813
 10
30.3523788050475
 20
-39.733274479646184
 10
30.42086890124371
 20
-39.68086107046247
 10
30.489268488555997
 20
-39.628329601848556
 10
30.557577363480316
 20
-39.57568023009731
 10
30.55757736348032
 20
-39.575680230097305
 10
30.627980847628745
 20
-39.622833830424206
 10
30.69874668393818
 20
-39.6696888025159
 10
30.769870279588492
 20
-39.71624782463864
 10
30.84134724199269
 20
-39.76251342367855
 10
30.913173364248806
 20
-39.80848798611514
 10
30.985344612003868
 20
-39.85417376792978
 10
31.057857111559414
 20
-39.899572903578274
 10
31.130707139072104
 20
-39.94468741413759
 10
31.203891110723664
 20
-39.98951921472163
 10
31.277405573751697
 20
-40.03407012124804
 10
31.351247198247076
 20
-40.078341856626864
 10
31.42541276963621
 20
-40.12233605643285
 10
31.49989918177661
 20
-40.166054274115275
 10
31.57470343060332
 20
-40.209497985792446
 10
31.624053074136985
 20
-40.170696934011076
 10
31.673355036458474
 20
-40.131835314802764
 10
31.722609243232668
 20
-40.09291318676119
 10
31.771815620196474
 20
-40.05393060857122
 10
31.82097409315891
 20
-40.014887639008926
 10
31.796000161484496
 20
-39.932066539864216
 10
31.770685683342826
 20
-39.84949120851585
 10
31.745028528132185
 20
-39.767164226410685
 10
31.71902646641674
 20
-39.68508825643095
 10
31.692677163793096
 20
-39.603266047967274
 10
31.665978174225476
 20
-39.52170044243178
 10
31.638926932789147
 20
-39.44039437926082
 10
31.611520747753115
 20
-39.359350902464755
 10
31.583756791923214
 20
-39.27857316778983
 10
31.55563209315468
 20
-39.19806445056762
 10
31.527143523929578
 20
-39.117828154338554
 10
31.498287789877548
 20
-39.03786782034992
 10
31.469061417098967
 20
-38.958187138045524
 10
31.439460738125533
 20
-38.87878995668284
 10
31.506475331358526
 20
-38.82450272951988
 10
31.573396185785843
 20
-38.77009999078419
 10
31.64022310230299
 20
-38.71558190233607
 10
31.70695588208495
 20
-38.660948626379025
 10
31.773594326586796
 20
-38.60620032545927
 10
31.773594326586803
 20
-38.60620032545926
 10
31.84543022579893
 20
-38.65114157809437
 10
31.91761901459893
 20
-38.69577307784371
 10
31.990156185682007
 20
-38.740097644514115
 10
32.06303742717174
 20
-38.784117940378266
 10
32.13625860842033
 20
-38.82783648159534
 10
32.20981576718695
 20
-38.87125564852329
 10
32.28370509802826
 20
-38.91437769505692
 10
32.35792294175737
 20
-38.95720475710659
 10
32.43246577584938
 20
-38.99973886031609
 10
32.50733020568681
 20
-39.04198192710509
 10
32.582512956553565
 20
-39.083935783109965
 10
32.65801086629713
 20
-39.125602163087095
 10
32.73382087858958
 20
-39.166982716334914
 10
32.809940036726154
 20
-39.208079011683736
 10
32.85805910159703
 20
-39.16776196154124
 10
32.90612862468134
 20
-39.12738585614847
 10
32.954148533502185
 20
-39.08695075638257
 10
33.00211875565747
 20
-39.04645672320961
 10
33.05003921882004
 20
-39.00590381768454
 10
33.02250164270218
 20
-38.92389946640749
 10
32.99463132819004
 20
-38.84215135499278
 10
32.96642622599514
 20
-38.7606621299
 10
32.93788419057536
 20
-38.67943452205842
 10
32.90900297416216
 20
-38.59847135212839
 10
32.87978022027047
 20
-38.517775536218956
 10
32.850213456632325
 20
-38.43735009211343
 10
32.820300087487084
 20
-38.35719814606216
 10
32.7900373851514
 20
-38.2773229402103
 10
32.759422480780565
 20
-38.19772784073834
 10
32.72845235421911
 20
-38.11841634680574
 10
32.69712382282252
 20
-38.039392100401315
 10
32.665433529112754
 20
-37.96065889722199
 10
32.63337792710692
 20
-37.88222069872106
 10
32.698671778906686
 20
-37.82587558663159
 10
32.7638683448499
 20
-37.76941793410831
 10
32.82896743096221
 20
-37.71284790912539
 10
32.893968843559264
 20
-37.65616567999127
 10
32.95887238924736
 20
-37.599371415348266
 10
32.95887238924737
 20
-37.59937141534826
 10
33.032071206930155
 20
-37.64205684253211
 10
33.1056131102298
 20
-37.684421691845586
 10
33.179493681717354
 20
-37.726468921908065
 10
33.253708694398455
 20
-37.768201327803204
 10
33.32825409787555
 20
-37.80962155293567
 10
33.403126005853274
 20
-37.850732099737094
 10
33.4783206848248
 20
-37.89153533936084
 10
33.553834543799816
 20
-37.932033520484275
 10
33.62966412495455
 20
-37.9722287773214
 10
33.70580609510057
 20
-38.0121231369341
 10
33.78225723788283
 20
-38.05171852591887
 10
33.85901444662911
 20
-38.0910167765355
 10
33.93607471778282
 20
-38.13001963233598
 10
34.01343514485983
 20
-38.16872875334486
 10
34.06027707898038
 20
-38.126934708983406
 10
34.10706765866845
 20
-38.0850831786805
 10
34.153806813375475
 20
-38.04317422553785
 10
34.200494472630425
 20
-38.001207912743716
 10
34.247130566039914
 20
-37.959184303572904
 10
34.217055986305006
 20
-37.8780760340772
 10
34.18665679815171
 20
-37.79723422861433
 10
34.155931035587344
 20
-37.7166615960963
 10
34.12487663903913
 20
-37.63636093285748
 10
34.09349144954799
 20
-37.55633512809907
 10
34.0617732024593
 20
-37.47658716980593
 10
34.02971952055362
 20
-37.3971201511888
 10
33.99732790655188
 20
-37.31793727771362
 10
33.964595734920444
 20
-37.2390418747878
 10
33.931520242890045
 20
-37.16043739618427
 10
33.89809852058951
 20
-37.08212743329628
 10
33.86432750017916
 20
-37.00411572533075
 10
33.830203943850705
 20
-36.92640617056568
 10
33.79572443053713
 20
-36.84900283881771
 10
33.859234373319
 20
-36.790654352058674
 10
33.922643577311206
 20
-36.732196404880376
 10
33.985951853857216
 20
-36.6736291712083
 10
34.04915901460074
 20
-36.61495282529302
 10
34.11226487148635
 20
-36.55616754170981
 10
34.11226487148633
 20
-36.55616754170984
 10
34.18675579251115
 20
-36.59655584804843
 10
34.26157966326861
 20
-36.636613061670424
 10
34.33673216047924
 20
-36.676342277145466
 10
34.412209146120034
 20
-36.71574641966414
 10
34.488006653962216
 20
-36.754828257319254
 10
34.564120877415576
 20
-36.79359041219522
 10
34.6405481585218
 20
-36.832035370409976
 10
34.71728497796115
 20
-36.87016549123248
 10
34.79432794595622
 20
-36.907983015382186
 10
34.871673793972256
 20
-36.945490072602205
 10
34.949319367126904
 20
-36.98268868858527
 10
35.02726161723371
 20
-37.01958079132194
 10
35.10549759641321
 20
-37.056168216931056
 10
35.1840244512137
 20
-37.092452715025416
 10
35.22954393803791
 20
-37.049222109483715
 10
35.27501030746581
 20
-37.0059356429233
 10
35.32042349094544
 20
-36.9625933806094
 10
35.36578342000499
 20
-36.919195387891385
 10
35.411090026252964
 20
-36.875741730202634
 10
35.37850753811458
 20
-36.79560800950074
 10
35.34560888557136
 20
-36.71575071921539
 10
35.31239218782841
 20
-36.63617262809039
 10
35.278855473274824
 20
-36.556876595159856
 10
35.24499667384958
 20
-36.4778655753708
 10
35.21081361891945
 20
-36.399142625693166
 10
35.17630402861334
 20
-36.32071091177264
 10
35.14146550654968
 20
-36.242573715189685
 10
35.106295531884555
 20
-36.16473444139688
 10
35.070791450597
 20
-36.087196628418226
 10
35.034950465915195
 20
-36.00996395640637
 10
34.99876962777228
 20
-35.93304025816888
 10
34.96224582116203
 20
-35.85642953079351
 10
34.92537575324302
 20
-35.780135948522954
 10
34.98704034523907
 20
-35.71984053548691
 10
35.048600842970636
 20
-35.659438847942035
 10
35.110057063281495
 20
-35.59893106559687
 10
35.17140882332562
 20
-35.538317368475575
 10
35.23265594056786
 20
-35.477597936917434
 10
35.23265594056786
 20
-35.477597936917434
 10
35.30836689977954
 20
-35.515650049332834
 10
35.38440035073229
 20
-35.55336087449621
 10
35.46075206847857
 20
-35.59073363993372
 10
35.537418007970054
 20
-35.62777139811292
 10
35.6143942909838
 20
-35.6644770391368
 10
35.69167719431737
 20
-35.70085330220588
 10
35.76926313909979
 20
-35.7369027859975
 10
35.847148681086644
 20
-35.772627958089764
 10
35.92533050182626
 20
-35.808031163539866
 10
36.00380540059966
 20
-35.84311463271168
 10
36.08257028704932
 20
-35.87788048843451
 10
36.16162217442351
 20
-35.912330752564486
 10
36.24095817337172
 20
-35.946467352010906
 10
36.32057548623526
 20
-35.980292124282236
 10
36.36472848859943
 20
-35.93566678037913
 10
36.40882666199115
 20
-35.890987254421994
 10
36.45286993992132
 20
-35.84625361377643
 10
36.49685825598363
 20
-35.801465925889666
 10
36.540791543854645
 20
-35.756624258290394
 10
36.505732668765745
 20
-35.67754261058172
 10
36.470366379154214
 20
-35.598747092244764
 10
36.434690881242474
 20
-35.52024052917646
 10
36.3987042932889
 20
-35.44202584034483
 10
36.36240464013128
 20
-35.36410604358393
 10
36.32578984725769
 20
-35.28648426189137
 10
36.288857734350984
 20
-35.209163730285255
 10
36.25160600824548
 20
-35.1321478032858
 10
36.21403225522577
 20
-35.05543996309622
 10
36.17613393258669
 20
-34.97904382856881
 10
36.137908359361546
 20
-34.902963165055255
 10
36.09935270611025
 20
-34.827201895255826
 10
36.060463983642265
 20
-34.751764111201055
 10
36.02123903052732
 20
-34.67665408752141
 10
36.08099861522734
 20
-34.61447008012636
 10
36.14065085089253
 20
-34.55218308694664
 10
36.20019556004415
 20
-34.489793293299975
 10
36.2596325655234
 20
-34.42730088480993
 10
36.318961690491896
 20
-34.36470604740541
 10
36.3189616904919
 20
-34.3647060474054
 10
36.39581944242711
 20
-34.400385152936394
 10
36.4729889161219
 20
-34.43571310685332
 10
36.55046598904802
 20
-34.47069326651642
 10
36.62824671304513
 20
-34.505328808717145
 10
36.70632730164805
 20
-34.53962274277271
 10
36.7847041186441
 20
-34.573577922349706
 10
36.863373667711954
 20
-34.60719705617085
 10
36.942332583014576
 20
-34.640482717736134
 10
37.021577620636464
 20
-34.67343735417184
 10
37.10110565077089
 20
-34.70606329430487
 10
37.18091365057487
 20
-34.738362756047366
 10
37.26099869762089
 20
-34.770337853165024
 10
37.34135796388268
 20
-34.80199060149348
 10
37.42198871020106
 20
-34.833322924659136
 10
37.464732512927
 20
-34.78734601453278
 10
37.50741982814781
 20
-34.7413166537347
 10
37.55005059150162
 20
-34.69523491166572
 10
37.59262473871185
 20
-34.64910085780567
 10
37.63514220558726
 20
-34.60291456171321
 10
37.59764086074525
 20
-34.52496149338452
 10
37.55984114866651
 20
-34.447303976571014
 10
37.521741364326154
 20
-34.36994489158893
 10
37.48333971767228
 20
-34.29288721451623
 10
37.44463432835232
 20
-34.21613402315447
 10
37.405623219982644
 20
-34.13968850350764
 10
37.36630431390937
 20
-34.063553956836586
 10
37.326675422401166
 20
-33.987733807356015
 10
37.286734241206226
 20
-33.91223161065096
 10
37.24647834139516
 20
-33.837051062900976
 10
37.20590516040002
 20
-33.76219601101408
 10
37.165011992144805
 20
-33.68767046378829
 10
37.12379597614647
 20
-33.61347860423811
 10
37.08225408544442
 20
-33.53962480324639
 10
37.14005084930972
 20
-33.475612360503405
 10
37.197737113223106
 20
-33.41150032033198
 10
37.25531270555505
 20
-33.34728887347979
 10
37.31277745500528
 20
-33.28297821099021
 10
37.370131190603345
 20
-33.218568524201864
 10
37.37013119060335
 20
-33.21856852420186
 10
37.44806138035088
 20
-33.25184010561815
 10
37.52629222030582
 20
-33.28475101077483
 10
37.6048196943475
 20
-33.3173047236182
 10
37.683639955023146
 20
-33.34950454219028
 10
37.76274931128853
 20
-33.38135359211116
 10
37.84214421743849
 20
-33.41285483875279
 10
37.92182126308384
 20
-33.444011098262735
 10
38.00177716405118
 20
-33.47482504757322
 10
38.0820087540994
 20
-33.505299233512105
 10
38.16251297736192
 20
-33.53543608111638
 10
38.24328688143475
 20
-33.56523790123534
 10
38.32432761104179
 20
-33.5947068974993
 10
38.40563240221695
 20
-33.62384517272004
 10
38.48719857695058
 20
-33.65265473478093
 10
38.528491828169706
 20
-33.605370738122495
 10
38.56972698799905
 20
-33.55803607291729
 10
38.61090399426622
 20
-33.5106508105342
 10
38.65202278488654
 20
-33.463215022418446
 10
38.69308329786309
 20
-33.41572878009139
 10
38.65317576339713
 20
-33.33897970570176
 10
38.612979197631354
 20
-33.262535319043785
 10
38.572491985943095
 20
-33.186398552066485
 10
38.531712431701926
 20
-33.11057243507859
 10
38.49063875118406
 20
-33.03506010287158
 10
38.44926906804615
 20
-32.9598648013736
 10
38.40760140730855
 20
-32.884989894894446
 10
38.365633688790794
 20
-32.81043887403062
 10
38.32336371993388
 20
-32.73621536430915
 10
38.28078918793401
 20
-32.66232313566109
 10
38.23790765110111
 20
-32.58876611282913
 10
38.19471652934121
 20
-32.51554838683074
 10
38.151213093646106
 20
-32.44267422761768
 10
38.107394454453264
 20
-32.370148098096564
 10
38.16317248284756
 20
-32.30436914790981
 10
38.218836967274406
 20
-32.238494085004945
 10
38.27438774211954
 20
-32.17252310537502
 10
38.32982464210697
 20
-32.10645640529844
 10
38.385147502299546
 20
-32.04029418133839
 10
38.38514750229955
 20
-32.04029418133839
 10
38.464074737433855
 20
-32.07112605053376
 10
38.54329126036374
 20
-32.10158806775499
 10
38.62279316526146
 20
-32.131683840163895
 10
38.70257670910398
 20
-32.16141678386246
 10
38.78263829983884
 20
-32.190790137749794
 10
38.862974485698636
 20
-32.21980697603441
 10
38.94358194552571
 20
-32.248470219564275
 10
39.02445747998742
 20
-32.27678264611408
 10
39.105598003580276
 20
-32.3047468997494
 10
39.18700053733418
 20
-32.33236549937122
 10
39.26866220214035
 20
-32.3596408465304
 10
39.350580212636444
 20
-32.386575232590005
 10
39.43275187159052
 20
-32.413170845303604
 10
39.51517456473321
 20
-32.439429774869076
 10
39.554977315891854
 20
-32.39088443589154
 10
39.594720427975716
 20
-32.342290259510726
 10
39.63440384106207
 20
-32.293647318994566
 10
39.674027495318164
 20
-32.24495568768452
 10
39.7135913310014
 20
-32.19621543899547
 10
39.67131621487369
 20
-32.120744608317615
 10
39.62876168300221
 20
-32.04558730682217
 10
39.58592621272854
 20
-31.97074651525448
 10
39.5428082024851
 20
-31.896225315222438
 10
39.49940596690252
 20
-31.822026895474714
 10
39.45571773149298
 20
-31.74815455872336
 10
39.41174162686177
 20
-31.6746117290724
 10
39.36747568239169
 20
-31.601401960123194
 10
39.322917819337704
 20
-31.528528943837333
 10
39.278065843259114
 20
-31.455996520250146
 10
39.232917435705865
 20
-31.383808688142103
 10
39.18747014506213
 20
-31.311969616792325
 10
39.14172137643468
 20
-31.240483658958922
 10
39.09566838045448
 20
-31.169355365254695
 10
39.14937371173766
 20
-31.101873544510216
 10
39.202962564884324
 20
-31.0342991887408
 10
39.25643478045568
 20
-30.966632498995274
 10
39.3097901993599
 20
-30.898873676597148
 10
39.36302866285272
 20
-30.831022923144072
 10
39.36302866285269
 20
-30.8310229231441
 10
39.44287658637122
 20
-30.85938525227636
 10
39.52300215540624
 20
-30.887368911527815
 10
39.60340157820156
 20
-30.914977627786165
 10
39.68407121978502
 20
-30.942214931908445
 10
39.765007590571
 20
-30.96908417293941
 10
39.84620733606927
 20
-30.99558853094999
 10
39.9276672275666
 20
-31.021731028662852
 10
40.00938415366638
 20
-31.047514542007814
 10
40.09135511258767
 20
-31.072941809730217
 10
40.17357720513884
 20
-31.098015442158168
 10
40.2560476282917
 20
-31.122737929220737
 10
40.33876366929229
 20
-31.147111647797004
 10
40.421722700252204
 20
-31.171138868465825
 10
40.50492217317151
 20
-31.194821761717424
 10
40.54319591767855
 20
-31.145062044901003
 10
40.581408533122776
 20
-31.095255369071825
 10
40.619559961889045
 20
-31.045401809325977
 10
40.65765014645449
 20
-30.99550144083024
 10
40.695679029388586
 20
-30.94555433882196
 10
40.65107723004368
 20
-30.87143476501035
 10
40.606205900827746
 20
-30.797637258512694
 10
40.561063612519646
 20
-30.724164845986937
 10
40.51564886016412
 20
-30.651020657358888
 10
40.469960058376664
 20
-30.578207932249526
 10
40.42399553624171
 20
-30.505730026959643
 10
40.37775353175796
 20
-30.433590422074875
 10
40.33123218577795
 20
-30.36179273076357
 10
40.28442953538169
 20
-30.29034070785014
 10
40.2373435066145
 20
-30.219238259759223
 10
40.18997190650935
 20
-30.148489455440483
 10
40.142312414300314
 20
-30.0780985384012
 10
40.09436257171952
 20
-30.008069939994805
 10
40.046119772251295
 20
-29.938408294137883
 10
40.09770044998385
 20
-29.869288887139003
 10
40.14916182809589
 20
-29.80008061233002
 10
40.20050375347834
 20
-29.730783675621037
 10
40.25172607337748
 20
-29.661398283185907
 10
40.302828635395464
 20
-29.591924641461695
 10
40.30282863539546
 20
-29.59192464146168
 10
40.3835199995891
 20
-29.61778999180914
 10
40.46447709841604
 20
-29.643268220707803
 10
40.545696257859916
 20
-29.668363171165694
 10
40.62717395451605
 20
-29.693078485379043
 10
40.708906804641614
 20
-29.71741761929826
 10
40.79089155426878
 20
-29.74138385578019
 10
40.87312507025237
 20
-29.76498031649789
 10
40.9556043321418
 20
-29.788209972754057
 10
41.03832642478279
 20
-29.81107565532422
 10
41.12128853156692
 20
-29.83358006343828
 10
41.20448792825832
 20
-29.85572577299468
 10
41.28792197733586
 20
-29.87751524408904
 10
41.37158812279699
 20
-29.898950827928857
 10
41.45548388537623
 20
-29.9200347731969
 10
41.49219159585572
 20
-29.869108817853927
 10
41.528836746422776
 20
-29.81813782731854
 10
41.565419281825605
 20
-29.76712187844232
 10
41.60193914690685
 20
-29.71606104814464
 10
41.638396286603616
 20
-29.66495541341254
 10
41.59151095340182
 20
-29.59225880236791
 10
41.54436623695448
 20
-29.51989248518943
 10
41.49696080286043
 20
-29.44785953151959
 10
41.44929324423265
 20
-29.376163116574094
 10
41.401362077205285
 20
-29.3048065277121
 10
41.35316573605151
 20
-29.233793171576142
 10
41.30470256786806
 20
-29.16312658186623
 10
41.25597082677584
 20
-29.092810427822197
 10
41.206968667578835
 20
-29.02284852349871
 10
41.15769413881489
 20
-28.95324483793051
 10
41.10814517512151
 20
-28.88400350630001
 10
41.05831958882783
 20
-28.815128842237336
 10
41.0082150606696
 20
-28.746625351404177
 10
40.95782912950612
 20
-28.6784977465379
 10
41.00723525271363
 20
-28.607807621846884
 10
41.05651937023131
 20
-28.537032382534466
 10
41.10568133542792
 20
-28.466172239172817
 10
41.1547210020356
 20
-28.39522740258668
 10
41.2036382241504
 20
-28.324198083852814
 10
41.20363822415041
 20
-28.32419808385281
 10
41.28509496533567
 20
-28.347541432359495
 10
41.36680527318994
 20
-28.370489582364385
 10
41.44876559499108
 20
-28.393046489277978
 10
41.53097252231052
 20
-28.41521590311212
 10
41.61342278052181
 20
-28.437001383379435
 10
41.69611321932751
 20
-28.458406312546753
 10
41.77904080418159
 20
-28.4794339082175
 10
41.862202608501654
 20
-28.500087234192705
 10
41.94559580658023
 20
-28.5203692105395
 10
42.02921766711702
 20
-28.540282622778243
 10
42.11306554730402
 20
-28.55983013028474
 10
42.19713688740454
 20
-28.579014273991152
 10
42.28142920577464
 20
-28.597837483458996
 10
42.36594009428183
 20
-28.61630208338812
 10
42.40104625839462
 20
-28.564259157091396
 10
42.43608849226802
 20
-28.512173162991232
 10
42.47106674306706
 20
-28.46004417962036
 10
42.50598095805322
 20
-28.407872285576342
 10
42.54083108458456
 20
-28.35565755952142
 10
42.491707576057706
 20
-28.28445424051992
 10
42.44233508184732
 20
-28.213589122398783
 10
42.39271236366318
 20
-28.143065314815363
 10
42.34283811404756
 20
-28.07288603520344
 10
42.2927109520888
 20
-28.003054615480046
 10
42.24232941876355
 20
-27.933574509333745
 10
42.19169197186568
 20
-27.86444930016031
 10
42.140796980473446
 20
-27.79568270972128
 10
42.08964271889999
 20
-27.727278607611755
 10
42.038227360063516
 20
-27.659241021636774
 10
41.9865489682042
 20
-27.59157414921099
 10
41.934605490862694
 20
-27.524282369914204
 10
41.882394750022065
 20
-27.457370259357436
 10
41.82991443229761
 20
-27.39084260453956
 10
41.87709820374671
 20
-27.318650150286597
 10
41.9241573814693
 20
-27.246376416943836
 10
41.971091825453804
 20
-27.174021619541794
 10
42.01790139605977
 20
-27.101585973352147
 10
42.06458595401827
 20
-27.02906969388715
 10
42.06458595401827
 20
-27.02906969388714
 10
42.146729268058856
 20
-27.049868457370977
 10
42.22911373549479
 20
-27.07026432762905
 10
42.31173592833517
 20
-27.090261368647727
 10
42.39459255642499
 20
-27.109863434626558
 10
42.477680457422146
 20
-27.129074185196803
 10
42.56099658774732
 20
-27.147897099162957
 10
42.64453801438935
 20
-27.166335486945993
 10
42.72830190746527
 20
-27.184392501881227
 10
42.812285533448154
 20
-27.20207115050242
 10
42.896486248988175
 20
-27.219374301925598
 10
42.98090149526192
 20
-27.236304696431134
 10
43.06552879279353
 20
-27.252864953329553
 10
43.15036573669851
 20
-27.26905757818594
 10
43.235409992307076
 20
-27.284884969468234
 10
43.26888064710668
 20
-27.2317754203878
 10
43.30228606318832
 20
-27.178624812558237
 10
43.33562619018495
 20
-27.125433226117433
 10
43.36890097782794
 20
-27.072200741265096
 10
43.40211037594718
 20
-27.018927438262576
 10
43.35079621591718
 20
-26.94928629591674
 10
43.29924370864323
 20
-26.87999093427798
 10
43.247451713144
 20
-26.811044500010105
 10
43.195419022655976
 20
-26.74245024965232
 10
43.14314436055759
 20
-26.67421155645612
 10
43.09062637594054
 20
-26.606331917814877
 10
43.03786363878775
 20
-26.538814963353406
 10
42.98485463471268
 20
-26.47166446375442
 10
42.93159775920709
 20
-26.404884340409833
 10
42.87809131133715
 20
-26.33847867599837
 10
42.82433348681842
 20
-26.272451726106173
 10
42.7703223703887
 20
-26.20680793202577
 10
42.716055927385476
 20
-26.141551934890913
 10
42.661531994418056
 20
-26.076688591330846
 10
42.70644776685718
 20
-26.003063649052958
 10
42.75123647806949
 20
-25.929361341849138
 10
42.795897994798565
 20
-25.855581889000224
 10
42.8404321841664
 20
-25.781725510016575
 10
42.88483891367384
 20
-25.707792424637436
 10
42.88483891367384
 20
-25.707792424637425
 10
42.96758933221856
 20
-25.72602648163801
 10
43.05056825758464
 20
-25.743850340462036
 10
43.13377238982874
 20
-25.761268169740095
 10
43.21719856025248
 20
-25.778283924130765
 10
43.30084372185743
 20
-25.79490135984347
 10
43.38470494072686
 20
-25.811124048654854
 10
43.46877938822201
 20
-25.82695539060082
 10
43.55306433389705
 20
-25.84239862550033
 10
43.637557139050095
 20
-25.857456843445142
 10
43.722255250839076
 20
-25.872132994371256
 10
43.807156196900664
 20
-25.886429896812576
 10
43.89225758041857
 20
-25.900350245923985
 10
43.97755707559432
 20
-25.913896620850153
 10
44.06305242347945
 20
-25.927071491506744
 10
44.09485518826901
 20
-25.872946699701316
 10
44.1265914689763
 20
-25.818782897922745
 10
44.15826121775089
 20
-25.76458016783657
 10
44.18986438684267
 20
-25.710338591167037
 10
44.22140092860194
 20
-25.65605824969697
 10
44.167945760204546
 20
-25.588046657314315
 10
44.11426311358835
 20
-25.52038809094495
 10
44.06035194618475
 20
-25.453085731214944
 10
44.006211153091876
 20
-25.386142870618436
 10
43.95183956321336
 20
-25.319562920477964
 10
43.897235935062774
 20
-25.253349418508222
 10
43.842398952195644
 20
-25.18750603705165
 10
43.787327218225656
 20
-25.122036592064212
 10
43.732019251375434
 20
-25.056945052940982
 10
43.6764734785047
 20
-24.992235553284605
 10
43.62068822854989
 20
-24.92791240273574
 10
43.56466172529884
 20
-24.86398010000296
 10
43.50839207941187
 20
-24.800443347252745
 10
43.451877279585254
 20
-24.737307066046256
 10
43.49448159990542
 20
-24.662320863120097
 10
43.53695651442199
 20
-24.587261284277442
 10
43.57930189676261
 20
-24.51212855283733
 10
43.621517620940296
 20
-24.436922892336405
 10
43.66360356135384
 20
-24.361644526528334
 10
43.663603561353845
 20
-24.361644526528327
 10
43.74688102871711
 20
-24.37729623677314
 10
43.83037413526213
 20
-24.392530840730846
 10
43.914079712285684
 20
-24.407352607643375
 10
43.99799471561143
 20
-24.421765588802447
 10
44.082116216532484
 20
-24.43577363336179
 10
44.166441393633
 20
-24.449380402614704
 10
44.250967525383174
 20
-24.46258938292272
 10
44.33569198341585
 20
-24.475403897454125
 10
44.42061222640696
 20
-24.487827116869212
 10
44.50572579449188
 20
-24.499862069070083
 10
44.59103030415924
 20
-24.51151164811743
 10
44.676523443571085
 20
-24.52277862240309
 10
44.76220296826499
 20
-24.533665642156173
 10
44.848066697199236
 20
-24.54417524635059
 10
44.87817080485777
 20
-24.489087574060648
 10
44.908207247388766
 20
-24.433962978313176
 10
44.93817597950474
 20
-24.378801542222355
 10
44.96807695602029
 20
-24.323603348957924
 10
44.99791013185217
 20
-24.268368481745043
 10
44.942365669510465
 20
-24.202052236148745
 10
44.88660481804558
 20
-24.136095920342076
 10
44.830626634310285
 20
-24.07050274583632
 10
44.77443011633325
 20
-24.00527603789527
 10
44.718014199676276
 20
-23.940419242612293
 10
44.66137775347588
 20
-23.875935934600886
 10
44.60451957613374
 20
-23.81182982536834
 10
44.547438390614694
 20
-23.748104772452205
 10
44.49013283930577
 20
-23.68476478941055
 10
44.432601478382104
 20
-23.62181405677099
 10
44.37484277161771
 20
-23.559256934059363
 10
44.316855083568825
 20
-23.497097973048096
 10
44.25863667204639
 20
-23.435341932387352
 10
44.20018567977947
 20
-23.373993793808918
 10
44.24043733105231
 20
-23.297718874542912
 10
44.280557357136544
 20
-23.221374639356313
 10
44.32054563866613
 20
-23.14496131539029
 10
44.360402056666985
 20
-23.068479129991548
 10
44.40012649255736
 20
-22.99192831071169
 10
44.40012649255735
 20
-22.99192831071172
 10
44.48385044316786
 20
-23.00498253218195
 10
44.567776956703575
 20
-23.01761314277791
 10
44.65190299876684
 20
-23.029824508222674
 10
44.73622565264846
 20
-23.041620772521735
 10
44.82074211076635
 20
-23.053005874049294
 10
44.90544966693519
 20
-23.06398356007326
 10
44.99034570936694
 20
-23.07455739990796
 10
45.07542771431594
 20
-23.084730796856068
 10
45.160693240294506
 20
-23.09450699907899
 10
45.24613992279522
 20
-23.10388910951563
 10
45.331765469464564
 20
-23.112880094953653
 10
45.41756765567944
 20
-23.121482794343613
 10
45.50354432048488
 20
-23.129699926435126
 10
45.589693362855925
 20
-23.13753409680406
 10
45.618069689603516
 20
-23.08153683779476
 10
45.64637723563995
 20
-23.025504777564606
 10
45.674615958284484
 20
-22.969438000596014
 10
45.70278581496014
 20
-22.913336591423747
 10
45.730886763193766
 20
-22.857200634634793
 10
45.67330674258778
 20
-22.7926438925095
 10
45.615521631296765
 20
-22.728453635741346
 10
45.55753058650722
 20
-22.664633103619906
 10
45.49933271014778
 20
-22.601185650961657
 10
45.44092704546814
 20
-22.538114755296906
 10
45.38231257332185
 20
-22.475424024679736
 10
45.32348820811914
 20
-22.41311720619167
 10
45.264452793411486
 20
-22.351198195219915
 10
45.20520509706373
 20
-22.28967104560269
 10
45.145743805963235
 20
-22.228539980748163
 10
45.08606752020776
 20
-22.16780940584981
 10
45.02617474670415
 20
-22.10748392134036
 10
44.96606389209942
 20
-22.04756833774998
 10
44.90573325495221
 20
-21.988067692161565
 10
44.94359329630474
 20
-21.910577847613965
 10
44.981319620422504
 20
-21.833022814200348
 10
45.01891211506128
 20
-21.75540282266428
 10
45.056370668374974
 20
-21.677718103942567
 10
45.09369516891603
 20
-21.599968889164618
 10
45.09369516891603
 20
-21.59996888916461
 10
45.177784605258815
 20
-21.610412992744077
 10
45.262063332303676
 20
-21.620427390678287
 10
45.34652845289415
 20
-21.63001654094787
 10
45.4311771806099
 20
-21.639184676263053
 10
45.51600683170982
 20
-21.647935820408392
 10
45.60101481785711
 20
-21.656273803001174
 10
45.68619863953233
 20
-21.664202272855423
 10
45.77155588005281
 20
-21.67172471011572
 10
45.85708420012922
 20
-21.67884443730221
 10
45.9427813328989
 20
-21.68556462938871
 10
46.02864507938386
 20
-21.69188832301966
 10
46.11467330432805
 20
-21.69781842495786
 10
46.200863932374546
 20
-21.703357719843204
 10
46.28721494454774
 20
-21.708508877332783
 10
46.313836038120925
 20
-21.651656205335694
 10
46.34038730194021
 20
-21.594770888022357
 10
46.36686869597291
 20
-21.537853011161697
 10
46.393280180291654
 20
-21.48090266057172
 10
46.4196217150745
 20
-21.423919922119403
 10
46.360061841155414
 20
-21.361185137943785
 10
46.300308373401435
 20
-21.29882304014191
 10
46.240360570148205
 20
-21.23683689264783
 10
46.18021763809308
 20
-21.175230076585134
 10
46.119878729099284
 20
-21.11400609755679
 10
46.05934293672332
 20
-21.053168593566916
 10
45.998609292434274
 20
-20.9927213436462
 10
45.93767676148901
 20
-20.932668277262966
 10
45.876544238422184
 20
-20.873013484613757
 10
45.81521054210375
 20
-20.81376122790142
 10
45.75367441030954
 20
-20.75491595372533
 10
45.69193449374145
 20
-20.69648230672791
 10
45.62998934942406
 20
-20.63846514466542
 10
45.5678374333916
 20
-20.580869555098847
 10
45.603269237678965
 20
-20.502239751689654
 10
45.638565362048205
 20
-20.423548949535036
 10
45.67372570148547
 20
-20.34479738275772
 10
45.7087501513809
 20
-20.265985285661213
 10
45.74363860752891
 20
-20.187112892729118
 10
45.743638607528915
 20
-20.18711289272911
 10
45.82801217850514
 20
-20.19493677442212
 10
45.912561584833796
 20
-20.20232527141134
 10
45.9972840694024
 20
-20.209282929622162
 10
46.08217697877516
 20
-20.21581406637467
 10
46.16723775564831
 20
-20.221922786971017
 10
46.25246393203762
 20
-20.22761299967295
 10
46.337853123110335
 20
-20.232888429264218
 10
46.42340302158479
 20
-20.237752629364483
 10
46.50911139263315
 20
-20.24220899363831
 10
46.594976069230505
 20
-20.24626076602284
 10
46.68099494790176
 20
-20.249911050081547
 10
46.767165984823684
 20
-20.253162817577344
 10
46.85348719224514
 20
-20.256018916346466
 10
46.9399566351931
 20
-20.258482077544503
 10
46.96479674140312
 20
-20.20082899384801
 10
46.98956603637232
 20
-20.143145452322113
 10
47.01426448275473
 20
-20.08543153993926
 10
47.03889204331125
 20
-20.027687343717684
 10
47.06344868090963
 20
-19.969912950721284
 10
47.00196657400886
 20
-19.909060816347374
 10
46.940302557412856
 20
-19.848587208813814
 10
46.87845599132391
 20
-19.78849541354148
 10
46.8164261879756
 20
-19.728788834690068
 10
46.754212408665175
 20
-19.669471002543755
 10
46.691813860529024
 20
-19.610545581537156
 10
46.62922969303207
 20
-19.552016378994164
 10
46.566458994137626
 20
-19.49388735466271
 10
46.50350078611961
 20
-19.436162631140657
 10
46.44035402097325
 20
-19.378846505302135
 10
46.37701757537357
 20
-19.32194346085062
 10
46.313490245122864
 20
-19.265458182144812
 10
46.249770739019276
 20
-19.209395569467535
 10
46.18585767206633
 20
-19.153760755935956
 10
46.2188269613062
 20
-19.074067062921742
 10
46.251658739206135
 20
-18.99431662029504
 10
46.284352908084294
 20
-18.91450966533125
 10
46.31690937066819
 20
-18.834646435473886
 10
46.34932803009509
 20
-18.75472716833392
 10
46.34932803009509
 20
-18.75472716833391
 10
46.43390410972401
 20
-18.759923259040225
 10
46.51864239924636
 20
-18.7646787071908
 10
46.60354028426099
 20
-18.768998142257896
 10
46.68859524688367
 20
-18.772885961994724
 10
46.77380485872198
 20
-18.776346349249422
 10
46.8591667745319
 20
-18.77938328714722
 10
46.94467872647453
 20
-18.782000572838083
 10
47.030338518901345
 20
-18.78420182997887
 10
47.11614402360804
 20
-18.78599052009541
 10
47.20209317550394
 20
-18.787369952949867
 10
47.288183968651836
 20
-18.78834329602225
 10
47.37441445263853
 20
-18.78891358320061
 10
47.46078272924173
 20
-18.789083722762406
 10
47.547286949362935
 20
-18.788856504719522
 10
47.57032203701133
 20
-18.730458784958632
 10
47.59328540043724
 20
-18.67203282432117
 10
47.61617700501762
 20
-18.613578710898963
 10
47.638996816237615
 20
-18.555096532826287
 10
47.66174479969063
 20
-18.496586378279734
 10
47.598399939775845
 20
-18.43767576421746
 10
47.53488503029135
 20
-18.37914915126187
 10
47.47119953392509
 20
-18.321009843142246
 10
47.407342869112206
 20
-18.263261263761066
 10
47.343314407298614
 20
-18.2059069646684
 10
47.279113469967655
 20
-18.14895063318427
 10
47.21473932540291
 20
-18.09239610124241
 10
47.15019118515647
 20
-18.036247355039578
 10
47.08546820018744
 20
-17.980508545586595
 10
47.02056945663018
 20
-17.925184000271933
 10
46.955493971145614
 20
-17.87027823556547
 10
46.89024068580147
 20
-17.815795971010377
 10
46.824808462418574
 20
-17.761742144675342
 10
46.75919607630964
 20
-17.708121930267726
 10
46.78967095484397
 20
-17.627441446149547
 10
46.82000662364991
 20
-17.5467085164534
 10
46.850202992472084
 20
-17.46592338137781
 10
46.88025997146953
 20
-17.385086281276596
 10
46.91017747121602
 20
-17.30419745665821
 10
46.91017747121603
 20
-17.304197456658198
 10
46.99487423760287
 20
-17.306760729495643
 10
47.07971943149655
 20
-17.30887852821861
 10
47.164710583736486
 20
-17.310555561367522
 10
47.24984531442595
 20
-17.311796302874164
 10
47.33512132643313
 20
-17.312605009086035
 10
47.42053639952314
 20
-17.31298573413841
 10
47.50608838504486
 20
-17.312942343873996
 10
47.59177520110712
 20
-17.31247852848119
 10
47.67759482818801
 20
-17.311597813998272
 10
47.763545305128936
 20
-17.310303572810458
 10
47.84962472547118
 20
-17.30859903324997
 10
47.9358312340985
 20
-17.30648728839487
 10
48.02216302415384
 20
-17.303971304150306
 10
48.10861833420211
 20
-17.30105392668528
 10
48.12982611832927
 20
-17.24196806688231
 10
48.150961334640854
 20
-17.182856210476817
 10
48.17202395127019
 20
-17.123718446594797
 10
48.19301393646011
 20
-17.06455486440129
 10
48.213931258562916
 20
-17.00536555310028
 10
48.14878492769502
 20
-16.948453451564074
 10
48.083480571894924
 20
-16.891930453904607
 10
48.01801775685602
 20
-16.835799878963428
 10
47.952396007777644
 20
-16.7800651670734
 10
47.88661480686249
 20
-16.72472988761459
 10
47.82067359059723
 20
-16.66979774722517
 10
47.754571746792024
 20
-16.61527259874158
 10
47.6883086113505
 20
-16.561158450953005
 10
47.62188346473835
 20
-16.50745947926741
 10
47.55529552811314
 20
-16.454180037401123
 10
47.48854395907308
 20
-16.40132467022103
 10
47.42162784697475
 20
-16.348898127888933
 10
47.35454620776281
 20
-16.296905381482098
 10
47.28729797824394
 20
-16.245351640292885
 10
47.31524896359593
 20
-16.16376241822845
 10
47.3430591755075
 20
-16.082125105358294
 10
47.37072853123705
 20
-16.000439944571667
 10
47.39825694846206
 20
-15.918707178900169
 10
47.42564434527935
 20
-15.836927051517051
 10
47.42564434527935
 20
-15.836927051517044
 10
47.51037985977269
 20
-15.836855026684697
 10
47.595249875792234
 20
-15.836333127146567
 10
47.68025207180676
 20
-15.835366135956034
 10
47.76538420820939
 20
-15.833958598895215
 10
47.85064412135131
 20
-15.832114841693226
 10
47.936029718154614
 20
-15.82983898557329
 10
48.02153897123474
 20
-15.827134961330875
 10
48.10716991447189
 20
-15.82400652211591
 10
48.192920638980354
 20
-15.82045725506792
 10
48.27878928943089
 20
-15.816490591932595
 10
48.36477406068765
 20
-15.812109818771164
 10
48.45087319472606
 20
-15.807318084859373
 10
48.537084977802294
 20
-15.80211841086071
 10
48.62340773784881
 20
-15.796513696347832
 10
48.642767701293266
 20
-15.736796858256136
 10
48.662054323533724
 20
-15.677056292986009
 10
48.68126757549075
 20
-15.617292090611372
 10
48.70040742819553
 20
-15.55750434124179
 10
48.71947385278993
 20
-15.497693135022333
 10
48.652589075836616
 20
-15.442834604794816
 10
48.58555845146755
 20
-15.38836990478123
 10
48.51838164880169
 20
-15.33430236572462
 10
48.45105830026195
 20
-15.280635441059925
 10
48.3835879993087
 20
-15.227372714544073
 10
48.31597029797714
 20
-15.174517908547452
 10
48.24820470419623
 20
-15.12207489308184
 10
48.18029067886364
 20
-15.0700476956506
 10
48.1122276326477
 20
-15.018440512019406
 10
48.044014922482724
 20
-14.967257718020498
 10
47.97565184771912
 20
-14.916503882520916
 10
47.90713764588335
 20
-14.866183781705608
 10
47.838471487995896
 20
-14.816302414851224
 10
47.769652473386
 20
-14.76686502179546
 10
47.79505252478252
 20
-14.684445994087774
 10
47.820310375215776
 20
-14.60198327687134
 10
47.84542594953803
 20
-14.51947711549118
 10
47.87039917302485
 20
-14.436927755421559
 10
47.8952299713753
 20
-14.354335442265276
 10
47.89522997137529
 20
-14.35433544226531
 10
47.9799222578374
 20
-14.351628189442543
 10
48.064734989723576
 20
-14.348467096547415
 10
48.14966599537782
 20
-14.344857016518958
 10
48.234713177649816
 20
-14.340802562591882
 10
48.319874508466924
 20
-14.33630812569205
 10
48.40514802393317
 20
-14.331377890143607
 10
48.49053181989187
 20
-14.326015847892013
 10
48.57602404789672
 20
-14.320225811417782
 10
48.66162291154491
 20
-14.314011425491364
 10
48.74732666313148
 20
-14.30737617789893
 10
48.833133600589804
 20
-14.300323409251664
 10
48.91904206468775
 20
-14.29285632197627
 10
49.00505043645267
 20
-14.284977988572289
 10
49.091157134802124
 20
-14.276691359210872
 10
49.108650548049596
 20
-14.216401315014554
 10
49.12606991765753
 20
-14.156089836018406
 10
49.143415217361834
 20
-14.095757013157144
 10
49.16068642101011
 20
-14.03540293739767
 10
49.17788350256169
 20
-13.975027699738934
 10
49.10932498622498
 20
-13.922275812905122
 10
49.04063294108692
 20
-13.869922101617135
 10
48.971807140012146
 20
-13.817969905297229
 10
48.90284732300274
 20
-13.76642268714146
 10
48.83375319517006
 20
-13.71528404181655
 10
48.76452442453122
 20
-13.66455770382396
 10
48.69516063961002
 20
-13.61424755660681
 10
48.62566142681971
 20
-13.5643576424863
 10
48.55602632760143
 20
-13.514892173526668
 10
48.486254835288314
 20
-13.465855543442746
 10
48.416346391660845
 20
-13.417252340681635
 10
48.34630038315299
 20
-13.369087362830781
 10
48.27611613666305
 20
-13.32136563252974
 10
48.205792914914156
 20
-13.274092415092355
 10
48.22861745944589
 20
-13.190923316827766
 10
48.25129851306181
 20
-13.107714972618194
 10
48.273836008280696
 20
-13.024467630027065
 10
48.29622987804845
 20
-12.94118153673382
 10
48.31848005573832
 20
-12.857856940533207
 10
48.31848005573833
 20
-12.857856940533198
 10
48.403047179851825
 20
-12.852517078812275
 10
48.487720576764055
 20
-12.846719850713367
 10
48.57249822679525
 20
-12.84047017436626
 10
48.65737817728045
 20
-12.83377272599525
 10
48.742358537685234
 20
-12.826631957475003
 10
48.82743747519552
 20
-12.819052112182536
 10
48.91261321072463
 20
-12.81103723935134
 10
48.997884015288
 20
-12.80259120710419
 10
49.08324820670365
 20
-12.793717714316374
 10
49.16870414658169
 20
-12.784420301440347
 10
49.25425023757135
 20
-12.774702360405415
 10
49.33988492083812
 20
-12.764567143691105
 10
49.4256066737468
 20
-12.754017772660559
 10
49.51141400772966
 20
-12.743057245229323
 10
49.52702394703262
 20
-12.682252321652378
 10
49.54255921189294
 20
-12.621428276390981
 10
49.55801977888729
 20
-12.560585201152678
 10
49.57340562470499
 20
-12.499723187673705
 10
49.588716726148
 20
-12.438842327718852
 10
49.51855079636468
 20
-12.388248118322329
 10
49.448263785574866
 20
-12.338056044594397
 10
49.37785557060868
 20
-12.288269451405858
 10
49.307325999298854
 20
-12.238891808363457
 10
49.23667488869307
 20
-12.189926717566104
 10
49.165902023111464
 20
-12.141377922033442
 10
49.095007152032096
 20
-12.093249314882957
 10
49.0239899877839
 20
-12.045544949343
 10
48.952850203024454
 20
-11.998269049701475
 10
48.8815874279759
 20
-11.951426023305164
 10
48.810201247388804
 20
-11.905020473742209
 10
48.73869119719826
 20
-11.85905721536119
 10
48.667056760831514
 20
-11.813541289305507
 10
48.59529736511892
 20
-11.76847798127127
 10
48.615524321513156
 20
-11.684639273180961
 10
48.63560663585718
 20
-11.60076580067735
 10
48.65554424840162
 20
-11.516857813302762
 10
48.6753370998276
 20
-11.432915560702208
 10
48.694985131246995
 20
-11.348939292622655
 10
48.694985131246995
 20
-11.348939292622648
 10
48.779345279780976
 20
-11.340971987974909
 10
48.8637974256763
 20
-11.332544233116
 10
48.94833970318331
 20
-11.323661006608482
 10
49.03297030601151
 20
-11.314327043142287
 10
49.11768748299365
 20
-11.304546851233992
 10
49.20248953417065
 20
-11.294324729208283
 10
49.28737480724703
 20
-11.283664779669317
 10
49.37234169437265
 20
-11.272570922639966
 10
49.45738862921374
 20
-11.261046907521942
 10
49.54251408428049
 20
-11.249096324008816
 10
49.62771656848334
 20
-11.236722612066545
 10
49.71299462489352
 20
-11.223929071080917
 10
49.79834682868627
 20
-11.210718868258958
 10
49.88377178524869
 20
-11.197095046360321
 10
49.89748314899902
 20
-11.13583406823928
 10
49.9111192797463
 20
-11.074556300048169
 10
49.924680156930634
 20
-11.013261834178632
 10
49.9381657601056
 20
-10.951950763047488
 10
49.951576068938245
 20
-10.890623179096597
 10
49.87987060671377
 20
-10.842235593767377
 10
49.80805662841575
 20
-10.794253715189232
 10
49.73613411495888
 20
-10.746680890445555
 10
49.66410302215382
 20
-10.699520592197159
 10
49.59196327916149
 20
-10.65277642649035
 10
49.51971478681378
 20
-10.60645214124182
 10
49.44735741578535
 20
-10.560551635477081
 10
49.37489100459911
 20
-10.515078969410398
 10
49.30231535744576
 20
-10.470038375466617
 10
49.22963024179418
 20
-10.425434270360645
 10
49.15683538576678
 20
-10.381271268367993
 10
49.0839304752487
 20
-10.337554195940807
 10
49.010915150695915
 20
-10.294288107849335
 10
48.93778900360044
 20
-10.251478305058404
 10
48.95539880358321
 20
-10.167051095677818
 10
48.97286295031321
 20
-10.08259363704793
 10
48.99018139183072
 20
-9.998106180448557
 10
49.007354076609474
 20
-9.913588977248763
 10
49.024380953556935
 20
-9.829042278906115
 10
49.024380953556935
 20
-9.829042278906106
 10
49.10845251351603
 20
-9.81845523918424
 10
49.19260170639755
 20
-9.807405110873862
 10
49.27682682218694
 20
-9.795896928153862
 10
49.36112620271569
 20
-9.78393547959931
 10
49.44549823787783
 20
-9.771525326006998
 10
49.529941362213904
 20
-9.75867081649092
 10
49.61445405181808
 20
-9.745376103056898
 10
49.69903482153015
 20
-9.73164515383554
 10
49.783682222379866
 20
-9.717481765127667
 10
49.868394839255295
 20
-9.702889572395176
 10
49.95317128877061
 20
-9.687872060312728
 10
50.038010217312184
 20
-9.672432571980426
 10
50.12291029924423
 20
-9.656574317385116
 10
50.20787023525782
 20
-9.640300381186886
 10
50.21966975859662
 20
-9.578642614561604
 10
50.23139356315505
 20
-9.51697040572394
 10
50.24304163125652
 20
-9.455283847660256
 10
50.25461394533862
 20
-9.39358303337855
 10
50.26611048795319
 20
-9.331868055908313
 10
50.19293486369126
 20
-9.28573390651014
 10
50.11966339327099
 20
-9.240008642450444
 10
50.04629616171017
 20
-9.194695609787125
 10
49.972833232840095
 20
-9.14979828087549
 10
49.8992746480035
 20
-9.105320262220625
 10
49.825620424639936
 20
-9.061265303010394
 10
49.75187055474577
 20
-9.017637304406296
 10
49.67802500319415
 20
-8.974440329680501
 10
49.60408370589829
 20
-8.931678615300203
 10
49.53004656779881
 20
-8.889356583075552
 10
49.45591346065293
 20
-8.847478853505404
 10
49.38168422059973
 20
-8.806050260476205
 10
49.307358645471794
 20
-8.765075867494877
 10
49.23293649181799
 20
-8.724560985666626
 10
49.24791209904511
 20
-8.639626952868191
 10
49.26274118272703
 20
-8.554667215248653
 10
49.27742369874393
 20
-8.46968202558222
 10
49.291959603412025
 20
-8.38467163671882
 10
49.30634885348376
 20
-8.299636301583366
 10
49.30634885348376
 20
-8.299636301583359
 10
49.39005049106336
 20
-8.286439769064543
 10
49.47381532202165
 20
-8.27277795758817
 10
49.55764179373352
 20
-8.258655952079229
 10
49.64152839775653
 20
-8.244078590365278
 10
49.72547366660373
 20
-8.22905048111105
 10
49.809476170829754
 20
-8.213576020012367
 10
49.89353451639269
 20
-8.197659404459912
 10
49.97764734225908
 20
-8.18130464685312
 10
50.06181331822398
 20
-8.164515586719242
 10
50.14603114292234
 20
-8.14729590177143
 10
50.23029954201041
 20
-8.129649118021854
 10
50.31461726649927
 20
-8.1115786190507
 10
50.39898309122451
 20
-8.093087654519172
 10
50.48339581343823
 20
-8.074179348003582
 10
50.49327208108873
 20
-8.012184442781168
 10
50.503072217434564
 20
-7.950177457175965
 10
50.51279620769954
 20
-7.8881584846790975
 10
50.5224440372223
 20
-7.82612761879976
 10
50.53201569145633
 20
-7.764084953065083
 10
50.45744069784742
 20
-7.720248871407975
 10
50.38278262072038
 20
-7.676824458106588
 10
50.3080416491138
 20
-7.633815054956231
 10
50.23321795481786
 20
-7.591224130647431
 10
50.158311691317124
 20
-7.549055288654988
 10
50.08332299264193
 20
-7.507312275810853
 10
50.0082519721181
 20
-7.465998991638369
 10
49.93309872100298
 20
-7.425119498536678
 10
49.85786330699433
 20
-7.384678032916805
 10
49.78254577259642
 20
-7.344679017406327
 10
49.707146133325416
 20
-7.305127074257418
 10
49.63166437573284
 20
-7.2660270401143325
 10
49.556100455223444
 20
-7.2273839823220705
 10
49.480454293638495
 20
-7.189203216988054
 10
49.49278122017716
 20
-7.103844528963128
 10
49.50496089463025
 20
-7.018464705413049
 10
49.51699328076056
 20
-6.933064000361875
 10
49.528878342769005
 20
-6.847642667895788
 10
49.5406160452949
 20
-6.762200962162348
 10
49.54061604529489
 20
-6.762200962162383
 10
49.623866784566424
 20
-6.746407703639547
 10
49.7071662165374
 20
-6.7301474259174485
 10
49.790512947474205
 20
-6.713425259747838
 10
49.87390562011983
 20
-6.696246087530487
 10
49.957342911026
 20
-6.67861456133947
 10
50.04082352814433
 20
-6.660535119199891
 10
50.12434620864554
 20
-6.642011999826593
 10
50.20790971693956
 20
-6.623049256006093
 10
50.29151284287367
 20
-6.603650766777589
 10
50.37515440008868
 20
-6.5838202485475295
 10
50.45883322451577
 20
-6.563561265254405
 10
50.54254817299905
 20
-6.542877237685084
 10
50.626298122030754
 20
-6.521771452031303
 10
50.71008196658756
 20
-6.500247067763734
 10
50.718025423898666
 20
-6.437975000011112
 10
50.72589241103291
 20
-6.375693225392286
 10
50.733682916128835
 20
-6.313401837812695
 10
50.74139692744029
 20
-6.251100931192265
 10
50.74903443333647
 20
-6.188790599465284
 10
50.67313221687055
 20
-6.147294994127134
 10
50.59715975990464
 20
-6.106213441899402
 10
50.521117355315255
 20
-6.065549277081839
 10
50.44500528268528
 20
-6.0253059613444515
 10
50.3688238074926
 20
-5.985487091645627
 10
50.29257318022868
 20
-5.946096408836583
 10
50.21625363543915
 20
-5.907137807029978
 10
50.139865390677286
 20
-5.868615343821804
 10
50.06340864535989
 20
-5.830533251468473
 10
49.9868835795138
 20
-5.792895949136379
 10
49.91029035239905
 20
-5.75570805635928
 10
49.83362910099265
 20
-5.718974407860109
 10
49.75689993831467
 20
-5.682700069919604
 10
49.680102951574376
 20
-5.646890358504419
 10
49.689769271919275
 20
-5.561189594270861
 10
49.69928775409514
 20
-5.475472284255355
 10
49.70865836978236
 20
-5.389738683486062
 10
49.717881091101255
 20
-5.3039890470396
 10
49.726955890612174
 20
-5.218223630040306
 10
49.726955890612174
 20
-5.218223630040297
 10
49.80967519186206
 20
-5.19984892447107
 10
49.89242863802511
 20
-5.181005911271789
 10
49.975214995607516
 20
-5.161699762057297
 10
50.05803305985079
 20
-5.141935399076163
 10
50.1408816526257
 20
-5.121717513311233
 10
50.2237596205308
 20
-5.1010505808233875
 10
50.30666583317112
 20
-5.079938877550943
 10
50.38959918159535
 20
-5.058386492746693
 10
50.47255857687376
 20
-5.0363973412090575
 10
50.55554294880072
 20
-5.013975174442404
 10
50.638551244708495
 20
-4.99112359086366
 10
50.72158242838018
 20
-4.967846045156992
 10
50.80463547905157
 20
-4.944145856865481
 10
50.88770939049295
 20
-4.920026218297583
 10
50.893712352682726
 20
-4.857537232218524
 10
50.89963857980342
 20
-4.795040922180615
 10
50.90548806291976
 20
-4.732537382412756
 10
50.91126079321215
 20
-4.670026707154751
 10
50.916956761976785
 20
-4.607508990657161
 10
50.839800753146235
 20
-4.568394005956183
 10
50.76258741478697
 20
-4.529695058550677
 10
50.685317143330096
 20
-4.491415472019115
 10
50.607990325880735
 20
-4.453558697662043
 10
50.53060733965325
 20
-4.416128322441611
 10
50.45316855135791
 20
-4.379128077609269
 10
50.37567431653326
 20
-4.342561848099687
 10
50.298124978817995
 20
-4.306433682780253
 10
50.220520869155074
 20
-4.2707478056583215
 10
50.142862304919696
 20
-4.235508628163852
 10
50.065149588961745
 20
-4.200720762643084
 10
49.98738300855118
 20
-4.166389037220343
 10
49.90956283421402
 20
-4.132518512210812
 10
49.83168931844321
 20
-4.099114498297519
 10
49.838685681053704
 20
-4.013154567809828
 10
49.84553376243555
 20
-3.927182697290373
 10
49.852233542214215
 20
-3.8411991425246867
 10
49.858785000456315
 20
-3.7552041593330596
 10
49.86518811766982
 20
-3.6691980035697873
 10
49.865188117669824
 20
-3.669198003569779
 10
49.947295955316456
 20
-3.6482596272950856
 10
50.029423357056935
 20
-3.6268521080169367
 10
50.11156925083067
 20
-3.604980653210059
 10
50.19373258554317
 20
-3.582650220209866
 10
50.27591232952399
 20
-3.5598655343697496
 10
50.358107469134495
 20
-3.536631105456066
 10
50.440317007507595
 20
-3.512951242493913
 10
50.52253996340362
 20
-3.488830067246272
 10
50.60477537016923
 20
-3.4642715264834734
 10
50.68702227478777
 20
-3.439279403178458
 10
50.76927973701096
 20
-3.4138573267453625
 10
50.85154682856332
 20
-3.388008782423461
 10
50.933822632411754
 20
-3.3617371198957393
 10
51.01610624209365
 20
-3.335045561220083
 10
51.020162901683875
 20
-3.2724001108728342
 10
51.02414263554902
 20
-3.2097497265595423
 10
51.028045437688625
 20
-3.1470945027414143
 10
51.031871302218235
 20
-3.0844345338869563
 10
51.03562022336941
 20
-3.021769914471829
 10
50.957285065629726
 20
-2.98507339162952
 10
50.878905544795224
 20
-2.9487944877785224
 10
50.80048216046808
 20
-2.912936512560683
 10
50.72201540690113
 20
-2.877502903568175
 10
50.64350577268032
 20
-2.8424972342967583
 10
50.564953740379934
 20
-2.80792322278837
 10
50.48635978618746
 20
-2.773784741041271
 10
50.407724379494596
 20
-2.740085825277222
 10
50.32904798245026
 20
-2.70683068716807
 10
50.25033104947101
 20
-2.674023726139563
 10
50.17157402670354
 20
-2.6416695428882795
 10
50.09277735143288
 20
-2.609772954269037
 10
50.01394145142928
 20
-2.5783390097359327
 10
49.935066744225075
 20
-2.547373009550629
 10
49.93938638057219
 20
-2.4612370734899174
 10
49.94355743608358
 20
-2.375093814698836
 10
49.94757989834943
 20
-2.2889434894728335
 10
49.951453755402014
 20
-2.2027863541283805
 10
49.95517899571574
 20
-2.11662266500221
 10
49.955178995715734
 20
-2.1166226650022026
 10
50.03659593572904
 20
-2.0931408745488054
 10
50.1180178400899
 20
-2.069189559584108
 10
50.19944379920804
 20
-2.0447739584048237
 10
50.28087291666985
 20
-2.019899058637312
 10
50.362304308261784
 20
-1.9945696154340338
 10
50.443737101088615
 20
-1.9687901679039144
 10
50.52517043277554
 20
-1.9425650539901294
 10
50.606603450743805
 20
-1.915898423978309
 10
50.688035311551666
 20
-1.888794252792445
 10
50.7694651802934
 20
-1.8612563512142768
 10
50.85089223004981
 20
-1.8332883761439185
 10
50.93231564138492
 20
-1.8048938400040127
 10
51.013734601883876
 20
-1.7760761193768484
 10
51.0951483057281
 20
-1.7468384629526064
 10
51.09725473816262
 20
-1.6840971537644853
 10
51.099284128636725
 20
-1.6213533053764226
 10
51.1012364740906
 20
-1.5586070123905473
 10
51.103111771580586
 20
-1.4958583694126737
 10
51.10491001827921
 20
-1.4331074710521605
 10
51.02547149583631
 20
-1.398864911584363
 10
50.9460016196509
 20
-1.3650411487843146
 10
50.86650099201293
 20
-1.3316394751553704
 10
50.78697021384479
 20
-1.2986633112556842
 10
50.707409884631296
 20
-1.2661162136574968
 10
50.6278206023439
 20
-1.2340018835962707
 10
50.54820296335838
 20
-1.2023241763879446
 10
50.468557562365305
 20
-1.1710871117038726
 10
50.388884992272466
 20
-1.1402948848058725
 10
50.30918584409814
 20
-1.1099518788593197
 10
50.22946070685424
 20
-1.0800626784602534
 10
50.1497101674178
 20
-1.0506320845339903
 10
50.0699348103895
 20
-1.0216651307885192
 10
49.99013521793706
 20
-0.993167101936476
 10
49.991773949051606
 20
-0.9069384912578826
 10
49.993263943465706
 20
-0.8207071822345804
 10
49.994605196746306
 20
-0.7344734314239869
 10
49.995797704902856
 20
-0.648237495390783
 10
49.996841464387394
 20
-0.5619996307061522
  0
CIRCLE
  5
93
330
17
100
AcDbEntity
  8
CIRCULAR_SPLINE_OUTER
100
AcDbCircle
 10
0.0
 20
0.0
 30
0.0
 40
56.125
  0
LWPOLYLINE
  5
94
330
17
100
AcDbEntity
  8
FLEXSPLINE_DEFORMED
100
AcDbPolyline
 90
7800
 70
1
 10
49.8712274887997
 20
-0.6012482077473414
 10
49.951900245399116
 20
-0.5760312852406134
 10
50.03256425350142
 20
-0.5503310147547553
 10
50.11321871965898
 20
-0.5241532242579825
 10
50.193862857100115
 20
-0.49750344843744115
 10
50.2744958852026
 20
-0.47038695118190155
 10
50.355117029021045
 20
-0.4428087457610978
 10
50.435725518862
 20
-0.41477361299528825
 10
50.516320589900054
 20
-0.3862861176644657
 10
50.59690148183059
 20
-0.35735062336965706
 10
50.67746743855472
 20
-0.3279713060284201
 10
50.75801770789249
 20
-0.29815216616117446
 10
50.83855154132149
 20
-0.26789704010351484
 10
50.91906819373797
 20
-0.23720961026183363
 10
50.99956692323806
 20
-0.20609341451414312
 10
50.99984409220379
 20
-0.12365628116414715
 10
50.99998267690254
 20
-0.041218799130705
 10
50.99998267690254
 20
0.041218799130705024
 10
50.99984409220379
 20
0.12365628116414715
 10
50.99956692323806
 20
0.20609341451414312
 10
50.91906819373797
 20
0.23720961026183363
 10
50.83855154132149
 20
0.26789704010351484
 10
50.75801770789249
 20
0.29815216616117446
 10
50.67746743855472
 20
0.3279713060284201
 10
50.59690148183059
 20
0.35735062336965706
 10
50.516320589900054
 20
0.3862861176644657
 10
50.435725518862
 20
0.41477361299528825
 10
50.355117029021045
 20
0.4428087457610978
 10
50.2744958852026
 20
0.47038695118190155
 10
50.193862857100115
 20
0.49750344843744115
 10
50.11321871965898
 20
0.5241532242579825
 10
50.03256425350142
 20
0.5503310147547553
 10
49.951900245399116
 20
0.5760312852406134
 10
49.8712274887997
 20
0.6012482077473414
 10
49.870302244510874
 20
0.670936954380925
 10
49.86927563449538
 20
0.7406242847559457
 10
49.868147661151916
 20
0.8103100517762171
 10
49.86691832711597
 20
0.8799941083501811
 10
49.86558763525983
 20
0.9496763073913457
 10
49.86558763525983
 20
0.9496763073913455
 10
49.94540354150051
 20
0.9774145556457664
 10
50.025195143140124
 20
1.0056356175773025
 10
50.104961837615534
 20
1.034333642744151
 10
50.18470301950047
 20
1.0635030740504487
 10
50.26441808070946
 20
1.0931386252583377
 10
50.34410641068087
 20
1.1232352608039244
 10
50.42376739654225
 20
1.1537881776235008
 10
50.50340042325971
 20
1.1847927887405258
 10
50.58300487377357
 20
1.2162447084008836
 10
50.66258012912187
 20
1.2481397385742703
 10
50.74212556855285
 20
1.2804738566650318
 10
50.821640569628
 20
1.3132432042972693
 10
50.90112450831656
 20
1.3464440770568689
 10
50.98057675908229
 20
1.3800729150885294
 10
50.97818750760067
 20
1.4624759595949932
 10
50.975659739315475
 20
1.5448748804812666
 10
50.97299346210042
 20
1.6272694454435868
 10
50.970188684260506
 20
1.7096594221953259
 10
50.967245414532
 20
1.792044578467903
 10
50.8857796801488
 20
1.8206156250357668
 10
50.80430980863232
 20
1.8487575472196711
 10
50.72283665741171
 20
1.8764668329059997
 10
50.64136109181705
 20
1.9037398256356028
 10
50.55988398560335
 20
1.9305727152150258
 10
50.47840622152255
 20
1.956961527474033
 10
50.39692869194906
 20
1.9829021130676752
 10
50.31545229956541
 20
2.0083901352057203
 10
50.233977958115595
 20
2.033421056174482
 10
50.15250659323486
 20
2.0579901224945916
 10
50.07103914336617
 20
2.082092348532864
 10
49.989576560775205
 20
2.105722498356074
 10
49.908119812677775
 20
2.128875065577537
 10
49.82666988249626
 20
2.1515442509033074
 10
49.82348977252077
 20
2.2211667027756907
 10
49.8202084061787
 20
2.2907844666744532
 10
49.81682579113441
 20
2.3603973957093345
 10
49.813341935288534
 20
2.4300053430043733
 10
49.80975684677798
 20
2.4996081616983554
 10
49.80975684677798
 20
2.4996081616983554
 10
49.888637215494555
 20
2.5298388337998436
 10
49.967477751360235
 20
2.5605512856809214
 10
50.04627804337487
 20
2.591739650658642
 10
50.125037668138944
 20
2.6233983551517848
 10
50.20375619078759
 20
2.655522096211325
 10
50.28243316582903
 20
2.6881058213529383
 10
50.36106813790018
 20
2.7211447103981157
 10
50.439660642448914
 20
2.754634159074606
 10
50.51821020635255
 20
2.788569764163879
 10
50.59671634847978
 20
2.8229473100136047
 10
50.675178580202285
 20
2.8577627562585883
 10
50.75359640586216
 20
2.8930122266151126
 10
50.83196932319958
 20
2.928691998631408
 10
50.910296823745114
 20
2.9647984942924372
 10
50.90524390718075
 20
3.047081433684065
 10
50.900052700969816
 20
3.129355783156886
 10
50.89472322127418
 20
3.2116213108969216
 10
50.8892554846856
 20
3.293877785124863
 10
50.88364950822569
 20
3.3761249740969723
 10
50.80129736620816
 20
3.4021208898551727
 10
50.71895487820912
 20
3.4276877654688795
 10
50.63662301619935
 20
3.4528221183392733
 10
50.554302764741635
 20
3.477520321856944
 10
50.47199512181943
 20
3.501778596035027
 10
50.38970109974136
 20
3.5255929972906754
 10
50.30742172612996
 20
3.548959407273268
 10
50.22515804500566
 20
3.571873520622528
 10
50.142911117977256
 20
3.5943308315218307
 10
50.060682025553405
 20
3.616326618890676
 10
49.97847186859061
 20
3.6378559300348514
 10
49.896281769896895
 20
3.658913562542623
 10
49.81411287601304
 20
3.679494044178433
 10
49.73196635919715
 20
3.6995916104815794
 10
49.72653506156807
 20
3.7690750223996945
 10
49.72100273395658
 20
3.838550481497365
 10
49.7153693892757
 20
3.908017841305125
 10
49.709635040673724
 20
3.9774769553774387
 10
49.70379970153416
 20
4.046927677293135
 10
49.70379970153416
 20
4.046927677293135
 10
49.78166691242935
 20
4.07961942252118
 10
49.859478807561985
 20
4.112791415518472
 10
49.93723516794087
 20
4.146437779615082
 10
50.014935752653194
 20
4.180552930689818
 10
50.092580300527636
 20
4.215131554742745
 10
50.17016853162721
 20
4.250168587765425
 10
50.24770014859408
 20
4.285659197616041
 10
50.32517483786409
 20
4.321598767650536
 10
50.40259227076732
 20
4.357982881897922
 10
50.479952104527726
 20
4.3948073115980275
 10
50.55725398317337
 20
4.43206800294546
 10
50.634497538367626
 20
4.469761065904974
 10
50.711682390169486
 20
4.507882763981171
 10
50.78880814773094
 20
4.546429504840931
 10
50.7810973904454
 20
4.628506497666055
 10
50.77324872986512
 20
4.710570446770243
 10
50.76526219040468
 20
4.792621121165621
 10
50.75713779690621
 20
4.874658289916393
 10
50.748875574639314
 20
4.956681722139741
 10
50.66571866414351
 20
4.98007509558569
 10
50.58258518876206
 20
5.003039955801903
 10
50.499476233884394
 20
5.025572853411934
 10
50.41639290216763
 20
5.047670195515205
 10
50.333336314668905
 20
5.069328236351926
 10
50.25030761208115
 20
5.090543067119213
 10
50.16730795608418
 20
5.111310604837215
 10
50.0843385308253
 20
5.131626580148758
 10
50.001400544545966
 20
5.151486523918269
 10
49.918495231373015
 20
5.17088575247451
 10
49.835623853296816
 20
5.189819351316205
 10
49.75278770236157
 20
5.208282157069662
 10
49.6699881030982
 20
5.2262687374507015
 10
49.58722641523487
 20
5.243773368939334
 10
49.57955020741004
 20
5.313045199279912
 10
49.57177331250976
 20
5.382305823588629
 10
49.563895748667186
 20
5.4515550960301775
 10
49.55591753424917
 20
5.52079287080272
 10
49.54783868785618
 20
5.590019002138315
 10
49.547838687856185
 20
5.590019002138316
 10
49.62461626249353
 20
5.62513806497622
 10
49.701323101182325
 20
5.660735347630312
 10
49.777959177152965
 20
5.696804969709425
 10
49.85452443221724
 20
5.733341342510166
 10
49.93101877915845
 20
5.770339146655056
 10
50.00744210387714
 20
5.807793312021653
 10
50.083794267323405
 20
5.845698999670722
 10
50.16007510724233
 20
5.884051585525298
 10
50.236284439755245
 20
5.922846645589397
 10
50.312422060795996
 20
5.962079942525202
 10
50.38848774741865
 20
6.00174741343294
 10
50.46448125899147
 20
6.041845158699017
 10
50.5404023382891
 20
6.08236943179573
 10
50.616250712494185
 20
6.123316629931202
 10
50.60589099506965
 20
6.205102134102954
 10
50.59539391905039
 20
6.286870159694948
 10
50.584759517050244
 20
6.368620476878797
 10
50.57398782210738
 20
6.450352855895401
 10
50.563078867684055
 20
6.53206706705585
 10
50.47919978586274
 20
6.552833098863585
 10
50.39535789478508
 20
6.573171586385594
 10
50.31155439199955
 20
6.5930791171265835
 10
50.22779049697696
 20
6.6125521357043215
 10
50.1440674525452
 20
6.631586934556129
 10
50.06038652645493
 20
6.650179643800349
 10
49.97674901309117
 20
6.668326220152056
 10
49.893156235349196
 20
6.686022434777033
 10
49.80960954669507
 20
6.703263859950397
 10
49.72611033343482
 20
6.720045854365012
 10
49.64266001722015
 20
6.736363546909731
 10
49.55926005782297
 20
6.752211818707343
 10
49.475911956217075
 20
6.7675852831657375
 10
49.39261725801145
 20
6.7824782637520205
 10
49.3827050029891
 20
6.851466280137826
 10
49.37269251956359
 20
6.920439853641081
 10
49.36257983104819
 20
6.98939883927171
 10
49.35236696098779
 20
7.058343092082534
 10
49.34205393315886
 20
7.127272467169681
 10
49.34205393315886
 20
7.12727246716968
 10
49.41766660762224
 20
7.164782733554172
 10
49.493193205932705
 20
7.202768698708904
 10
49.56863389352125
 20
7.241224484788657
 10
49.643988794939695
 20
7.280144504468327
 10
49.719257996975166
 20
7.319523438670117
 10
49.79444155144586
 20
7.35935621657263
 10
49.86953947771887
 20
7.39963799761104
 10
49.944551764984396
 20
7.440364155221225
 10
50.01947837431582
 20
7.481530262117374
 10
50.09431924054088
 20
7.523132076922739
 10
50.169074273945455
 20
7.565165531998209
 10
50.24374336182884
 20
7.607626722334984
 10
50.3183263699265
 20
7.650511895394968
 10
50.3928231437147
 20
7.693817441798035
 10
50.37982638351887
 20
7.775226338070894
 10
50.36669296658622
 20
7.856613346227763
 10
50.35342293365869
 20
7.937978237928961
 10
50.34001632589841
 20
8.01932078492109
 10
50.32647318488742
 20
8.100640759037892
 10
50.2419554006733
 20
8.118757301135448
 10
50.157488521999845
 20
8.136447708672224
 10
50.07307385718094
 20
8.153708609638263
 10
49.98871274108099
 20
8.170536489923578
 10
49.904406536850644
 20
8.186927684075938
 10
49.82015663782024
 20
8.202878365218334
 10
49.73596446957019
 20
8.218384534025844
 10
49.6518314921997
 20
8.233442006646696
 10
49.567759202818905
 20
8.248046401434513
 10
49.483749138293255
 20
8.26219312433787
 10
49.3998028782739
 20
8.275877352768035
 10
49.3159220485533
 20
8.289094017736105
 10
49.232108324791795
 20
8.301837784014262
 10
49.14836343666988
 20
8.314103028032578
 10
49.13622656344093
 20
8.382735411896904
 10
49.12399003523655
 20
8.451350137055263
 10
49.11165388049887
 20
8.519947059570868
 10
49.09921812789918
 20
8.588526035559083
 10
49.08668280633765
 20
8.657086921187847
 10
49.08668280633765
 20
8.657086921187846
 10
49.16105660150015
 20
8.69694996683175
 10
49.235329077376896
 20
8.737285700626735
 10
49.30950059134538
 20
8.77808825353204
 10
49.38357145049086
 20
8.819352045554355
 10
49.45754191544152
 20
8.86107176358743
 10
49.53141220381109
 20
8.903242341522052
 10
49.60518249329921
 20
8.945858942337104
 10
49.67885292449167
 20
8.988916941925755
 10
49.75242360339696
 20
9.032411914447465
 10
49.825894603750264
 20
9.076339619026225
 10
49.89926596911106
 20
9.120695987640685
 10
49.972537714778106
 20
9.165477114072917
 10
50.045709829540954
 20
9.210679243800213
 10
50.11878227728624
 20
9.25629876472941
 10
50.103163402477364
 20
9.33724647866937
 10
50.08740872841957
 20
9.418167926568835
 10
50.071518303894486
 20
9.499062881900807
 10
50.05549217809884
 20
9.57993111824122
 10
50.03933040064405
 20
9.660772409269805
 10
49.95425816635376
 20
9.67622000079106
 10
49.8692504962782
 20
9.691243306410417
 10
49.78430880797219
 20
9.70583899814724
 10
49.699434550137674
 20
9.720003606856244
 10
49.61462920465799
 20
9.733733513046252
 10
49.52989428881725
 20
9.74702493686414
 10
49.44523135772683
 20
9.75987392714443
 10
49.3606420069844
 20
9.772276349410019
 10
49.27612787559466
 20
9.784227872691941
 10
49.191690649185794
 20
9.79572395501524
 10
49.107332063561024
 20
9.806759827373167
 10
49.02305390863103
 20
9.817330475982075
 10
48.9388580327816
 20
9.827430622573518
 10
48.85474634773963
 20
9.83705470243679
 10
48.840398826176404
 20
9.905260152103635
 10
48.825952336563844
 20
9.9734447528596
 10
48.81140691241086
 20
10.041608362025471
 10
48.79676258745231
 20
10.109750836983254
 10
48.782019395648994
 20
10.177872035176602
 10
48.782019395648994
 20
10.177872035176602
 10
48.85508168500538
 20
10.22004717581021
 10
48.92802752590517
 20
10.26269150857999
 10
49.000857467185995
 20
10.305799179489375
 10
49.073571998038766
 20
10.349364621813775
 10
49.14617155255896
 20
10.393382534075778
 10
49.21865651383209
 20
10.437847860276786
 10
49.2910272176129
 20
10.48275577209769
 10
49.36328395564847
 20
10.528101652824049
 10
49.43542697868826
 20
10.573881082787759
 10
49.50745649921809
 20
10.620089826146762
 10
49.57937269394935
 20
10.666723818849324
 10
49.65117570609115
 20
10.713779157650505
 10
49.72286564742891
 20
10.76125209006588
 10
49.79444260023002
 20
10.809139005162692
 10
49.776219517334674
 20
10.88954162718167
 10
49.757861646450785
 20
10.969913643024423
 10
49.739369044294214
 20
11.05025482829416
 10
49.720741767990006
 20
11.130564958713311
 10
49.701979875072006
 20
11.210843810124414
 10
49.61643813596858
 20
11.223605710089226
 10
49.530974548445776
 20
11.235945609304816
 10
49.44559063764755
 20
11.24786022729828
 10
49.36028796442456
 20
11.259346143514481
 10
49.275068127664625
 20
11.270399788205292
 10
49.189932766835405
 20
11.281017432490511
 10
49.10488356476412
 20
11.291195177491558
 10
49.01992225068384
 20
11.300928942424347
 10
48.93505060357948
 20
11.31021445152031
 10
48.85027045587235
 20
11.319047219623736
 10
48.765583697488886
 20
11.327422536289053
 10
48.68099228036538
 20
11.335335448171971
 10
48.59649822345142
 20
11.34278073947297
 10
48.51210361828403
 20
11.349752910148398
 10
48.49556192859395
 20
11.417460742064076
 10
48.478922069781284
 20
11.485144564982262
 10
48.46218408034875
 20
11.552804237681098
 10
48.44534799902156
 20
11.620439619008815
 10
48.42841386474734
 20
11.688050567884144
 10
48.42841386474734
 20
11.688050567884144
 10
48.50009343977677
 20
11.732494911260298
 10
48.571641567799055
 20
11.777404470183043
 10
48.64305898839514
 20
11.822773411910964
 10
48.714346372214045
 20
11.86859618889903
 10
48.785504326235014
 20
11.914867516932233
 10
48.85653339849114
 20
11.961582355499594
 10
48.92743408232305
 20
12.00873589012295
 10
48.998206820220986
 20
12.056323516397912
 10
49.068852007304855
 20
12.104340825540374
 10
49.13936999448502
 20
12.152783591261475
 10
49.209761091340134
 20
12.201647757818582
 10
49.28002556874397
 20
12.25092942911094
 10
49.350163661268354
 20
12.300624858705797
 10
49.42017556938633
 20
12.350730440695953
 10
49.399369124615504
 20
12.43050484373212
 10
49.37842905471099
 20
12.510244344288608
 10
49.35735542420125
 20
12.589948720408836
 10
49.336148298017044
 20
12.669617750271355
 10
49.31480774149121
 20
12.749251212190666
 10
49.22888204345456
 20
12.75931342877531
 10
49.14304799800591
 20
12.768956363231373
 10
49.05730723610308
 20
12.778176786001433
 10
48.971661428927774
 20
12.786971328673541
 10
48.88611229050977
 20
12.79533647495051
 10
48.800661580589804
 20
12.803268550798037
 10
48.71531110774929
 20
12.810763713673808
 10
48.630062732840344
 20
12.817817940724915
 10
48.54491837275305
 20
12.824427015823668
 10
48.45988000456406
 20
12.830586515291365
 10
48.37494967011745
 20
12.836291792135148
 10
48.290129481096784
 20
12.841537958593703
 10
48.20542162465831
 20
12.84631986675238
 10
48.12082836970686
 20
12.850632086945486
 10
48.10211146660763
 20
12.917772334707967
 10
48.083297303582235
 20
12.98488544789733
 10
48.06438592404412
 20
13.0519712869437
 10
48.0453773716253
 20
13.11902971235593
 10
48.02627169017618
 20
13.186060584721966
 10
48.02627169017618
 20
13.186060584721966
 10
48.09649882321324
 20
13.232729084230286
 10
48.166579657708034
 20
13.279858347569405
 10
48.236515123039446
 20
13.32744256942547
 10
48.306306070449274
 20
13.37547622730826
 10
48.3759532790092
 20
13.42395405986609
 10
48.4454574609769
 20
13.472871047422505
 10
48.5148192666195
 20
13.522222394451616
 10
48.584039288569905
 20
13.572003513751348
 10
48.653118065773015
 20
13.622210012109907
 10
48.72205608706947
 20
13.672837677289545
 10
48.79085379445894
 20
13.723882466176763
 10
48.85951158607838
 20
13.77534049396842
 10
48.9280298189267
 20
13.827208024280656
 10
48.99640881136269
 20
13.879481460082351
 10
48.973042745863594
 20
13.958545414521451
 10
48.94954436719322
 20
14.037570219899012
 10
48.925913747555065
 20
14.116555657000148
 10
48.90215095954744
 20
14.195501506760506
 10
48.87825607616304
 20
14.274407550267076
 10
48.79203247162793
 20
14.281758866535808
 10
48.70591391944342
 20
14.288694049162482
 10
48.619902154486255
 20
14.29520992283729
 10
48.53399895632703
 20
14.301303174767115
 10
48.44820615214483
 20
14.30697034573411
 10
48.36252561990699
 20
14.31220782034129
 10
48.27695929184551
 20
14.317011816348169
 10
48.19150915826642
 20
14.321378372984897
 10
48.10617727173423
 20
14.325303338116278
 10
48.020965751679555
 20
14.328782354106764
 10
47.93587678948697
 20
14.331810842213134
 10
47.850912654128344
 20
14.334383985302823
 10
47.76607569841942
 20
14.33649670866068
 10
47.68136836599023
 20
14.338143658604855
 10
47.66049763779004
 20
14.404647169449538
 10
47.639530667174654
 20
14.471120458927086
 10
47.61846750237535
 20
14.537563389308428
 10
47.59730819183752
 20
14.603975822951545
 10
47.576052784220515
 20
14.670357622301843
 10
47.576052784220515
 20
14.670357622301841
 10
47.6447592888254
 20
14.719203132038858
 10
47.71330480646997
 20
14.768504484822486
 10
47.78169045516001
 20
14.818255908890526
 10
47.84991726564959
 20
14.868451912638072
 10
47.91798618810589
 20
14.91908726313614
 10
47.98589809809179
 20
14.970156966851166
 10
48.0536538019532
 20
15.021656252285045
 10
48.121254041684935
 20
15.07358055429714
 10
48.18869949933814
 20
15.125925499905403
 10
48.2559908010232
 20
15.178686895392632
 10
48.32312852055436
 20
15.231860714567993
 10
48.390113182776204
 20
15.285443088054876
 10
48.456945266606716
 20
15.339430293492875
 10
48.523625207827166
 20
15.393818746556528
 10
48.49772610709983
 20
15.472091032005112
 10
48.471696151487656
 20
15.550319977247339
 10
48.445535420716695
 20
15.628505366101917
 10
48.41924399489953
 20
15.706646982552982
 10
48.392821954534774
 20
15.784744610750867
 10
48.30638690686601
 20
15.789376606729228
 10
48.22007019537162
 20
15.793596043250693
 10
48.133873656837075
 20
15.797399802505078
 10
48.047799177159355
 20
15.800784630711458
 10
47.961848694548614
 20
15.803747129275322
 10
47.876024203021274
 20
15.806283745141627
 10
47.79032775621875
 20
15.808390760247953
 10
47.704761471592214
 20
15.810064279967413
 10
47.619327534999
 20
15.81130022041411
 10
47.534028205764166
 20
15.812094294463805
 10
47.44886582226933
 20
15.81244199631863
 10
47.363842808140916
 20
15.81233858441573
 10
47.278961679122666
 20
15.811779062445487
 10
47.19422505073268
 20
15.810758158202917
 10
47.17122427352534
 20
15.87655668661834
 10
47.14812837755914
 20
15.942321949788468
 10
47.12493741578078
 20
16.008053812007383
 10
47.10165144134634
 20
16.07375213766427
 10
47.078270507621
 20
16.139416791243715
 10
47.078270507621
 20
16.13941679124372
 10
47.145389796450765
 20
16.19039012238822
 10
47.21233358879922
 20
16.24181391337393
 10
47.27910318990539
 20
16.293682432056688
 10
47.34569980874293
 20
16.345990223493597
 10
47.412124565375024
 20
16.398732088687503
 10
47.478378497556456
 20
16.451903065509278
 10
47.54446256667871
 20
16.505498411520374
 10
47.61037766313962
 20
16.559513588459804
 10
47.676124611207065
 20
16.613944248194624
 10
47.74170417343623
 20
16.668786219961852
 10
47.807117054691474
 20
16.72403549875355
 10
47.87236390581712
 20
16.779688234717447
 10
47.93744532699541
 20
16.835740723462052
 10
48.002361870825126
 20
16.892189397169982
 10
47.97395910856229
 20
16.969589910709843
 10
47.94542709295944
 20
17.0469429538584
 10
47.916765911098494
 20
17.12424831374936
 10
47.887975650438804
 20
17.20150577769618
 10
47.859056398816726
 20
17.278715133192797
 10
47.772496685300496
 20
17.28062220417331
 10
47.68606846136897
 20
17.28212071086135
 10
47.599773663595485
 20
17.283207596113876
 10
47.513614282025245
 20
17.283879668468845
 10
47.42759236366045
 20
17.284133593409916
 10
47.341710016262624
 20
17.28396588383692
 10
47.255969412509344
 20
17.28337288964732
 10
47.17037279454939
 20
17.28235078631972
 10
47.08492247900601
 20
17.280895562373782
 10
46.9996208624865
 20
17.27900300556094
 10
46.91447042766561
 20
17.276668687616887
 10
46.82947375002147
 20
17.273887947378093
 10
46.74463350531633
 20
17.270655872030883
 10
46.65995247793118
 20
17.266967276220083
 10
46.6348477651418
 20
17.33199357438373
 10
46.609649161022915
 20
17.396983610324178
 10
46.584356723125524
 20
17.461937250533968
 10
46.55897050920479
 20
17.526854361608443
 10
46.53349057721974
 20
17.591734810246074
 10
46.53349057721974
 20
17.59173481024607
 10
46.598957717414905
 20
17.644784788592375
 10
46.66423504593585
 20
17.698279388368277
 10
46.72932405364262
 20
17.75221292304709
 10
46.79422612622712
 20
17.80657998006199
 10
46.8589425522498
 20
17.861375399798185
 10
46.923474530353374
 20
17.916594256737536
 10
46.98782317575904
 20
17.972231842481328
 10
47.05198952613359
 20
18.028283650418107
 10
47.115974546903836
 20
18.084745361837964
 10
47.17977913608314
 20
18.141612833323258
 10
47.243404128665794
 20
18.198882085269155
 10
47.30685030063794
 20
18.25654929140791
 10
47.37011837264665
 20
18.314610769227095
 10
47.43320901336344
 20
18.37306297118663
 10
47.40233469000139
 20
18.449512831760472
 10
47.37133285477045
 20
18.52591115803057
 10
47.34020360192823
 20
18.602257740715647
 10
47.308947026100086
 20
18.678552370727882
 10
47.27756322227865
 20
18.75479483917362
 10
47.19096583591739
 20
18.75397421015566
 10
47.104512947908944
 20
18.75274942773196
 10
47.01820659238758
 20
18.75111749850575
 10
46.93204886125778
 20
18.749075296549634
 10
46.846041907959
 20
18.746619554786825
 10
46.76018795157261
 20
18.74374685558869
 10
46.6744892813121
 20
18.740453620495156
 10
46.58894826144325
 20
18.736736098950463
 10
46.50356733668859
 20
18.732590355930345
 10
46.418349038178576
 20
18.728012258316834
 10
46.33329599002267
 20
18.722997459854046
 10
46.248410916585186
 20
18.71754138448986
 10
46.16369665056577
 20
18.71163920787493
 10
46.07915614200195
 20
18.705285836749876
 10
46.05197588954218
 20
18.769473741493098
 10
46.024703074392185
 20
18.83362243775734
 10
45.997337758587804
 20
18.897731794401363
 10
45.969880004363496
 20
18.96180168039406
 10
45.942329874152
 20
19.025831964814778
 10
45.94232987415199
 20
19.025831964814778
 10
46.00608164026327
 20
19.080905489321257
 10
46.06962948889281
 20
19.136417349399203
 10
46.13297509469494
 20
19.19236191006295
 10
46.19612001837405
 20
19.24873380676466
 10
46.25906571539349
 20
19.305527924655614
 10
46.32181354379302
 20
19.362739379972417
 10
46.38436477122844
 20
19.42036350327741
 10
46.446720581329515
 20
19.47839582432295
 10
46.50888207945908
 20
19.53683205834376
 10
46.5708502979431
 20
19.59566809360931
 10
46.63262620083276
 20
19.654899980091542
 10
46.69421068825079
 20
19.714523919123536
 10
46.75560460036727
 20
19.774536253940653
 10
46.81680872104464
 20
19.834933461010277
 10
46.78349759733969
 20
19.910355109611658
 10
46.75006083958168
 20
19.98572123135546
 10
46.71649854901133
 20
20.061031620803252
 10
46.68281082722679
 20
20.136286072723127
 10
46.64899777618308
 20
20.211484382090358
 10
46.562449826489406
 20
20.207936118267337
 10
46.47605922531643
 20
20.203988521869377
 10
46.38982810203123
 20
20.19963866623301
 10
46.30375864800302
 20
20.19488349408657
 10
46.2178531206429
 20
20.189719809056683
 10
46.13211384781114
 20
20.18414426640244
 10
46.04654323263534
 20
20.178153362885173
 10
45.96114375879029
 20
20.17174342566791
 10
45.87591799629724
 20
20.16491060012223
 10
45.790868607910014
 20
20.157650836401153
 10
45.70599835616622
 20
20.14995987461339
 10
45.621310111194724
 20
20.14183322840701
 10
45.53680685938655
 20
20.133266166737275
 10
45.452491713055245
 20
20.124253693553104
 10
45.423266540370314
 20
20.187538209584794
 10
45.39395023210362
 20
20.25078062525169
 10
45.36454285464873
 20
20.313980811938396
 10
45.33504447459194
 20
20.377138641146647
 10
45.305455158711965
 20
20.440253984495584
 10
45.30545515871196
 20
20.440253984495588
 10
45.36743008320364
 20
20.497296086711362
 10
45.42918720845137
 20
20.554769799473732
 10
45.49072839086759
 20
20.612669545177173
 10
45.55205536426319
 20
20.670990012856322
 10
45.61316974921903
 20
20.729726137737526
 10
45.67407306149801
 20
20.788873082885576
 10
45.73476671962
 20
20.848426222678686
 10
45.79525205170357
 20
20.90838112788475
 10
45.855530301662824
 20
20.9687335521456
 10
45.915602634835324
 20
21.029479419703694
 10
45.9754701431063
 20
21.090614814228633
 10
46.03513384958537
 20
21.152135968620666
 10
46.094594712884685
 20
21.21403925568437
 10
46.15385363104101
 20
21.27632117957993
 10
46.11814305701148
 20
21.350638474945814
 10
46.082308859276836
 20
21.424896327103554
 10
46.0463511458568
 20
21.499094534702483
 10
46.010270025117656
 20
21.57323289661081
 10
45.974065605771614
 20
21.647311211916264
 10
45.88765421876357
 20
21.641038225135404
 10
45.80141285818046
 20
21.634371130272665
 10
45.71534374619801
 20
21.627307070289483
 10
45.629449171154945
 20
21.61984305959282
 10
45.5437314918633
 20
21.611975975675406
 10
45.45819314231081
 20
21.60370254999594
 10
45.37283663680171
 20
21.59501935800842
 10
45.287664575590206
 20
21.585922808236464
 10
45.202679651067974
 20
21.57640913027222
 10
45.11788465457798
 20
21.566474361560736
 10
45.03328248393777
 20
21.556114332807716
 10
44.948876151769774
 20
21.545324651821726
 10
44.864668794752724
 20
21.53410068556914
 10
44.78066368392888
 20
21.52243754018046
 10
44.74942637123951
 20
21.584754919322044
 10
44.718099445641705
 20
21.647027364046107
 10
44.68668297775267
 20
21.709254748414224
 10
44.65517703837613
 20
21.771436946611715
 10
44.623581698502065
 20
21.83357383294785
 10
44.623581698502065
 20
21.833573832947845
 10
44.683720119877925
 20
21.89252773718717
 10
44.74362709853443
 20
21.951906096555607
 10
44.803304670401445
 20
22.01170339657415
 10
44.86275474029542
 20
22.071914385336143
 10
44.92197909194284
 20
22.132534053369717
 10
44.9809793969772
 20
22.193557615563606
 10
45.03975722304098
 20
22.25498049489346
 10
45.098314041102896
 20
22.31679830772505
 10
45.15665123208582
 20
22.379006850504187
 10
45.21477009288605
 20
22.441602087670123
 10
45.27267184185365
 20
22.50458014065211
 10
45.33035762379442
 20
22.567937277828086
 10
45.38782851454542
 20
22.63166990534034
 10
45.44508552516966
 20
22.69577455867691
 10
45.40701536476724
 20
22.76891286820883
 10
45.36882371951547
 20
22.841987898975077
 10
45.330510703998605
 20
22.914999453944077
 10
45.292076433135996
 20
22.987947336314754
 10
45.25352102218149
 20
23.060831349517137
 10
45.167333239788206
 20
23.051839400649726
 10
45.08132797611389
 20
23.0424589650895
 10
44.995507543627866
 20
23.032687258216008
 10
44.90987432504798
 20
23.022521369036355
 10
44.82443077791667
 20
23.011958251967656
 10
44.73917943959303
 20
23.0009947178723
 10
44.654122932710614
 20
22.989627424256874
 10
44.56926397115787
 20
22.97785286453224
 10
44.484605366647216
 20
22.965667356216617
 10
44.40015003594855
 20
22.953067027944527
 10
44.31590100887636
 20
22.940047805122806
 10
44.231861437133226
 20
22.926605394047446
 10
44.1480346041315
 20
22.912735264263635
 10
44.06442393593562
 20
22.898432628911987
 10
44.031209357997405
 20
22.959720445120645
 10
43.997906782336045
 20
23.0209605539612
 10
43.96451628365195
 20
23.082152832314435
 10
43.93103793682557
 20
23.143297157191007
 10
43.89747181691717
 20
23.20439340573172
 10
43.89747181691717
 20
23.20439340573172
 10
43.95571592552522
 20
23.26520058987324
 10
44.01371520002885
 20
23.326424652575316
 10
44.07147185343598
 20
23.38806014813129
 10
44.12898795927797
 20
23.450101889074606
 10
44.1862654622736
 20
23.51254492637242
 10
44.2433061879009
 20
23.57538453164859
 10
44.30011185101673
 20
23.638616181177714
 10
44.35668406364161
 20
23.702235541430067
 10
44.41302434201099
 20
23.766238455980503
 10
44.469134112979
 20
23.830620933620764
 10
44.52501471984893
 20
23.895379137537102
 10
44.58066742769466
 20
23.960509375434253
 10
44.63609342822831
 20
24.0260080905023
 10
44.69129384426286
 20
24.091871853136706
 10
44.6509063961578
 20
24.16375813880606
 10
44.610399726351766
 20
24.235577395268255
 10
44.569773955769634
 20
24.307329430027966
 10
44.52902920565946
 20
24.379014050831255
 10
44.48816559759198
 20
24.450631065666123
 10
44.402288276683926
 20
24.438928762839353
 10
44.31660576816982
 20
24.426843984374432
 10
44.23112047221192
 20
24.414374020761247
 10
44.14583486322707
 20
24.401516038424504
 10
44.06075149472336
 20
24.388267071656568
 10
43.97587300457638
 20
24.37462401381675
 10
43.891202120797594
 20
24.36058360770952
 10
43.806741667855455
 20
24.34614243504109
 10
43.72249457361818
 20
24.33129690483831
 10
43.63846387699927
 20
24.316043240695265
 10
43.55465273639904
 20
24.300377466691625
 10
43.4710644390518
 20
24.284295391800043
 10
43.38770241140641
 20
24.267792592568828
 10
43.304570230691645
 20
24.250864393827605
 10
43.269415287411846
 20
24.311061613811095
 10
43.23417405092021
 20
24.371208417644848
 10
43.198846599854335
 20
24.431304685161795
 10
43.16343301302515
 20
24.491350296330467
 10
43.12793336941672
 20
24.5513451312553
 10
43.12793336941673
 20
24.5513451312553
 10
43.18422725099737
 20
24.61394538805184
 10
43.240263172527335
 20
24.676954535370534
 10
43.29604352146058
 20
24.740367201814827
 10
43.35157053756881
 20
24.804178269637738
 10
43.40684632423383
 20
24.868382855286264
 10
43.46187285858361
 20
24.93297629193948
 10
43.51665200061967
 20
24.997954113786093
 10
43.571185501460754
 20
25.06331204182563
 10
43.62547501080949
 20
25.129045971009393
 10
43.67952208373343
 20
25.195151958563503
 10
43.733328186839096
 20
25.26162621335841
 10
43.78689470390677
 20
25.328465086208038
 10
43.84022294104494
 20
25.39566506099683
 10
43.89331413141579
 20
25.463222746546677
 10
43.85065404630013
 20
25.533785645571264
 10
43.80787712253957
 20
25.60427785410935
 10
43.76498348716749
 20
25.67469918440436
 10
43.721973267528206
 20
25.745049448951235
 10
43.67884659127644
 20
25.815328460496968
 10
43.593366302539245
 20
25.80092725315176
 10
43.5080929086
 20
25.78614996321577
 10
43.423028894632914
 20
25.77099395887814
 10
43.33817682398953
 20
25.75545648669214
 10
43.25353934329035
 20
25.739534663666323
 10
43.1691191879795
 20
25.723225468636564
 10
43.08491918839735
 20
25.70652573283306
 10
43.0009422764349
 20
25.689432129543896
 10
42.91719149284288
 20
25.671941162761033
 10
42.83366999528036
 20
25.65404915467727
 10
42.75038106720171
 20
25.635752231880883
 10
42.6673281276965
 20
25.617046310068872
 10
42.584514742417795
 20
25.597927077069404
 10
42.501944635757425
 20
25.578389973926
 10
42.46488818002428
 20
25.637437023180368
 10
42.42774722161406
 20
25.696431014529956
 10
42.39052184295064
 20
25.755371830883224
 10
42.35321212662436
 20
25.814259355289558
 10
42.31581815539184
 20
25.873093470939548
 10
42.31581815539184
 20
25.873093470939548
 10
42.370107832442294
 20
25.937424969733765
 10
42.424126701813016
 20
26.00215696963409
 10
42.477877322585776
 20
26.0672841789769
 10
42.531362098120134
 20
26.132801554905505
 10
42.5845832879616
 20
26.198704284284887
 10
42.637543018530494
 20
26.264987766571952
 10
42.690243292746985
 20
26.33164759839239
 10
42.742685998724305
 20
26.39867955961215
 10
42.79487291764246
 20
26.466079600723106
 10
42.84680573089906
 20
26.5338438313885
 10
42.89848602661978
 20
26.601968510014874
 10
42.949915305600435
 20
26.67045003423594
 10
43.00109498674237
 20
26.739284932208665
 10
43.05202641203537
 20
26.80846985463517
 10
43.00714060686407
 20
26.877639754747563
 10
42.96214046147936
 20
26.94673539601699
 10
42.917026108784
 20
27.015756595613155
 10
42.87179768197913
 20
27.084703170966623
 10
42.82645531456361
 20
27.153574939769257
 10
42.74145824143818
 20
27.136489108522756
 10
42.65667992196615
 20
27.119033961632677
 10
42.57212292357788
 20
27.101206947471074
 10
42.48778989571651
 20
27.08300539532216
 10
42.40368357517912
 20
27.064426507639585
 10
42.31980679194339
 20
27.045467351599545
 10
42.23616247553775
 20
27.026124849865923
 10
42.15275366202184
 20
27.006395770470863
 10
42.06958350165355
 20
26.98627671569914
 10
41.986655267332004
 20
26.96576410984765
 10
41.903972363919856
 20
26.94485418570978
 10
41.82153833856528
 20
26.92354296960969
 10
41.739356892165596
 20
26.90182626478104
 10
41.657431892138995
 20
26.879699632848244
 10
41.618514655232005
 20
26.93753845697918
 10
41.57951478880362
 20
26.995321651119777
 10
41.54043237890904
 20
27.053049101367698
 10
41.50126751176293
 20
27.11072069396638
 10
41.46202027373911
 20
27.16833631530532
 10
41.46202027373911
 20
27.16833631530532
 10
41.51425374477379
 20
27.234335664056406
 10
41.56620385121237
 20
27.30072673359424
 10
41.61787332076676
 20
27.367504317289225
 10
41.669264717560516
 20
27.434663452230858
 10
41.72038045463948
 20
27.502199400531282
 10
41.771222805201546
 20
27.57010763254476
 10
41.821793912708785
 20
27.638383811759
 10
41.872095800020304
 20
27.707023781150433
 10
41.922130377664395
 20
27.776023550827247
 10
41.97189945135114
 20
27.84537928680839
 10
42.021404728812044
 20
27.915087300808135
 10
42.07064782604275
 20
27.98514404091414
 10
42.11963027301326
 20
28.055546083061117
 10
42.168353518902855
 20
28.12629012321545
 10
42.12129108850654
 20
28.193999232378633
 10
42.07411692704696
 20
28.26163061073424
 10
42.02683117305128
 20
28.32918408055045
 10
41.97943396533219
 20
28.396659464364816
 10
41.93192544298722
 20
28.4640565849847
 10
41.847497280901464
 20
28.444303227290447
 10
41.76329949588857
 20
28.424187686310084
 10
41.67933473480974
 20
28.403707492975514
 10
41.59560573028364
 20
28.38286006179409
 10
41.512115306270985
 20
28.3616426832795
 10
41.42886638416695
 20
28.340052515694254
 10
41.3458619894618
 20
28.318086576021944
 10
41.26310525903957
 20
28.295741730074557
 10
41.18059944919471
 20
28.273014681626176
 10
41.09834794446015
 20
28.249901960446774
 10
41.01635426735455
 20
28.226399909089615
 10
40.934622089174965
 20
28.20250466826097
 10
40.85315524198331
 20
28.178212160571416
 10
40.77195773196035
 20
28.153518072432114
 10
40.73122224691995
 20
28.210092193651523
 10
40.69040608464964
 20
28.266608184888614
 10
40.649509334677674
 20
28.32306593553397
 10
40.6085320866846
 20
28.37946533512838
 10
40.56747443050294
 20
28.435806273363095
 10
40.567474430502934
 20
28.435806273363102
 10
40.6176017072953
 20
28.5034085809012
 10
40.66743336519004
 20
28.57139344883006
 10
40.71697229735912
 20
28.63975576072769
 10
40.76622122570142
 20
28.70849063856476
 10
40.8151827139421
 20
28.777593424415418
 10
40.86385917939089
 20
28.847059664042277
 10
40.912252903529875
 20
28.916885092116882
 10
40.96036604157622
 20
28.987065618872343
 10
41.00820063114343
 20
29.05759731801558
 10
41.05575860010729
 20
29.128476415750946
 10
41.10304177376738
 20
29.19969928078739
 10
41.15005188138329
 20
29.27126241521986
 10
41.196790562153474
 20
29.343162446188728
 10
41.243259370696315
 20
29.415396118234963
 10
41.19407149720991
 20
29.481578528697348
 10
41.144774607770984
 20
29.547679835951918
 10
41.0953688462816
 20
29.613699867522016
 10
41.04585435691617
 20
29.67963845120812
 10
40.99623128412093
 20
29.745495415088154
 10
40.91245714024027
 20
29.723094426701365
 10
40.828924749932476
 20
29.70033874393422
 10
40.745636836600276
 20
29.677225982547363
 10
40.66259621305415
 20
29.653753644651967
 10
40.57980578733441
 20
29.629919111321396
 10
40.49726856906253
 20
29.605719634531223
 10
40.41498767638499
 20
29.58115232834704
 10
40.33296634358221
 20
29.55621415926839
 10
40.251207929426
 20
29.53090193562195
 10
40.16971592638294
 20
29.505212295881442
 10
40.08849397077598
 20
29.479141695770668
 10
40.007545854036046
 20
29.45268639398279
 10
39.92687553519796
 20
29.425842436319908
 10
39.84648715482227
 20
29.398605638021866
 10
39.803977678165694
 20
29.453860206743144
 10
39.76138955215614
 20
29.50905421978626
 10
39.71872286963418
 20
29.564187569928443
 10
39.67597772358534
 20
29.619260150101166
 10
39.63315420713992
 20
29.674271853390252
 10
39.633154207139924
 20
29.674271853390255
 10
39.68112735003613
 20
29.743410791826392
 10
39.728792933748565
 20
29.81292276133028
 10
39.77615401357399
 20
29.882802740727843
 10
39.82321346604016
 20
29.95304594167983
 10
39.869974002579525
 20
30.02364779081765
 10
39.916438181802974
 20
30.09460391370976
 10
39.96260842055195
 20
30.165910120425593
 10
40.00848700388021
 20
30.237562392498425
 10
40.05407609409483
 20
30.309556871118666
 10
40.099377738966865
 20
30.381889846412584
 10
40.1443938792067
 20
30.454557747681946
 10
40.189126355286795
 20
30.52755713449729
 10
40.23357691368239
 20
30.600884688551556
 10
40.27774721259277
 20
30.674537206192955
 10
40.22648707315142
 20
30.739128952812283
 10
40.17512073399339
 20
30.803636326261422
 10
40.12364834414258
 20
30.86805915946002
 10
40.07207005288208
 20
30.93239728561178
 10
40.02038600975352
 20
30.996650538204722
 10
39.93735030347789
 20
30.971624590475447
 10
39.85456746928827
 20
30.946251784610002
 10
39.77204030418081
 20
30.920529823357857
 10
39.68977169811215
 20
30.89445629870211
 10
39.607764640052615
 20
30.868028684659233
 10
39.5260222245896
 20
30.841244329424004
 10
39.44454765914701
 20
30.81410044678161
 10
39.36334427189615
 20
30.786594106697134
 10
39.282415520444985
 20
30.758722224978705
 10
39.201765001406635
 20
30.730481551894382
 10
39.12139646096445
 20
30.701868659603328
 10
39.04131380657016
 20
30.67287992823831
 10
38.96152111993573
 20
30.643511530448734
 10
38.882022671508
 20
30.61375941417879
 10
38.837785103682535
 20
30.66764125566723
 10
38.79347098636874
 20
30.721460192057638
 10
38.74908041555693
 20
30.77521611959768
 10
38.704613487375134
 20
30.828908934692738
 10
38.660070298088726
 20
30.882538533906114
 10
38.66007029808871
 20
30.882538533906114
 10
38.70584344948678
 20
30.95314640113776
 10
38.751297426323234
 20
31.024117412629902
 10
38.79643544252678
 20
31.095446647358376
 10
38.84126052595684
 20
31.167129411351993
 10
38.885775532636835
 20
31.239161220270425
 10
38.92998315952999
 20
31.311537783767456
 10
38.973885956043546
 20
31.384254991412252
 10
39.01748633441883
 20
31.457308899975004
 10
39.060786579142025
 20
31.530695721912554
 10
39.10378885549059
 20
31.604411814912567
 10
39.14649521731442
 20
31.678453672374935
 10
39.18890761413736
 20
31.75281791472572
 10
39.231027897653256
 20
31.82750128147251
 10
39.27285782768104
 20
31.90250062392228
 10
39.21958050083909
 20
31.965439736726648
 10
39.16619988675183
 20
32.02829131141018
 10
39.11271613930991
 20
32.09105518641443
 10
39.05912941264987
 20
32.1537312004711
 10
39.005439861153484
 20
32.21631919260226
 10
38.92322622558813
 20
32.18869370563399
 10
38.841276311993774
 20
32.160729534579566
 10
38.75959298795839
 20
32.13242447122798
 10
38.678179217482636
 20
32.10377619958937
 10
38.597038067257365
 20
32.07478228888958
 10
38.51617271351219
 20
32.045440185927596
 10
38.4355864495025
 20
32.01574720672002
 10
38.35528269371389
 20
31.985700527345088
 10
38.27526499887368
 20
31.955297173885413
 10
38.195537061874404
 20
31.92453401135289
 10
38.11610273473075
 20
31.89340773145972
 10
38.03696603671167
 20
31.86191483907752
 10
37.95813116781418
 20
31.83005163719822
 10
37.87960252377501
 20
31.797814210178192
 10
37.83368432874249
 20
31.850271866246423
 10
37.78769175244636
 20
31.9026643458303
 10
37.741624893863225
 20
31.95499154872165
 10
37.695483852100196
 20
32.00725337487316
 10
37.64926872639424
 20
32.05944972439844
 10
37.64926872639424
 20
32.05944972439843
 10
37.6927981424844
 20
32.1314575066632
 10
37.73599710392513
 20
32.20381820060346
 10
37.7788689796341
 20
32.276526990104166
 10
37.82141694536187
 20
32.34957928010482
 10
37.86364399846918
 20
32.422970679635924
 10
37.90555297119108
 20
32.49669698659407
 10
37.947146542580654
 20
32.57075417403389
 10
37.9884272492962
 20
32.645138377788676
 10
38.02939749537156
 20
32.719845885259204
 10
38.070059561089
 20
32.794873125233416
 10
38.11041561105772
 20
32.87021665861863
 10
38.15046770158647
 20
32.945873169984296
 10
38.19021778742793
 20
33.02183945982682
 10
38.22966772796099
 20
33.098112437479365
 10
38.17443009928972
 20
33.15933898847267
 10
38.11909218716035
 20
33.220474943681914
 10
38.06365415007417
 20
33.281520147180764
 10
38.008116146765126
 20
33.342474443338276
 10
37.952478336199086
 20
33.40333767681919
 10
37.87116952082477
 20
33.3731407885458
 10
37.790134998471274
 20
33.34261371821214
 10
37.70937770426861
 20
33.3117543485878
 10
37.62890067310796
 20
33.28056045775165
 10
37.54870704613709
 20
33.249029712287886
 10
37.46880007784636
 20
33.21715965986306
 10
37.3891831438156
 20
33.18494772111081
 10
37.3098597492031
 20
33.15239118073897
 10
37.230833538069824
 20
33.11948717776149
 10
37.15210830364709
 20
33.086232694741575
 10
37.07368799967371
 20
33.05262454591425
 10
36.9955767529491
 20
33.01865936403459
 10
36.91777887727451
 20
32.98433358577085
 10
36.84029888898554
 20
32.94964343543021
 10
36.79274901333027
 20
33.00062720120274
 10
36.74512698935627
 20
33.05154359867519
 10
36.697432918863
 20
33.1023925312475
 10
36.64966690377292
 20
33.15317390248312
 10
36.60182904613117
 20
33.203887616109085
 10
36.60182904613117
 20
33.203887616109085
 10
36.643073126994175
 20
33.27722505055166
 10
36.68397581827875
 20
33.350904830248126
 10
36.72454064010639
 20
33.42492224860507
 10
36.76477091254224
 20
33.49927281387599
 10
36.80466977090051
 20
33.5739522326727
 10
36.84424017948256
 20
33.648956395166415
 10
36.883484943947444
 20
33.7242813617635
 10
36.92240672248447
 20
33.799923351072565
 10
36.961008035932586
 20
33.8758787290072
 10
36.99929127697023
 20
33.952143998890755
 10
37.0372587184823
 20
34.02871579244806
 10
37.07491252119626
 20
34.10559086158507
 10
37.11225474066714
 20
34.182766070870336
 10
37.14928733368078
 20
34.260238390643494
 10
37.092148000997994
 20
34.319694534902084
 10
37.03491147503347
 20
34.37905713498195
 10
36.97757791864341
 20
34.43832604068378
 10
36.92014749490346
 20
34.49750110210825
 10
36.86262036710782
 20
34.556582169656146
 10
36.782298141873355
 20
34.5238447009056
 10
36.702260492107996
 20
34.4907858699945
 10
36.62251041739066
 20
34.457403652504546
 10
36.543051020303686
 20
34.42369592251184
 10
36.46388551313911
 20
34.389660445990486
 10
36.38501722521473
 20
34.355294873616316
 10
36.3064496108724
 20
34.32059673289925
 10
36.2281862582426
 20
34.28556341956196
 10
36.15023089887143
 20
34.25019218806995
 10
36.072587418321625
 20
34.21448014120295
 10
35.9952598678777
 20
34.17842421854015
 10
35.91825247750663
 20
34.14202118370971
 10
35.841569670251914
 20
34.1052676102279
 10
35.76521607827015
 20
34.06815986572127
 10
35.71608487021865
 20
34.11762182152626
 10
35.666883807878676
 20
34.16701429810598
 10
35.61761299570954
 20
34.21633720252286
 10
35.56827253828627
 20
34.26559044200497
 10
35.51886254029927
 20
34.31477392394618
 10
35.518862540299274
 20
34.31477392394618
 10
35.557781858458085
 20
34.38936956117633
 10
35.59634920662512
 20
34.46429665554971
 10
35.63456825220605
 20
34.5395506144565
 10
35.67244245587552
 20
34.61512705372514
 10
35.709975087394206
 20
34.691021781623824
 10
35.747169239806254
 20
34.76723078450151
 10
35.7840278422233
 20
34.84375021385993
 10
35.820553671370625
 20
34.920576374678426
 10
35.856749362044646
 20
34.99770571484085
 10
35.89261741660995
 20
35.07513481553459
 10
35.92816021364587
 20
35.15286038251025
 10
35.96338001583772
 20
35.23087923810597
 10
35.99827897719516
 20
35.30918831395247
 10
36.03285914966939
 20
35.38778464428668
 10
35.973878328346565
 20
35.44541465543367
 10
35.91480348539698
 20
35.50294828496773
 10
35.855634787777475
 20
35.56038538849679
 10
35.796372402651045
 20
35.61772582193249
 10
35.73701649738625
 20
35.67496944149033
 10
35.657761558442104
 20
35.63972485711838
 10
35.57880117949229
 20
35.60416803801059
 10
35.500138421433164
 20
35.56829705428331
 10
35.42177645129797
 20
35.532109877825334
 10
35.34371854916679
 20
35.49560437591524
 10
35.265968115704865
 20
35.45877830425835
 10
35.18852868040403
 20
35.42162929937412
 10
35.111403910613575
 20
35.38415487025418
 10
35.034597621459625
 20
35.34635238919927
 10
34.958113786768465
 20
35.308219081728716
 10
34.881956551127345
 20
35.269752015438705
 10
34.80613024323898
 20
35.23094808766506
 10
34.730639390753076
 20
35.19180401178124
 10
34.6554887367904
 20
35.152316301931826
 10
34.604827865523504
 20
35.20021034041201
 10
34.55409949147091
 20
35.248032870740296
 10
34.503303721590164
 20
35.2957838036864
 10
34.45244066294737
 20
35.343463050187545
 10
34.40151042271678
 20
35.39107052134849
 10
34.40151042271679
 20
35.39107052134849
 10
34.438067750235774
 20
35.466851787980794
 10
34.47426289071256
 20
35.54295331428247
 10
34.510099654790984
 20
35.619370625936156
 10
34.545581639929
 20
35.6960994504607
 10
34.58071224671082
 20
35.77313570171757
 10
34.6154946934885
 20
35.8504754660053
 10
34.64993202956614
 20
35.928114989539495
 10
34.684027147106995
 20
36.006050667146354
 10
34.717782791918324
 20
36.0842790320235
 10
34.751201573245346
 20
36.1627967464422
 10
34.784285972688274
 20
36.241600593283074
 10
34.817038352340354
 20
36.32068746831239
 10
34.84946096223187
 20
36.40005437311761
 10
34.881555947154254
 20
36.47969840863229
 10
34.820795375936726
 20
36.535448708814656
 10
34.75994403135377
 20
36.59109990232082
 10
34.699002084211074
 20
36.646651850631756
 10
34.63796970550749
 20
36.702104415535075
 10
34.576847066434446
 20
36.75745745912533
 10
34.49873894372091
 20
36.71974182531782
 10
34.42093505872976
 20
36.68172338115366
 10
34.34343853050974
 20
36.643400292898
 10
34.2662525872686
 20
36.6047706319555
 10
34.189380573479674
 20
36.56583236870735
 10
34.112825957634534
 20
36.526583365787815
 10
34.036592340718734
 20
36.48702137073352
 10
33.96068346549958
 20
36.44714400792854
 10
33.88510322672763
 20
36.40694876975665
 10
33.80985568237065
 20
36.36643300685789
 10
33.734945066017566
 20
36.32559391737027
 10
33.66037580061271
 20
36.28442853501704
 10
33.58615251370935
 20
36.24293371587595
 10
33.51228005446374
 20
36.201106123638084
 10
33.46014243009123
 20
36.24738797220696
 10
33.40793970833355
 20
36.29359636659797
 10
33.355671998487104
 20
36.33973122132399
 10
33.30333940994963
 20
36.38579245106678
 10
33.250942052220005
 20
36.43177997067708
 10
33.250942052220005
 20
36.431779970677084
 10
33.285102386441324
 20
36.50867323185504
 10
33.3188906882758
 20
36.58587525834303
 10
33.35231090744062
 20
36.66338169826928
 10
33.385366774237305
 20
36.7411883948108
 10
33.418061816341876
 20
36.81929137121896
 10
33.45039937387516
 20
36.89768681737999
 10
33.482382612973005
 20
36.97637107771466
 10
33.514014538042325
 20
37.055340640250854
 10
33.54529800286148
 20
37.134592126727576
 10
33.576235720661074
 20
37.21412228360903
 10
33.606830273302066
 20
37.29392797390409
 10
33.63708411965189
 20
37.374006169701744
 10
33.66699960324642
 20
37.45435394534344
 10
33.696578959313726
 20
37.534968471165314
 10
33.63410180707451
 20
37.58878765569763
 10
33.571537201525
 20
37.64250512199995
 10
33.50888531707164
 20
37.69612073747809
 10
33.44614632830127
 20
37.74963436984698
 10
33.38332040998053
 20
37.8030458871307
 10
33.30643737687746
 20
37.762897824987704
 10
33.2298679440015
 20
37.72245666305416
 10
33.15361528535953
 20
37.68172066525062
 10
33.07768268702624
 20
37.640688004089526
 10
33.0020735544397
 20
37.59935675473725
 10
32.926791420360395
 20
37.55772488853647
 10
32.85183995357249
 20
37.51579026592394
 10
32.7772229684188
 20
37.47355062866994
 10
32.70294443527375
 20
37.43100359135374
 10
32.62900849207636
 20
37.38814663197629
 10
32.55541945706428
 20
37.34497708159487
 10
32.48218184287377
 20
37.30149211284566
 10
32.409300372199006
 20
37.25768872719644
 10
32.33677999523878
 20
37.21356374074394
 10
32.28321968979196
 20
37.25819097954506
 10
32.22959674273751
 20
37.30274290174742
 10
32.1759112655539
 20
37.34721942563417
 10
32.12216336981404
 20
37.391620469658434
 10
32.06835316718491
 20
37.43594595244325
 10
32.06835316718491
 20
37.435945952443255
 10
32.10008375518757
 20
37.51387657436271
 10
32.13143284500933
 20
37.59210418295119
 10
32.1624045211649
 20
37.67062455277811
 10
32.193002642753726
 20
37.74943364649675
 10
32.22323086071009
 20
37.8285276004028
 10
32.25309263328671
 20
37.907902711473106
 10
32.28259123999694
 20
37.98755542569592
 10
32.31172979420648
 20
38.0674823275326
 10
32.34051125453812
 20
38.1476801303737
 10
32.36893843522872
 20
38.228145667873136
 10
32.39701401555864
 20
38.30887588605888
 10
32.42474054845745
 20
38.38986783613411
 10
32.45212046837564
 20
38.47111866789291
 10
32.479156098500745
 20
38.552625623685245
 10
32.415026872330714
 20
38.60446448056088
 10
32.35081357996675
 20
38.656199122040015
 10
32.28651639917267
 20
38.707829421492114
 10
32.22213550788022
 20
38.759355252597445
 10
32.15767108418843
 20
38.810776489347056
 10
32.08209006942552
 20
38.76823712487657
 10
32.00683169419172
 20
38.72541464642793
 10
31.931899184233068
 20
38.68230741697743
 10
31.857295880156666
 20
38.63891371162689
 10
31.783025244907833
 20
38.59523171189622
 10
31.70909087192717
 20
38.55125949949709
 10
31.63549649406849
 20
38.50699504952579
 10
31.562245993371018
 20
38.46243622300385
 10
31.489343411793136
 20
38.41758075868453
 10
31.416792963032364
 20
38.372426264029706
 10
31.344599045576434
 20
38.32697020524716
 10
31.272766257154277
 20
38.281209896258474
 10
31.2012994107852
 20
38.23514248644665
 10
31.13020355265995
 20
38.18876494700475
 10
31.075275722440963
 20
38.231697022564475
 10
31.020287753316598
 20
38.274552003225345
 10
30.965239758794105
 20
38.317329811059786
 10
30.910131852468414
 20
38.36003036831076
 10
30.85496414802173
 20
38.402653597391854
 10
30.85496414802173
 20
38.402653597391854
 10
30.884234509881818
 20
38.481546009849986
 10
30.913114294672674
 20
38.560723358760114
 10
30.941607717327745
 20
38.64018154896925
 10
30.969718761599694
 20
38.71991666627425
 10
30.997451197752966
 20
38.79992496352602
 10
31.02480859844449
 20
38.88020284815822
 10
31.051794353023244
 20
38.960746870958886
 10
31.078411680444926
 20
39.04155371593026
 10
31.104663640968973
 20
39.12262019110612
 10
31.130553146781015
 20
39.203943220213326
 10
31.15608297166397
 20
39.285519835081075
 10
31.18125575982429
 20
39.36734716871434
 10
31.20607403396535
 20
39.44942244895856
 10
31.23054020268847
 20
39.531742992693054
 10
31.16482465770304
 20
39.58155451719906
 10
31.099028496067948
 20
39.631259444159944
 10
31.033151898666624
 20
39.68085765293511
 10
30.96719504653829
 20
39.73034902319582
 10
30.901158120877245
 20
39.77973343492511
 10
30.826954622894796
 20
39.73484634558807
 10
30.753082473005332
 20
39.68968639224105
 10
30.679544945454268
 20
39.64425203821171
 10
30.606345432023975
 20
39.59854166256407
 10
30.533487449684827
 20
39.55255355462677
 10
30.460974648942027
 20
39.50628590802379
 10
30.38881082296097
 20
39.45973681414813
 10
30.316999917566708
 20
39.412904255010375
 10
30.24554604222739
 20
39.36578609538335
 10
30.17445348214931
 20
39.318380074151484
 10
30.103726711631506
 20
39.270683794759215
 10
30.03337040885299
 20
39.222694714634244
 10
29.963389472295383
 20
39.174410133440915
 10
29.89378903904004
 20
39.125827179992214
 10
29.837549848645413
 20
39.16702541478556
 10
29.781253065602474
 20
39.20814486083861
 10
29.724898805297983
 20
39.24918544402416
 10
29.668487183199776
 20
39.2901470903859
 10
29.612018314856364
 20
39.33102972613852
 10
29.61201831485636
 20
39.33102972613852
 10
29.638800265779533
 20
39.41080748514517
 10
29.66518295452664
 20
39.49085787159511
 10
29.691170721975233
 20
39.57117692428959
 10
29.716767672295056
 20
39.651760855684266
 10
29.741977691064783
 20
39.73260603855177
 10
29.766804461533493
 20
39.81370899401149
 10
29.79125147926298
 20
39.89506638075229
 10
29.815322065351978
 20
39.97667498529992
 10
29.839019378413536
 20
40.05853171320331
 10
29.862346425451964
 20
40.14063358103134
 10
29.885306071765687
 20
40.22297770908726
 10
29.90790104998487
 20
40.30556131476046
 10
29.93013396833827
 20
40.38838170644602
 10
29.952007318231406
 20
40.47143627797157
 10
29.88477236944911
 20
40.519175682677485
 10
29.817460311472697
 20
40.56680622310567
 10
29.75007132807407
 20
40.61432778462015
 10
29.682605603169034
 20
40.661740252897175
 10
29.615063320816727
 20
40.70904351392527
 10
29.542311324756525
 20
40.66185467188637
 10
29.46989904751898
 20
40.61440346874393
 10
29.39782980859219
 20
40.566688469369026
 10
29.326107047557983
 20
40.51870815805359
 10
29.254734331909145
 20
40.47046093327887
 10
29.18371536557748
 20
40.42194510200852
 10
29.11305399825728
 20
40.37315887344885
 10
29.042754235621974
 20
40.32410035221165
 10
28.97282025054615
 20
40.27476753080384
 10
28.90325639546318
 20
40.22515828135688
 10
28.83406721600996
 20
40.17527034649478
 10
28.765257466135296
 20
40.12510132922202
 10
28.6968321248793
 20
40.07464868169285
 10
28.62879641506794
 20
40.02390969269832
 10
28.571302963380866
 20
40.06333729087629
 10
28.51375450558239
 20
40.10268449110265
 10
28.45615115879407
 20
40.1419512230546
 10
28.398493040212077
 20
40.18113741658027
 10
28.340780267106943
 20
40.22024300169877
 10
28.340780267106943
 20
40.22024300169877
 10
28.365047938495376
 20
40.30082885219671
 10
28.388908062790044
 20
40.38167477517946
 10
28.412365102249737
 20
40.46277694691854
 10
28.435423277140526
 20
40.5441317098914
 10
28.45808658425835
 20
40.62573556001409
 10
28.480358813554474
 20
40.70758513518259
 10
28.502243563105797
 20
40.78967720495624
 10
28.523744252635026
 20
40.87200866124133
 10
28.544864135756196
 20
40.95457650985406
 10
28.565606311095042
 20
41.037377862859685
 10
28.585973732413496
 20
41.12040993159844
 10
28.605969217849474
 20
41.203670020321546
 10
28.62559545836869
 20
41.28715552037106
 10
28.644855025512378
 20
41.37086390484488
 10
28.576168662130595
 20
41.4164886252666
 10
28.50740875053796
 20
41.46200233027619
 10
28.438575477170883
 20
41.50740491124615
 10
28.369669028598302
 20
41.552696259861115
 10
28.300689591521067
 20
41.597876268117936
 10
28.229461489015193
 20
41.54843398037018
 10
28.158581131564755
 20
41.49874007603999
 10
28.088051880630434
 20
41.44879322263249
 10
28.01787722020279
 20
41.3985920108276
 10
27.948060764777722
 20
41.34813494949355
 10
27.87860626805716
 20
41.29742046024693
 10
27.80951763246127
 20
41.24644687150521
 10
27.740798919552045
 20
41.195212411969614
 10
27.672454361482423
 20
41.14371520346637
 10
27.60448837360421
 20
41.09195325306336
 10
27.53690556838911
 20
41.039924444365624
 10
27.469710770843022
 20
40.98762652787678
 10
27.40290903562535
 20
40.93505711029405
 10
27.336505666122086
 20
40.88221364258118
 10
27.277815914540838
 20
40.919835692133525
 10
27.21907378049633
 20
40.95737581917126
 10
27.160279382705152
 20
40.99483395717345
 10
27.10143283995234
 20
41.032210039789796
 10
27.04253427109121
 20
41.069504000840695
 10
27.042534271091206
 20
41.069504000840695
 10
27.064264130596964
 20
41.1508199395901
 10
27.085578564232822
 20
41.232383162795564
 10
27.106482150994758
 20
41.31418998755451
 10
27.126979222846757
 20
41.39623688957679
 10
27.147073883630416
 20
41.47852049099853
 10
27.166770026037703
 20
41.56103754944519
 10
27.186071346893907
 20
41.64378494818474
 10
27.204981360960293
 20
41.726759687235365
 10
27.22350341343523
 20
41.809958875312695
 10
27.24164069130678
 20
41.89337972251791
 10
27.259396233688538
 20
41.97701953368115
 10
27.276772941252325
 20
42.06087570228765
 10
27.293773584856346
 20
42.14494570492252
 10
27.310400813454574
 20
42.229227096179
 10
27.240332015816463
 20
42.2726967924476
 10
27.170193280241975
 20
42.31605343775196
 10
27.099984795616216
 20
42.3592969294671
 10
27.029706750945742
 20
42.40242716527975
 10
26.95935933535814
 20
42.445444043188125
 10
26.889725847270896
 20
42.393798888729776
 10
26.820447779738156
 20
42.341913092415695
 10
26.75152853291301
 20
42.28978542537591
 10
26.682971631792498
 20
42.23741458573499
 10
26.614780734343263
 20
42.184799193874554
 10
26.546959640366197
 20
42.131937787265414
 10
26.479512301187928
 20
42.07882881481718
 10
26.41244283028078
 20
42.025470630686854
 10
26.345755514927678
 20
41.971861487477895
 10
26.279454829067657
 20
41.9179995287509
 10
26.213545447479312
 20
41.86388278075401
 10
26.148032261485604
 20
41.80950914326621
 10
26.082920396395853
 20
41.754876379427294
 10
26.018215230938385
 20
41.699982104406985
 10
25.958387934079386
 20
41.73576557605806
 10
25.898510912464094
 20
41.771465685158546
 10
25.838584286269853
 20
41.80708236898085
 10
25.778608175736583
 20
41.842615564967545
 10
25.718582701166532
 20
41.87806521073134
 10
25.71858270116653
 20
41.878065210731336
 10
25.737753571772334
 20
41.96003254942113
 10
25.75650154938478
 20
42.04223416436734
 10
25.774831325018738
 20
42.12466651668876
 10
25.792747337866512
 20
42.20732621838611
 10
25.810253794575534
 20
42.29021002074775
 10
25.827354686551313
 20
42.373314803943806
 10
25.844053805537808
 20
42.45663756765763
 10
25.860354757688494
 20
42.54017542262536
 10
25.876260976310753
 20
42.62392558297448
 10
25.891775733439147
 20
42.707885359266925
 10
25.90690215037228
 20
42.79205215216611
 10
25.92164320728889
 20
42.876423446658066
 10
25.93600175204365
 20
42.96099680676627
 10
25.94998050823037
 20
43.04576987070732
 10
25.878599167740866
 20
43.08704642559809
 10
25.807151544803908
 20
43.12820800935976
 10
25.735637830545954
 20
43.16925452535529
 10
25.664058216204428
 20
43.21018587725837
 10
25.592412893127193
 20
43.25100196905315
 10
25.52444299539125
 20
43.19720673330692
 10
25.456835837155506
 20
43.14318204916163
 10
25.38959485397828
 20
43.088926792265354
 10
25.3227236084524
 20
43.034439769142246
 10
25.256225798473125
 20
42.979719712708246
 10
25.190105266257916
 20
42.92476527737948
 10
25.124366008207588
 20
42.86957503372389
 10
25.059012185711985
 20
42.81414746260095
 10
24.99404813701932
 20
42.75848094872406
 10
24.9294783903063
 20
42.70257377357182
 10
24.865307678110014
 20
42.64642410756046
 10
24.80154095330768
 20
42.590030001376704
 10
24.738183406863946
 20
42.533389376351415
 10
24.675240487603876
 20
42.476500013734544
 10
24.614335126685774
 20
42.510413756890294
 10
24.55338272984963
 20
42.54424278174047
 10
24.49238341860507
 20
42.57798702933709
 10
24.43133731451859
 20
42.61164644090163
 10
24.370244539213445
 20
42.6452209578249
 10
24.370244539213452
 20
42.645220957824904
 10
24.38683761736976
 20
42.727760386479865
 10
24.403000752146625
 20
42.81052087592387
 10
24.418738741791795
 20
42.89349903433301
 10
24.434056128191518
 20
42.97669161290608
 10
24.448957216496954
 20
43.06009549487176
 10
24.463446092740224
 20
43.14370768562299
 10
24.477526639696563
 20
43.22752530383453
 10
24.491202551209923
 20
43.31154557344182
 10
24.50447734516768
 20
43.39576581637723
 10
24.517354375283333
 20
43.48018344597434
 10
24.52983684182371
 20
43.56479596096382
 10
24.541927801398902
 20
43.64960093999466
 10
24.55363017591705
 20
43.734596036623465
 10
24.564946760793134
 20
43.81977897472176
 10
24.492323603004383
 20
43.85882648842028
 10
24.419637859564737
 20
43.89775722585831
 10
24.346889723643784
 20
43.9365710963644
 10
24.274079388512025
 20
43.97526800957645
 10
24.201207047540432
 20
44.01384787544151
 10
24.134967900213432
 20
43.957957482115056
 10
24.069098449366653
 20
43.90184904105172
 10
24.003602162672017
 20
43.84552153321508
 10
23.938482636902023
 20
43.78897387438426
 10
23.873743606331626
 20
43.732204910926846
 10
23.80938895190433
 20
43.67521341518745
 10
23.74542271125323
 20
43.61799808044606
 10
23.68184908968196
 20
43.560557515393526
 10
23.618672472226393
 20
43.50289023806319
 10
23.55589743693694
 20
43.4449946691483
 10
23.49352876954434
 20
43.386869124623374
 10
23.431571479698714
 20
43.328511807573705
 10
23.37003081900475
 20
43.26992079912114
 10
23.308912301115438
 20
43.21109404831358
 10
23.246989020197027
 20
43.24310878439539
 10
23.18502142053428
 20
43.27503753034228
 10
23.123009624846592
 20
43.3068802309676
 10
23.06095375590493
 20
43.33863683125322
 10
22.99885393653164
 20
43.370307276349486
 10
22.998853936531646
 20
43.370307276349486
 10
23.012852809366397
 20
43.45333892710689
 10
23.026415109846774
 20
43.53657822881079
 10
23.039545738606055
 20
43.62002193957241
 10
23.05224933563118
 20
43.703666952545305
 10
23.064530300218493
 20
43.787510285543675
 10
23.07639280888547
 20
43.871549071725134
 10
23.087840831498955
 20
43.95578055120216
 10
23.09887814584107
 20
44.04020206346685
 10
23.109508350801622
 20
44.12481104053107
 10
23.11973487835828
 20
44.2096050006976
 10
23.129561004483747
 20
44.29458154288985
 10
23.138989859099734
 20
44.379738341477896
 10
23.1480244351819
 20
44.46507314154642
 10
23.156667597106157
 20
44.550583754557586
 10
23.082874108152453
 20
44.58736853655847
 10
23.009021767923386
 20
44.62403485170913
 10
22.935110771442893
 20
44.66058261527481
 10
22.861141313826305
 20
44.69701174282838
 10
22.787113590279894
 20
44.733322150250196
 10
22.72267046993185
 20
44.67539359084528
 10
22.658603636062445
 20
44.61725858001409
 10
22.594916585163773
 20
44.55891620473948
 10
22.53161294476883
 20
44.50036549081369
 10
22.468696481979272
 20
44.44160539887167
 10
22.406171112768895
 20
44.38263482006403
 10
22.344040912154593
 20
44.32345257132606
 10
22.28231012534195
 20
44.26405739019383
 10
22.220983179967607
 20
44.2044479291099
 10
22.160064699580534
 20
44.14462274915266
 10
22.09955951852759
 20
44.08458031311264
 10
22.039472698435812
 20
44.02431897782571
 10
21.979809546517984
 20
43.963836985658325
 10
21.92057563596742
 20
43.90313245502036
 10
21.857695181175984
 20
43.93322076853524
 10
21.79477315049049
 20
43.9632219035628
 10
21.73180966772395
 20
43.99313580865562
 10
21.668804856735846
 20
44.02296243253376
 10
21.605758841431992
 20
44.05270172408467
 10
21.60575884143199
 20
44.05270172408466
 10
21.617149503035854
 20
44.136145235417025
 10
21.628097389000647
 20
44.21978280634835
 10
21.638607497442383
 20
44.30361134764573
 10
21.648684561802302
 20
44.387627897025205
 10
21.658333071112317
 20
44.471829609389935
 10
21.667557288184913
 20
44.55621374806917
 10
21.67636126599152
 20
44.640777676930625
 10
21.684748862454573
 20
44.725518853257604
 10
21.69272375384453
 20
44.81043482129875
 10
21.70028944694588
 20
44.895523206411234
 10
21.7074492901335
 20
44.98078170972918
 10
21.714206483480936
 20
45.06620810329873
 10
21.72056408800652
 20
45.15180022562873
 10
21.726525034149073
 20
45.23755597761273
 10
21.65163339066877
 20
45.272046536160005
 10
21.57668666432313
 20
45.306417051200846
 10
21.501685051811396
 20
45.34066744390281
 10
21.42662874991512
 20
45.374797635739114
 10
21.351517955497812
 20
45.40880754848859
 10
21.28893419102269
 20
45.3488998096731
 10
21.226732931411952
 20
45.28879739981535
 10
21.16491769868459
 20
45.2284995125298
 10
21.103492147714277
 20
45.168005284284526
 10
21.042460074874768
 20
45.10731379069846
 10
20.981825427471428
 20
45.0464240425021
 10
20.92159231405267
 20
44.985334981121305
 10
20.8617650157091
 20
44.924045473838156
 10
20.802347998484663
 20
44.862554308475545
 10
20.743345927043855
 20
44.80086018754363
 10
20.684763679762604
 20
44.738961721776874
 10
20.62660636543786
 20
44.67685742297726
 10
20.56887934184558
 20
44.614545696066024
 10
20.511588236416916
 20
44.55202483022787
 10
20.44781189826656
 20
44.580161157934896
 10
20.38399675023072
 20
44.60820920175352
 10
20.32014291710618
 20
44.63616891395041
 10
20.25625052373142
 20
44.66404024695847
 10
20.19231969498649
 20
44.69182315337688
 10
20.192319694986487
 20
44.69182315337687
 10
20.2010905617631
 20
44.775597734839344
 10
20.209412879206916
 20
44.85955261588575
 10
20.217291737964057
 20
44.943684862504426
 10
20.224731960235815
 20
45.02799165943413
 10
20.231738120334214
 20
45.11247030103012
 10
20.23831456313209
 20
45.19711818306676
 10
20.244465420675883
 20
45.28193279535723
 10
20.250194627189313
 20
45.366911715089024
 10
20.255505932661936
 20
45.4520526007887
 10
20.260402915189236
 20
45.53735318684199
 10
20.26488899220721
 20
45.62281127850526
 10
20.268967430745302
 20
45.70842474735385
 10
20.27264135680451
 20
45.79419152711901
 10
20.275913763954314
 20
45.88010960987248
 10
20.19999676659283
 20
45.91227663936071
 10
20.12402848545391
 20
45.94432216191733
 10
20.048009118742804
 20
45.97624610457345
 10
19.97193886473858
 20
46.008048394663824
 10
19.895817921793736
 20
46.039728959826675
 10
19.835154833721614
 20
45.9779029488888
 10
19.774880093028088
 20
45.91589421978642
 10
19.714997243968057
 20
45.85370207328833
 10
19.65550996533737
 20
45.791325757108105
 10
19.596422079227576
 20
45.72876446246808
 10
19.53773756057656
 20
45.66601732035129
 10
19.479460547610277
 20
45.60308339740352
 10
19.421595353284687
 20
45.53996169144304
 10
19.364146477853772
 20
45.47665112652837
 10
19.307118622709453
 20
45.41315054752671
 10
19.250516705663166
 20
45.349458714116906
 10
19.19434587786672
 20
45.28557429414869
 10
19.138611542604806
 20
45.2214958562675
 10
19.08331937623266
 20
45.157221861697145
 10
19.018708935093404
 20
45.18338248023685
 10
18.95406247085964
 20
45.20945379185229
 10
18.889380109208524
 20
45.23543575249674
 10
18.824661975854426
 20
45.261328318288435
 10
18.75990819654878
 20
45.28713144551053
 10
18.759908196548782
 20
45.28713144551054
 10
18.76605012160533
 20
45.37115594309159
 10
18.771738156765252
 20
45.455346824370636
 10
18.776977480207538
 20
45.539701312969186
 10
18.78177299815652
 20
45.6242167429632
 10
18.78612936570757
 20
45.7088905503847
 10
18.79005100551966
 20
45.79372026559463
 10
18.793542124646404
 20
45.87870350641616
 10
18.796606729736787
 20
45.963837971934
 10
18.799248640802222
 20
46.04912143687906
 10
18.801471503718687
 20
46.13455174653009
 10
18.803278801608784
 20
46.220126812072294
 10
18.804673865229198
 20
46.305844606362584
 10
18.805659882471996
 20
46.39170316005629
 10
18.806239907074247
 20
46.47770055805755
 10
18.729370917617263
 20
46.507516924817985
 10
18.65245447098113
 20
46.537210433677714
 10
18.575490766717664
 20
46.5667810174897
 10
18.498480004444495
 20
46.59622860940816
 10
18.421422383844657
 20
46.62555314288866
 10
18.362739227212167
 20
46.561871611496784
 10
18.30444988070177
 20
46.49801947573881
 10
18.246557907516966
 20
46.43399614397332
 10
18.189067006960354
 20
46.3698009756378
 10
18.131981023289246
 20
46.30543327808253
 10
18.07530395537633
 20
46.24089230311652
 10
18.01903996727164
 20
46.17617724323128
 10
17.963193399776383
 20
46.11128722746305
 10
17.907768783155735
 20
46.04622131684774
 10
17.85277085113821
 20
45.980978499415826
 10
17.798204556373342
 20
45.91555768466611
 10
17.74407508754756
 20
45.84995769744639
 10
17.69038788839327
 20
45.784177271157375
 10
17.637148678867803
 20
45.71821504018058
 10
17.571766353607412
 20
45.742378052536004
 10
17.506350810592455
 20
45.766450816666676
 10
17.440902176283423
 20
45.79043329218334
 10
17.375420577173806
 20
45.814325438860436
 10
17.309906139789952
 20
45.83812721663599
 10
17.309906139789952
 20
45.83812721663599
 10
17.313412426329766
 20
45.92232017878788
 10
17.316459918732573
 20
46.006665465630505
 10
17.319053877673223
 20
46.091160460679056
 10
17.321199288623806
 20
46.17580264951744
 10
17.322900882929602
 20
46.26058961194239
 10
17.324163156725994
 20
46.34551901491281
 10
17.324990387971702
 20
46.430588606202406
 10
17.32538665183196
 20
46.51579620866767
 10
17.3253558346108
 20
46.60113971505731
 10
17.32490164640312
 20
46.686617083299396
 10
17.324027632613447
 20
46.772226332211034
 10
17.322737184467922
 20
46.85796553758384
 10
17.32103354862952
 20
46.94383282860385
 10
17.3189198360121
 20
47.02982638457026
 10
17.241172718152825
 20
47.05726711146652
 10
17.163381994243643
 20
47.08458374112401
 10
17.085547865033245
 20
47.111776212173545
 10
17.007670531328554
 20
47.13884446354507
 10
16.92975019399447
 20
47.16578843446738
 10
16.87310410481352
 20
47.100315900960695
 10
16.816856905174483
 20
47.0346850262506
 10
16.761012173947364
 20
46.96889532663524
 10
16.705573627530615
 20
46.90294627366566
 10
16.65054512879909
 20
46.83683729125145
 10
16.595930696865565
 20
46.77056775250402
 10
16.54173451775297
 20
46.70413697628493
 10
16.48796095608903
 20
46.63754422342397
 10
16.43461456795169
 20
46.570788692565
 10
16.381700115014755
 20
46.50386951559128
 10
16.32922258016684
 20
46.436785752574615
 10
16.277187184805996
 20
46.36953638618229
 10
16.22559940804723
 20
46.30212031546564
 10
16.174465008122684
 20
46.23453634893935
 10
16.10837340790343
 20
46.256681670096455
 10
16.04225141172579
 20
46.27873588280629
 10
15.976099146742806
 20
46.30069895030719
 10
15.909916740136586
 20
46.322570835999855
 10
15.843704319118173
 20
46.34435150344718
 10
15.843704319118173
 20
46.34435150344718
 10
15.844570732783264
 20
46.428631247869646
 10
15.844973887258728
 20
46.51304912755274
 10
15.844919120642809
 20
46.597602688016536
 10
15.844411492846186
 20
46.68228956838196
 10
15.843455806897783
 20
46.76710749416365
 10
15.842056628068214
 20
46.85205427080174
 10
15.840218301088726
 20
46.93712777783872
 10
15.837944965702215
 20
47.022325963661
 10
15.835240570747423
 20
47.107646840737104
 10
15.83210888694902
 20
47.19308848129424
 10
15.828553518561783
 20
47.2786490133825
 10
15.824577913997244
 20
47.364326617283794
 10
15.820185375543629
 20
47.4501195222277
 10
15.815379068275917
 20
47.5360260033814
 10
15.736828131974756
 20
47.56106825363539
 10
15.658237462489272
 20
47.585985278089694
 10
15.579607261624687
 20
47.61077702110835
 10
15.500937731237508
 20
47.635443427352044
 10
15.422229073235066
 20
47.65998444177816
 10
15.367675018580796
 20
47.592787112213884
 10
15.313524546344619
 20
47.52544384244147
 10
15.259781247787286
 20
47.45795425696507
 10
15.206448852997914
 20
47.390317939751306
 10
15.15353123992579
 20
47.32253443160977
 10
15.101032444233555
 20
47.254603227335515
 10
15.048956670069575
 20
47.18652377258507
 10
14.997308301872321
 20
47.11829546045324
 10
14.94609191733633
 20
47.04991762771331
 10
14.895312301690636
 20
46.98138955067639
 10
14.844974463464265
 20
46.91271044061998
 10
14.795083651943232
 20
46.84387943872583
 10
14.745645376558382
 20
46.77489561045798
 10
14.696665428486348
 20
46.70575793929908
 10
14.62992750765986
 20
46.725867281468055
 10
14.563162027171932
 20
46.745884735376514
 10
14.496369114783459
 20
46.76581026786035
 10
14.429548898280672
 20
46.785643845916425
 10
14.362701505475117
 20
46.80538543670249
 10
14.362701505475117
 20
46.80538543670249
 10
14.360926285573397
 20
46.889670117948164
 10
14.358683783167665
 20
46.974078627246485
 10
14.355979408675934
 20
47.058608674086614
 10
14.352818291608036
 20
47.14325805301594
 10
14.349205302081321
 20
47.22802463708768
 10
14.345145070132297
 20
47.312906371980176
 10
14.340642003105062
 20
47.397901270702825
 10
14.335700301355345
 20
47.483007408815254
 10
14.33032397247327
 20
47.5682229200983
 10
14.32451684419919
 20
47.65354599262338
 10
14.318282576182481
 20
47.7389748651744
 10
14.311624670712503
 20
47.82450782398312
 10
14.304546482534214
 20
47.91014319974341
 10
14.297051227845696
 20
47.99587936487495
 10
14.21777117719608
 20
48.018502425534486
 10
14.138455285348362
 20
48.04099924174919
 10
14.059103755033185
 20
48.06336976357163
 10
13.97971678902583
 20
48.08561394134887
 10
13.900294590145888
 20
48.107731725722225
 10
13.847885321866135
 20
48.03887741390356
 10
13.795883939436731
 20
47.96988968920448
 10
13.744294043240698
 20
47.900768284519465
 10
13.6931193736593
 20
47.83151289644761
 10
13.642363820179359
 20
47.762123182949765
 10
13.59203143132877
 20
47.69259876079276
 10
13.542126425538878
 20
47.622939202755404
 10
13.492653203047421
 20
47.553144034567
 10
13.443616358972976
 20
47.48321273154453
 10
13.39502069771257
 20
47.41314471488968
 10
13.346871248839054
 20
47.34293934760027
 10
13.299173284703885
 20
47.272595929943094
 10
13.251932339987116
 20
47.20211369442601
 10
13.205154233478794
 20
47.131491800196265
 10
13.137833249483464
 20
47.14954865794563
 10
13.070487554801021
 20
47.16751292736594
 10
13.003117277721248
 20
47.18538457886109
 10
12.935722546555875
 20
47.203163582994655
 10
12.86830348963851
 20
47.220849910489775
 10
12.868303489638498
 20
47.22084991048977
 10
12.863887359177626
 20
47.30505758845304
 10
12.8590003668883
 20
47.38937468207412
 10
12.853647990376867
 20
47.47379906663064
 10
12.847835423886327
 20
47.558328693848665
 10
12.841567600001452
 20
47.64296158601011
 10
12.834849209130425
 20
47.72769583066445
 10
12.827684717046445
 20
47.81252957586765
 10
12.82007838072986
 20
47.89746102588316
 10
12.812034262716088
 20
47.982488437288836
 10
12.803556244125106
 20
48.06761011544246
 10
12.79464803652354
 20
48.15282441126404
 10
12.785313192750165
 20
48.23812971830026
 10
12.77555511681759
 20
48.32352447003964
 10
12.765377072988995
 20
48.40900713745201
 10
12.685442957458985
 20
48.42919240289789
 10
12.605476909393175
 20
48.44925051432072
 10
12.525479132325044
 20
48.46918142741822
 10
12.445449829826561
 20
48.48898509818046
 10
12.365389205507928
 20
48.508661482889494
 10
12.315175217538282
 20
48.43821952959569
 10
12.26537302681356
 20
48.36765680561773
 10
12.215986239578529
 20
48.29697315234448
 10
12.167018603115682
 20
48.22616837914057
 10
12.118474014919533
 20
48.15524226128182
 10
12.07035653270512
 20
48.08419453770347
 10
12.02267038535028
 20
48.01302490853829
 10
11.97541998488606
 20
47.94173303241903
 10
11.928609939667231
 20
47.870318523515586
 10
11.882245068875825
 20
47.798780948272395
 10
11.836330418535283
 20
47.727119821806106
 10
11.790871279242712
 20
47.65533460391689
 10
11.745873205862527
 20
47.583424694658696
 10
11.701342039468155
 20
47.51138942940385
 10
11.63350151359615
 20
47.527379065045245
 10
11.565639136990631
 20
47.54327549138807
 10
11.497755038396736
 20
47.55907868237594
 10
11.429849346578417
 20
47.5747886121108
 10
11.36192219031831
 20
47.59040525485302
 10
11.361922190318312
 20
47.590405254853025
 10
11.35486836475636
 20
47.67445396419605
 10
11.347340543998085
 20
47.75859758415342
 10
11.339344267682394
 20
47.842834157468175
 10
11.330884789895824
 20
47.927161794662105
 10
11.321967101046807
 20
48.01157866880766
 10
11.312595947499018
 20
48.09608301083604
 10
11.30277584924949
 20
48.18067310531339
 10
11.292511115894186
 20
48.26534728662653
 10
11.281805861087525
 20
48.350103935529255
 10
11.27066401567324
 20
48.43494147600654
 10
11.259089339638788
 20
48.51985837242003
 10
11.247085433024976
 20
48.604853126903755
 10
11.234655745904691
 20
48.68992427698235
 10
11.221803587530072
 20
48.77507039338827
 10
11.141290756407315
 20
48.79280134926022
 10
11.060749915803529
 20
48.810404349780725
 10
10.980181269940514
 20
48.82787935625147
 10
10.899585023072875
 20
48.84522633026431
 10
10.818961379487696
 20
48.86244523370116
 10
10.770990868737531
 20
48.79048642533561
 10
10.723435672289316
 20
48.718419591926484
 10
10.676299398997514
 20
48.646244683382335
 10
10.62958579966304
 20
48.57396162188388
 10
10.583298776265972
 20
48.501570300099765
 10
10.537442392037692
 20
48.42907057924023
 10
10.492020882472874
 20
48.35646228692934
 10
10.44703866739617
 20
48.28374521487376
 10
10.402500364216595
 20
48.21091911630189
 10
10.358410802523272
 20
48.13798370314432
 10
10.314775040201708
 20
48.0649386429207
 10
10.271598381278713
 20
47.991783555292585
 10
10.228886395741586
 20
47.91851800823522
 10
10.18664494161931
 20
47.845141513772575
 10
10.118348622484465
 20
47.85905094331615
 10
10.050033321967613
 20
47.8728666210779
 10
9.981699169200809
 20
47.886588524514494
 10
9.91334629333198
 20
47.90021663123986
 10
9.844974823524778
 20
47.91375091902516
 10
9.844974823524778
 20
47.91375091902516
 10
9.835289018136827
 20
47.99755873958509
 10
9.82512653183574
 20
48.08144688555549
 10
9.814492961115675
 20
48.165413568681615
 10
9.8033936149963
 20
48.24945705976499
 10
9.791833537045735
 20
48.3335756841041
 10
9.779817525147283
 20
48.41776781740259
 10
9.767350149297657
 20
48.502031882085774
 10
9.754435767680853
 20
48.58636634397451
 10
9.74107854122592
 20
48.67076970927326
 10
9.727282446826854
 20
48.75524052183571
 10
9.713051289378214
 20
48.839777360675505
 10
9.698388712758609
 20
48.9243788376954
 10
9.683298209877185
 20
49.00904359561033
 10
9.667783131882835
 20
49.09377030604414
 10
9.586767191710123
 20
49.10903251394224
 10
9.505727177368865
 20
49.12416607264278
 10
9.424663293662137
 20
49.13917094901322
 10
9.343575745420347
 20
49.15404711020917
 10
9.262464737501132
 20
49.168794523674535
 10
9.216783568258961
 20
49.09539101054036
 10
9.171520834019809
 20
49.02189231006513
 10
9.126680143004814
 20
48.94829848062446
 10
9.082265246159109
 20
48.87460955718485
 10
9.038280046434373
 20
48.800825549800706
 10
8.994728608915453
 20
48.726946441975265
 10
8.951615171891623
 20
48.65297218886857
 10
8.908944158988454
 20
48.578902715334166
 10
8.866720192493759
 20
48.50473791376255
 10
8.824948108032077
 20
48.43047764170674
 10
8.783632970767846
 20
48.35612171926067
 10
8.742780093346738
 20
48.281669926156425
 10
8.702395055821704
 20
48.207121998540664
 10
8.6624837278534
 20
48.13247762538313
 10
8.593795557357128
 20
48.14429560536182
 10
8.52509128275396
 20
48.15601936899439
 10
8.456371033499014
 20
48.167648897226414
 10
8.38763493906041
 20
48.179184171159676
 10
8.3188831289193
 20
48.19062517205218
 10
8.3188831289193
 20
48.19062517205218
 10
8.306573564669282
 20
48.27411030026281
 10
8.293785082874315
 20
48.357661100962076
 10
8.280523331687363
 20
48.44127595629623
 10
8.266793670132396
 20
48.524953298699714
 10
8.252601190255413
 20
48.608691607008225
 10
8.237950737006102
 20
48.69248940297032
 10
8.222846926139626
 20
48.77634524810717
 10
8.207294160383901
 20
48.860257740876946
 10
8.191296644082021
 20
48.94422551410731
 10
8.174858396488956
 20
49.028247232664334
 10
8.15798326387699
 20
49.112321591330634
 10
8.140674930583153
 20
49.196447312869566
 10
8.122936929113843
 20
49.28062314625491
 10
8.104772649407607
 20
49.364847865048546
 10
8.023329424158813
 20
49.377628948339435
 10
7.941866070311901
 20
49.390280795367346
 10
7.8603827931506505
 20
49.40280337853098
 10
7.778879797981162
 20
49.4151966705157
 10
7.697357290131656
 20
49.427460644293326
 10
7.654008961920571
 20
49.35268585869772
 10
7.611081791309468
 20
49.27782880418498
 10
7.568579382652187
 20
49.202889647468794
 10
7.526505483672798
 20
49.127868536190896
 10
7.484863994789349
 20
49.052765597700876
 10
7.443658979285416
 20
48.97758093772543
 10
7.402894674430642
 20
48.90231463891351
 10
7.362575503666449
 20
48.82696675924254
 10
7.322706089991176
 20
48.75153733026784
 10
7.28329127069979
 20
48.676026355195084
 10
7.244336113658947
 20
48.60043380675242
 10
7.205845935328127
 20
48.52475962483426
 10
7.167826320774095
 20
48.44900371388481
 10
7.130283145970029
 20
48.37316593998305
 10
7.061267227531433
 20
48.38288295541836
 10
6.992238088806165
 20
48.392505367352385
 10
6.9231958595124485
 20
48.402033160198144
 10
6.854140669378936
 20
48.41146631852402
 10
6.7850726481446975
 20
48.420804827053736
 10
6.785072648144708
 20
48.420804827053736
 10
6.770150055943437
 20
48.50388564840272
 10
6.7547467598336866
 20
48.58701743400281
 10
6.738868454414129
 20
48.67019873766389
 10
6.722520543767781
 20
48.75342815467766
 10
6.7057081637207085
 20
48.836704318605896
 10
6.688436201820231
 20
48.920025898398194
 10
6.670709315323506
 20
49.00339159579743
 10
6.652531947443408
 20
49.08680014299698
 10
6.633908342061883
 20
49.17025030051947
 10
6.614842557091165
 20
49.25374085529101
 10
6.595338476637949
 20
49.33727061888821
 10
6.575399822104289
 20
49.42083842593903
 10
6.555030162341234
 20
49.50444313266036
 10
6.534232922956439
 20
49.58808361551798
 10
6.452438416668089
 20
49.59837324654449
 10
6.370627735729442
 20
49.60853316040193
 10
6.288801085810183
 20
49.61856333499056
 10
6.206958672597558
 20
49.62846374849575
 10
6.125100701796141
 20
49.638234379388024
 10
6.084126320594795
 20
49.562162953765835
 10
6.0435754199973415
 20
49.48602224707279
 10
6.003451597265874
 20
49.409812534155705
 10
5.963758593547248
 20
49.333534075141955
 10
5.924500303229429
 20
49.25718711450288
 10
5.885680784148709
 20
49.18077188003245
 10
5.84730426874911
 20
49.104288581730806
 10
5.809375176310848
 20
49.02773741058111
 10
5.771898126382203
 20
48.951118537206334
 10
5.7348779535709
 20
48.87443211039021
 10
5.698319723876106
 20
48.79767825544454
 10
5.662228752772619
 20
48.72085707240158
 10
5.626610625295337
 20
48.64396863400658
 10
5.5914712184164275
 20
48.56701298348163
 10
5.5221917872040915
 20
48.574621237235526
 10
5.452902024775211
 20
48.5821345772996
 10
5.383602061054674
 20
48.58955299153624
 10
5.314292025975357
 20
48.59687646796239
 10
5.244972049478069
 20
48.604104994749676
 10
5.244972049478069
 20
48.604104994749676
 10
5.227449672700875
 20
48.68670015727933
 10
5.2094452568614935
 20
48.769331532875334
 10
5.190964537776118
 20
48.85199784813987
 10
5.172012959627068
 20
48.934697862319034
 10
5.152595697308369
 20
49.01743036476891
 10
5.132717676482186
 20
49.100194172681626
 10
5.112383591637564
 20
49.182988129038584
 10
5.091597922399845
 20
49.26581110076228
 10
5.070364948301377
 20
49.34866197704307
 10
5.048688762194951
 20
49.43153966782001
 10
5.026573282465383
 20
49.514443102398275
 10
5.00402226417372
 20
49.59737122818791
 10
4.981039309250446
 20
49.68032300955038
 10
4.957627875839346
 20
49.76329742674184
 10
4.875558237382256
 20
49.77108731569934
 10
4.793476384821499
 20
49.77874711221303
 10
4.711382524122738
 20
49.78627679965993
 10
4.6292768612646
 20
49.79367636170112
 10
4.547159602238513
 20
49.80094578228162
 10
4.5085978549676415
 20
49.7236534675179
 10
4.470461510472349
 20
49.64630491769205
 10
4.432754155708051
 20
49.568900515503906
 10
4.395479521897486
 20
49.491440633298296
 10
4.358641493911203
 20
49.413925632412756
 10
4.322244120501
 20
49.33635586246647
 10
4.286291625487963
 20
49.258731660582875
 10
4.25078842002232
 20
49.18105335053839
 10
4.2157391160498605
 20
49.103321241827345
 10
4.181148541141193
 20
49.02553562863272
 10
4.147021754865746
 20
48.94769678868995
 10
4.113364066922288
 20
48.86980498202908
 10
4.080181057275027
 20
48.7918604495782
 10
4.047478598588123
 20
48.71386341160758
 10
3.9779999934658217
 20
48.7193568153327
 10
3.908513950221745
 20
48.72475507178002
 10
3.839020598933833
 20
48.73005817224668
 10
3.7695200696856173
 20
48.73526610818393
 10
3.7000124925662368
 20
48.74037887119698
 10
3.7000124925662368
 20
48.74037887119698
 10
3.679906087698388
 20
48.822407360042725
 10
3.659316760530969
 20
48.90445728016513
 10
3.6382502828562138
 20
48.986527531955005
 10
3.616712133982759
 20
49.0686170395845
 10
3.5947075231477283
 20
49.150724749153206
 10
3.5722414096326247
 20
49.23284962702416
 10
3.549318520875827
 20
49.31499065832649
 10
3.5259433688302946
 20
49.39714684560327
 10
3.502120264778243
 20
49.479317207587485
 10
3.4778533327842482
 20
49.56150077809089
 10
3.4531465219430926
 20
49.643696604992684
 10
3.428003617556961
 20
49.72590374931717
 10
3.402428251358886
 20
49.80812128439025
 10
3.376423910884206
 20
49.89034829506675
 10
3.2941554005322318
 20
49.89563218077237
 10
3.211878641527162
 20
49.90078570396641
 10
3.1295938400444427
 20
49.90580885348364
 10
3.0473012022681165
 20
49.91070161844205
 10
2.965000934390633
 20
49.91546398824281
 10
2.9288880665519503
 20
49.83702757236028
 10
2.893202121830267
 20
49.75854801436304
 10
2.857946673668859
 20
49.680025804449045
 10
2.8231254400288934
 20
49.60146142683416
 10
2.7887422927854226
 20
49.522855359384884
 10
2.7548012679775726
 20
49.44420807321792
 10
2.721306577014991
 20
49.36552003226269
 10
2.6882626189578493
 20
49.28679169278225
 10
2.6556739940053706
 20
49.208023502847475
 10
2.6235455183494008
 20
49.12921590175807
 10
2.5918822405753397
 20
49.05036931940395
 10
2.5606894598223575
 20
48.97148417555813
 10
2.5299727459525116
 20
48.89256087909197
 10
2.4997379620220705
 20
48.813599827100994
 10
2.4301245988991775
 20
48.81697399396781
 10
2.3605066936042363
 20
48.82025285628672
 10
2.2908843763167064
 20
48.82343640877901
 10
2.221257777219392
 20
48.82652464631965
 10
2.151627026498424
 20
48.82951756393726
 10
2.1516270264984247
 20
48.82951756393727
 10
2.1289548617722347
 20
48.910898776882824
 10
2.105799343902195
 20
48.992286621035
 10
2.082166275403018
 20
49.0736801714384
 10
2.058061165724886
 20
49.15507851803897
 10
2.033489253711339
 20
49.2364807645112
 10
2.0084555277562166
 20
49.31788602720568
 10
1.9829647439531597
 20
49.399293434202164
 10
1.957021442486626
 20
49.480702124454474
 10
1.930629962476802
 20
49.56211124701671
 10
1.9037944554601578
 20
49.64351996034086
 10
1.8765188976621405
 20
49.72492743163766
 10
1.8488071011972178
 20
49.80633283629372
 10
1.820662724313041
 20
49.88773535733867
 10
1.7920892807810112
 20
49.9691341849572
 10
1.709698238211819
 20
49.971907827696704
 10
1.6273029157131298
 20
49.97455094275178
 10
1.5449035195868213
 20
49.97706352440191
 10
1.4625002561390874
 20
49.97944556720932
 10
1.3800933316802284
 20
49.98169706601885
 10
1.3464631280223411
 20
49.90219429338239
 10
1.3132609652281184
 20
49.82266150732564
 10
1.2804904000329178
 20
49.74309930511507
 10
1.2481551338084413
 20
49.66350828241325
 10
1.216259021965483
 20
49.58388903319676
 10
1.1848060842115473
 20
49.50424214966687
 10
1.1538005157654412
 20
49.42456822215208
 10
1.1232466996461052
 20
49.344867839001886
 10
1.0931492201708772
 20
49.26514158647033
 10
1.0635128778198253
 20
49.185390048588005
 10
1.0343427056484014
 20
49.10561380702124
 10
1.0056439874607932
 20
49.0258134409165
 10
0.9774222779934896
 20
48.945989526727935
 10
0.9496834254028024
 20
48.86614263802564
 10
0.8799997716622974
 20
48.86739487736851
 10
0.8103144734251936
 20
48.868551731017476
 10
0.7406276609224767
 20
48.86961319711139
 10
0.6709394643862162
 20
48.87057927394267
 10
0.6012500140495636
 20
48.87144995995716
 10
0.6012500140495635
 20
48.871449959957154
 10
0.576032865934947
 20
48.95210378397114
 10
0.5503323864756383
 20
49.0327494331566
 10
0.5241544036443458
 20
49.113386157947396
 10
0.49750445203724375
 20
49.19401321478805
 10
0.4703877953568316
 20
49.27462986564291
 10
0.442809446591619
 20
49.35523537755607
 10
0.41477418618577344
 20
49.435829022255476
 10
0.3862865784485514
 20
49.516410075795754
 10
0.3573509864157231
 20
49.59697781823504
 10
0.3279715853451473
 20
49.677531533342055
 10
0.29815237500321257
 20
49.75807050832942
 10
0.26789719087727243
 20
49.83859403361097
 10
0.2372097144312333
 20
49.9191014025798
 10
0.2060934825065274
 20
49.99959191140537
 10
0.12365629585057379
 20
49.99985308799997
 10
0.04121879967463346
 20
49.99998367643855
 10
-0.041218799674649545
 20
49.99998367643855
 10
-0.12365629585058989
 20
49.99985308799997
 10
-0.20609348250654344
 20
49.99959191140537
 10
-0.23720971443124936
 20
49.9191014025798
 10
-0.26789719087728847
 20
49.83859403361097
 10
-0.29815237500322855
 20
49.75807050832942
 10
-0.3279715853451633
 20
49.677531533342055
 10
-0.35735098641573904
 20
49.59697781823504
 10
-0.3862865784485673
 20
49.516410075795754
 10
-0.41477418618578926
 20
49.435829022255476
 10
-0.44280944659163485
 20
49.35523537755607
 10
-0.47038779535684755
 20
49.274629865642915
 10
-0.4975044520372596
 20
49.19401321478805
 10
-0.5241544036443616
 20
49.113386157947396
 10
-0.5503323864756541
 20
49.0327494331566
 10
-0.5760328659349627
 20
48.95210378397114
 10
-0.6012500140495792
 20
48.871449959957154
 10
-0.670939464386232
 20
48.87057927394267
 10
-0.7406276609224924
 20
48.86961319711139
 10
-0.8103144734252093
 20
48.86855173101747
 10
-0.8799997716623131
 20
48.86739487736851
 10
-0.9496834254028181
 20
48.86614263802564
 10
-0.9496834254028074
 20
48.86614263802564
 10
-0.9774222779934943
 20
48.945989526727935
 10
-1.005643987460798
 20
49.0258134409165
 10
-1.034342705648406
 20
49.10561380702124
 10
-1.0635128778198302
 20
49.185390048588005
 10
-1.0931492201708821
 20
49.26514158647033
 10
-1.1232466996461101
 20
49.344867839001886
 10
-1.153800515765446
 20
49.42456822215208
 10
-1.1848060842115522
 20
49.50424214966687
 10
-1.2162590219654876
 20
49.58388903319676
 10
-1.248155133808446
 20
49.66350828241325
 10
-1.280490400032923
 20
49.74309930511507
 10
-1.3132609652281235
 20
49.82266150732564
 10
-1.3464631280223462
 20
49.90219429338239
 10
-1.3800933316802335
 20
49.98169706601885
 10
-1.4625002561390923
 20
49.97944556720932
 10
-1.5449035195868261
 20
49.97706352440191
 10
-1.6273029157131347
 20
49.97455094275178
 10
-1.7096982382118244
 20
49.971907827696704
 10
-1.7920892807810158
 20
49.9691341849572
 10
-1.8206627243130462
 20
49.88773535733867
 10
-1.8488071011972227
 20
49.80633283629372
 10
-1.8765188976621454
 20
49.72492743163766
 10
-1.9037944554601627
 20
49.64351996034086
 10
-1.9306299624768073
 20
49.56211124701671
 10
-1.9570214424866308
 20
49.48070212445447
 10
-1.9829647439531648
 20
49.39929343420216
 10
-2.008455527756222
 20
49.31788602720568
 10
-2.033489253711344
 20
49.2364807645112
 10
-2.058061165724891
 20
49.15507851803897
 10
-2.082166275403023
 20
49.0736801714384
 10
-2.1057993439022
 20
48.99228662103501
 10
-2.1289548617722396
 20
48.910898776882824
 10
-2.1516270264984296
 20
48.82951756393727
 10
-2.221257777219397
 20
48.82652464631965
 10
-2.2908843763167117
 20
48.82343640877901
 10
-2.3605066936042416
 20
48.820252856286736
 10
-2.430124598899183
 20
48.81697399396782
 10
-2.499737962022076
 20
48.813599827100994
 10
-2.499737962022076
 20
48.813599827100994
 10
-2.5299727459525165
 20
48.89256087909197
 10
-2.560689459822363
 20
48.97148417555813
 10
-2.5918822405753446
 20
49.05036931940395
 10
-2.6235455183494056
 20
49.12921590175807
 10
-2.6556739940053755
 20
49.208023502847475
 10
-2.6882626189578547
 20
49.28679169278225
 10
-2.7213065770149965
 20
49.36552003226269
 10
-2.7548012679775775
 20
49.44420807321792
 10
-2.7887422927854275
 20
49.522855359384884
 10
-2.8231254400288988
 20
49.60146142683416
 10
-2.857946673668864
 20
49.680025804449045
 10
-2.8932021218302717
 20
49.75854801436304
 10
-2.928888066551955
 20
49.83702757236028
 10
-2.965000934390638
 20
49.91546398824281
 10
-3.0473012022681214
 20
49.91070161844205
 10
-3.129593840044448
 20
49.90580885348365
 10
-3.211878641527167
 20
49.90078570396641
 10
-3.2941554005322367
 20
49.89563218077236
 10
-3.3764239108842107
 20
49.89034829506675
 10
-3.40242825135888
 20
49.808121284390246
 10
-3.428003617556966
 20
49.72590374931717
 10
-3.4531465219430975
 20
49.643696604992684
 10
-3.477853332784253
 20
49.56150077809089
 10
-3.5021202647782474
 20
49.479317207587485
 10
-3.5259433688302995
 20
49.39714684560327
 10
-3.5493185208758318
 20
49.31499065832648
 10
-3.5722414096326296
 20
49.23284962702416
 10
-3.594707523147744
 20
49.150724749153206
 10
-3.6167121339827637
 20
49.0686170395845
 10
-3.6382502828562195
 20
48.986527531955005
 10
-3.659316760530974
 20
48.90445728016513
 10
-3.6799060876983924
 20
48.822407360042725
 10
-3.700012492566241
 20
48.74037887119698
 10
-3.7695200696856217
 20
48.73526610818392
 10
-3.8390205989338373
 20
48.73005817224668
 10
-3.90851395022175
 20
48.72475507178002
 10
-3.9779999934658266
 20
48.7193568153327
 10
-4.047478598588128
 20
48.71386341160758
 10
-4.047478598588128
 20
48.71386341160758
 10
-4.080181057275032
 20
48.7918604495782
 10
-4.113364066922293
 20
48.86980498202908
 10
-4.147021754865752
 20
48.94769678868995
 10
-4.181148541141197
 20
49.02553562863272
 10
-4.215739116049865
 20
49.103321241827345
 10
-4.250788420022325
 20
49.1810533505384
 10
-4.2862916254879675
 20
49.258731660582875
 10
-4.322244120501005
 20
49.33635586246647
 10
-4.3586414939112075
 20
49.413925632412756
 10
-4.3954795218974905
 20
49.491440633298296
 10
-4.432754155708056
 20
49.56890051550391
 10
-4.470461510472354
 20
49.64630491769205
 10
-4.508597854967647
 20
49.7236534675179
 10
-4.5471596022385175
 20
49.800945782281616
 10
-4.6292768612646045
 20
49.79367636170111
 10
-4.711382524122742
 20
49.78627679965993
 10
-4.7934763848215045
 20
49.77874711221303
 10
-4.875558237382261
 20
49.77108731569934
 10
-4.957627875839352
 20
49.76329742674184
 10
-4.981039309250451
 20
49.68032300955038
 10
-5.004022264173726
 20
49.59737122818791
 10
-5.026573282465387
 20
49.514443102398275
 10
-5.048688762194956
 20
49.43153966782001
 10
-5.070364948301381
 20
49.34866197704307
 10
-5.091597922399851
 20
49.265811100762285
 10
-5.1123835916375695
 20
49.18298812903859
 10
-5.132717676482191
 20
49.100194172681626
 10
-5.152595697308374
 20
49.01743036476891
 10
-5.1720129596270725
 20
48.934697862319034
 10
-5.190964537776123
 20
48.85199784813987
 10
-5.209445256861498
 20
48.769331532875334
 10
-5.227449672700879
 20
48.68670015727933
 10
-5.244972049478074
 20
48.60410499474967
 10
-5.314292025975361
 20
48.59687646796238
 10
-5.3836020610546775
 20
48.58955299153622
 10
-5.4529020247752165
 20
48.5821345772996
 10
-5.522191787204097
 20
48.574621237235526
 10
-5.591471218416431
 20
48.567012983481625
 10
-5.591471218416431
 20
48.567012983481625
 10
-5.626610625295341
 20
48.643968634006576
 10
-5.6622287527726245
 20
48.72085707240158
 10
-5.69831972387611
 20
48.79767825544453
 10
-5.734877953570903
 20
48.8744321103902
 10
-5.771898126382209
 20
48.951118537206334
 10
-5.809375176310851
 20
49.0277374105811
 10
-5.847304268749115
 20
49.1042885817308
 10
-5.885680784148714
 20
49.180771880032445
 10
-5.924500303229434
 20
49.25718711450287
 10
-5.963758593547252
 20
49.33353407514195
 10
-6.003451597265879
 20
49.4098125341557
 10
-6.043575419997346
 20
49.48602224707278
 10
-6.08412632059481
 20
49.56216295376582
 10
-6.1251007017961445
 20
49.63823437938802
 10
-6.206958672597563
 20
49.62846374849574
 10
-6.288801085810187
 20
49.61856333499054
 10
-6.370627735729446
 20
49.60853316040193
 10
-6.452438416668093
 20
49.598373246544476
 10
-6.534232922956442
 20
49.58808361551797
 10
-6.555030162341239
 20
49.504443132660356
 10
-6.575399822104293
 20
49.420838425939024
 10
-6.595338476637951
 20
49.3372706188882
 10
-6.614842557091168
 20
49.25374085529099
 10
-6.633908342061885
 20
49.170250300519456
 10
-6.652531947443412
 20
49.08680014299697
 10
-6.67070931532351
 20
49.00339159579742
 10
-6.6884362018202355
 20
48.920025898398194
 10
-6.705708163720725
 20
48.836704318605896
 10
-6.722520543767786
 20
48.75342815467766
 10
-6.738868454414132
 20
48.67019873766388
 10
-6.75474675983369
 20
48.5870174340028
 10
-6.770150055943451
 20
48.503885648402715
 10
-6.785072648144712
 20
48.42080482705373
 10
-6.854140669378952
 20
48.41146631852401
 10
-6.923195859512463
 20
48.40203316019813
 10
-6.992238088806181
 20
48.39250536735238
 10
-7.061267227531449
 20
48.38288295541836
 10
-7.130283145970044
 20
48.37316593998304
 10
-7.130283145970044
 20
48.37316593998304
 10
-7.167826320774108
 20
48.4490037138848
 10
-7.205845935328142
 20
48.52475962483425
 10
-7.244336113658962
 20
48.600433806752406
 10
-7.283291270699804
 20
48.67602635519507
 10
-7.322706089991201
 20
48.75153733026783
 10
-7.362575503666464
 20
48.82696675924254
 10
-7.402894674430656
 20
48.902314638913495
 10
-7.443658979285434
 20
48.97758093772543
 10
-7.4848639947893645
 20
49.052765597700876
 10
-7.526505483672813
 20
49.12786853619089
 10
-7.568579382652203
 20
49.20288964746879
 10
-7.611081791309485
 20
49.27782880418498
 10
-7.6540089619205975
 20
49.35268585869772
 10
-7.697357290131672
 20
49.42746064429332
 10
-7.77887979798118
 20
49.4151966705157
 10
-7.860382793150666
 20
49.402803378530976
 10
-7.941866070311916
 20
49.390280795367346
 10
-8.02332942415883
 20
49.377628948339435
 10
-8.104772649407622
 20
49.36484786504853
 10
-8.12293692911387
 20
49.28062314625491
 10
-8.14067493058317
 20
49.196447312869566
 10
-8.157983263877005
 20
49.11232159133062
 10
-8.17485839648897
 20
49.02824723266433
 10
-8.191296644082035
 20
48.9442255141073
 10
-8.207294160383919
 20
48.86025774087695
 10
-8.222846926139642
 20
48.77634524810716
 10
-8.237950737006116
 20
48.6924894029703
 10
-8.252601190255426
 20
48.60869160700821
 10
-8.26679367013241
 20
48.5249532986997
 10
-8.280523331687377
 20
48.441275956296224
 10
-8.293785082874331
 20
48.357661100962076
 10
-8.306573564669295
 20
48.274110300262805
 10
-8.318883128919314
 20
48.190625172052165
 10
-8.387634939060424
 20
48.17918417115966
 10
-8.456371033499028
 20
48.16764889722641
 10
-8.525091282753976
 20
48.15601936899439
 10
-8.593795557357145
 20
48.14429560536182
 10
-8.662483727853418
 20
48.13247762538313
 10
-8.662483727853418
 20
48.132477625383125
 10
-8.702395055821707
 20
48.20712199854066
 10
-8.742780093346752
 20
48.28166992615642
 10
-8.783632970767858
 20
48.356121719260656
 10
-8.824948108032093
 20
48.43047764170673
 10
-8.866720192493762
 20
48.50473791376255
 10
-8.908944158988469
 20
48.57890271533415
 10
-8.95161517189163
 20
48.652972188868574
 10
-8.99472860891547
 20
48.726946441975265
 10
-9.03828004643439
 20
48.8008255498007
 10
-9.082265246159121
 20
48.87460955718484
 10
-9.12668014300483
 20
48.94829848062445
 10
-9.171520834019821
 20
49.02189231006511
 10
-9.216783568258975
 20
49.095391010540354
 10
-9.262464737501148
 20
49.16879452367453
 10
-9.343575745420361
 20
49.15404711020916
 10
-9.424663293662153
 20
49.13917094901321
 10
-9.505727177368884
 20
49.12416607264279
 10
-9.586767191710136
 20
49.109032513942225
 10
-9.667783131882851
 20
49.093770306044135
 10
-9.683298209877199
 20
49.00904359561032
 10
-9.698388712758625
 20
48.924378837695386
 10
-9.713051289378232
 20
48.839777360675505
 10
-9.72728244682687
 20
48.75524052183571
 10
-9.741078541225937
 20
48.670769709273266
 10
-9.754435767680869
 20
48.586366343974504
 10
-9.767350149297663
 20
48.50203188208578
 10
-9.779817525147296
 20
48.417767817402584
 10
-9.79183353704575
 20
48.3335756841041
 10
-9.803393614996315
 20
48.24945705976499
 10
-9.81449296111569
 20
48.16541356868161
 10
-9.825126531835755
 20
48.08144688555548
 10
-9.83528901813683
 20
47.997558739585074
 10
-9.84497482352479
 20
47.913750919025155
 10
-9.913346293331996
 20
47.90021663123985
 10
-9.981699169200823
 20
47.88658852451448
 10
-10.050033321967618
 20
47.8728666210779
 10
-10.118348622484481
 20
47.85905094331614
 10
-10.186644941619324
 20
47.84514151377257
 10
-10.186644941619315
 20
47.845141513772575
 10
-10.22888639574159
 20
47.91851800823522
 10
-10.271598381278727
 20
47.991783555292585
 10
-10.314775040201715
 20
48.06493864292071
 10
-10.358410802523277
 20
48.13798370314432
 10
-10.402500364216587
 20
48.21091911630189
 10
-10.447038667396175
 20
48.28374521487376
 10
-10.492020882472879
 20
48.35646228692934
 10
-10.537442392037699
 20
48.429070579240225
 10
-10.583298776265975
 20
48.501570300099765
 10
-10.629585799663046
 20
48.57396162188388
 10
-10.676299398997518
 20
48.646244683382335
 10
-10.723435672289321
 20
48.718419591926484
 10
-10.770990868737536
 20
48.7904864253356
 10
-10.818961379487702
 20
48.86244523370116
 10
-10.899585023072879
 20
48.84522633026431
 10
-10.980181269940509
 20
48.82787935625147
 10
-11.060749915803534
 20
48.810404349780725
 10
-11.14129075640732
 20
48.79280134926022
 10
-11.22180358753008
 20
48.77507039338827
 10
-11.234655745904684
 20
48.68992427698236
 10
-11.247085433024981
 20
48.60485312690376
 10
-11.259089339638793
 20
48.51985837242003
 10
-11.270664015673244
 20
48.434941476006536
 10
-11.281805861087532
 20
48.350103935529255
 10
-11.29251111589419
 20
48.26534728662653
 10
-11.302775849249485
 20
48.18067310531339
 10
-11.312595947499023
 20
48.09608301083603
 10
-11.32196710104681
 20
48.01157866880766
 10
-11.330884789895828
 20
47.927161794662105
 10
-11.3393442676824
 20
47.84283415746818
 10
-11.34734054399809
 20
47.75859758415342
 10
-11.354868364756365
 20
47.67445396419605
 10
-11.361922190318317
 20
47.590405254853025
 10
-11.429849346578413
 20
47.57478861211081
 10
-11.497755038396742
 20
47.55907868237595
 10
-11.56563913699064
 20
47.54327549138809
 10
-11.633501513596155
 20
47.52737906504525
 10
-11.701342039468159
 20
47.51138942940385
 10
-11.701342039468159
 20
47.51138942940385
 10
-11.74587320586254
 20
47.583424694658696
 10
-11.790871279242715
 20
47.655334603916884
 10
-11.83633041853529
 20
47.727119821806106
 10
-11.882245068875829
 20
47.798780948272395
 10
-11.928609939667234
 20
47.870318523515586
 10
-11.975419984886065
 20
47.94173303241903
 10
-12.022670385350287
 20
48.01302490853829
 10
-12.070356532705125
 20
48.084194537703475
 10
-12.118474014919538
 20
48.15524226128181
 10
-12.167018603115688
 20
48.226168379140574
 10
-12.215986239578534
 20
48.29697315234448
 10
-12.265373026813563
 20
48.36765680561773
 10
-12.315175217538288
 20
48.4382195295957
 10
-12.365389205507933
 20
48.508661482889494
 10
-12.445449829826567
 20
48.48898509818046
 10
-12.525479132325051
 20
48.46918142741823
 10
-12.60547690939318
 20
48.44925051432072
 10
-12.68544295745899
 20
48.42919240289789
 10
-12.765377072988999
 20
48.409007137452015
 10
-12.775555116817603
 20
48.32352447003964
 10
-12.78531319275017
 20
48.23812971830026
 10
-12.794648036523542
 20
48.15282441126404
 10
-12.803556244125101
 20
48.06761011544246
 10
-12.812034262716095
 20
47.98248843728884
 10
-12.820078380729866
 20
47.89746102588316
 10
-12.827684717046452
 20
47.81252957586765
 10
-12.834849209130429
 20
47.72769583066445
 10
-12.841567600001445
 20
47.64296158601012
 10
-12.847835423886329
 20
47.558328693848665
 10
-12.853647990376873
 20
47.47379906663064
 10
-12.859000366888306
 20
47.38937468207412
 10
-12.863887359177632
 20
47.30505758845304
 10
-12.868303489638516
 20
47.220849910489775
 10
-12.935722546555878
 20
47.20316358299464
 10
-13.003117277721252
 20
47.18538457886108
 10
-13.070487554801026
 20
47.167512927365934
 10
-13.137833249483466
 20
47.14954865794563
 10
-13.205154233478801
 20
47.131491800196265
 10
-13.205154233478801
 20
47.131491800196265
 10
-13.25193233998711
 20
47.20211369442602
 10
-13.299173284703889
 20
47.272595929943094
 10
-13.34687124883906
 20
47.34293934760027
 10
-13.395020697712573
 20
47.41314471488969
 10
-13.443616358972971
 20
47.48321273154454
 10
-13.492653203047427
 20
47.553144034567
 10
-13.542126425538884
 20
47.622939202755404
 10
-13.59203143132878
 20
47.69259876079276
 10
-13.642363820179364
 20
47.762123182949765
 10
-13.693119373659295
 20
47.83151289644761
 10
-13.744294043240703
 20
47.900768284519465
 10
-13.795883939436736
 20
47.96988968920448
 10
-13.847885321866151
 20
48.038877413903556
 10
-13.900294590145894
 20
48.10773172572222
 10
-13.979716789025824
 20
48.08561394134887
 10
-14.059103755033188
 20
48.06336976357163
 10
-14.13845528534837
 20
48.04099924174919
 10
-14.217771177196086
 20
48.018502425534486
 10
-14.297051227845701
 20
47.995879364874945
 10
-14.30454648253421
 20
47.910143199743416
 10
-14.311624670712504
 20
47.82450782398312
 10
-14.318282576182487
 20
47.7389748651744
 10
-14.324516844199199
 20
47.65354599262338
 10
-14.330323972473275
 20
47.5682229200983
 10
-14.33570030135535
 20
47.48300740881525
 10
-14.340642003105057
 20
47.397901270702825
 10
-14.345145070132302
 20
47.312906371980176
 10
-14.349205302081325
 20
47.22802463708767
 10
-14.352818291608044
 20
47.143258053015934
 10
-14.355979408675939
 20
47.058608674086614
 10
-14.358683783167672
 20
46.974078627246485
 10
-14.360926285573402
 20
46.889670117948164
 10
-14.362701505475123
 20
46.80538543670249
 10
-14.429548898280663
 20
46.785643845916425
 10
-14.49636911478346
 20
46.76581026786035
 10
-14.563162027171938
 20
46.74588473537652
 10
-14.629927507659858
 20
46.725867281468076
 10
-14.696665428486353
 20
46.70575793929908
 10
-14.696665428486353
 20
46.70575793929908
 10
-14.745645376558388
 20
46.77489561045799
 10
-14.795083651943234
 20
46.84387943872583
 10
-14.84497446346427
 20
46.91271044061998
 10
-14.895312301690641
 20
46.98138955067639
 10
-14.946091917336346
 20
47.04991762771331
 10
-14.997308301872325
 20
47.11829546045324
 10
-15.048956670069582
 20
47.18652377258507
 10
-15.101032444233562
 20
47.25460322733552
 10
-15.153531239925796
 20
47.32253443160977
 10
-15.20644885299793
 20
47.3903179397513
 10
-15.259781247787291
 20
47.45795425696507
 10
-15.313524546344624
 20
47.52544384244146
 10
-15.367675018580801
 20
47.592787112213884
 10
-15.422229073235071
 20
47.65998444177816
 10
-15.500937731237514
 20
47.635443427352044
 10
-15.579607261624703
 20
47.61077702110834
 10
-15.658237462489279
 20
47.5859852780897
 10
-15.736828131974761
 20
47.56106825363539
 10
-15.815379068275924
 20
47.53602600338141
 10
-15.820185375543645
 20
47.450119522227695
 10
-15.82457791399725
 20
47.36432661728379
 10
-15.82855351856179
 20
47.27864901338249
 10
-15.832108886949026
 20
47.19308848129423
 10
-15.835240570747429
 20
47.10764684073711
 10
-15.837944965702219
 20
47.02232596366099
 10
-15.840218301088731
 20
46.93712777783872
 10
-15.84205662806822
 20
46.85205427080174
 10
-15.843455806897788
 20
46.76710749416365
 10
-15.844411492846193
 20
46.68228956838196
 10
-15.844919120642814
 20
46.597602688016536
 10
-15.844973887258732
 20
46.51304912755274
 10
-15.844570732783268
 20
46.428631247869646
 10
-15.843704319118189
 20
46.34435150344718
 10
-15.9099167401366
 20
46.322570835999855
 10
-15.976099146742818
 20
46.30069895030718
 10
-16.0422514117258
 20
46.27873588280628
 10
-16.108373407903446
 20
46.25668167009645
 10
-16.174465008122695
 20
46.234536348939336
 10
-16.174465008122695
 20
46.234536348939336
 10
-16.225599408047245
 20
46.30212031546564
 10
-16.27718718480601
 20
46.369536386182276
 10
-16.329222580166864
 20
46.4367857525746
 10
-16.38170011501477
 20
46.50386951559127
 10
-16.434614567951705
 20
46.570788692564996
 10
-16.487960956089047
 20
46.637544223423966
 10
-16.541734517752985
 20
46.704136976284914
 10
-16.59593069686558
 20
46.77056775250402
 10
-16.65054512879911
 20
46.83683729125144
 10
-16.70557362753064
 20
46.90294627366565
 10
-16.76101217394738
 20
46.96889532663524
 10
-16.816856905174497
 20
47.034685026250585
 10
-16.873104104813535
 20
47.100315900960695
 10
-16.92975019399448
 20
47.16578843446737
 10
-17.007670531328575
 20
47.13884446354507
 10
-17.08554786503326
 20
47.111776212173545
 10
-17.163381994243657
 20
47.084583741124
 10
-17.24117271815284
 20
47.057267111466516
 10
-17.318919836012114
 20
47.029826384570256
 10
-17.321033548629536
 20
46.943832828603846
 10
-17.322737184467936
 20
46.85796553758383
 10
-17.324027632613458
 20
46.77222633221102
 10
-17.324901646403138
 20
46.68661708329939
 10
-17.325355834610814
 20
46.60113971505731
 10
-17.325386651831973
 20
46.515796208667666
 10
-17.324990387971713
 20
46.4305886062024
 10
-17.32416315672601
 20
46.34551901491281
 10
-17.322900882929616
 20
46.26058961194238
 10
-17.32119928862382
 20
46.175802649517436
 10
-17.319053877673227
 20
46.09116046067905
 10
-17.316459918732587
 20
46.0066654656305
 10
-17.313412426329784
 20
45.92232017878788
 10
-17.309906139789963
 20
45.838127216635975
 10
-17.37542057717382
 20
45.81432543886043
 10
-17.440902176283437
 20
45.79043329218333
 10
-17.50635081059247
 20
45.76645081666667
 10
-17.57176635360742
 20
45.74237805253602
 10
-17.637148678867817
 20
45.71821504018058
 10
-17.637148678867806
 20
45.71821504018059
 10
-17.690387888393282
 20
45.78417727115738
 10
-17.744075087547564
 20
45.84995769744639
 10
-17.79820455637335
 20
45.91555768466611
 10
-17.852770851138196
 20
45.98097849941583
 10
-17.907768783155728
 20
46.04622131684775
 10
-17.963193399776387
 20
46.11128722746305
 10
-18.019039967271645
 20
46.17617724323128
 10
-18.075303955376338
 20
46.24089230311652
 10
-18.131981023289253
 20
46.30543327808253
 10
-18.189067006960357
 20
46.3698009756378
 10
-18.246557907516973
 20
46.43399614397332
 10
-18.304449880701778
 20
46.49801947573881
 10
-18.362739227212185
 20
46.561871611496784
 10
-18.421422383844675
 20
46.62555314288866
 10
-18.4984800044445
 20
46.59622860940816
 10
-18.575490766717657
 20
46.5667810174897
 10
-18.652454470981148
 20
46.53721043367772
 10
-18.729370917617278
 20
46.50751692481798
 10
-18.80623990707425
 20
46.47770055805754
 10
-18.805659882472003
 20
46.391703160056295
 10
-18.804673865229205
 20
46.305844606362584
 10
-18.803278801608787
 20
46.2201268120723
 10
-18.8014715037187
 20
46.13455174653009
 10
-18.79924864080224
 20
46.04912143687906
 10
-18.79660672973679
 20
45.963837971934
 10
-18.79354212464641
 20
45.87870350641616
 10
-18.790051005519665
 20
45.79372026559463
 10
-18.78612936570757
 20
45.7088905503847
 10
-18.781772998156523
 20
45.6242167429632
 10
-18.776977480207545
 20
45.539701312969186
 10
-18.771738156765256
 20
45.455346824370636
 10
-18.766050121605343
 20
45.37115594309159
 10
-18.759908196548775
 20
45.28713144551054
 10
-18.82466197585443
 20
45.261328318288435
 10
-18.88938010920853
 20
45.23543575249674
 10
-18.954062470859647
 20
45.20945379185229
 10
-19.0187089350934
 20
45.183382480236865
 10
-19.08331937623267
 20
45.15722186169716
 10
-19.083319376232676
 20
45.157221861697145
 10
-19.13861154260482
 20
45.221495856267495
 10
-19.194345877866724
 20
45.28557429414869
 10
-19.25051670566317
 20
45.349458714116906
 10
-19.30711862270946
 20
45.41315054752671
 10
-19.364146477853776
 20
45.476651126528374
 10
-19.42159535328469
 20
45.53996169144304
 10
-19.47946054761028
 20
45.60308339740352
 10
-19.537737560576566
 20
45.66601732035129
 10
-19.59642207922758
 20
45.728764462468085
 10
-19.655509965337377
 20
45.79132575710811
 10
-19.714997243968067
 20
45.85370207328834
 10
-19.774880093028095
 20
45.915894219786416
 10
-19.83515483372161
 20
45.9779029488888
 10
-19.89581792179374
 20
46.039728959826675
 10
-19.97193886473858
 20
46.008048394663824
 10
-20.048009118742808
 20
45.97624610457345
 10
-20.124028485453913
 20
45.94432216191732
 10
-20.199996766592832
 20
45.91227663936071
 10
-20.27591376395432
 20
45.88010960987248
 10
-20.272641356804517
 20
45.794191527119004
 10
-20.26896743074531
 20
45.70842474735385
 10
-20.26488899220722
 20
45.62281127850526
 10
-20.260402915189232
 20
45.53735318684199
 10
-20.255505932661944
 20
45.4520526007887
 10
-20.250194627189316
 20
45.366911715089024
 10
-20.244465420675887
 20
45.28193279535723
 10
-20.238314563132093
 20
45.19711818306676
 10
-20.231738120334224
 20
45.11247030103013
 10
-20.22473196023582
 20
45.027991659434136
 10
-20.217291737964068
 20
44.943684862504426
 10
-20.20941287920692
 20
44.85955261588575
 10
-20.201090561763106
 20
44.77559773483935
 10
-20.19231969498649
 20
44.69182315337688
 10
-20.256250523731417
 20
44.66404024695848
 10
-20.320142917106182
 20
44.63616891395041
 10
-20.383996750230725
 20
44.60820920175352
 10
-20.44781189826657
 20
44.5801611579349
 10
-20.511588236416916
 20
44.55202483022788
 10
-20.51158823641691
 20
44.55202483022787
 10
-20.568879341845577
 20
44.61454569606602
 10
-20.626606365437876
 20
44.67685742297726
 10
-20.68476367976263
 20
44.73896172177687
 10
-20.74334592704387
 20
44.80086018754363
 10
-20.802347998484652
 20
44.86255430847554
 10
-20.861765015709096
 20
44.92404547383816
 10
-20.92159231405268
 20
44.98533498112129
 10
-20.98182542747144
 20
45.04642404250209
 10
-21.04246007487476
 20
45.10731379069846
 10
-21.103492147714284
 20
45.16800528428453
 10
-21.164917698684615
 20
45.228499512529794
 10
-21.22673293141195
 20
45.28879739981535
 10
-21.28893419102271
 20
45.34889980967308
 10
-21.35151795549782
 20
45.408807548488596
 10
-21.426628749915114
 20
45.374797635739114
 10
-21.501685051811396
 20
45.3406674439028
 10
-21.57668666432312
 20
45.306417051200846
 10
-21.651633390668774
 20
45.27204653616
 10
-21.72652503414908
 20
45.23755597761273
 10
-21.720564088006522
 20
45.151800225628726
 10
-21.71420648348096
 20
45.06620810329871
 10
-21.707449290133493
 20
44.98078170972918
 10
-21.7002894469459
 20
44.895523206411234
 10
-21.69272375384453
 20
44.81043482129874
 10
-21.68474886245455
 20
44.72551885325761
 10
-21.676361265991495
 20
44.640777676930625
 10
-21.66755728818492
 20
44.55621374806917
 10
-21.658333071112338
 20
44.47182960938992
 10
-21.648684561802284
 20
44.38762789702521
 10
-21.63860749744238
 20
44.303611347645734
 10
-21.62809738900064
 20
44.21978280634835
 10
-21.617149503035844
 20
44.136145235417025
 10
-21.60575884143197
 20
44.05270172408467
 10
-21.668804856735832
 20
44.02296243253377
 10
-21.731809667723947
 20
43.99313580865563
 10
-21.794773150490492
 20
43.96322190356279
 10
-21.857695181175995
 20
43.93322076853525
 10
-21.920575635967417
 20
43.90313245502037
 10
-21.920575635967417
 20
43.90313245502037
 10
-21.97980954651798
 20
43.96383698565834
 10
-22.0394726984358
 20
44.02431897782572
 10
-22.099559518527588
 20
44.084580313112646
 10
-22.16006469958054
 20
44.14462274915266
 10
-22.220983179967597
 20
44.20444792910991
 10
-22.282310125341937
 20
44.26405739019384
 10
-22.344040912154593
 20
44.323452571326065
 10
-22.4061711127689
 20
44.38263482006403
 10
-22.468696481979286
 20
44.441605398871665
 10
-22.53161294476882
 20
44.5003654908137
 10
-22.59491658516378
 20
44.55891620473949
 10
-22.65860363606242
 20
44.61725858001411
 10
-22.72267046993183
 20
44.67539359084529
 10
-22.787113590279883
 20
44.73332215025022
 10
-22.8611413138263
 20
44.69701174282839
 10
-22.935110771442897
 20
44.660582615274805
 10
-23.00902176792339
 20
44.62403485170913
 10
-23.08287410815245
 20
44.58736853655848
 10
-23.156667597106143
 20
44.5505837545576
 10
-23.14802443518188
 20
44.46507314154643
 10
-23.138989859099752
 20
44.379738341477896
 10
-23.129561004483737
 20
44.29458154288987
 10
-23.119734878358265
 20
44.20960500069761
 10
-23.109508350801615
 20
44.12481104053107
 10
-23.098878145841063
 20
44.04020206346684
 10
-23.08784083149894
 20
43.95578055120217
 10
-23.076392808885476
 20
43.87154907172514
 10
-23.064530300218493
 20
43.78751028554369
 10
-23.052249335631164
 20
43.70366695254531
 10
-23.03954573860605
 20
43.620021939572425
 10
-23.026415109846774
 20
43.536578228810804
 10
-23.01285280936639
 20
43.45333892710689
 10
-22.99885393653164
 20
43.37030727634948
 10
-23.06095375590495
 20
43.338636831253204
 10
-23.123009624846585
 20
43.3068802309676
 10
-23.185021420534273
 20
43.27503753034228
 10
-23.24698902019705
 20
43.24310878439539
 10
-23.308912301115452
 20
43.211094048313576
 10
-23.308912301115445
 20
43.21109404831357
 10
-23.370030819004764
 20
43.26992079912113
 10
-23.43157147969872
 20
43.3285118075737
 10
-23.493528769544344
 20
43.38686912462336
 10
-23.555897436936938
 20
43.444994669148294
 10
-23.618672472226397
 20
43.50289023806319
 10
-23.681849089681986
 20
43.560557515393505
 10
-23.74542271125324
 20
43.617998080446036
 10
-23.809388951904346
 20
43.675213415187436
 10
-23.873743606331637
 20
43.73220491092683
 10
-23.938482636902023
 20
43.78897387438425
 10
-24.003602162672028
 20
43.84552153321506
 10
-24.069098449366688
 20
43.9018490410517
 10
-24.134967900213447
 20
43.95795748211505
 10
-24.201207047540443
 20
44.0138478754415
 10
-24.274079388512035
 20
43.975268009576446
 10
-24.34688972364379
 20
43.93657109636439
 10
-24.419637859564748
 20
43.89775722585829
 10
-24.492323603004387
 20
43.85882648842027
 10
-24.564946760793145
 20
43.81977897472174
 10
-24.553630175917075
 20
43.734596036623444
 10
-24.54192780139891
 20
43.64960093999466
 10
-24.52983684182373
 20
43.5647959609638
 10
-24.51735437528334
 20
43.48018344597433
 10
-24.504477345167693
 20
43.39576581637722
 10
-24.491202551209934
 20
43.311545573441805
 10
-24.4775266396966
 20
43.2275253038345
 10
-24.463446092740238
 20
43.143707685622985
 10
-24.448957216496968
 20
43.06009549487175
 10
-24.43405612819154
 20
42.97669161290606
 10
-24.418738741791817
 20
42.893499034333
 10
-24.40300075214664
 20
42.81052087592386
 10
-24.38683761736977
 20
42.72776038647986
 10
-24.370244539213473
 20
42.64522095782489
 10
-24.4313373145186
 20
42.61164644090161
 10
-24.492383418605083
 20
42.57798702933708
 10
-24.55338272984966
 20
42.54424278174046
 10
-24.614335126685788
 20
42.510413756890294
 10
-24.675240487603883
 20
42.47650001373456
 10
-24.675240487603865
 20
42.476500013734565
 10
-24.738183406863946
 20
42.53338937635143
 10
-24.801540953307693
 20
42.5900300013767
 10
-24.865307678110014
 20
42.64642410756047
 10
-24.9294783903063
 20
42.70257377357183
 10
-24.99404813701933
 20
42.75848094872407
 10
-25.059012185712003
 20
42.814147462600936
 10
-25.124366008207573
 20
42.869575033723905
 10
-25.190105266257913
 20
42.92476527737948
 10
-25.256225798473125
 20
42.97971971270824
 10
-25.32272360845239
 20
43.03443976914225
 10
-25.389594853978263
 20
43.08892679226537
 10
-25.456835837155523
 20
43.14318204916162
 10
-25.524442995391247
 20
43.19720673330692
 10
-25.5924128931272
 20
43.25100196905315
 10
-25.664058216204428
 20
43.21018587725837
 10
-25.73563783054596
 20
43.16925452535529
 10
-25.807151544803933
 20
43.128208009359746
 10
-25.878599167740877
 20
43.08704642559808
 10
-25.949980508230382
 20
43.04576987070732
 10
-25.936001752043662
 20
42.96099680676626
 10
-25.921643207288874
 20
42.87642344665807
 10
-25.906902150372286
 20
42.79205215216611
 10
-25.891775733439147
 20
42.70788535926693
 10
-25.87626097631076
 20
42.62392558297448
 10
-25.86035475768852
 20
42.540175422625346
 10
-25.84405380553783
 20
42.456637567657616
 10
-25.827354686551303
 20
42.37331480394382
 10
-25.81025379457554
 20
42.29021002074776
 10
-25.792747337866523
 20
42.207326218386115
 10
-25.774831325018752
 20
42.12466651668876
 10
-25.756501549384787
 20
42.04223416436734
 10
-25.737753571772352
 20
41.960032549421115
 10
-25.71858270116655
 20
41.87806521073133
 10
-25.778608175736583
 20
41.84261556496754
 10
-25.838584286269857
 20
41.80708236898084
 10
-25.898510912464115
 20
41.77146568515854
 10
-25.95838793407938
 20
41.735765576058064
 10
-26.018215230938395
 20
41.69998210440699
 10
-26.01821523093841
 20
41.69998210440698
 10
-26.082920396395878
 20
41.75487637942729
 10
-26.14803226148562
 20
41.8095091432662
 10
-26.213545447479337
 20
41.863882780754004
 10
-26.279454829067696
 20
41.91799952875088
 10
-26.345755514927696
 20
41.971861487477895
 10
-26.4124428302808
 20
42.02547063068685
 10
-26.479512301187963
 20
42.07882881481716
 10
-26.546959640366225
 20
42.13193778726539
 10
-26.614780734343285
 20
42.18479919387454
 10
-26.682971631792512
 20
42.23741458573498
 10
-26.75152853291304
 20
42.289785425375904
 10
-26.820447779738156
 20
42.341913092415695
 10
-26.88972584727091
 20
42.39379888872977
 10
-26.959359335358158
 20
42.445444043188125
 10
-27.029706750945774
 20
42.40242716527974
 10
-27.09998479561625
 20
42.35929692946709
 10
-27.170193280241985
 20
42.31605343775197
 10
-27.240332015816477
 20
42.27269679244761
 10
-27.310400813454592
 20
42.229227096178995
 10
-27.293773584856368
 20
42.144945704922506
 10
-27.276772941252354
 20
42.06087570228764
 10
-27.259396233688552
 20
41.977019533681144
 10
-27.241640691306802
 20
41.893379722517906
 10
-27.223503413435253
 20
41.80995887531268
 10
-27.204981360960293
 20
41.726759687235365
 10
-27.186071346893918
 20
41.64378494818473
 10
-27.166770026037725
 20
41.561037549445174
 10
-27.14707388363043
 20
41.47852049099853
 10
-27.126979222846764
 20
41.396236889576784
 10
-27.106482150994754
 20
41.31418998755452
 10
-27.085578564232843
 20
41.23238316279555
 10
-27.06426413059699
 20
41.1508199395901
 10
-27.04253427109121
 20
41.069504000840695
 10
-27.10143283995236
 20
41.032210039789774
 10
-27.160279382705163
 20
40.994833957173434
 10
-27.219073780496345
 20
40.957375819171254
 10
-27.277815914540856
 20
40.919835692133525
 10
-27.336505666122093
 20
40.88221364258118
 10
-27.336505666122093
 20
40.88221364258118
 10
-27.40290903562536
 20
40.935057110294046
 10
-27.469710770843022
 20
40.98762652787678
 10
-27.536905568389102
 20
41.03992444436561
 10
-27.604488373604223
 20
41.09195325306334
 10
-27.672454361482423
 20
41.143715203466364
 10
-27.74079891955206
 20
41.1952124119696
 10
-27.80951763246128
 20
41.2464468715052
 10
-27.87860626805717
 20
41.297420460246926
 10
-27.94806076477773
 20
41.348134949493556
 10
-28.017877220202784
 20
41.39859201082761
 10
-28.088051880630452
 20
41.44879322263247
 10
-28.158581131564773
 20
41.498740076039965
 10
-28.22946148901519
 20
41.54843398037017
 10
-28.30068959152108
 20
41.59787626811792
 10
-28.3696690285983
 20
41.55269625986112
 10
-28.438575477170897
 20
41.50740491124613
 10
-28.507408750537945
 20
41.46200233027619
 10
-28.57616866213061
 20
41.4164886252666
 10
-28.644855025512378
 20
41.37086390484489
 10
-28.625595458368682
 20
41.28715552037106
 10
-28.605969217849488
 20
41.20367002032153
 10
-28.585973732413493
 20
41.12040993159843
 10
-28.565606311095056
 20
41.037377862859685
 10
-28.5448641357562
 20
40.95457650985405
 10
-28.523744252635023
 20
40.87200866124132
 10
-28.502243563105797
 20
40.78967720495624
 10
-28.48035881355449
 20
40.70758513518259
 10
-28.45808658425835
 20
40.6257355600141
 10
-28.435423277140526
 20
40.5441317098914
 10
-28.41236510224973
 20
40.46277694691853
 10
-28.388908062790055
 20
40.38167477517945
 10
-28.365047938495387
 20
40.30082885219671
 10
-28.340780267106943
 20
40.22024300169876
 10
-28.39849304021207
 20
40.18113741658028
 10
-28.456151158794086
 20
40.14195122305458
 10
-28.513754505582405
 20
40.102684491102636
 10
-28.57130296338089
 20
40.06333729087628
 10
-28.628796415067953
 20
40.02390969269832
 10
-28.62879641506795
 20
40.02390969269832
 10
-28.696832124879293
 20
40.07464868169286
 10
-28.765257466135285
 20
40.125101329222026
 10
-28.83406721600996
 20
40.17527034649478
 10
-28.90325639546319
 20
40.225158281356876
 10
-28.97282025054615
 20
40.27476753080384
 10
-29.042754235621956
 20
40.324100352211666
 10
-29.11305399825729
 20
40.373158873448844
 10
-29.18371536557747
 20
40.421945102008536
 10
-29.254734331909148
 20
40.47046093327887
 10
-29.326107047557983
 20
40.518708158053585
 10
-29.3978298085922
 20
40.56668846936902
 10
-29.46989904751897
 20
40.61440346874394
 10
-29.542311324756533
 20
40.66185467188636
 10
-29.615063320816727
 20
40.70904351392527
 10
-29.682605603169034
 20
40.661740252897175
 10
-29.750071328074057
 20
40.614327784620166
 10
-29.817460311472683
 20
40.56680622310569
 10
-29.884772369449113
 20
40.519175682677485
 10
-29.952007318231406
 20
40.47143627797157
 10
-29.930133968338264
 20
40.388381706446026
 10
-29.907901049984858
 20
40.305561314760475
 10
-29.88530607176567
 20
40.22297770908727
 10
-29.862346425451975
 20
40.14063358103133
 10
-29.839019378413536
 20
40.05853171320331
 10
-29.815322065351967
 20
39.97667498529993
 10
-29.791251479262968
 20
39.89506638075229
 10
-29.766804461533503
 20
39.813708994011485
 10
-29.741977691064793
 20
39.732606038551765
 10
-29.716767672295067
 20
39.65176085568426
 10
-29.691170721975226
 20
39.571176924289595
 10
-29.66518295452663
 20
39.49085787159511
 10
-29.638800265779526
 20
39.41080748514517
 10
-29.61201831485635
 20
39.33102972613853
 10
-29.668487183199762
 20
39.290147090385915
 10
-29.72489880529798
 20
39.24918544402415
 10
-29.781253065602456
 20
39.208144860838615
 10
-29.837549848645406
 20
39.16702541478556
 10
-29.893789039040037
 20
39.12582717999221
 10
-29.89378903904004
 20
39.125827179992214
 10
-29.963389472295386
 20
39.174410133440915
 10
-30.033370408853
 20
39.22269471463424
 10
-30.10372671163151
 20
39.270683794759215
 10
-30.174453482149307
 20
39.31838007415149
 10
-30.24554604222739
 20
39.36578609538334
 10
-30.316999917566694
 20
39.412904255010375
 10
-30.38881082296097
 20
39.45973681414812
 10
-30.46097464894203
 20
39.50628590802379
 10
-30.53348744968482
 20
39.552553554626776
 10
-30.606345432023986
 20
39.59854166256406
 10
-30.679544945454285
 20
39.64425203821171
 10
-30.753082473005332
 20
39.68968639224105
 10
-30.826954622894814
 20
39.734846345588046
 10
-30.901158120877263
 20
39.7797334349251
 10
-30.967195046538293
 20
39.730349023195814
 10
-31.03315189866663
 20
39.68085765293511
 10
-31.099028496067945
 20
39.63125944415995
 10
-31.16482465770305
 20
39.58155451719905
 10
-31.23054020268847
 20
39.53174299269305
 10
-31.20607403396535
 20
39.44942244895856
 10
-31.181255759824282
 20
39.367347168714346
 10
-31.156082971663988
 20
39.28551983508106
 10
-31.130553146781025
 20
39.20394322021331
 10
-31.104663640968987
 20
39.12262019110611
 10
-31.078411680444926
 20
39.04155371593026
 10
-31.05179435302325
 20
38.96074687095887
 10
-31.02480859844449
 20
38.88020284815822
 10
-30.99745119775296
 20
38.799924963526024
 10
-30.969718761599683
 20
38.71991666627427
 10
-30.94160771732777
 20
38.64018154896924
 10
-30.913114294672695
 20
38.56072335876009
 10
-30.88423450988184
 20
38.48154600984998
 10
-30.854964148021722
 20
38.402653597391854
 10
-30.910131852468414
 20
38.36003036831074
 10
-30.96523975879412
 20
38.317329811059764
 10
-31.02028775331661
 20
38.27455200322534
 10
-31.075275722440963
 20
38.231697022564475
 10
-31.130203552659957
 20
38.18876494700475
 10
-31.130203552659957
 20
38.18876494700475
 10
-31.201299410785207
 20
38.23514248644665
 10
-31.272766257154267
 20
38.28120989625848
 10
-31.344599045576427
 20
38.32697020524717
 10
-31.416792963032357
 20
38.37242626402972
 10
-31.489343411793136
 20
38.41758075868453
 10
-31.562245993371043
 20
38.46243622300384
 10
-31.635496494068484
 20
38.5069950495258
 10
-31.709090871927174
 20
38.55125949949709
 10
-31.783025244907833
 20
38.59523171189622
 10
-31.85729588015667
 20
38.63891371162689
 10
-31.93189918423307
 20
38.68230741697744
 10
-32.00683169419174
 20
38.72541464642792
 10
-32.082090069425526
 20
38.768237124876585
 10
-32.15767108418842
 20
38.810776489347056
 10
-32.22213550788022
 20
38.75935525259746
 10
-32.286516399172676
 20
38.70782942149212
 10
-32.350813579966754
 20
38.656199122040015
 10
-32.41502687233071
 20
38.60446448056088
 10
-32.47915609850075
 20
38.55262562368525
 10
-32.45212046837565
 20
38.47111866789291
 10
-32.42474054845745
 20
38.389867836134115
 10
-32.39701401555867
 20
38.30887588605887
 10
-32.368938435228735
 20
38.22814566787313
 10
-32.34051125453813
 20
38.14768013037371
 10
-32.31172979420648
 20
38.06748232753261
 10
-32.28259123999696
 20
37.987555425695916
 10
-32.25309263328672
 20
37.90790271147311
 10
-32.223230860710096
 20
37.8285276004028
 10
-32.19300264275375
 20
37.74943364649674
 10
-32.16240452116493
 20
37.670624552778094
 10
-32.13143284500933
 20
37.59210418295119
 10
-32.10008375518758
 20
37.5138765743627
 10
-32.06835316718491
 20
37.43594595244325
 10
-32.122163369814025
 20
37.39162046965843
 10
-32.175911265553914
 20
37.34721942563416
 10
-32.22959674273753
 20
37.302742901747415
 10
-32.283219689791956
 20
37.25819097954508
 10
-32.33677999523877
 20
37.21356374074395
 10
-32.33677999523878
 20
37.21356374074392
 10
-32.40930037219901
 20
37.25768872719643
 10
-32.482181842873786
 20
37.30149211284564
 10
-32.5554194570643
 20
37.34497708159485
 10
-32.62900849207637
 20
37.388146631976284
 10
-32.70294443527376
 20
37.43100359135375
 10
-32.777222968418805
 20
37.47355062866993
 10
-32.851839953572515
 20
37.51579026592392
 10
-32.926791420360416
 20
37.55772488853645
 10
-33.00207355443971
 20
37.599356754737244
 10
-33.07768268702625
 20
37.64068800408951
 10
-33.153615285359535
 20
37.681720665250616
 10
-33.229867944001505
 20
37.72245666305415
 10
-33.30643737687749
 20
37.76289782498769
 10
-33.383320409980534
 20
37.80304588713069
 10
-33.44614632830127
 20
37.74963436984697
 10
-33.50888531707164
 20
37.69612073747809
 10
-33.571537201525004
 20
37.64250512199995
 10
-33.63410180707452
 20
37.588787655697615
 10
-33.696578959313726
 20
37.53496847116531
 10
-33.66699960324644
 20
37.454353945343435
 10
-33.63708411965191
 20
37.37400616970173
 10
-33.606830273302066
 20
37.29392797390409
 10
-33.576235720661096
 20
37.214122283609
 10
-33.54529800286148
 20
37.134592126727576
 10
-33.514014538042346
 20
37.05534064025085
 10
-33.48238261297302
 20
36.97637107771466
 10
-33.450399373875186
 20
36.89768681737998
 10
-33.4180618163419
 20
36.81929137121895
 10
-33.38536677423731
 20
36.741188394810784
 10
-33.35231090744061
 20
36.66338169826927
 10
-33.31889068827582
 20
36.585875258343016
 10
-33.28510238644134
 20
36.50867323185505
 10
-33.250942052220005
 20
36.43177997067708
 10
-33.30333940994963
 20
36.38579245106678
 10
-33.355671998487104
 20
36.339731221323966
 10
-33.407939708333544
 20
36.293596366597974
 10
-33.460142430091224
 20
36.24738797220696
 10
-33.51228005446374
 20
36.201106123638084
 10
-33.51228005446374
 20
36.201106123638084
 10
-33.58615251370934
 20
36.24293371587594
 10
-33.66037580061272
 20
36.284428535017035
 10
-33.73494506601756
 20
36.32559391737026
 10
-33.809855682370646
 20
36.36643300685789
 10
-33.88510322672762
 20
36.40694876975666
 10
-33.960683465499564
 20
36.44714400792855
 10
-34.03659234071875
 20
36.487021370733515
 10
-34.11282595763454
 20
36.52658336578781
 10
-34.18938057347968
 20
36.56583236870735
 10
-34.266252587268596
 20
36.6047706319555
 10
-34.34343853050975
 20
36.64340029289798
 10
-34.42093505872975
 20
36.68172338115366
 10
-34.498738943720916
 20
36.719741825317804
 10
-34.576847066434446
 20
36.75745745912532
 10
-34.63796970550749
 20
36.70210441553507
 10
-34.69900208421107
 20
36.646651850631756
 10
-34.75994403135377
 20
36.59109990232081
 10
-34.82079537593673
 20
36.535448708814634
 10
-34.88155594715425
 20
36.47969840863229
 10
-34.84946096223187
 20
36.40005437311761
 10
-34.817038352340354
 20
36.32068746831238
 10
-34.784285972688274
 20
36.24160059328307
 10
-34.751201573245346
 20
36.1627967464422
 10
-34.71778279191832
 20
36.08427903202351
 10
-34.684027147106995
 20
36.00605066714636
 10
-34.64993202956613
 20
35.92811498953948
 10
-34.61549469348852
 20
35.850475466005285
 10
-34.58071224671082
 20
35.77313570171757
 10
-34.54558163992899
 20
35.6960994504607
 10
-34.51009965479098
 20
35.61937062593614
 10
-34.474262890712566
 20
35.542953314282464
 10
-34.43806775023577
 20
35.46685178798078
 10
-34.401510422716775
 20
35.39107052134849
 10
-34.45244066294739
 20
35.34346305018753
 10
-34.503303721590164
 20
35.2957838036864
 10
-34.55409949147093
 20
35.24803287074029
 10
-34.604827865523525
 20
35.20021034041199
 10
-34.6554887367904
 20
35.152316301931826
 10
-34.6554887367904
 20
35.152316301931826
 10
-34.7306393907531
 20
35.191804011781215
 10
-34.806130243238975
 20
35.23094808766506
 10
-34.88195655112736
 20
35.26975201543869
 10
-34.95811378676847
 20
35.3082190817287
 10
-35.03459762145962
 20
35.34635238919927
 10
-35.11140391061356
 20
35.38415487025419
 10
-35.18852868040404
 20
35.42162929937412
 10
-35.26596811570487
 20
35.458778304258345
 10
-35.343718549166795
 20
35.495604375915235
 10
-35.42177645129796
 20
35.53210987782534
 10
-35.500138421433164
 20
35.56829705428331
 10
-35.57880117949229
 20
35.60416803801059
 10
-35.657761558442104
 20
35.639724857118374
 10
-35.73701649738625
 20
35.674969441490326
 10
-35.79637240265104
 20
35.617725821932495
 10
-35.855634787777475
 20
35.56038538849679
 10
-35.91480348539698
 20
35.50294828496773
 10
-35.973878328346565
 20
35.44541465543368
 10
-36.03285914966939
 20
35.38778464428668
 10
-35.99827897719517
 20
35.30918831395246
 10
-35.96338001583772
 20
35.23087923810597
 10
-35.92816021364587
 20
35.152860382510234
 10
-35.89261741660995
 20
35.07513481553459
 10
-35.85674936204466
 20
34.99770571484085
 10
-35.82055367137061
 20
34.92057637467843
 10
-35.78402784222329
 20
34.843750213859934
 10
-35.747169239806254
 20
34.76723078450151
 10
-35.70997508739422
 20
34.69102178162381
 10
-35.672442455875526
 20
34.61512705372513
 10
-35.63456825220605
 20
34.5395506144565
 10
-35.59634920662511
 20
34.46429665554971
 10
-35.557781858458085
 20
34.38936956117632
 10
-35.51886254029928
 20
34.31477392394617
 10
-35.568272538286266
 20
34.265590442004964
 10
-35.61761299570954
 20
34.21633720252285
 10
-35.66688380787866
 20
34.167014298106
 10
-35.71608487021864
 20
34.11762182152625
 10
-35.76521607827014
 20
34.06815986572128
 10
-35.76521607827016
 20
34.06815986572126
 10
-35.84156967025191
 20
34.105267610227884
 10
-35.91825247750664
 20
34.142021183709694
 10
-35.99525986787771
 20
34.17842421854012
 10
-36.0725874183216
 20
34.214480141202955
 10
-36.15023089887143
 20
34.25019218806995
 10
-36.22818625824262
 20
34.285563419561946
 10
-36.306449610872406
 20
34.32059673289923
 10
-36.385017225214746
 20
34.3552948736163
 10
-36.46388551313911
 20
34.38966044599049
 10
-36.54305102030368
 20
34.42369592251185
 10
-36.622510417390664
 20
34.45740365250454
 10
-36.702260492108
 20
34.49078586999448
 10
-36.78229814187336
 20
34.523844700905585
 10
-36.86262036710782
 20
34.556582169656146
 10
-36.92014749490346
 20
34.49750110210824
 10
-36.97757791864341
 20
34.438326040683776
 10
-37.034911475033475
 20
34.37905713498193
 10
-37.092148000998
 20
34.31969453490207
 10
-37.14928733368079
 20
34.26023839064348
 10
-37.11225474066714
 20
34.182766070870336
 10
-37.07491252119627
 20
34.105590861585064
 10
-37.03725871848232
 20
34.02871579244805
 10
-36.99929127697024
 20
33.95214399889075
 10
-36.96100803593261
 20
33.875878729007184
 10
-36.922406722484475
 20
33.799923351072565
 10
-36.88348494394745
 20
33.724281361763495
 10
-36.84424017948256
 20
33.64895639516641
 10
-36.80466977090052
 20
33.57395223267269
 10
-36.764770912542254
 20
33.499272813875976
 10
-36.7245406401064
 20
33.42492224860505
 10
-36.68397581827876
 20
33.35090483024812
 10
-36.64307312699417
 20
33.277225050551635
 10
-36.601829046131186
 20
33.20388761610908
 10
-36.64966690377291
 20
33.15317390248312
 10
-36.697432918863015
 20
33.10239253124748
 10
-36.74512698935629
 20
33.05154359867517
 10
-36.79274901333027
 20
33.00062720120275
 10
-36.840298888985544
 20
32.9496434354302
 10
-36.84029888898553
 20
32.94964343543022
 10
-36.91777887727449
 20
32.98433358577086
 10
-36.9955767529491
 20
33.01865936403459
 10
-37.0736879996737
 20
33.05262454591426
 10
-37.15210830364709
 20
33.08623269474157
 10
-37.230833538069824
 20
33.11948717776149
 10
-37.30985974920312
 20
33.15239118073895
 10
-37.3891831438156
 20
33.1849477211108
 10
-37.46880007784637
 20
33.21715965986305
 10
-37.54870704613708
 20
33.24902971228789
 10
-37.628900673107964
 20
33.28056045775164
 10
-37.7093777042686
 20
33.311754348587804
 10
-37.79013499847128
 20
33.34261371821214
 10
-37.87116952082477
 20
33.3731407885458
 10
-37.952478336199086
 20
33.4033376768192
 10
-38.008116146765126
 20
33.342474443338276
 10
-38.06365415007417
 20
33.28152014718078
 10
-38.119092187160355
 20
33.220474943681914
 10
-38.17443009928973
 20
33.15933898847267
 10
-38.22966772796099
 20
33.09811243747937
 10
-38.19021778742794
 20
33.021839459826815
 10
-38.15046770158647
 20
32.945873169984296
 10
-38.110415611057725
 20
32.87021665861862
 10
-38.07005956108901
 20
32.79487312523341
 10
-38.02939749537157
 20
32.7198458852592
 10
-37.988427249296215
 20
32.64513837778866
 10
-37.94714654258067
 20
32.57075417403387
 10
-37.90555297119108
 20
32.496696986594074
 10
-37.86364399846918
 20
32.422970679635924
 10
-37.82141694536186
 20
32.34957928010483
 10
-37.778868979634105
 20
32.27652699010415
 10
-37.73599710392514
 20
32.20381820060344
 10
-37.6927981424844
 20
32.131457506663196
 10
-37.64926872639425
 20
32.05944972439843
 10
-37.695483852100175
 20
32.007253374873166
 10
-37.74162489386324
 20
31.95499154872164
 10
-37.78769175244636
 20
31.902664345830285
 10
-37.83368432874249
 20
31.85027186624643
 10
-37.87960252377502
 20
31.797814210178185
 10
-37.879602523775034
 20
31.79781421017817
 10
-37.95813116781419
 20
31.830051637198206
 10
-38.03696603671168
 20
31.861914839077517
 10
-38.11610273473078
 20
31.893407731459693
 10
-38.19553706187442
 20
31.924534011352872
 10
-38.27526499887369
 20
31.9552971738854
 10
-38.35528269371389
 20
31.985700527345077
 10
-38.43558644950252
 20
32.01574720672001
 10
-38.5161727135122
 20
32.045440185927596
 10
-38.59703806725738
 20
32.074782288889566
 10
-38.67817921748264
 20
32.103776199589355
 10
-38.75959298795841
 20
32.13242447122795
 10
-38.84127631199378
 20
32.160729534579566
 10
-38.923226225588145
 20
32.18869370563398
 10
-39.0054398611535
 20
32.21631919260226
 10
-39.059129412649874
 20
32.153731200471086
 10
-39.11271613930991
 20
32.09105518641443
 10
-39.16619988675184
 20
32.02829131141017
 10
-39.2195805008391
 20
31.96543973672665
 10
-39.272857827681044
 20
31.902500623922283
 10
-39.23102789765326
 20
31.827501281472497
 10
-39.18890761413738
 20
31.752817914725703
 10
-39.14649521731444
 20
31.678453672374914
 10
-39.10378885549059
 20
31.604411814912567
 10
-39.06078657914203
 20
31.530695721912544
 10
-39.01748633441884
 20
31.457308899974986
 10
-38.97388595604355
 20
31.384254991412245
 10
-38.92998315953002
 20
31.311537783767427
 10
-38.88577553263685
 20
31.239161220270415
 10
-38.84126052595684
 20
31.167129411352
 10
-38.79643544252679
 20
31.095446647358383
 10
-38.75129742632324
 20
31.0241174126299
 10
-38.70584344948681
 20
30.953146401137747
 10
-38.660070298088726
 20
30.882538533906114
 10
-38.704613487375134
 20
30.828908934692734
 10
-38.74908041555694
 20
30.77521611959767
 10
-38.79347098636874
 20
30.72146019205764
 10
-38.837785103682535
 20
30.667641255667224
 10
-38.88202267150799
 20
30.613759414178784
 10
-38.882022671508
 20
30.61375941417879
 10
-38.96152111993574
 20
30.64351153044872
 10
-39.04131380657016
 20
30.672879928238306
 10
-39.12139646096446
 20
30.70186865960331
 10
-39.201765001406635
 20
30.730481551894375
 10
-39.28241552044498
 20
30.758722224978712
 10
-39.363344271896146
 20
30.78659410669713
 10
-39.44454765914702
 20
30.814100446781588
 10
-39.52602222458961
 20
30.841244329423983
 10
-39.607764640052615
 20
30.868028684659222
 10
-39.68977169811215
 20
30.894456298702103
 10
-39.772040304180805
 20
30.920529823357853
 10
-39.85456746928826
 20
30.946251784610013
 10
-39.93735030347789
 20
30.971624590475447
 10
-40.020386009753516
 20
30.99665053820471
 10
-40.072070052882076
 20
30.93239728561178
 10
-40.12364834414258
 20
30.868059159460007
 10
-40.17512073399338
 20
30.80363632626142
 10
-40.22648707315142
 20
30.739128952812283
 10
-40.27774721259277
 20
30.674537206192955
 10
-40.23357691368239
 20
30.600884688551556
 10
-40.18912635528681
 20
30.52755713449727
 10
-40.14439387920671
 20
30.454557747681918
 10
-40.099377738966865
 20
30.381889846412573
 10
-40.05407609409483
 20
30.309556871118673
 10
-40.008487003880205
 20
30.237562392498425
 10
-39.96260842055195
 20
30.16591012042559
 10
-39.916438181802974
 20
30.09460391370975
 10
-39.869974002579525
 20
30.023647790817645
 10
-39.823213466040144
 20
29.95304594167984
 10
-39.776154013573986
 20
29.882802740727836
 10
-39.728792933748565
 20
29.812922761330277
 10
-39.68112735003613
 20
29.743410791826392
 10
-39.63315420713994
 20
29.674271853390238
 10
-39.67597772358534
 20
29.619260150101148
 10
-39.71872286963418
 20
29.56418756992843
 10
-39.76138955215615
 20
29.509054219786258
 10
-39.803977678165694
 20
29.45386020674314
 10
-39.84648715482227
 20
29.398605638021866
 10
-39.84648715482227
 20
29.398605638021866
 10
-39.92687553519794
 20
29.42584243631993
 10
-40.00754585403604
 20
29.452686393982802
 10
-40.088493970775986
 20
29.479141695770668
 10
-40.169715926382935
 20
29.50521229588145
 10
-40.251207929426
 20
29.530901935621955
 10
-40.332966343582186
 20
29.556214159268396
 10
-40.41498767638499
 20
29.58115232834705
 10
-40.49726856906253
 20
29.605719634531226
 10
-40.579805787334394
 20
29.62991911132141
 10
-40.66259621305415
 20
29.653753644651957
 10
-40.745636836600255
 20
29.67722598254738
 10
-40.828924749932455
 20
29.700338743934243
 10
-40.91245714024027
 20
29.723094426701365
 10
-40.996231284120924
 20
29.74549541508816
 10
-41.04585435691617
 20
29.679638451208124
 10
-41.09536884628158
 20
29.613699867522037
 10
-41.14477460777097
 20
29.547679835951936
 10
-41.194071497209904
 20
29.481578528697355
 10
-41.243259370696315
 20
29.415396118234973
 10
-41.196790562153474
 20
29.343162446188728
 10
-41.15005188138328
 20
29.27126241521986
 10
-41.10304177376737
 20
29.1996992807874
 10
-41.05575860010729
 20
29.12847641575094
 10
-41.008200631143424
 20
29.0575973180156
 10
-40.9603660415762
 20
28.987065618872357
 10
-40.91225290352987
 20
28.91688509211689
 10
-40.86385917939089
 20
28.84705966404228
 10
-40.81518271394211
 20
28.777593424415407
 10
-40.76622122570141
 20
28.708490638564772
 10
-40.71697229735912
 20
28.639755760727716
 10
-40.66743336519003
 20
28.571393448830072
 10
-40.61760170729529
 20
28.503408580901212
 10
-40.56747443050293
 20
28.43580627336311
 10
-40.6085320866846
 20
28.37946533512838
 10
-40.649509334677674
 20
28.323065935533965
 10
-40.69040608464964
 20
28.26660818488862
 10
-40.73122224691994
 20
28.21009219365154
 10
-40.77195773196035
 20
28.153518072432117
 10
-40.77195773196036
 20
28.153518072432096
 10
-40.853155241983316
 20
28.17821216057141
 10
-40.93462208917498
 20
28.20250466826096
 10
-41.01635426735454
 20
28.226399909089608
 10
-41.09834794446015
 20
28.24990196044678
 10
-41.18059944919471
 20
28.273014681626176
 10
-41.26310525903957
 20
28.295741730074546
 10
-41.345861989461824
 20
28.31808657602193
 10
-41.428866384166945
 20
28.34005251569425
 10
-41.512115306270985
 20
28.36164268327949
 10
-41.59560573028365
 20
28.38286006179409
 10
-41.67933473480973
 20
28.403707492975514
 10
-41.763299495888575
 20
28.424187686310066
 10
-41.84749728090147
 20
28.444303227290437
 10
-41.93192544298723
 20
28.464056584984707
 10
-41.9794339653322
 20
28.396659464364813
 10
-42.02683117305128
 20
28.32918408055045
 10
-42.07411692704697
 20
28.261630610734223
 10
-42.121291088506545
 20
28.193999232378623
 10
-42.16835351890286
 20
28.126290123215433
 10
-42.11963027301325
 20
28.05554608306112
 10
-42.07064782604276
 20
27.985144040914136
 10
-42.02140472881206
 20
27.91508730080811
 10
-41.97189945135115
 20
27.845379286808395
 10
-41.92213037766441
 20
27.77602355082725
 10
-41.8720958000203
 20
27.707023781150436
 10
-41.821793912708785
 20
27.638383811758995
 10
-41.77122280520155
 20
27.57010763254476
 10
-41.72038045463949
 20
27.502199400531264
 10
-41.66926471756053
 20
27.434663452230843
 10
-41.617873320766755
 20
27.36750431728923
 10
-41.56620385121237
 20
27.300726733594235
 10
-41.514253744773804
 20
27.234335664056385
 10
-41.462020273739114
 20
27.16833631530531
 10
-41.50126751176293
 20
27.110720693966364
 10
-41.540432378909045
 20
27.053049101367687
 10
-41.579514788803635
 20
26.99532165111976
 10
-41.61851465523201
 20
26.93753845697917
 10
-41.657431892139
 20
26.879699632848236
 10
-41.65743189213899
 20
26.879699632848254
 10
-41.739356892165596
 20
26.901826264781047
 10
-41.82153833856529
 20
26.923542969609684
 10
-41.90397236391984
 20
26.9448541857098
 10
-41.986655267332
 20
26.96576410984766
 10
-42.06958350165353
 20
26.98627671569915
 10
-42.15275366202185
 20
27.006395770470856
 10
-42.23616247553775
 20
27.02612484986593
 10
-42.319806791943385
 20
27.04546735159956
 10
-42.40368357517913
 20
27.064426507639574
 10
-42.48778989571651
 20
27.08300539532216
 10
-42.57212292357787
 20
27.101206947471074
 10
-42.65667992196615
 20
27.11903396163267
 10
-42.74145824143819
 20
27.136489108522746
 10
-42.82645531456362
 20
27.153574939769257
 10
-42.87179768197913
 20
27.084703170966634
 10
-42.917026108784
 20
27.01575659561317
 10
-42.96214046147937
 20
26.946735396016972
 10
-43.00714060686408
 20
26.87763975474756
 10
-43.05202641203537
 20
26.808469854635167
 10
-43.00109498674237
 20
26.739284932208683
 10
-42.949915305600435
 20
26.67045003423594
 10
-42.898486026619786
 20
26.601968510014864
 10
-42.84680573089906
 20
26.5338438313885
 10
-42.79487291764247
 20
26.466079600723095
 10
-42.74268599872432
 20
26.39867955961213
 10
-42.690243292746985
 20
26.33164759839239
 10
-42.637543018530494
 20
26.26498776657195
 10
-42.58458328796161
 20
26.198704284284876
 10
-42.53136209812014
 20
26.132801554905498
 10
-42.47787732258578
 20
26.067284178976895
 10
-42.424126701813016
 20
26.002156969634097
 10
-42.3701078324423
 20
25.937424969733755
 10
-42.31581815539184
 20
25.873093470939555
 10
-42.353212126624356
 20
25.81425935528957
 10
-42.39052184295065
 20
25.755371830883206
 10
-42.427747221614084
 20
25.696431014529953
 10
-42.46488818002429
 20
25.63743702318038
 10
-42.501944635757425
 20
25.578389973926
 10
-42.50194463575744
 20
25.57838997392598
 10
-42.58451474241781
 20
25.597927077069393
 10
-42.66732812769651
 20
25.617046310068865
 10
-42.75038106720172
 20
25.635752231880858
 10
-42.83366999528035
 20
25.654049154677274
 10
-42.91719149284289
 20
25.671941162761026
 10
-43.0009422764349
 20
25.6894321295439
 10
-43.08491918839736
 20
25.70652573283304
 10
-43.16911918797951
 20
25.723225468636535
 10
-43.253539343290356
 20
25.739534663666312
 10
-43.338176823989535
 20
25.75545648669214
 10
-43.42302889463292
 20
25.77099395887813
 10
-43.5080929086
 20
25.786149963215774
 10
-43.593366302539245
 20
25.800927253151745
 10
-43.67884659127645
 20
25.815328460496957
 10
-43.72197326752823
 20
25.74504944895122
 10
-43.76498348716749
 20
25.67469918440434
 10
-43.80787712253957
 20
25.604277854109338
 10
-43.85065404630014
 20
25.533785645571253
 10
-43.8933141314158
 20
25.463222746546666
 10
-43.84022294104494
 20
25.395665060996823
 10
-43.786894703906775
 20
25.32846508620802
 10
-43.733328186839096
 20
25.26162621335842
 10
-43.67952208373344
 20
25.1951519585635
 10
-43.625475010809495
 20
25.12904597100938
 10
-43.57118550146076
 20
25.063312041825633
 10
-43.51665200061968
 20
24.997954113786086
 10
-43.46187285858361
 20
24.932976291939482
 10
-43.40684632423383
 20
24.86838285528625
 10
-43.35157053756882
 20
24.804178269637728
 10
-43.29604352146058
 20
24.74036720181482
 10
-43.24026317252735
 20
24.676954535370513
 10
-43.18422725099738
 20
24.613945388051825
 10
-43.12793336941673
 20
24.5513451312553
 10
-43.163433013025156
 20
24.49135029633045
 10
-43.19884659985434
 20
24.431304685161777
 10
-43.234174050920224
 20
24.371208417644844
 10
-43.26941528741185
 20
24.31106161381109
 10
-43.30457023069166
 20
24.25086439382759
 10
-43.30457023069165
 20
24.250864393827587
 10
-43.38770241140641
 20
24.267792592568835
 10
-43.4710644390518
 20
24.284295391800043
 10
-43.55465273639905
 20
24.3003774666916
 10
-43.63846387699927
 20
24.316043240695247
 10
-43.72249457361818
 20
24.331296904838304
 10
-43.80674166785545
 20
24.346142435041088
 10
-43.8912021207976
 20
24.360583607709493
 10
-43.97587300457638
 20
24.37462401381675
 10
-44.06075149472336
 20
24.388267071656568
 10
-44.145834863227066
 20
24.401516038424507
 10
-44.23112047221192
 20
24.41437402076123
 10
-44.316605768169815
 20
24.42684398437444
 10
-44.402288276683926
 20
24.438928762839346
 10
-44.48816559759198
 20
24.450631065666112
 10
-44.529029205659455
 20
24.379014050831255
 10
-44.569773955769634
 20
24.307329430027963
 10
-44.610399726351766
 20
24.23557739526825
 10
-44.6509063961578
 20
24.163758138806045
 10
-44.69129384426286
 20
24.09187185313669
 10
-44.636093428228314
 20
24.026008090502295
 10
-44.58066742769466
 20
23.960509375434253
 10
-44.52501471984893
 20
23.895379137537088
 10
-44.46913411297899
 20
23.83062093362076
 10
-44.41302434201099
 20
23.766238455980496
 10
-44.35668406364161
 20
23.70223554143006
 10
-44.30011185101674
 20
23.638616181177703
 10
-44.24330618790089
 20
23.575384531648595
 10
-44.186265462273596
 20
23.512544926372417
 10
-44.128987959277964
 20
23.450101889074613
 10
-44.071471853435966
 20
23.38806014813129
 10
-44.01371520002885
 20
23.32642465257532
 10
-43.95571592552522
 20
23.26520058987322
 10
-43.89747181691716
 20
23.204393405731714
 10
-43.93103793682556
 20
23.143297157191004
 10
-43.96451628365195
 20
23.082152832314424
 10
-43.997906782336045
 20
23.020960553961217
 10
-44.0312093579974
 20
22.959720445120645
 10
-44.06442393593562
 20
22.898432628911976
 10
-44.064423935935636
 20
22.898432628911966
 10
-44.1480346041315
 20
22.912735264263624
 10
-44.23186143713324
 20
22.926605394047428
 10
-44.31590100887637
 20
22.94004780512279
 10
-44.400150035948556
 20
22.953067027944517
 10
-44.484605366647216
 20
22.96566735621661
 10
-44.56926397115789
 20
22.977852864532224
 10
-44.654122932710614
 20
22.989627424256845
 10
-44.739179439593045
 20
23.000994717872288
 10
-44.824430777916675
 20
23.01195825196764
 10
-44.90987432504797
 20
23.022521369036347
 10
-44.995507543627866
 20
23.032687258216
 10
-45.081327976113904
 20
23.04245896508947
 10
-45.167333239788206
 20
23.05183940064972
 10
-45.25352102218148
 20
23.06083134951712
 10
-45.292076433135996
 20
22.98794733631474
 10
-45.33051070399861
 20
22.91499945394406
 10
-45.36882371951548
 20
22.841987898975052
 10
-45.40701536476723
 20
22.768912868208805
 10
-45.44508552516966
 20
22.6957745586769
 10
-45.38782851454542
 20
22.63166990534033
 10
-45.33035762379442
 20
22.567937277828086
 10
-45.27267184185365
 20
22.504580140652088
 10
-45.214770092886056
 20
22.441602087670102
 10
-45.15665123208583
 20
22.379006850504172
 10
-45.09831404110291
 20
22.31679830772503
 10
-45.03975722304097
 20
22.254980494893445
 10
-44.9809793969772
 20
22.193557615563606
 10
-44.92197909194285
 20
22.132534053369696
 10
-44.862754740295436
 20
22.071914385336115
 10
-44.80330467040146
 20
22.01170339657413
 10
-44.74362709853443
 20
21.9519060965556
 10
-44.68372011987792
 20
21.892527737187148
 10
-44.623581698502065
 20
21.83357383294783
 10
-44.65517703837614
 20
21.77143694661169
 10
-44.68668297775268
 20
21.709254748414196
 10
-44.718099445641705
 20
21.64702736404608
 10
-44.74942637123951
 20
21.584754919322044
 10
-44.78066368392889
 20
21.522437540180455
 10
-44.78066368392887
 20
21.522437540180466
 10
-44.86466879475273
 20
21.53410068556913
 10
-44.94887615176977
 20
21.545324651821723
 10
-45.03328248393776
 20
21.556114332807713
 10
-45.11788465457796
 20
21.56647436156074
 10
-45.20267965106798
 20
21.576409130272204
 10
-45.287664575590206
 20
21.585922808236443
 10
-45.37283663680172
 20
21.59501935800841
 10
-45.45819314231081
 20
21.60370254999595
 10
-45.543731491863305
 20
21.611975975675396
 10
-45.62944917115496
 20
21.619843059592807
 10
-45.715343746198
 20
21.627307070289483
 10
-45.80141285818046
 20
21.634371130272637
 10
-45.88765421876357
 20
21.641038225135393
 10
-45.974065605771614
 20
21.647311211916254
 10
-46.010270025117656
 20
21.573232896610815
 10
-46.046351145856804
 20
21.499094534702476
 10
-46.08230885927684
 20
21.42489632710354
 10
-46.11814305701149
 20
21.350638474945807
 10
-46.153853631041
 20
21.27632117957992
 10
-46.09459471288469
 20
21.214039255684355
 10
-46.035133849585364
 20
21.15213596862066
 10
-45.9754701431063
 20
21.090614814228623
 10
-45.91560263483532
 20
21.029479419703673
 10
-45.855530301662824
 20
20.968733552145594
 10
-45.79525205170358
 20
20.908381127884752
 10
-45.73476671962
 20
20.848426222678683
 10
-45.674073061498
 20
20.788873082885573
 10
-45.61316974921903
 20
20.729726137737508
 10
-45.5520553642632
 20
20.670990012856308
 10
-45.490728390867595
 20
20.612669545177145
 10
-45.42918720845138
 20
20.554769799473718
 10
-45.367430083203644
 20
20.497296086711344
 10
-45.305455158711965
 20
20.440253984495588
 10
-45.33504447459193
 20
20.37713864114664
 10
-45.36454285464873
 20
20.313980811938382
 10
-45.393950232103634
 20
20.25078062525167
 10
-45.423266540370314
 20
20.187538209584783
 10
-45.45249171305526
 20
20.12425369355309
 10
-45.452491713055245
 20
20.124253693553108
 10
-45.53680685938655
 20
20.133266166737283
 10
-45.621310111194724
 20
20.14183322840701
 10
-45.70599835616622
 20
20.14995987461339
 10
-45.790868607910014
 20
20.157650836401157
 10
-45.87591799629724
 20
20.164910600122237
 10
-45.9611437587903
 20
20.171743425667895
 10
-46.04654323263534
 20
20.178153362885176
 10
-46.13211384781114
 20
20.18414426640244
 10
-46.2178531206429
 20
20.189719809056683
 10
-46.30375864800302
 20
20.194883494086568
 10
-46.389828102031224
 20
20.199638666233025
 10
-46.47605922531644
 20
20.203988521869366
 10
-46.562449826489406
 20
20.207936118267337
 10
-46.64899777618308
 20
20.211484382090358
 10
-46.68281082722679
 20
20.13628607272312
 10
-46.71649854901133
 20
20.061031620803256
 10
-46.75006083958168
 20
19.98572123135546
 10
-46.7834975973397
 20
19.91035510961165
 10
-46.81680872104463
 20
19.834933461010287
 10
-46.75560460036727
 20
19.77453625394067
 10
-46.69421068825079
 20
19.714523919123543
 10
-46.63262620083276
 20
19.654899980091535
 10
-46.5708502979431
 20
19.59566809360931
 10
-46.50888207945908
 20
19.536832058343766
 10
-46.44672058132952
 20
19.478395824322934
 10
-46.38436477122844
 20
19.420363503277407
 10
-46.32181354379301
 20
19.362739379972428
 10
-46.25906571539349
 20
19.30552792465561
 10
-46.19612001837405
 20
19.24873380676466
 10
-46.13297509469494
 20
19.192361910062942
 10
-46.06962948889281
 20
19.1364173493992
 10
-46.006081640263275
 20
19.08090548932125
 10
-45.94232987415198
 20
19.02583196481479
 10
-45.96988000436349
 20
18.961801680394064
 10
-45.997337758587804
 20
18.897731794401366
 10
-46.02470307439218
 20
18.83362243775733
 10
-46.05197588954217
 20
18.76947374149311
 10
-46.07915614200194
 20
18.70528583674988
 10
-46.07915614200195
 20
18.70528583674986
 10
-46.16369665056577
 20
18.711639207874935
 10
-46.24841091658519
 20
18.717541384489852
 10
-46.33329599002267
 20
18.72299745985405
 10
-46.41834903817856
 20
18.72801225831684
 10
-46.50356733668858
 20
18.73259035593034
 10
-46.58894826144324
 20
18.73673609895046
 10
-46.67448928131209
 20
18.740453620495146
 10
-46.76018795157262
 20
18.743746855588668
 10
-46.846041907959005
 20
18.746619554786815
 10
-46.932048861257776
 20
18.74907529654963
 10
-47.01820659238758
 20
18.751117498505753
 10
-47.104512947908944
 20
18.75274942773197
 10
-47.19096583591739
 20
18.75397421015565
 10
-47.27756322227865
 20
18.754794839173606
 10
-47.308947026100086
 20
18.67855237072787
 10
-47.34020360192823
 20
18.60225774071564
 10
-47.37133285477044
 20
18.525911158030578
 10
-47.402334690001396
 20
18.44951283176045
 10
-47.43320901336343
 20
18.373062971186624
 10
-47.370118372646644
 20
18.31461076922709
 10
-47.30685030063794
 20
18.256549291407907
 10
-47.24340412866579
 20
18.198882085269148
 10
-47.17977913608314
 20
18.14161283332324
 10
-47.11597454690384
 20
18.084745361837932
 10
-47.05198952613358
 20
18.028283650418107
 10
-46.98782317575904
 20
17.97223184248132
 10
-46.92347453035337
 20
17.916594256737532
 10
-46.858942552249815
 20
17.861375399798163
 10
-46.79422612622712
 20
17.806579980061972
 10
-46.72932405364261
 20
17.752212923047097
 10
-46.66423504593585
 20
17.698279388368256
 10
-46.5989577174149
 20
17.64478478859236
 10
-46.53349057721974
 20
17.591734810246074
 10
-46.55897050920479
 20
17.526854361608432
 10
-46.58435672312554
 20
17.46193725053395
 10
-46.60964916102292
 20
17.396983610324167
 10
-46.63484776514181
 20
17.33199357438373
 10
-46.65995247793118
 20
17.26696727622006
 10
-46.65995247793118
 20
17.26696727622006
 10
-46.74463350531633
 20
17.270655872030872
 10
-46.829473750021464
 20
17.273887947378082
 10
-46.91447042766562
 20
17.276668687616862
 10
-46.999620862486495
 20
17.27900300556096
 10
-47.084922479006
 20
17.28089556237378
 10
-47.17037279454938
 20
17.28235078631972
 10
-47.25596941250934
 20
17.283372889647293
 10
-47.341710016262624
 20
17.283965883836895
 10
-47.42759236366045
 20
17.284133593409916
 10
-47.513614282025245
 20
17.28387966846885
 10
-47.59977366359548
 20
17.283207596113886
 10
-47.686068461368954
 20
17.282120710861363
 10
-47.772496685300496
 20
17.2806222041733
 10
-47.859056398816726
 20
17.278715133192797
 10
-47.8879756504388
 20
17.201505777696173
 10
-47.9167659110985
 20
17.124248313749334
 10
-47.94542709295944
 20
17.046942953858398
 10
-47.97395910856229
 20
16.969589910709836
 10
-48.00236187082512
 20
16.892189397169975
 10
-47.93744532699541
 20
16.835740723462056
 10
-47.872363905817124
 20
16.779688234717433
 10
-47.80711705469147
 20
16.724035498753565
 10
-47.74170417343624
 20
16.668786219961838
 10
-47.676124611207065
 20
16.613944248194617
 10
-47.61037766313962
 20
16.55951358845981
 10
-47.54446256667871
 20
16.505498411520374
 10
-47.478378497556456
 20
16.45190306550929
 10
-47.412124565375024
 20
16.3987320886875
 10
-47.34569980874292
 20
16.3459902234936
 10
-47.279103189905385
 20
16.2936824320567
 10
-47.212333588799225
 20
16.24181391337392
 10
-47.14538979645077
 20
16.190390122388205
 10
-47.078270507620985
 20
16.13941679124373
 10
-47.101651441346334
 20
16.073752137664275
 10
-47.12493741578078
 20
16.008053812007383
 10
-47.14812837755914
 20
15.94232194978846
 10
-47.17122427352534
 20
15.876556686618331
 10
-47.19422505073268
 20
15.810758158202916
 10
-47.19422505073268
 20
15.810758158202916
 10
-47.27896167912267
 20
15.811779062445476
 10
-47.363842808140916
 20
15.812338584415711
 10
-47.44886582226933
 20
15.812441996318622
 10
-47.534028205764166
 20
15.812094294463796
 10
-47.61932753499901
 20
15.811300220414086
 10
-47.70476147159222
 20
15.810064279967408
 10
-47.79032775621876
 20
15.808390760247939
 10
-47.87602420302127
 20
15.806283745141629
 10
-47.96184869454863
 20
15.803747129275305
 10
-48.04779917715936
 20
15.800784630711446
 10
-48.133873656837075
 20
15.79739980250508
 10
-48.220070195371626
 20
15.793596043250673
 10
-48.306386906866024
 20
15.789376606729206
 10
-48.39282195453479
 20
15.784744610750844
 10
-48.419243994899546
 20
15.706646982552957
 10
-48.44553542071669
 20
15.628505366101912
 10
-48.47169615148766
 20
15.550319977247309
 10
-48.497726107099844
 20
15.47209103200509
 10
-48.52362520782717
 20
15.393818746556523
 10
-48.456945266606716
 20
15.339430293492873
 10
-48.39011318277621
 20
15.28544308805487
 10
-48.32312852055437
 20
15.231860714567967
 10
-48.255990801023216
 20
15.178686895392605
 10
-48.188699499338135
 20
15.12592549990538
 10
-48.12125404168494
 20
15.073580554297127
 10
-48.05365380195321
 20
15.021656252285043
 10
-47.98589809809179
 20
14.970156966851171
 10
-47.91798618810591
 20
14.91908726313612
 10
-47.849917265649594
 20
14.868451912638061
 10
-47.78169045516001
 20
14.81825590889052
 10
-47.71330480646997
 20
14.768504484822474
 10
-47.6447592888254
 20
14.719203132038835
 10
-47.576052784220515
 20
14.67035762230183
 10
-47.59730819183751
 20
14.603975822951528
 10
-47.61846750237535
 20
14.537563389308406
 10
-47.63953066717467
 20
14.471120458927068
 10
-47.66049763779006
 20
14.404647169449529
 10
-47.681368365990245
 20
14.338143658604833
 10
-47.68136836599023
 20
14.338143658604853
 10
-47.76607569841942
 20
14.33649670866069
 10
-47.850912654128344
 20
14.334383985302823
 10
-47.93587678948696
 20
14.33181084221314
 10
-48.02096575167956
 20
14.328782354106755
 10
-48.10617727173423
 20
14.325303338116266
 10
-48.19150915826642
 20
14.321378372984888
 10
-48.27695929184551
 20
14.317011816348147
 10
-48.36252561990698
 20
14.312207820341296
 10
-48.44820615214483
 20
14.306970345734104
 10
-48.53399895632703
 20
14.301303174767119
 10
-48.619902154486255
 20
14.295209922837298
 10
-48.705913919443425
 20
14.288694049162453
 10
-48.79203247162793
 20
14.281758866535796
 10
-48.878256076163034
 20
14.274407550267064
 10
-48.902150959547434
 20
14.195501506760493
 10
-48.925913747555065
 20
14.116555657000148
 10
-48.949544367193226
 20
14.037570219898997
 10
-48.9730427458636
 20
13.958545414521433
 10
-48.99640881136269
 20
13.879481460082346
 10
-48.9280298189267
 20
13.827208024280647
 10
-48.859511586078376
 20
13.775340493968415
 10
-48.79085379445894
 20
13.72388246617675
 10
-48.722056087069475
 20
13.672837677289522
 10
-48.653118065773015
 20
13.622210012109905
 10
-48.58403928856991
 20
13.572003513751335
 10
-48.51481926661948
 20
13.52222239445162
 10
-48.44545746097689
 20
13.472871047422508
 10
-48.3759532790092
 20
13.423954059866066
 10
-48.306306070449274
 20
13.375476227308232
 10
-48.23651512303944
 20
13.327442569425447
 10
-48.16657965770804
 20
13.279858347569391
 10
-48.096498823213246
 20
13.232729084230266
 10
-48.02627169017617
 20
13.186060584721966
 10
-48.0453773716253
 20
13.119029712355935
 10
-48.064385924044124
 20
13.05197128694369
 10
-48.08329730358224
 20
12.984885447897316
 10
-48.10211146660763
 20
12.917772334707957
 10
-48.12082836970685
 20
12.850632086945476
 10
-48.12082836970686
 20
12.850632086945478
 10
-48.20542162465831
 20
12.846319866752378
 10
-48.29012948109679
 20
12.841537958593713
 10
-48.37494967011745
 20
12.83629179213515
 10
-48.45988000456406
 20
12.830586515291365
 10
-48.54491837275305
 20
12.824427015823668
 10
-48.63006273284035
 20
12.817817940724904
 10
-48.71531110774929
 20
12.810763713673802
 10
-48.8006615805898
 20
12.803268550798048
 10
-48.88611229050978
 20
12.795336474950505
 10
-48.97166142892777
 20
12.786971328673552
 10
-49.05730723610307
 20
12.778176786001447
 10
-49.14304799800591
 20
12.768956363231355
 10
-49.22888204345456
 20
12.759313428775299
 10
-49.31480774149121
 20
12.749251212190677
 10
-49.336148298017044
 20
12.669617750271355
 10
-49.35735542420125
 20
12.589948720408849
 10
-49.378429054711
 20
12.510244344288592
 10
-49.399369124615504
 20
12.43050484373212
 10
-49.42017556938633
 20
12.350730440695957
 10
-49.350163661268354
 20
12.300624858705795
 10
-49.280025568743966
 20
12.250929429110961
 10
-49.209761091340134
 20
12.20164775781858
 10
-49.13936999448502
 20
12.152783591261471
 10
-49.068852007304855
 20
12.104340825540378
 10
-48.998206820220986
 20
12.056323516397912
 10
-48.927434082323046
 20
12.008735890122967
 10
-48.85653339849113
 20
11.961582355499612
 10
-48.785504326235014
 20
11.91486751693223
 10
-48.714346372214045
 20
11.868596188899033
 10
-48.64305898839515
 20
11.822773411910944
 10
-48.571641567799055
 20
11.777404470183043
 10
-48.50009343977677
 20
11.732494911260298
 10
-48.42841386474734
 20
11.688050567884147
 10
-48.44534799902154
 20
11.62043961900882
 10
-48.462184080348734
 20
11.552804237681087
 10
-48.47892206978127
 20
11.485144564982264
 10
-48.49556192859394
 20
11.417460742064087
 10
-48.51210361828402
 20
11.349752910148391
 10
-48.51210361828403
 20
11.34975291014837
 10
-48.59649822345142
 20
11.342780739472957
 10
-48.68099228036538
 20
11.33533544817197
 10
-48.76558369748888
 20
11.32742253628903
 10
-48.85027045587235
 20
11.319047219623737
 10
-48.93505060357948
 20
11.310214451520293
 10
-49.019922250683834
 20
11.30092894242435
 10
-49.10488356476412
 20
11.29119517749154
 10
-49.18993276683542
 20
11.28101743249048
 10
-49.27506812766462
 20
11.27039978820529
 10
-49.36028796442455
 20
11.259346143514476
 10
-49.44559063764755
 20
11.24786022729829
 10
-49.53097454844577
 20
11.235945609304803
 10
-49.61643813596858
 20
11.223605710089217
 10
-49.701979875072006
 20
11.210843810124407
 10
-49.72074176799
 20
11.130564958713293
 10
-49.739369044294214
 20
11.050254828294163
 10
-49.75786164645078
 20
10.969913643024407
 10
-49.776219517334674
 20
10.88954162718166
 10
-49.79444260023001
 20
10.809139005162672
 10
-49.72286564742891
 20
10.761252090065877
 10
-49.65117570609115
 20
10.713779157650512
 10
-49.57937269394935
 20
10.666723818849311
 10
-49.507456499218094
 20
10.62008982614674
 10
-49.43542697868826
 20
10.573881082787738
 10
-49.36328395564847
 20
10.52810165282405
 10
-49.2910272176129
 20
10.482755772097695
 10
-49.218656513832094
 20
10.437847860276756
 10
-49.14617155255897
 20
10.393382534075759
 10
-49.07357199803877
 20
10.349364621813748
 10
-49.00085746718599
 20
10.305799179489375
 10
-48.92802752590517
 20
10.262691508579973
 10
-48.85508168500539
 20
10.220047175810198
 10
-48.78201939564899
 20
10.177872035176607
 10
-48.7967625874523
 20
10.109750836983245
 10
-48.81140691241085
 20
10.041608362025459
 10
-48.82595233656386
 20
9.973444752859573
 10
-48.8403988261764
 20
9.905260152103631
 10
-48.854746347739635
 20
9.837054702436776
 10
-48.854746347739635
 20
9.837054702436776
 10
-48.9388580327816
 20
9.82743062257352
 10
-49.023053908631034
 20
9.817330475982063
 10
-49.107332063561024
 20
9.806759827373146
 10
-49.191690649185794
 20
9.79572395501524
 10
-49.27612787559466
 20
9.78422787269193
 10
-49.360642006984406
 20
9.772276349409998
 10
-49.44523135772683
 20
9.759873927144422
 10
-49.52989428881725
 20
9.747024936864127
 10
-49.61462920465798
 20
9.733733513046257
 10
-49.699434550137674
 20
9.72000360685625
 10
-49.78430880797219
 20
9.705838998147243
 10
-49.86925049627819
 20
9.691243306410424
 10
-49.95425816635375
 20
9.676220000791053
 10
-50.03933040064405
 20
9.660772409269798
 10
-50.05549217809884
 20
9.57993111824121
 10
-50.07151830389448
 20
9.499062881900812
 10
-50.087408728419575
 20
9.418167926568822
 10
-50.10316340247736
 20
9.337246478669366
 10
-50.118782277286236
 20
9.256298764729417
 10
-50.045709829540954
 20
9.210679243800222
 10
-49.972537714778106
 20
9.165477114072909
 10
-49.89926596911106
 20
9.120695987640696
 10
-49.825894603750264
 20
9.076339619026216
 10
-49.75242360339696
 20
9.032411914447467
 10
-49.67885292449167
 20
8.988916941925751
 10
-49.6051824932992
 20
8.945858942337113
 10
-49.531412203811094
 20
8.903242341522034
 10
-49.45754191544152
 20
8.861071763587425
 10
-49.38357145049087
 20
8.819352045554337
 10
-49.30950059134538
 20
8.778088253532038
 10
-49.235329077376896
 20
8.737285700626726
 10
-49.16105660150015
 20
8.696949966831744
 10
-49.08668280633765
 20
8.657086921187846
 10
-49.09921812789917
 20
8.588526035559081
 10
-49.11165388049888
 20
8.519947059570853
 10
-49.123990035236545
 20
8.451350137055261
 10
-49.13622656344093
 20
8.382735411896908
 10
-49.148363436669875
 20
8.314103028032568
 10
-49.14836343666988
 20
8.314103028032546
 10
-49.23210832479179
 20
8.301837784014241
 10
-49.31592204855329
 20
8.289094017736092
 10
-49.3998028782739
 20
8.27587735276803
 10
-49.48374913829325
 20
8.262193124337855
 10
-49.567759202818905
 20
8.248046401434497
 10
-49.6518314921997
 20
8.233442006646666
 10
-49.735964469570185
 20
8.218384534025814
 10
-49.82015663782023
 20
8.202878365218337
 10
-49.904406536850644
 20
8.18692768407593
 10
-49.988712741080995
 20
8.170536489923562
 10
-50.07307385718093
 20
8.15370860963826
 10
-50.15748852199985
 20
8.136447708672193
 10
-50.241955400673305
 20
8.118757301135426
 10
-50.32647318488742
 20
8.100640759037878
 10
-50.34001632589842
 20
8.01932078492107
 10
-50.35342293365869
 20
7.9379782379289505
 10
-50.366692966586214
 20
7.856613346227731
 10
-50.37982638351887
 20
7.7752263380708815
 10
-50.3928231437147
 20
7.693817441798019
 10
-50.318326369926496
 20
7.650511895394957
 10
-50.24374336182884
 20
7.607626722334989
 10
-50.16907427394546
 20
7.565165531998184
 10
-50.09431924054088
 20
7.523132076922718
 10
-50.01947837431582
 20
7.481530262117364
 10
-49.94455176498439
 20
7.440364155221217
 10
-49.86953947771887
 20
7.399637997611026
 10
-49.79444155144586
 20
7.359356216572628
 10
-49.71925799697517
 20
7.319523438670087
 10
-49.64398879493969
 20
7.280144504468313
 10
-49.568633893521245
 20
7.241224484788637
 10
-49.493193205932705
 20
7.2027686987088835
 10
-49.41766660762223
 20
7.164782733554152
 10
-49.34205393315886
 20
7.127272467169669
 10
-49.35236696098779
 20
7.058343092082509
 10
-49.36257983104819
 20
6.98939883927169
 10
-49.37269251956361
 20
6.920439853641062
 10
-49.382705002989105
 20
6.851466280137812
 10
-49.39261725801145
 20
6.782478263752005
 10
-49.39261725801145
 20
6.782478263752005
 10
-49.47591195621707
 20
6.767585283165744
 10
-49.55926005782297
 20
6.752211818707339
 10
-49.64266001722015
 20
6.736363546909713
 10
-49.72611033343483
 20
6.720045854365019
 10
-49.80960954669507
 20
6.703263859950385
 10
-49.893156235349196
 20
6.686022434777018
 10
-49.97674901309117
 20
6.668326220152037
 10
-50.060386526454934
 20
6.650179643800325
 10
-50.1440674525452
 20
6.6315869345561245
 10
-50.22779049697696
 20
6.612552135704315
 10
-50.31155439199954
 20
6.593079117126577
 10
-50.39535789478507
 20
6.573171586385573
 10
-50.47919978586274
 20
6.552833098863581
 10
-50.563078867684055
 20
6.53206706705585
 10
-50.57398782210737
 20
6.45035285589539
 10
-50.584759517050244
 20
6.368620476878794
 10
-50.59539391905038
 20
6.286870159694931
 10
-50.60589099506965
 20
6.205102134102948
 10
-50.616250712494185
 20
6.123316629931202
 10
-50.540402338289105
 20
6.082369431795721
 10
-50.46448125899146
 20
6.04184515869902
 10
-50.38848774741865
 20
6.001747413432929
 10
-50.312422060795996
 20
5.962079942525194
 10
-50.236284439755245
 20
5.922846645589395
 10
-50.16007510724233
 20
5.884051585525285
 10
-50.083794267323405
 20
5.845698999670717
 10
-50.00744210387714
 20
5.807793312021663
 10
-49.93101877915845
 20
5.770339146655045
 10
-49.854524432217225
 20
5.73334134251015
 10
-49.777959177152965
 20
5.696804969709421
 10
-49.701323101182325
 20
5.660735347630314
 10
-49.62461626249353
 20
5.625138064976206
 10
-49.547838687856185
 20
5.59001900213832
 10
-49.55591753424916
 20
5.520792870802707
 10
-49.563895748667186
 20
5.451555096030177
 10
-49.571773312509784
 20
5.382305823588606
 10
-49.579550207410044
 20
5.313045199279903
 10
-49.58722641523488
 20
5.243773368939318
 10
-49.58722641523488
 20
5.243773368939318
 10
-49.6699881030982
 20
5.226268737450705
 10
-49.75278770236157
 20
5.208282157069656
 10
-49.835623853296816
 20
5.189819351316201
 10
-49.918495231373015
 20
5.17088575247452
 10
-50.001400544545966
 20
5.151486523918281
 10
-50.0843385308253
 20
5.131626580148742
 10
-50.16730795608419
 20
5.111310604837205
 10
-50.25030761208116
 20
5.0905430671192216
 10
-50.333336314668905
 20
5.069328236351937
 10
-50.41639290216763
 20
5.047670195515206
 10
-50.49947623388439
 20
5.025572853411949
 10
-50.58258518876206
 20
5.003039955801904
 10
-50.66571866414351
 20
4.980075095585694
 10
-50.748875574639314
 20
4.95668172213975
 10
-50.75713779690621
 20
4.874658289916397
 10
-50.76526219040468
 20
4.792621121165638
 10
-50.77324872986512
 20
4.710570446770244
 10
-50.7810973904454
 20
4.628506497666064
 10
-50.78880814773094
 20
4.546429504840934
 10
-50.711682390169486
 20
4.507882763981166
 10
-50.634497538367626
 20
4.469761065904989
 10
-50.55725398317337
 20
4.432068002945446
 10
-50.479952104527726
 20
4.394807311598035
 10
-50.40259227076732
 20
4.357982881897921
 10
-50.32517483786409
 20
4.321598767650537
 10
-50.24770014859408
 20
4.285659197616056
 10
-50.17016853162722
 20
4.250168587765442
 10
-50.092580300527636
 20
4.215131554742731
 10
-50.014935752653194
 20
4.180552930689808
 10
-49.93723516794087
 20
4.14643777961508
 10
-49.859478807561985
 20
4.112791415518473
 10
-49.78166691242935
 20
4.079619422521168
 10
-49.70379970153415
 20
4.046927677293155
 10
-49.709635040673724
 20
3.977476955377451
 10
-49.7153693892757
 20
3.9080178413051234
 10
-49.72100273395658
 20
3.838550481497355
 10
-49.72653506156807
 20
3.7690750223997025
 10
-49.73196635919715
 20
3.6995916104815723
 10
-49.73196635919715
 20
3.69959161048155
 10
-49.81411287601304
 20
3.679494044178434
 10
-49.896281769896895
 20
3.658913562542621
 10
-49.9784718685906
 20
3.637855930034834
 10
-50.060682025553405
 20
3.6163266188906724
 10
-50.142911117977256
 20
3.5943308315218236
 10
-50.22515804500566
 20
3.5718735206225025
 10
-50.30742172612995
 20
3.5489594072732453
 10
-50.38970109974136
 20
3.525592997290653
 10
-50.47199512181943
 20
3.501778596035017
 10
-50.554302764741635
 20
3.4775203218569324
 10
-50.63662301619935
 20
3.452822118339269
 10
-50.718954878209125
 20
3.427687765468854
 10
-50.80129736620816
 20
3.4021208898551456
 10
-50.88364950822569
 20
3.376124974096966
 10
-50.8892554846856
 20
3.2938777851248453
 10
-50.89472322127418
 20
3.211621310896927
 10
-50.90005270096982
 20
3.1293557831568553
 10
-50.90524390718075
 20
3.0470814336840504
 10
-50.91029682374511
 20
2.964798494292437
 10
-50.83196932319959
 20
2.928691998631402
 10
-50.75359640586216
 20
2.8930122266150815
 10
-50.675178580202285
 20
2.8577627562585746
 10
-50.59671634847978
 20
2.8229473100135984
 10
-50.51821020635255
 20
2.788569764163868
 10
-50.439660642448914
 20
2.7546341590746075
 10
-50.36106813790018
 20
2.7211447103981112
 10
-50.28243316582904
 20
2.6881058213529094
 10
-50.20375619078759
 20
2.6555220962113135
 10
-50.125037668138944
 20
2.6233983551517706
 10
-50.04627804337487
 20
2.591739650658639
 10
-49.96747775136023
 20
2.5605512856809187
 10
-49.888637215494555
 20
2.529838833799832
 10
-49.80975684677798
 20
2.499608161698345
 10
-49.81334193528852
 20
2.430005343004365
 10
-49.8168257911344
 20
2.360397395709328
 10
-49.8202084061787
 20
2.290784466674432
 10
-49.82348977252077
 20
2.2211667027756876
 10
-49.82666988249625
 20
2.151544250903303
 10
-49.82666988249626
 20
2.151544250903304
 10
-49.908119812677775
 20
2.1288750655775392
 10
-49.989576560775205
 20
2.1057224983560756
 10
-50.07103914336617
 20
2.082092348532857
 10
-50.15250659323486
 20
2.0579901224946084
 10
-50.233977958115595
 20
2.033421056174482
 10
-50.31545229956541
 20
2.008390135205697
 10
-50.39692869194906
 20
1.9829021130676716
 10
-50.47840622152255
 20
1.9569615274740146
 10
-50.55988398560335
 20
1.9305727152150292
 10
-50.64136109181705
 20
1.903739825635611
 10
-50.72283665741171
 20
1.8764668329059992
 10
-50.80430980863232
 20
1.8487575472196518
 10
-50.8857796801488
 20
1.8206156250357637
 10
-50.967245414532
 20
1.7920445784678911
 10
-50.970188684260506
 20
1.7096594221953296
 10
-50.97299346210042
 20
1.6272694454435934
 10
-50.975659739315475
 20
1.5448748804812495
 10
-50.97818750760067
 20
1.4624759595949957
 10
-50.98057675908229
 20
1.3800729150885402
 10
-50.90112450831656
 20
1.3464440770568629
 10
-50.821640569628
 20
1.3132432042972662
 10
-50.74212556855285
 20
1.28047385666501
 10
-50.66258012912187
 20
1.248139738574258
 10
-50.58300487377357
 20
1.2162447084008716
 10
-50.50340042325971
 20
1.1847927887405272
 10
-50.42376739654225
 20
1.153788177623505
 10
-50.34410641068087
 20
1.1232352608039236
 10
-50.26441808070946
 20
1.0931386252583222
 10
-50.18470301950047
 20
1.0635030740504412
 10
-50.104961837615534
 20
1.0343336427441523
 10
-50.025195143140124
 20
1.0056356175773062
 10
-49.94540354150051
 20
0.9774145556457496
 10
-49.86558763525983
 20
0.9496763073913438
 10
-49.86691832711597
 20
0.8799941083501863
 10
-49.868147661151916
 20
0.8103100517762026
 10
-49.86927563449538
 20
0.7406242847559258
 10
-49.870302244510874
 20
0.6709369543809264
 10
-49.871227488799704
 20
0.6012482077473313
 10
-49.8712274887997
 20
0.6012482077473091
 10
-49.951900245399116
 20
0.5760312852406126
 10
-50.03256425350142
 20
0.5503310147547358
 10
-50.11321871965898
 20
0.5241532242579597
 10
-50.193862857100115
 20
0.49750344843742905
 10
-50.2744958852026
 20
0.4703869511818809
 10
-50.355117029021045
 20
0.44280874576106016
 10
-50.435725518862
 20
0.4147736129952544
 10
-50.516320589900054
 20
0.3862861176644286
 10
-50.59690148183059
 20
0.35735062336964407
 10
-50.67746743855472
 20
0.3279713060284174
 10
-50.75801770789249
 20
0.29815216616116136
 10
-50.83855154132149
 20
0.26789704010347687
 10
-50.91906819373797
 20
0.2372096102618066
 10
-50.99956692323806
 20
0.2060934145141358
 10
-50.99984409220379
 20
0.12365628116412658
 10
-50.99998267690254
 20
0.0412187991306903
 10
-50.99998267690254
 20
-0.04121879913071295
 10
-50.99984409220379
 20
-0.12365628116414923
 10
-50.99956692323806
 20
-0.20609341451415844
 10
-50.91906819373797
 20
-0.23720961026185183
 10
-50.83855154132149
 20
-0.26789704010352205
 10
-50.75801770789249
 20
-0.2981521661611839
 10
-50.67746743855472
 20
-0.3279713060284399
 10
-50.59690148183059
 20
-0.35735062336966655
 10
-50.516320589900054
 20
-0.38628611766447346
 10
-50.435725518862
 20
-0.4147736129952992
 10
-50.355117029021045
 20
-0.4428087457611049
 10
-50.274495885202604
 20
-0.47038695118190327
 10
-50.193862857100115
 20
-0.49750344843745137
 10
-50.11321871965898
 20
-0.5241532242580043
 10
-50.03256425350142
 20
-0.550331014754758
 10
-49.951900245399116
 20
-0.5760312852406348
 10
-49.8712274887997
 20
-0.6012482077473534
 10
-49.870302244510874
 20
-0.6709369543809485
 10
-49.86927563449538
 20
-0.740624284755948
 10
-49.868147661151916
 20
-0.8103100517762248
 10
-49.86691832711597
 20
-0.8799941083502084
 10
-49.86558763525983
 20
-0.9496763073913438
 10
-49.86558763525983
 20
-0.9496763073913438
 10
-49.94540354150051
 20
-0.9774145556457717
 10
-50.025195143140124
 20
-1.0056356175773062
 10
-50.104961837615534
 20
-1.0343336427441523
 10
-50.18470301950047
 20
-1.0635030740504636
 10
-50.26441808070947
 20
-1.0931386252583448
 10
-50.34410641068087
 20
-1.1232352608039236
 10
-50.42376739654225
 20
-1.153788177623505
 10
-50.50340042325971
 20
-1.1847927887405272
 10
-50.58300487377357
 20
-1.216244708400894
 10
-50.66258012912187
 20
-1.2481397385742807
 10
-50.74212556855285
 20
-1.2804738566650327
 10
-50.821640569628
 20
-1.3132432042972662
 10
-50.90112450831656
 20
-1.3464440770568629
 10
-50.98057675908229
 20
-1.3800729150885402
 10
-50.97818750760067
 20
-1.4624759595950183
 10
-50.97565973931548
 20
-1.5448748804812722
 10
-50.97299346210042
 20
-1.6272694454435934
 10
-50.970188684260506
 20
-1.7096594221953296
 10
-50.967245414532
 20
-1.7920445784679138
 10
-50.8857796801488
 20
-1.8206156250357863
 10
-50.80430980863232
 20
-1.8487575472196742
 10
-50.72283665741171
 20
-1.8764668329059992
 10
-50.64136109181705
 20
-1.903739825635611
 10
-50.55988398560335
 20
-1.9305727152150292
 10
-50.47840622152255
 20
-1.9569615274740373
 10
-50.39692869194906
 20
-1.982902113067694
 10
-50.31545229956541
 20
-2.00839013520572
 10
-50.23397795811559
 20
-2.033421056174482
 10
-50.15250659323487
 20
-2.057990122494609
 10
-50.07103914336617
 20
-2.0820923485328793
 10
-49.989576560775205
 20
-2.1057224983560756
 10
-49.90811981267778
 20
-2.1288750655775392
 10
-49.82666988249626
 20
-2.1515442509033256
 10
-49.82348977252077
 20
-2.22116670277571
 10
-49.8202084061787
 20
-2.290784466674454
 10
-49.81682579113441
 20
-2.3603973957093505
 10
-49.813341935288534
 20
-2.4300053430043875
 10
-49.80975684677798
 20
-2.499608161698345
 10
-49.80975684677798
 20
-2.499608161698345
 10
-49.88863721549455
 20
-2.5298388337998543
 10
-49.967477751360235
 20
-2.560551285680919
 10
-50.04627804337487
 20
-2.591739650658639
 10
-50.125037668138944
 20
-2.6233983551517928
 10
-50.20375619078759
 20
-2.655522096211336
 10
-50.28243316582903
 20
-2.688105821352932
 10
-50.36106813790018
 20
-2.7211447103981112
 10
-50.439660642448914
 20
-2.7546341590746075
 10
-50.51821020635255
 20
-2.7885697641638907
 10
-50.59671634847978
 20
-2.822947310013621
 10
-50.675178580202285
 20
-2.857762756258597
 10
-50.75359640586216
 20
-2.8930122266151037
 10
-50.83196932319959
 20
-2.928691998631402
 10
-50.910296823745114
 20
-2.9647984942924372
 10
-50.90524390718075
 20
-3.047081433684073
 10
-50.900052700969816
 20
-3.129355783156878
 10
-50.89472322127418
 20
-3.211621310896927
 10
-50.8892554846856
 20
-3.2938777851248453
 10
-50.88364950822569
 20
-3.3761249740969888
 10
-50.80129736620815
 20
-3.402120889855168
 10
-50.71895487820912
 20
-3.427687765468876
 10
-50.63662301619935
 20
-3.452822118339269
 10
-50.554302764741635
 20
-3.4775203218569324
 10
-50.47199512181943
 20
-3.501778596035017
 10
-50.38970109974136
 20
-3.5255929972906754
 10
-50.30742172612996
 20
-3.548959407273268
 10
-50.22515804500566
 20
-3.571873520622525
 10
-50.142911117977256
 20
-3.5943308315218236
 10
-50.060682025553405
 20
-3.6163266188906724
 10
-49.97847186859061
 20
-3.637855930034857
 10
-49.896281769896895
 20
-3.658913562542621
 10
-49.81411287601304
 20
-3.679494044178434
 10
-49.73196635919715
 20
-3.6995916104815723
 10
-49.726535061568065
 20
-3.769075022399702
 10
-49.72100273395658
 20
-3.838550481497355
 10
-49.7153693892757
 20
-3.9080178413051234
 10
-49.709635040673724
 20
-3.977476955377451
 10
-49.70379970153416
 20
-4.046927677293133
 10
-49.70379970153415
 20
-4.046927677293155
 10
-49.78166691242935
 20
-4.079619422521191
 10
-49.85947880756198
 20
-4.112791415518495
 10
-49.93723516794086
 20
-4.146437779615101
 10
-50.014935752653194
 20
-4.18055293068983
 10
-50.092580300527636
 20
-4.2151315547427535
 10
-50.17016853162722
 20
-4.250168587765442
 10
-50.24770014859408
 20
-4.285659197616056
 10
-50.32517483786409
 20
-4.321598767650537
 10
-50.40259227076732
 20
-4.357982881897943
 10
-50.479952104527726
 20
-4.394807311598057
 10
-50.557253983173375
 20
-4.432068002945468
 10
-50.634497538367626
 20
-4.469761065904989
 10
-50.71168239016949
 20
-4.507882763981167
 10
-50.78880814773094
 20
-4.546429504840934
 10
-50.78109739044541
 20
-4.628506497666086
 10
-50.773248729865124
 20
-4.710570446770267
 10
-50.76526219040468
 20
-4.792621121165638
 10
-50.75713779690621
 20
-4.874658289916397
 10
-50.748875574639314
 20
-4.9566817221397725
 10
-50.665718664143505
 20
-4.9800750955857165
 10
-50.58258518876205
 20
-5.003039955801927
 10
-50.49947623388439
 20
-5.025572853411949
 10
-50.41639290216763
 20
-5.047670195515206
 10
-50.333336314668905
 20
-5.069328236351937
 10
-50.25030761208116
 20
-5.0905430671192216
 10
-50.16730795608419
 20
-5.111310604837227
 10
-50.0843385308253
 20
-5.131626580148765
 10
-50.001400544545966
 20
-5.151486523918281
 10
-49.918495231373015
 20
-5.17088575247452
 10
-49.835623853296816
 20
-5.189819351316223
 10
-49.75278770236157
 20
-5.208282157069656
 10
-49.669988103098206
 20
-5.226268737450706
 10
-49.58722641523488
 20
-5.243773368939341
 10
-49.57955020741004
 20
-5.313045199279923
 10
-49.57177331250976
 20
-5.382305823588627
 10
-49.56389574866718
 20
-5.451555096030199
 10
-49.55591753424917
 20
-5.5207928708027305
 10
-49.54783868785618
 20
-5.590019002138341
 10
-49.547838687856185
 20
-5.59001900213832
 10
-49.62461626249353
 20
-5.625138064976228
 10
-49.701323101182325
 20
-5.660735347630314
 10
-49.777959177152965
 20
-5.696804969709421
 10
-49.85452443221723
 20
-5.733341342510174
 10
-49.93101877915845
 20
-5.7703391466550675
 10
-50.00744210387714
 20
-5.807793312021663
 10
-50.083794267323405
 20
-5.845698999670717
 10
-50.16007510724232
 20
-5.884051585525308
 10
-50.236284439755245
 20
-5.922846645589417
 10
-50.312422060795996
 20
-5.962079942525216
 10
-50.38848774741865
 20
-6.001747413432951
 10
-50.46448125899146
 20
-6.04184515869902
 10
-50.540402338289105
 20
-6.082369431795721
 10
-50.616250712494185
 20
-6.123316629931202
 10
-50.60589099506965
 20
-6.2051021341029715
 10
-50.59539391905039
 20
-6.286870159694954
 10
-50.584759517050244
 20
-6.368620476878794
 10
-50.57398782210738
 20
-6.450352855895391
 10
-50.563078867684055
 20
-6.53206706705585
 10
-50.47919978586274
 20
-6.552833098863604
 10
-50.39535789478508
 20
-6.573171586385596
 10
-50.31155439199955
 20
-6.593079117126578
 10
-50.227790496976965
 20
-6.612552135704316
 10
-50.1440674525452
 20
-6.6315869345561245
 10
-50.06038652645493
 20
-6.650179643800348
 10
-49.97674901309117
 20
-6.668326220152059
 10
-49.893156235349196
 20
-6.6860224347770405
 10
-49.80960954669507
 20
-6.703263859950386
 10
-49.726110333434825
 20
-6.720045854365018
 10
-49.64266001722015
 20
-6.736363546909733
 10
-49.55926005782297
 20
-6.752211818707339
 10
-49.475911956217075
 20
-6.767585283165745
 10
-49.39261725801144
 20
-6.782478263752026
 10
-49.3827050029891
 20
-6.851466280137811
 10
-49.37269251956359
 20
-6.920439853641082
 10
-49.36257983104819
 20
-6.989398839271712
 10
-49.35236696098779
 20
-7.0583430920825325
 10
-49.34205393315886
 20
-7.127272467169669
 10
-49.34205393315885
 20
-7.127272467169688
 10
-49.41766660762222
 20
-7.164782733554196
 10
-49.493193205932705
 20
-7.202768698708906
 10
-49.56863389352124
 20
-7.241224484788679
 10
-49.64398879493969
 20
-7.2801445044683355
 10
-49.719257996975166
 20
-7.31952343867013
 10
-49.79444155144585
 20
-7.35935621657265
 10
-49.86953947771886
 20
-7.399637997611047
 10
-49.944551764984396
 20
-7.44036415522124
 10
-50.01947837431581
 20
-7.481530262117407
 10
-50.09431924054088
 20
-7.523132076922764
 10
-50.16907427394545
 20
-7.565165531998226
 10
-50.243743361828834
 20
-7.607626722335012
 10
-50.31832636992649
 20
-7.650511895394979
 10
-50.39282314371469
 20
-7.693817441798041
 10
-50.37982638351887
 20
-7.775226338070926
 10
-50.36669296658621
 20
-7.8566133462277765
 10
-50.35342293365869
 20
-7.937978237928974
 10
-50.34001632589841
 20
-8.019320784921094
 10
-50.326473184887405
 20
-8.10064075903792
 10
-50.2419554006733
 20
-8.11875730113547
 10
-50.15748852199985
 20
-8.13644770867224
 10
-50.07307385718092
 20
-8.153708609638281
 10
-49.98871274108099
 20
-8.170536489923583
 10
-49.90440653685063
 20
-8.18692768407595
 10
-49.82015663782024
 20
-8.20287836521836
 10
-49.73596446957018
 20
-8.218384534025859
 10
-49.65183149219968
 20
-8.23344200664671
 10
-49.5677592028189
 20
-8.248046401434518
 10
-49.48374913829325
 20
-8.262193124337879
 10
-49.399802878273896
 20
-8.275877352768049
 10
-49.3159220485533
 20
-8.289094017736117
 10
-49.23210832479179
 20
-8.301837784014264
 10
-49.148363436669875
 20
-8.314103028032589
 10
-49.136226563440914
 20
-8.38273541189693
 10
-49.123990035236545
 20
-8.451350137055282
 10
-49.11165388049888
 20
-8.519947059570876
 10
-49.09921812789918
 20
-8.588526035559104
 10
-49.08668280633765
 20
-8.657086921187846
 10
-49.08668280633764
 20
-8.657086921187846
 10
-49.16105660150014
 20
-8.696949966831765
 10
-49.23532907737689
 20
-8.737285700626726
 10
-49.309500591345376
 20
-8.778088253532038
 10
-49.38357145049086
 20
-8.819352045554359
 10
-49.45754191544152
 20
-8.861071763587448
 10
-49.53141220381108
 20
-8.903242341522056
 10
-49.60518249329921
 20
-8.945858942337114
 10
-49.678852924491665
 20
-8.988916941925773
 10
-49.752423603396956
 20
-9.03241191444749
 10
-49.82589460375025
 20
-9.076339619026237
 10
-49.89926596911106
 20
-9.120695987640696
 10
-49.97253771477809
 20
-9.16547711407293
 10
-50.045709829540954
 20
-9.210679243800222
 10
-50.11878227728623
 20
-9.256298764729417
 10
-50.10316340247734
 20
-9.337246478669387
 10
-50.08740872841957
 20
-9.418167926568845
 10
-50.071518303894486
 20
-9.499062881900812
 10
-50.05549217809883
 20
-9.57993111824121
 10
-50.03933040064404
 20
-9.66077240926982
 10
-49.95425816635375
 20
-9.676220000791075
 10
-49.86925049627818
 20
-9.691243306410422
 10
-49.78430880797219
 20
-9.705838998147243
 10
-49.699434550137674
 20
-9.72000360685625
 10
-49.61462920465799
 20
-9.733733513046259
 10
-49.529894288817246
 20
-9.747024936864147
 10
-49.44523135772684
 20
-9.759873927144445
 10
-49.36064200698439
 20
-9.772276349410019
 10
-49.27612787559466
 20
-9.78422787269193
 10
-49.191690649185794
 20
-9.79572395501524
 10
-49.10733206356102
 20
-9.806759827373167
 10
-49.02305390863103
 20
-9.817330475982063
 10
-48.938858032781596
 20
-9.827430622573518
 10
-48.85474634773962
 20
-9.837054702436797
 10
-48.8403988261764
 20
-9.905260152103653
 10
-48.825952336563844
 20
-9.973444752859594
 10
-48.811406912410845
 20
-10.041608362025482
 10
-48.79676258745229
 20
-10.109750836983267
 10
-48.78201939564898
 20
-10.177872035176627
 10
-48.782019395648994
 20
-10.177872035176607
 10
-48.85508168500538
 20
-10.22004717581022
 10
-48.92802752590517
 20
-10.262691508579973
 10
-49.00085746718599
 20
-10.305799179489375
 10
-49.073571998038766
 20
-10.349364621813772
 10
-49.14617155255896
 20
-10.39338253407578
 10
-49.21865651383209
 20
-10.437847860276777
 10
-49.2910272176129
 20
-10.482755772097695
 10
-49.36328395564847
 20
-10.52810165282405
 10
-49.43542697868826
 20
-10.573881082787759
 10
-49.50745649921809
 20
-10.62008982614676
 10
-49.57937269394935
 20
-10.666723818849336
 10
-49.65117570609115
 20
-10.713779157650512
 10
-49.72286564742891
 20
-10.761252090065877
 10
-49.79444260023002
 20
-10.809139005162674
 10
-49.776219517334674
 20
-10.889541627181684
 10
-49.75786164645078
 20
-10.969913643024432
 10
-49.739369044294214
 20
-11.050254828294163
 10
-49.72074176799
 20
-11.130564958713293
 10
-49.701979875072
 20
-11.21084381012443
 10
-49.61643813596857
 20
-11.22360571008924
 10
-49.53097454844577
 20
-11.235945609304803
 10
-49.44559063764755
 20
-11.24786022729829
 10
-49.36028796442456
 20
-11.259346143514477
 10
-49.27506812766462
 20
-11.27039978820529
 10
-49.18993276683541
 20
-11.281017432490502
 10
-49.104883564764116
 20
-11.291195177491561
 10
-49.01992225068384
 20
-11.300928942424353
 10
-48.935050603579484
 20
-11.310214451520295
 10
-48.85027045587235
 20
-11.319047219623737
 10
-48.765583697488886
 20
-11.327422536289053
 10
-48.68099228036538
 20
-11.33533544817197
 10
-48.59649822345143
 20
-11.342780739472959
 10
-48.51210361828403
 20
-11.349752910148393
 10
-48.49556192859395
 20
-11.417460742064089
 10
-48.478922069781284
 20
-11.485144564982244
 10
-48.46218408034875
 20
-11.55280423768109
 10
-48.44534799902155
 20
-11.620439619008822
 10
-48.42841386474735
 20
-11.688050567884124
 10
-48.42841386474735
 20
-11.688050567884149
 10
-48.50009343977676
 20
-11.732494911260318
 10
-48.57164156779905
 20
-11.777404470183066
 10
-48.64305898839515
 20
-11.822773411910967
 10
-48.71434637221404
 20
-11.868596188899053
 10
-48.785504326235014
 20
-11.914867516932253
 10
-48.85653339849113
 20
-11.961582355499612
 10
-48.92743408232305
 20
-12.008735890122969
 10
-48.998206820220986
 20
-12.056323516397912
 10
-49.068852007304855
 20
-12.104340825540401
 10
-49.139369994485016
 20
-12.152783591261493
 10
-49.20976109134013
 20
-12.201647757818602
 10
-49.280025568743966
 20
-12.250929429110961
 10
-49.350163661268354
 20
-12.300624858705795
 10
-49.42017556938633
 20
-12.350730440695957
 10
-49.3993691246155
 20
-12.430504843732141
 10
-49.37842905471099
 20
-12.510244344288616
 10
-49.35735542420125
 20
-12.589948720408849
 10
-49.336148298017044
 20
-12.669617750271355
 10
-49.31480774149121
 20
-12.749251212190677
 10
-49.22888204345456
 20
-12.759313428775318
 10
-49.14304799800591
 20
-12.768956363231377
 10
-49.05730723610307
 20
-12.778176786001447
 10
-48.97166142892777
 20
-12.786971328673552
 10
-48.88611229050978
 20
-12.795336474950505
 10
-48.8006615805898
 20
-12.803268550798048
 10
-48.71531110774928
 20
-12.810763713673825
 10
-48.630062732840344
 20
-12.817817940724924
 10
-48.54491837275305
 20
-12.824427015823668
 10
-48.45988000456406
 20
-12.830586515291365
 10
-48.37494967011746
 20
-12.836291792135151
 10
-48.290129481096784
 20
-12.841537958593733
 10
-48.205421624658314
 20
-12.84631986675238
 10
-48.12082836970686
 20
-12.8506320869455
 10
-48.102111466607624
 20
-12.917772334707976
 10
-48.083297303582235
 20
-12.984885447897335
 10
-48.064385924044124
 20
-13.051971286943715
 10
-48.0453773716253
 20
-13.119029712355957
 10
-48.02627169017617
 20
-13.18606058472199
 10
-48.02627169017617
 20
-13.186060584721966
 10
-48.09649882321324
 20
-13.232729084230286
 10
-48.16657965770804
 20
-13.279858347569391
 10
-48.236515123039446
 20
-13.32744256942547
 10
-48.306306070449274
 20
-13.375476227308253
 10
-48.3759532790092
 20
-13.42395405986609
 10
-48.4454574609769
 20
-13.47287104742251
 10
-48.51481926661949
 20
-13.522222394451623
 10
-48.584039288569905
 20
-13.572003513751355
 10
-48.653118065773015
 20
-13.622210012109905
 10
-48.72205608706947
 20
-13.672837677289545
 10
-48.79085379445894
 20
-13.723882466176773
 10
-48.85951158607838
 20
-13.775340493968416
 10
-48.9280298189267
 20
-13.827208024280647
 10
-48.99640881136269
 20
-13.879481460082348
 10
-48.973042745863594
 20
-13.958545414521456
 10
-48.94954436719322
 20
-14.037570219899017
 10
-48.925913747555065
 20
-14.116555657000148
 10
-48.90215095954744
 20
-14.195501506760495
 10
-48.87825607616304
 20
-14.274407550267066
 10
-48.79203247162792
 20
-14.281758866535819
 10
-48.70591391944342
 20
-14.288694049162473
 10
-48.619902154486255
 20
-14.295209922837298
 10
-48.53399895632703
 20
-14.301303174767119
 10
-48.44820615214483
 20
-14.306970345734104
 10
-48.36252561990699
 20
-14.312207820341298
 10
-48.27695929184551
 20
-14.317011816348172
 10
-48.19150915826643
 20
-14.32137837298489
 10
-48.10617727173424
 20
-14.325303338116267
 10
-48.02096575167956
 20
-14.328782354106755
 10
-47.93587678948697
 20
-14.331810842213143
 10
-47.85091265412834
 20
-14.334383985302841
 10
-47.76607569841942
 20
-14.33649670866069
 10
-47.68136836599023
 20
-14.338143658604853
 10
-47.660497637790044
 20
-14.404647169449524
 10
-47.639530667174654
 20
-14.471120458927086
 10
-47.61846750237535
 20
-14.537563389308431
 10
-47.59730819183752
 20
-14.603975822951552
 10
-47.576052784220515
 20
-14.670357622301855
 10
-47.57605278422052
 20
-14.670357622301857
 10
-47.6447592888254
 20
-14.719203132038881
 10
-47.71330480646997
 20
-14.768504484822495
 10
-47.78169045516001
 20
-14.818255908890542
 10
-47.84991726564958
 20
-14.868451912638106
 10
-47.91798618810589
 20
-14.919087263136165
 10
-47.98589809809179
 20
-14.970156966851196
 10
-48.0536538019532
 20
-15.021656252285066
 10
-48.121254041684935
 20
-15.07358055429715
 10
-48.18869949933814
 20
-15.125925499905431
 10
-48.2559908010232
 20
-15.17868689539265
 10
-48.32312852055437
 20
-15.231860714568016
 10
-48.390113182776204
 20
-15.285443088054892
 10
-48.456945266606716
 20
-15.339430293492894
 10
-48.523625207827166
 20
-15.393818746556544
 10
-48.49772610709984
 20
-15.472091032005114
 10
-48.471696151487656
 20
-15.550319977247353
 10
-48.4455354207167
 20
-15.628505366101939
 10
-48.41924399489954
 20
-15.70664698255298
 10
-48.392821954534774
 20
-15.784744610750884
 10
-48.30638690686601
 20
-15.789376606729249
 10
-48.22007019537161
 20
-15.793596043250716
 10
-48.13387365683707
 20
-15.797399802505097
 10
-48.04779917715936
 20
-15.800784630711467
 10
-47.96184869454862
 20
-15.803747129275324
 10
-47.87602420302127
 20
-15.80628374514165
 10
-47.790327756218744
 20
-15.808390760247983
 10
-47.704761471592214
 20
-15.81006427996743
 10
-47.61932753499901
 20
-15.811300220414111
 10
-47.534028205764166
 20
-15.812094294463819
 10
-47.44886582226934
 20
-15.812441996318647
 10
-47.363842808140916
 20
-15.812338584415732
 10
-47.27896167912267
 20
-15.811779062445497
 10
-47.194225050732676
 20
-15.810758158202937
 10
-47.17122427352533
 20
-15.876556686618354
 10
-47.14812837755913
 20
-15.942321949788479
 10
-47.124937415780785
 20
-16.008053812007404
 10
-47.101651441346334
 20
-16.073752137664297
 10
-47.078270507621
 20
-16.139416791243733
 10
-47.07827050762099
 20
-16.13941679124373
 10
-47.14538979645077
 20
-16.19039012238823
 10
-47.212333588799225
 20
-16.24181391337392
 10
-47.279103189905385
 20
-16.2936824320567
 10
-47.34569980874292
 20
-16.3459902234936
 10
-47.41212456537502
 20
-16.39873208868752
 10
-47.47837849755646
 20
-16.451903065509292
 10
-47.54446256667871
 20
-16.505498411520374
 10
-47.61037766313962
 20
-16.55951358845981
 10
-47.67612461120706
 20
-16.61394424819464
 10
-47.74170417343624
 20
-16.668786219961863
 10
-47.80711705469147
 20
-16.724035498753565
 10
-47.87236390581711
 20
-16.779688234717458
 10
-47.93744532699541
 20
-16.835740723462056
 10
-48.002361870825126
 20
-16.89218939716998
 10
-47.97395910856229
 20
-16.969589910709836
 10
-47.94542709295944
 20
-17.046942953858398
 10
-47.916765911098494
 20
-17.12424831374936
 10
-47.887975650438804
 20
-17.201505777696177
 10
-47.85905639881672
 20
-17.27871513319282
 10
-47.7724966853005
 20
-17.280622204173305
 10
-47.68606846136896
 20
-17.282120710861363
 10
-47.59977366359548
 20
-17.283207596113886
 10
-47.513614282025245
 20
-17.28387966846885
 10
-47.42759236366045
 20
-17.284133593409916
 10
-47.341710016262624
 20
-17.283965883836917
 10
-47.255969412509344
 20
-17.283372889647318
 10
-47.17037279454938
 20
-17.28235078631972
 10
-47.08492247900601
 20
-17.280895562373782
 10
-46.999620862486495
 20
-17.27900300556096
 10
-46.91447042766562
 20
-17.276668687616883
 10
-46.82947375002147
 20
-17.273887947378082
 10
-46.74463350531634
 20
-17.270655872030872
 10
-46.65995247793118
 20
-17.266967276220083
 10
-46.6348477651418
 20
-17.33199357438375
 10
-46.60964916102292
 20
-17.396983610324167
 10
-46.584356723125524
 20
-17.461937250533968
 10
-46.55897050920479
 20
-17.526854361608457
 10
-46.53349057721974
 20
-17.591734810246074
 10
-46.53349057721973
 20
-17.59173481024609
 10
-46.59895771741489
 20
-17.6447847885924
 10
-46.66423504593584
 20
-17.69827938836828
 10
-46.72932405364259
 20
-17.752212923047118
 10
-46.79422612622711
 20
-17.806579980062015
 10
-46.85894255224979
 20
-17.861375399798206
 10
-46.923474530353374
 20
-17.916594256737557
 10
-46.98782317575903
 20
-17.972231842481342
 10
-47.05198952613358
 20
-18.028283650418132
 10
-47.11597454690383
 20
-18.084745361837953
 10
-47.17977913608314
 20
-18.141612833323265
 10
-47.24340412866577
 20
-18.19888208526917
 10
-47.30685030063794
 20
-18.25654929140793
 10
-47.37011837264664
 20
-18.314610769227112
 10
-47.43320901336342
 20
-18.37306297118664
 10
-47.402334690001375
 20
-18.449512831760494
 10
-47.371332854770436
 20
-18.525911158030596
 10
-47.34020360192821
 20
-18.602257740715658
 10
-47.308947026100086
 20
-18.678552370727896
 10
-47.27756322227863
 20
-18.754794839173623
 10
-47.190965835917375
 20
-18.753974210155697
 10
-47.10451294790894
 20
-18.752749427731988
 10
-47.018206592387564
 20
-18.75111749850577
 10
-46.93204886125778
 20
-18.749075296549655
 10
-46.84604190795899
 20
-18.746619554786832
 10
-46.760187951572604
 20
-18.74374685558871
 10
-46.67448928131207
 20
-18.740453620495185
 10
-46.58894826144324
 20
-18.73673609895048
 10
-46.503567336688576
 20
-18.732590355930366
 10
-46.418349038178555
 20
-18.72801225831686
 10
-46.333295990022656
 20
-18.722997459854067
 10
-46.24841091658518
 20
-18.717541384489873
 10
-46.16369665056576
 20
-18.711639207874953
 10
-46.07915614200193
 20
-18.705285836749898
 10
-46.05197588954216
 20
-18.769473741493105
 10
-46.02470307439217
 20
-18.833622437757352
 10
-45.9973377585878
 20
-18.897731794401384
 10
-45.969880004363475
 20
-18.961801680394085
 10
-45.942329874151994
 20
-19.0258319648148
 10
-45.94232987415199
 20
-19.025831964814795
 10
-46.00608164026327
 20
-19.08090548932127
 10
-46.0696294888928
 20
-19.13641734939922
 10
-46.132975094694935
 20
-19.192361910062964
 10
-46.19612001837404
 20
-19.248733806764676
 10
-46.25906571539348
 20
-19.305527924655635
 10
-46.32181354379301
 20
-19.362739379972428
 10
-46.384364771228434
 20
-19.42036350327743
 10
-46.446720581329515
 20
-19.478395824322956
 10
-46.50888207945907
 20
-19.53683205834379
 10
-46.57085029794309
 20
-19.59566809360933
 10
-46.63262620083275
 20
-19.65489998009156
 10
-46.694210688250784
 20
-19.71452391912354
 10
-46.75560460036727
 20
-19.77453625394067
 10
-46.81680872104462
 20
-19.834933461010284
 10
-46.78349759733969
 20
-19.91035510961167
 10
-46.750060839581664
 20
-19.985721231355473
 10
-46.71649854901132
 20
-20.061031620803252
 10
-46.68281082722679
 20
-20.13628607272312
 10
-46.64899777618307
 20
-20.211484382090358
 10
-46.56244982648939
 20
-20.20793611826736
 10
-46.476059225316426
 20
-20.203988521869384
 10
-46.389828102031224
 20
-20.199638666233025
 10
-46.30375864800302
 20
-20.194883494086568
 10
-46.21785312064289
 20
-20.18971980905668
 10
-46.13211384781113
 20
-20.18414426640246
 10
-46.04654323263533
 20
-20.178153362885197
 10
-45.96114375879028
 20
-20.171743425667913
 10
-45.87591799629725
 20
-20.164910600122237
 10
-45.790868607910014
 20
-20.157650836401157
 10
-45.70599835616621
 20
-20.149959874613387
 10
-45.62131011119472
 20
-20.14183322840701
 10
-45.536806859386544
 20
-20.13326616673728
 10
-45.45249171305525
 20
-20.12425369355311
 10
-45.423266540370314
 20
-20.187538209584783
 10
-45.39395023210361
 20
-20.250780625251686
 10
-45.36454285464873
 20
-20.313980811938404
 10
-45.33504447459193
 20
-20.37713864114666
 10
-45.305455158711965
 20
-20.440253984495588
 10
-45.30545515871196
 20
-20.440253984495584
 10
-45.36743008320364
 20
-20.497296086711366
 10
-45.42918720845138
 20
-20.554769799473718
 10
-45.490728390867595
 20
-20.612669545177166
 10
-45.55205536426319
 20
-20.670990012856326
 10
-45.61316974921902
 20
-20.72972613773753
 10
-45.674073061498
 20
-20.788873082885573
 10
-45.73476671962
 20
-20.848426222678683
 10
-45.79525205170357
 20
-20.90838112788475
 10
-45.855530301662824
 20
-20.968733552145594
 10
-45.915602634835324
 20
-21.029479419703673
 10
-45.9754701431063
 20
-21.090614814228623
 10
-46.03513384958537
 20
-21.152135968620662
 10
-46.09459471288469
 20
-21.214039255684355
 10
-46.153853631041
 20
-21.27632117957992
 10
-46.11814305701148
 20
-21.350638474945825
 10
-46.08230885927683
 20
-21.424896327103557
 10
-46.046351145856804
 20
-21.499094534702476
 10
-46.010270025117656
 20
-21.573232896610815
 10
-45.97406560577162
 20
-21.647311211916257
 10
-45.887654218763565
 20
-21.64103822513541
 10
-45.80141285818046
 20
-21.63437113027266
 10
-45.71534374619801
 20
-21.627307070289486
 10
-45.62944917115496
 20
-21.619843059592807
 10
-45.5437314918633
 20
-21.611975975675392
 10
-45.458193142310805
 20
-21.603702549995948
 10
-45.37283663680171
 20
-21.59501935800843
 10
-45.287664575590206
 20
-21.585922808236468
 10
-45.202679651067974
 20
-21.5764091302722
 10
-45.11788465457797
 20
-21.56647436156074
 10
-45.03328248393776
 20
-21.556114332807713
 10
-44.948876151769774
 20
-21.545324651821726
 10
-44.864668794752724
 20
-21.534100685569125
 10
-44.78066368392887
 20
-21.522437540180466
 10
-44.74942637123951
 20
-21.584754919322044
 10
-44.7180994456417
 20
-21.6470273640461
 10
-44.68668297775267
 20
-21.709254748414217
 10
-44.655177038376124
 20
-21.77143694661171
 10
-44.623581698502065
 20
-21.833573832947852
 10
-44.62358169850206
 20
-21.83357383294785
 10
-44.683720119877904
 20
-21.892527737187187
 10
-44.743627098534425
 20
-21.95190609655562
 10
-44.803304670401424
 20
-22.011703396574166
 10
-44.86275474029542
 20
-22.071914385336157
 10
-44.92197909194283
 20
-22.13253405336973
 10
-44.98097939697719
 20
-22.193557615563623
 10
-45.03975722304097
 20
-22.254980494893466
 10
-45.09831404110288
 20
-22.316798307725065
 10
-45.1566512320858
 20
-22.37900685050421
 10
-45.214770092886035
 20
-22.441602087670145
 10
-45.27267184185363
 20
-22.504580140652127
 10
-45.3303576237944
 20
-22.567937277828104
 10
-45.38782851454541
 20
-22.631669905340352
 10
-45.44508552516964
 20
-22.69577455867694
 10
-45.40701536476722
 20
-22.768912868208847
 10
-45.36882371951546
 20
-22.841987898975095
 10
-45.3305107039986
 20
-22.91499945394408
 10
-45.29207643313598
 20
-22.987947336314758
 10
-45.25352102218146
 20
-23.060831349517162
 10
-45.16733323978819
 20
-23.051839400649758
 10
-45.081327976113876
 20
-23.0424589650895
 10
-44.99550754362785
 20
-23.03268725821601
 10
-44.90987432504797
 20
-23.022521369036372
 10
-44.82443077791667
 20
-23.011958251967663
 10
-44.73917943959303
 20
-23.000994717872306
 10
-44.65412293271059
 20
-22.98962742425689
 10
-44.569263971157866
 20
-22.977852864532267
 10
-44.4846053666472
 20
-22.965667356216628
 10
-44.40015003594854
 20
-22.953067027944538
 10
-44.315901008876345
 20
-22.940047805122806
 10
-44.231861437133226
 20
-22.926605394047446
 10
-44.14803460413149
 20
-22.912735264263645
 10
-44.06442393593561
 20
-22.898432628911998
 10
-44.03120935799739
 20
-22.959720445120666
 10
-43.997906782336045
 20
-23.020960553961217
 10
-43.964516283651946
 20
-23.082152832314442
 10
-43.931037936825554
 20
-23.14329715719103
 10
-43.89747181691716
 20
-23.204393405731736
 10
-43.89747181691717
 20
-23.204393405731718
 10
-43.95571592552521
 20
-23.26520058987325
 10
-44.01371520002885
 20
-23.32642465257532
 10
-44.07147185343597
 20
-23.388060148131295
 10
-44.12898795927797
 20
-23.450101889074617
 10
-44.186265462273596
 20
-23.51254492637244
 10
-44.2433061879009
 20
-23.5753845316486
 10
-44.30011185101674
 20
-23.638616181177703
 10
-44.35668406364161
 20
-23.70223554143006
 10
-44.413024342010985
 20
-23.766238455980513
 10
-44.46913411297899
 20
-23.83062093362079
 10
-44.52501471984893
 20
-23.895379137537113
 10
-44.58066742769466
 20
-23.960509375434253
 10
-44.63609342822832
 20
-24.026008090502298
 10
-44.691293844262866
 20
-24.091871853136695
 10
-44.65090639615781
 20
-24.16375813880605
 10
-44.61039972635177
 20
-24.235577395268255
 10
-44.56977395576962
 20
-24.30732943002798
 10
-44.529029205659455
 20
-24.379014050831255
 10
-44.48816559759198
 20
-24.450631065666137
 10
-44.40228827668392
 20
-24.438928762839367
 10
-44.316605768169815
 20
-24.42684398437444
 10
-44.23112047221191
 20
-24.414374020761255
 10
-44.145834863227066
 20
-24.401516038424507
 10
-44.06075149472337
 20
-24.38826707165657
 10
-43.975873004576364
 20
-24.374624013816767
 10
-43.891202120797594
 20
-24.360583607709515
 10
-43.806741667855455
 20
-24.34614243504109
 10
-43.722494573618185
 20
-24.331296904838307
 10
-43.63846387699927
 20
-24.31604324069527
 10
-43.55465273639904
 20
-24.300377466691625
 10
-43.4710644390518
 20
-24.284295391800043
 10
-43.387702411406416
 20
-24.267792592568835
 10
-43.304570230691645
 20
-24.25086439382761
 10
-43.26941528741184
 20
-24.311061613811106
 10
-43.23417405092022
 20
-24.37120841764484
 10
-43.19884659985434
 20
-24.431304685161802
 10
-43.16343301302515
 20
-24.491350296330467
 10
-43.12793336941673
 20
-24.5513451312553
 10
-43.127933369416716
 20
-24.551345131255317
 10
-43.18422725099735
 20
-24.613945388051857
 10
-43.24026317252733
 20
-24.676954535370548
 10
-43.29604352146057
 20
-24.740367201814834
 10
-43.35157053756881
 20
-24.804178269637745
 10
-43.40684632423382
 20
-24.868382855286292
 10
-43.461872858583604
 20
-24.932976291939504
 10
-43.51665200061967
 20
-24.997954113786104
 10
-43.57118550146075
 20
-25.063312041825654
 10
-43.62547501080948
 20
-25.129045971009397
 10
-43.67952208373342
 20
-25.19515195856354
 10
-43.73332818683908
 20
-25.26162621335844
 10
-43.786894703906746
 20
-25.328465086208055
 10
-43.84022294104494
 20
-25.395665060996844
 10
-43.893314131415785
 20
-25.46322274654668
 10
-43.850654046300114
 20
-25.533785645571292
 10
-43.807877122539566
 20
-25.60427785410936
 10
-43.764983487167484
 20
-25.674699184404364
 10
-43.7219732675282
 20
-25.745049448951256
 10
-43.67884659127644
 20
-25.815328460496982
 10
-43.59336630253923
 20
-25.800927253151787
 10
-43.508092908599984
 20
-25.78614996321579
 10
-43.4230288946329
 20
-25.770993958878172
 10
-43.338176823989514
 20
-25.755456486692157
 10
-43.25353934329034
 20
-25.739534663666326
 10
-43.1691191879795
 20
-25.72322546863657
 10
-43.08491918839734
 20
-25.706525732833075
 10
-43.00094227643489
 20
-25.68943212954392
 10
-42.917191492842875
 20
-25.671941162761048
 10
-42.833669995280346
 20
-25.654049154677292
 10
-42.750381067201694
 20
-25.635752231880893
 10
-42.667328127696486
 20
-25.617046310068897
 10
-42.584514742417795
 20
-25.597927077069407
 10
-42.50194463575741
 20
-25.57838997392602
 10
-42.46488818002426
 20
-25.63743702318039
 10
-42.42774722161406
 20
-25.696431014529963
 10
-42.390521842950626
 20
-25.755371830883224
 10
-42.353212126624335
 20
-25.814259355289582
 10
-42.31581815539182
 20
-25.873093470939576
 10
-42.31581815539183
 20
-25.87309347093955
 10
-42.3701078324423
 20
-25.937424969733755
 10
-42.424126701813016
 20
-26.002156969634097
 10
-42.47787732258576
 20
-26.06728417897691
 10
-42.53136209812012
 20
-26.132801554905512
 10
-42.58458328796159
 20
-26.198704284284887
 10
-42.637543018530494
 20
-26.26498776657195
 10
-42.69024329274699
 20
-26.331647598392394
 10
-42.742685998724305
 20
-26.39867955961215
 10
-42.79487291764247
 20
-26.466079600723095
 10
-42.846805730899035
 20
-26.533843831388516
 10
-42.89848602661977
 20
-26.601968510014878
 10
-42.949915305600435
 20
-26.670450034235937
 10
-43.00109498674237
 20
-26.739284932208683
 10
-43.05202641203536
 20
-26.808469854635163
 10
-43.00714060686406
 20
-26.877639754747573
 10
-42.96214046147936
 20
-26.94673539601699
 10
-42.917026108784
 20
-27.015756595613173
 10
-42.87179768197913
 20
-27.084703170966634
 10
-42.82645531456361
 20
-27.153574939769253
 10
-42.741458241438174
 20
-27.13648910852276
 10
-42.656679921966145
 20
-27.119033961632688
 10
-42.572122923577865
 20
-27.10120694747107
 10
-42.48778989571651
 20
-27.08300539532216
 10
-42.40368357517914
 20
-27.064426507639578
 10
-42.31980679194338
 20
-27.045467351599555
 10
-42.23616247553775
 20
-27.026124849865933
 10
-42.15275366202184
 20
-27.006395770470867
 10
-42.06958350165353
 20
-26.98627671569915
 10
-41.986655267332
 20
-26.96576410984766
 10
-41.903972363919834
 20
-26.944854185709797
 10
-41.82153833856527
 20
-26.923542969609702
 10
-41.739356892165596
 20
-26.901826264781047
 10
-41.65743189213899
 20
-26.879699632848254
 10
-41.61851465523201
 20
-26.93753845697917
 10
-41.57951478880362
 20
-26.995321651119777
 10
-41.54043237890904
 20
-27.053049101367705
 10
-41.50126751176294
 20
-27.110720693966368
 10
-41.46202027373908
 20
-27.168336315305343
 10
-41.4620202737391
 20
-27.16833631530532
 10
-41.51425374477379
 20
-27.2343356640564
 10
-41.56620385121236
 20
-27.30072673359425
 10
-41.61787332076676
 20
-27.367504317289235
 10
-41.669264717560516
 20
-27.434663452230865
 10
-41.72038045463948
 20
-27.502199400531282
 10
-41.771222805201546
 20
-27.570107632544754
 10
-41.821793912708785
 20
-27.638383811758995
 10
-41.8720958000203
 20
-27.707023781150436
 10
-41.9221303776644
 20
-27.776023550827244
 10
-41.97189945135114
 20
-27.84537928680839
 10
-42.02140472881205
 20
-27.91508730080813
 10
-42.07064782604276
 20
-27.985144040914136
 10
-42.11963027301325
 20
-28.05554608306112
 10
-42.16835351890286
 20
-28.126290123215433
 10
-42.12129108850653
 20
-28.193999232378648
 10
-42.07411692704696
 20
-28.26163061073424
 10
-42.02683117305128
 20
-28.32918408055045
 10
-41.97943396533219
 20
-28.39665946436481
 10
-41.93192544298722
 20
-28.4640565849847
 10
-41.847497280901464
 20
-28.444303227290455
 10
-41.76329949588857
 20
-28.424187686310084
 10
-41.679334734809736
 20
-28.403707492975517
 10
-41.595605730283644
 20
-28.382860061794087
 10
-41.512115306270985
 20
-28.36164268327949
 10
-41.42886638416695
 20
-28.340052515694254
 10
-41.3458619894618
 20
-28.318086576021944
 10
-41.26310525903956
 20
-28.29574173007457
 10
-41.18059944919471
 20
-28.273014681626176
 10
-41.098347944460144
 20
-28.249901960446778
 10
-41.01635426735455
 20
-28.226399909089615
 10
-40.93462208917498
 20
-28.20250466826096
 10
-40.853155241983316
 20
-28.17821216057141
 10
-40.77195773196035
 20
-28.153518072432117
 10
-40.73122224691995
 20
-28.210092193651523
 10
-40.690406084649645
 20
-28.266608184888604
 10
-40.649509334677674
 20
-28.323065935533965
 10
-40.6085320866846
 20
-28.37946533512838
 10
-40.56747443050294
 20
-28.43580627336309
 10
-40.56747443050293
 20
-28.43580627336311
 10
-40.61760170729529
 20
-28.503408580901212
 10
-40.66743336519003
 20
-28.571393448830072
 10
-40.71697229735912
 20
-28.639755760727716
 10
-40.766221225701415
 20
-28.708490638564776
 10
-40.81518271394211
 20
-28.777593424415407
 10
-40.86385917939088
 20
-28.847059664042295
 10
-40.91225290352987
 20
-28.91688509211689
 10
-40.9603660415762
 20
-28.987065618872357
 10
-41.008200631143424
 20
-29.0575973180156
 10
-41.05575860010728
 20
-29.128476415750956
 10
-41.10304177376737
 20
-29.1996992807874
 10
-41.15005188138328
 20
-29.27126241521986
 10
-41.196790562153474
 20
-29.343162446188728
 10
-41.24325937069629
 20
-29.415396118234987
 10
-41.1940714972099
 20
-29.48157852869735
 10
-41.14477460777097
 20
-29.547679835951936
 10
-41.09536884628158
 20
-29.613699867522037
 10
-41.04585435691617
 20
-29.679638451208124
 10
-40.99623128412091
 20
-29.745495415088172
 10
-40.91245714024027
 20
-29.723094426701365
 10
-40.828924749932455
 20
-29.700338743934243
 10
-40.74563683660025
 20
-29.677225982547377
 10
-40.66259621305414
 20
-29.65375364465197
 10
-40.579805787334394
 20
-29.62991911132141
 10
-40.497268569062506
 20
-29.605719634531233
 10
-40.414987676384975
 20
-29.58115232834707
 10
-40.332966343582186
 20
-29.556214159268396
 10
-40.251207929426
 20
-29.53090193562196
 10
-40.169715926382935
 20
-29.50521229588145
 10
-40.08849397077597
 20
-29.47914169577068
 10
-40.00754585403604
 20
-29.452686393982802
 10
-39.926875535197915
 20
-29.42584243631994
 10
-39.84648715482225
 20
-29.39860563802188
 10
-39.803977678165666
 20
-29.45386020674317
 10
-39.76138955215614
 20
-29.509054219786275
 10
-39.71872286963417
 20
-29.56418756992845
 10
-39.67597772358534
 20
-29.61926015010117
 10
-39.63315420713992
 20
-29.674271853390252
 10
-39.63315420713992
 20
-29.674271853390252
 10
-39.68112735003612
 20
-29.74341079182641
 10
-39.728792933748565
 20
-29.812922761330277
 10
-39.776154013574
 20
-29.882802740727847
 10
-39.823213466040144
 20
-29.95304594167984
 10
-39.86997400257951
 20
-30.023647790817662
 10
-39.91643818180297
 20
-30.094603913709772
 10
-39.96260842055195
 20
-30.16591012042559
 10
-40.00848700388021
 20
-30.237562392498432
 10
-40.05407609409482
 20
-30.30955687111869
 10
-40.09937773896685
 20
-30.381889846412594
 10
-40.14439387920671
 20
-30.454557747681942
 10
-40.189126355286795
 20
-30.52755713449729
 10
-40.23357691368239
 20
-30.600884688551556
 10
-40.27774721259276
 20
-30.67453720619297
 10
-40.22648707315142
 20
-30.739128952812283
 10
-40.17512073399339
 20
-30.803636326261422
 10
-40.12364834414257
 20
-30.868059159460028
 10
-40.072070052882076
 20
-30.93239728561178
 10
-40.02038600975351
 20
-30.99665053820473
 10
-39.93735030347788
 20
-30.971624590475464
 10
-39.85456746928826
 20
-30.946251784610013
 10
-39.77204030418081
 20
-30.920529823357857
 10
-39.68977169811216
 20
-30.894456298702107
 10
-39.60776464005262
 20
-30.868028684659226
 10
-39.5260222245896
 20
-30.841244329424004
 10
-39.444547659147005
 20
-30.8141004467816
 10
-39.36334427189615
 20
-30.786594106697134
 10
-39.28241552044498
 20
-30.758722224978712
 10
-39.20176500140663
 20
-30.730481551894396
 10
-39.121396460964455
 20
-30.70186865960333
 10
-39.04131380657016
 20
-30.672879928238306
 10
-38.96152111993574
 20
-30.643511530448727
 10
-38.88202267150798
 20
-30.613759414178805
 10
-38.83778510368251
 20
-30.667641255667238
 10
-38.79347098636874
 20
-30.721460192057638
 10
-38.74908041555692
 20
-30.775216119597683
 10
-38.70461348737513
 20
-30.828908934692752
 10
-38.66007029808871
 20
-30.88253853390613
 10
-38.660070298088705
 20
-30.882538533906125
 10
-38.70584344948677
 20
-30.953146401137776
 10
-38.75129742632321
 20
-31.02411741262993
 10
-38.79643544252677
 20
-31.095446647358397
 10
-38.84126052595684
 20
-31.167129411352
 10
-38.88577553263682
 20
-31.239161220270443
 10
-38.92998315952999
 20
-31.311537783767463
 10
-38.97388595604354
 20
-31.384254991412266
 10
-39.01748633441882
 20
-31.457308899975008
 10
-39.060786579142025
 20
-31.530695721912558
 10
-39.1037888554906
 20
-31.60441181491257
 10
-39.14649521731441
 20
-31.678453672374946
 10
-39.18890761413735
 20
-31.75281791472574
 10
-39.231027897653256
 20
-31.827501281472514
 10
-39.27285782768104
 20
-31.902500623922304
 10
-39.219580500839086
 20
-31.96543973672667
 10
-39.16619988675182
 20
-32.028291311410186
 10
-39.1127161393099
 20
-32.09105518641445
 10
-39.05912941264987
 20
-32.153731200471114
 10
-39.005439861153484
 20
-32.216319192602285
 10
-38.92322622558811
 20
-32.18869370563401
 10
-38.84127631199376
 20
-32.16072953457958
 10
-38.75959298795839
 20
-32.13242447122799
 10
-38.678179217482636
 20
-32.103776199589376
 10
-38.597038067257365
 20
-32.07478228888959
 10
-38.516172713512184
 20
-32.04544018592762
 10
-38.435586449502495
 20
-32.015747206720036
 10
-38.355282693713896
 20
-31.985700527345085
 10
-38.27526499887367
 20
-31.955297173885413
 10
-38.1955370618744
 20
-31.92453401135289
 10
-38.11610273473075
 20
-31.893407731459728
 10
-38.03696603671166
 20
-31.86191483907753
 10
-37.95813116781417
 20
-31.830051637198224
 10
-37.879602523775006
 20
-31.797814210178203
 10
-37.833684328742486
 20
-31.850271866246427
 10
-37.78769175244635
 20
-31.902664345830306
 10
-37.74162489386323
 20
-31.95499154872166
 10
-37.695483852100175
 20
-32.00725337487318
 10
-37.649268726394226
 20
-32.059449724398455
 10
-37.649268726394226
 20
-32.05944972439845
 10
-37.692798142484385
 20
-32.13145750666322
 10
-37.73599710392513
 20
-32.203818200603465
 10
-37.7788689796341
 20
-32.27652699010417
 10
-37.82141694536185
 20
-32.34957928010485
 10
-37.86364399846917
 20
-32.422970679635945
 10
-37.905552971191085
 20
-32.49669698659408
 10
-37.94714654258066
 20
-32.570754174033894
 10
-37.98842724929621
 20
-32.64513837778869
 10
-38.02939749537157
 20
-32.7198458852592
 10
-38.070059561089
 20
-32.79487312523343
 10
-38.11041561105771
 20
-32.87021665861864
 10
-38.15046770158647
 20
-32.945873169984324
 10
-38.190217787427926
 20
-33.021839459826836
 10
-38.22966772796099
 20
-33.09811243747937
 10
-38.17443009928971
 20
-33.15933898847268
 10
-38.119092187160334
 20
-33.220474943681936
 10
-38.06365415007417
 20
-33.28152014718078
 10
-38.008116146765126
 20
-33.342474443338276
 10
-37.952478336199086
 20
-33.4033376768192
 10
-37.87116952082475
 20
-33.37314078854581
 10
-37.790134998471274
 20
-33.34261371821217
 10
-37.7093777042686
 20
-33.311754348587804
 10
-37.628900673107964
 20
-33.28056045775165
 10
-37.54870704613708
 20
-33.24902971228789
 10
-37.46880007784636
 20
-33.21715965986307
 10
-37.3891831438156
 20
-33.184947721110824
 10
-37.30985974920311
 20
-33.15239118073898
 10
-37.230833538069824
 20
-33.11948717776151
 10
-37.152108303647076
 20
-33.08623269474159
 10
-37.07368799967371
 20
-33.05262454591427
 10
-36.9955767529491
 20
-33.01865936403459
 10
-36.91777887727451
 20
-32.98433358577087
 10
-36.84029888898553
 20
-32.94964343543022
 10
-36.79274901333026
 20
-33.000627201202775
 10
-36.74512698935626
 20
-33.0515435986752
 10
-36.697432918862994
 20
-33.10239253124751
 10
-36.6496669037729
 20
-33.15317390248314
 10
-36.60182904613115
 20
-33.20388761610911
 10
-36.60182904613117
 20
-33.20388761610909
 10
-36.64307312699417
 20
-33.277225050551664
 10
-36.68397581827876
 20
-33.35090483024812
 10
-36.72454064010639
 20
-33.42492224860507
 10
-36.76477091254224
 20
-33.499272813876
 10
-36.8046697709005
 20
-33.57395223267271
 10
-36.84424017948256
 20
-33.648956395166415
 10
-36.88348494394745
 20
-33.724281361763495
 10
-36.92240672248447
 20
-33.799923351072565
 10
-36.96100803593261
 20
-33.875878729007184
 10
-36.99929127697024
 20
-33.95214399889075
 10
-37.0372587184823
 20
-34.02871579244806
 10
-37.07491252119625
 20
-34.10559086158507
 10
-37.11225474066714
 20
-34.182766070870336
 10
-37.14928733368079
 20
-34.26023839064348
 10
-37.092148000998
 20
-34.31969453490207
 10
-37.03491147503346
 20
-34.379057134981956
 10
-36.97757791864342
 20
-34.43832604068378
 10
-36.92014749490347
 20
-34.49750110210825
 10
-36.86262036710782
 20
-34.556582169656146
 10
-36.78229814187334
 20
-34.5238447009056
 10
-36.702260492107996
 20
-34.490785869994504
 10
-36.622510417390664
 20
-34.45740365250454
 10
-36.54305102030368
 20
-34.42369592251185
 10
-36.46388551313911
 20
-34.38966044599049
 10
-36.385017225214725
 20
-34.355294873616316
 10
-36.30644961087239
 20
-34.32059673289925
 10
-36.22818625824261
 20
-34.28556341956196
 10
-36.15023089887142
 20
-34.25019218806997
 10
-36.07258741832161
 20
-34.21448014120296
 10
-35.995259867877685
 20
-34.178424218540165
 10
-35.91825247750663
 20
-34.14202118370971
 10
-35.84156967025192
 20
-34.10526761022789
 10
-35.76521607827014
 20
-34.06815986572128
 10
-35.71608487021866
 20
-34.117621821526235
 10
-35.666883807878676
 20
-34.16701429810598
 10
-35.61761299570954
 20
-34.21633720252285
 10
-35.56827253828627
 20
-34.26559044200497
 10
-35.51886254029927
 20
-34.314773923946184
 10
-35.51886254029927
 20
-34.314773923946184
 10
-35.557781858458085
 20
-34.38936956117632
 10
-35.59634920662511
 20
-34.46429665554971
 10
-35.63456825220604
 20
-34.539550614456495
 10
-35.67244245587551
 20
-34.615127053725146
 10
-35.7099750873942
 20
-34.691021781623824
 10
-35.747169239806254
 20
-34.76723078450151
 10
-35.78402784222329
 20
-34.843750213859934
 10
-35.82055367137062
 20
-34.92057637467844
 10
-35.85674936204464
 20
-34.997705714840855
 10
-35.89261741660994
 20
-35.07513481553461
 10
-35.92816021364586
 20
-35.152860382510255
 10
-35.96338001583771
 20
-35.230879238105985
 10
-35.99827897719517
 20
-35.30918831395246
 10
-36.03285914966939
 20
-35.38778464428668
 10
-35.97387832834656
 20
-35.44541465543367
 10
-35.914803485396966
 20
-35.502948284967744
 10
-35.85563478777746
 20
-35.5603853884968
 10
-35.79637240265104
 20
-35.61772582193249
 10
-35.737016497386236
 20
-35.67496944149034
 10
-35.657761558442104
 20
-35.639724857118374
 10
-35.578801179492274
 20
-35.60416803801061
 10
-35.50013842143317
 20
-35.56829705428332
 10
-35.421776451297966
 20
-35.53210987782535
 10
-35.343718549166795
 20
-35.495604375915235
 10
-35.26596811570486
 20
-35.45877830425837
 10
-35.188528680404026
 20
-35.42162929937413
 10
-35.11140391061356
 20
-35.38415487025419
 10
-35.03459762145962
 20
-35.34635238919927
 10
-34.958113786768465
 20
-35.30821908172871
 10
-34.88195655112733
 20
-35.26975201543869
 10
-34.806130243238975
 20
-35.23094808766506
 10
-34.730639390753076
 20
-35.19180401178123
 10
-34.65548873679039
 20
-35.15231630193183
 10
-34.60482786552349
 20
-35.20021034041202
 10
-34.55409949147091
 20
-35.248032870740296
 10
-34.50330372159016
 20
-35.29578380368641
 10
-34.45244066294737
 20
-35.343463050187545
 10
-34.40151042271678
 20
-35.391070521348496
 10
-34.40151042271678
 20
-35.391070521348496
 10
-34.43806775023575
 20
-35.466851787980794
 10
-34.474262890712566
 20
-35.542953314282464
 10
-34.51009965479098
 20
-35.61937062593614
 10
-34.54558163992899
 20
-35.6960994504607
 10
-34.58071224671081
 20
-35.773135701717564
 10
-34.61549469348851
 20
-35.85047546600529
 10
-34.64993202956613
 20
-35.92811498953948
 10
-34.68402714710699
 20
-36.006050667146354
 10
-34.7177827919183
 20
-36.084279032023524
 10
-34.75120157324533
 20
-36.16279674644221
 10
-34.784285972688274
 20
-36.24160059328307
 10
-34.81703835234036
 20
-36.32068746831238
 10
-34.84946096223187
 20
-36.40005437311761
 10
-34.88155594715425
 20
-36.47969840863229
 10
-34.82079537593673
 20
-36.535448708814634
 10
-34.75994403135375
 20
-36.59109990232083
 10
-34.69900208421107
 20
-36.64665185063175
 10
-34.63796970550749
 20
-36.70210441553507
 10
-34.57684706643443
 20
-36.757457459125334
 10
-34.498738943720895
 20
-36.71974182531782
 10
-34.420935058729754
 20
-36.68172338115367
 10
-34.34343853050973
 20
-36.643400292897994
 10
-34.2662525872686
 20
-36.6047706319555
 10
-34.18938057347968
 20
-36.56583236870735
 10
-34.11282595763452
 20
-36.52658336578783
 10
-34.03659234071875
 20
-36.487021370733515
 10
-33.960683465499564
 20
-36.44714400792855
 10
-33.885103226727615
 20
-36.40694876975666
 10
-33.809855682370646
 20
-36.36643300685789
 10
-33.734945066017545
 20
-36.325593917370284
 10
-33.66037580061272
 20
-36.284428535017035
 10
-33.58615251370934
 20
-36.24293371587594
 10
-33.51228005446374
 20
-36.201106123638084
 10
-33.46014243009122
 20
-36.24738797220696
 10
-33.40793970833354
 20
-36.29359636659797
 10
-33.3556719984871
 20
-36.33973122132398
 10
-33.303339409949615
 20
-36.38579245106679
 10
-33.250942052220005
 20
-36.43177997067708
 10
-33.25094205221999
 20
-36.43177997067709
 10
-33.2851023864413
 20
-36.50867323185508
 10
-33.31889068827579
 20
-36.585875258343044
 10
-33.352310907440604
 20
-36.66338169826929
 10
-33.3853667742373
 20
-36.741188394810806
 10
-33.41806181634187
 20
-36.81929137121898
 10
-33.45039937387515
 20
-36.897686817380006
 10
-33.482382612973005
 20
-36.976371077714674
 10
-33.51401453804233
 20
-37.05534064025087
 10
-33.54529800286145
 20
-37.134592126727604
 10
-33.57623572066107
 20
-37.214122283609036
 10
-33.606830273302045
 20
-37.29392797390411
 10
-33.637084119651874
 20
-37.37400616970176
 10
-33.66699960324642
 20
-37.45435394534345
 10
-33.69657895931371
 20
-37.53496847116533
 10
-33.63410180707449
 20
-37.58878765569765
 10
-33.57153720152499
 20
-37.64250512199996
 10
-33.508885317071616
 20
-37.69612073747811
 10
-33.44614632830124
 20
-37.74963436984701
 10
-33.38332040998052
 20
-37.80304588713071
 10
-33.306437376877454
 20
-37.76289782498772
 10
-33.229867944001484
 20
-37.722456663054174
 10
-33.15361528535953
 20
-37.68172066525063
 10
-33.07768268702623
 20
-37.640688004089526
 10
-33.00207355443969
 20
-37.599356754737244
 10
-32.92679142036038
 20
-37.55772488853648
 10
-32.85183995357249
 20
-37.51579026592395
 10
-32.77722296841879
 20
-37.47355062866995
 10
-32.70294443527374
 20
-37.431003591353765
 10
-32.62900849207634
 20
-37.38814663197632
 10
-32.55541945706428
 20
-37.344977081594884
 10
-32.482181842873764
 20
-37.30149211284566
 10
-32.409300372199
 20
-37.257688727196445
 10
-32.33677999523876
 20
-37.213563740743965
 10
-32.28321968979195
 20
-37.25819097954507
 10
-32.229596742737506
 20
-37.302742901747415
 10
-32.17591126555389
 20
-37.34721942563417
 10
-32.12216336981401
 20
-37.39162046965845
 10
-32.06835316718489
 20
-37.435945952443255
 10
-32.06835316718491
 20
-37.43594595244325
 10
-32.10008375518757
 20
-37.51387657436272
 10
-32.131432845009314
 20
-37.5921041829512
 10
-32.16240452116491
 20
-37.6706245527781
 10
-32.193002642753726
 20
-37.749433646496755
 10
-32.22323086071008
 20
-37.828527600402815
 10
-32.25309263328671
 20
-37.907902711473106
 10
-32.28259123999694
 20
-37.98755542569594
 10
-32.31172979420648
 20
-38.06748232753261
 10
-32.34051125453813
 20
-38.14768013037371
 10
-32.368938435228735
 20
-38.22814566787313
 10
-32.39701401555864
 20
-38.30887588605888
 10
-32.42474054845745
 20
-38.389867836134115
 10
-32.45212046837563
 20
-38.471118667892924
 10
-32.47915609850075
 20
-38.55262562368525
 10
-32.41502687233069
 20
-38.6044644805609
 10
-32.35081357996673
 20
-38.65619912204002
 10
-32.286516399172676
 20
-38.70782942149212
 10
-32.2221355078802
 20
-38.759355252597466
 10
-32.15767108418842
 20
-38.810776489347056
 10
-32.082090069425504
 20
-38.76823712487659
 10
-32.00683169419172
 20
-38.72541464642793
 10
-31.931899184233068
 20
-38.68230741697743
 10
-31.85729588015667
 20
-38.63891371162689
 10
-31.783025244907833
 20
-38.59523171189622
 10
-31.70909087192717
 20
-38.551259499497085
 10
-31.63549649406848
 20
-38.50699504952579
 10
-31.56224599337103
 20
-38.462436223003856
 10
-31.489343411793122
 20
-38.41758075868454
 10
-31.416792963032357
 20
-38.37242626402972
 10
-31.344599045576427
 20
-38.32697020524717
 10
-31.27276625715425
 20
-38.28120989625849
 10
-31.201299410785207
 20
-38.23514248644665
 10
-31.130203552659943
 20
-38.18876494700476
 10
-31.075275722440946
 20
-38.23169702256448
 10
-31.02028775331659
 20
-38.27455200322535
 10
-30.965239758794105
 20
-38.31732981105979
 10
-30.910131852468403
 20
-38.36003036831076
 10
-30.8549641480217
 20
-38.40265359739187
 10
-30.854964148021722
 20
-38.402653597391854
 10
-30.884234509881832
 20
-38.48154600984997
 10
-30.913114294672678
 20
-38.56072335876011
 10
-30.94160771732775
 20
-38.640181548969245
 10
-30.96971876159968
 20
-38.719916666274266
 10
-30.997451197752962
 20
-38.79992496352603
 10
-31.02480859844449
 20
-38.88020284815822
 10
-31.051794353023254
 20
-38.96074687095887
 10
-31.078411680444926
 20
-39.04155371593026
 10
-31.104663640968987
 20
-39.12262019110611
 10
-31.130553146781025
 20
-39.20394322021331
 10
-31.15608297166397
 20
-39.285519835081075
 10
-31.181255759824282
 20
-39.367347168714346
 10
-31.20607403396535
 20
-39.44942244895856
 10
-31.230540202688474
 20
-39.53174299269305
 10
-31.164824657703033
 20
-39.58155451719907
 10
-31.099028496067945
 20
-39.63125944415995
 10
-31.03315189866663
 20
-39.68085765293511
 10
-30.967195046538293
 20
-39.730349023195814
 10
-30.901158120877245
 20
-39.77973343492511
 10
-30.826954622894796
 20
-39.73484634558807
 10
-30.753082473005332
 20
-39.68968639224105
 10
-30.67954494545428
 20
-39.64425203821171
 10
-30.606345432023986
 20
-39.59854166256406
 10
-30.53348744968482
 20
-39.552553554626776
 10
-30.46097464894203
 20
-39.50628590802379
 10
-30.388810822960977
 20
-39.45973681414813
 10
-30.316999917566694
 20
-39.412904255010375
 10
-30.245546042227392
 20
-39.36578609538335
 10
-30.174453482149307
 20
-39.31838007415149
 10
-30.103726711631506
 20
-39.270683794759215
 10
-30.033370408852985
 20
-39.222694714634244
 10
-29.963389472295383
 20
-39.174410133440915
 10
-29.893789039040044
 20
-39.125827179992214
 10
-29.837549848645423
 20
-39.16702541478555
 10
-29.781253065602478
 20
-39.2081448608386
 10
-29.724898805297983
 20
-39.24918544402416
 10
-29.668487183199762
 20
-39.290147090385915
 10
-29.61201831485635
 20
-39.33102972613853
 10
-29.612018314856364
 20
-39.33102972613852
 10
-29.63880026577953
 20
-39.41080748514518
 10
-29.66518295452663
 20
-39.49085787159511
 10
-29.691170721975247
 20
-39.57117692428959
 10
-29.716767672295067
 20
-39.65176085568426
 10
-29.741977691064793
 20
-39.732606038551765
 10
-29.766804461533503
 20
-39.813708994011485
 10
-29.791251479262982
 20
-39.89506638075228
 10
-29.81532206535199
 20
-39.97667498529992
 10
-29.839019378413536
 20
-40.05853171320331
 10
-29.862346425451992
 20
-40.14063358103132
 10
-29.885306071765694
 20
-40.22297770908726
 10
-29.907901049984872
 20
-40.30556131476045
 10
-29.930133968338293
 20
-40.38838170644602
 10
-29.952007318231427
 20
-40.47143627797156
 10
-29.884772369449113
 20
-40.519175682677485
 10
-29.8174603114727
 20
-40.56680622310567
 10
-29.750071328074075
 20
-40.614327784620144
 10
-29.682605603169055
 20
-40.66174025289717
 10
-29.615063320816752
 20
-40.709043513925266
 10
-29.542311324756536
 20
-40.66185467188637
 10
-29.46989904751899
 20
-40.61440346874392
 10
-29.3978298085922
 20
-40.56668846936902
 10
-29.326107047558004
 20
-40.51870815805358
 10
-29.254734331909177
 20
-40.470460933278865
 10
-29.183715365577488
 20
-40.42194510200852
 10
-29.11305399825729
 20
-40.373158873448844
 10
-29.04275423562198
 20
-40.32410035221165
 10
-28.97282025054617
 20
-40.274767530803835
 10
-28.90325639546319
 20
-40.225158281356876
 10
-28.834067216009966
 20
-40.17527034649479
 10
-28.76525746613529
 20
-40.12510132922203
 10
-28.69683212487932
 20
-40.07464868169284
 10
-28.62879641506795
 20
-40.02390969269832
 10
-28.571302963380887
 20
-40.06333729087627
 10
-28.513754505582405
 20
-40.102684491102636
 10
-28.456151158794086
 20
-40.14195122305458
 10
-28.398493040212074
 20
-40.18113741658028
 10
-28.340780267106965
 20
-40.220243001698755
 10
-28.340780267106933
 20
-40.22024300169878
 10
-28.365047938495355
 20
-40.30082885219674
 10
-28.388908062790016
 20
-40.38167477517947
 10
-28.41236510224972
 20
-40.462776946918545
 10
-28.43542327714049
 20
-40.544131709891424
 10
-28.458086584258314
 20
-40.62573556001412
 10
-28.480358813554453
 20
-40.70758513518261
 10
-28.50224356310578
 20
-40.789677204956256
 10
-28.523744252635012
 20
-40.87200866124133
 10
-28.544864135756168
 20
-40.95457650985407
 10
-28.565606311095024
 20
-41.03737786285971
 10
-28.585973732413475
 20
-41.12040993159845
 10
-28.60596921784945
 20
-41.20367002032155
 10
-28.625595458368668
 20
-41.28715552037107
 10
-28.644855025512353
 20
-41.37086390484491
 10
-28.57616866213057
 20
-41.416488625266624
 10
-28.50740875053793
 20
-41.46200233027621
 10
-28.43857547717086
 20
-41.50740491124616
 10
-28.369669028598274
 20
-41.55269625986113
 10
-28.300689591521063
 20
-41.59787626811794
 10
-28.229461489015158
 20
-41.54843398037019
 10
-28.15858113156474
 20
-41.49874007604
 10
-28.088051880630424
 20
-41.448793222632496
 10
-28.01787722020277
 20
-41.39859201082762
 10
-27.94806076477771
 20
-41.34813494949357
 10
-27.878606268057133
 20
-41.29742046024695
 10
-27.80951763246125
 20
-41.24644687150523
 10
-27.74079891955202
 20
-41.19521241196963
 10
-27.6724543614824
 20
-41.14371520346637
 10
-27.604488373604188
 20
-41.091953253063366
 10
-27.536905568389074
 20
-41.039924444365646
 10
-27.469710770842987
 20
-40.987626527876806
 10
-27.402909035625346
 20
-40.93505711029406
 10
-27.336505666122054
 20
-40.8822136425812
 10
-27.277815914540824
 20
-40.919835692133546
 10
-27.219073780496306
 20
-40.957375819171276
 10
-27.160279382705127
 20
-40.99483395717346
 10
-27.101432839952324
 20
-41.03221003978981
 10
-27.04253427109117
 20
-41.06950400084072
 10
-27.042534271091192
 20
-41.069504000840716
 10
-27.064264130596946
 20
-41.15081993959012
 10
-27.085578564232804
 20
-41.23238316279558
 10
-27.106482150994733
 20
-41.31418998755453
 10
-27.126979222846746
 20
-41.3962368895768
 10
-27.14707388363039
 20
-41.478520490998555
 10
-27.166770026037685
 20
-41.5610375494452
 10
-27.1860713468939
 20
-41.64378494818475
 10
-27.20498136096028
 20
-41.72675968723537
 10
-27.22350341343524
 20
-41.809958875312695
 10
-27.241640691306788
 20
-41.89337972251791
 10
-27.25939623368853
 20
-41.97701953368116
 10
-27.276772941252315
 20
-42.06087570228766
 10
-27.293773584856346
 20
-42.14494570492251
 10
-27.310400813454567
 20
-42.229227096179
 10
-27.240332015816435
 20
-42.272696792447626
 10
-27.170193280241968
 20
-42.316053437751975
 10
-27.099984795616212
 20
-42.35929692946711
 10
-27.02970675094573
 20
-42.40242716527976
 10
-26.959359335358137
 20
-42.445444043188125
 10
-26.88972584727087
 20
-42.39379888872979
 10
-26.82044777973814
 20
-42.3419130924157
 10
-26.751528532912996
 20
-42.28978542537592
 10
-26.68297163179249
 20
-42.23741458573499
 10
-26.614780734343263
 20
-42.184799193874554
 10
-26.54695964036619
 20
-42.131937787265414
 10
-26.479512301187924
 20
-42.07882881481718
 10
-26.412442830280778
 20
-42.025470630686854
 10
-26.34575551492768
 20
-41.971861487477916
 10
-26.279454829067653
 20
-41.9179995287509
 10
-26.213545447479294
 20
-41.86388278075402
 10
-26.148032261485582
 20
-41.80950914326622
 10
-26.082920396395842
 20
-41.75487637942731
 10
-26.018215230938377
 20
-41.699982104407
 10
-25.958387934079372
 20
-41.73576557605806
 10
-25.89851091246408
 20
-41.77146568515857
 10
-25.83858428626984
 20
-41.80708236898085
 10
-25.778608175736586
 20
-41.842615564967545
 10
-25.718582701166515
 20
-41.878065210731364
 10
-25.71858270116653
 20
-41.87806521073134
 10
-25.73775357177233
 20
-41.96003254942113
 10
-25.756501549384765
 20
-42.04223416436736
 10
-25.774831325018713
 20
-42.124666516688784
 10
-25.792747337866498
 20
-42.20732621838613
 10
-25.81025379457552
 20
-42.290210020747764
 10
-25.827354686551303
 20
-42.37331480394382
 10
-25.84405380553779
 20
-42.45663756765764
 10
-25.860354757688494
 20
-42.54017542262536
 10
-25.87626097631076
 20
-42.62392558297448
 10
-25.891775733439122
 20
-42.707885359266946
 10
-25.906902150372265
 20
-42.792052152166114
 10
-25.921643207288874
 20
-42.87642344665807
 10
-25.936001752043644
 20
-42.96099680676627
 10
-25.949980508230382
 20
-43.04576987070732
 10
-25.878599167740855
 20
-43.08704642559809
 10
-25.807151544803908
 20
-43.128208009359746
 10
-25.735637830545958
 20
-43.169254525355285
 10
-25.66405821620441
 20
-43.21018587725838
 10
-25.5924128931272
 20
-43.25100196905315
 10
-25.524442995391247
 20
-43.19720673330692
 10
-25.456835837155502
 20
-43.14318204916163
 10
-25.389594853978263
 20
-43.08892679226537
 10
-25.32272360845239
 20
-43.03443976914225
 10
-25.256225798473125
 20
-42.97971971270824
 10
-25.190105266257916
 20
-42.92476527737948
 10
-25.124366008207573
 20
-42.869575033723905
 10
-25.059012185711985
 20
-42.81414746260096
 10
-24.994048137019288
 20
-42.758480948724085
 10
-24.9294783903063
 20
-42.70257377357183
 10
-24.865307678110014
 20
-42.64642410756047
 10
-24.801540953307672
 20
-42.59003000137671
 10
-24.738183406863946
 20
-42.53338937635143
 10
-24.675240487603865
 20
-42.476500013734565
 10
-24.614335126685788
 20
-42.510413756890294
 10
-24.553382729849616
 20
-42.54424278174048
 10
-24.49238341860507
 20
-42.5779870293371
 10
-24.43133731451859
 20
-42.61164644090163
 10
-24.370244539213438
 20
-42.64522095782491
 10
-24.370244539213456
 20
-42.645220957824904
 10
-24.38683761736977
 20
-42.72776038647986
 10
-24.40300075214662
 20
-42.81052087592387
 10
-24.4187387417918
 20
-42.89349903433301
 10
-24.434056128191525
 20
-42.97669161290608
 10
-24.448957216496943
 20
-43.06009549487176
 10
-24.463446092740234
 20
-43.14370768562298
 10
-24.477526639696585
 20
-43.22752530383451
 10
-24.491202551209916
 20
-43.31154557344182
 10
-24.504477345167693
 20
-43.39576581637722
 10
-24.51735437528334
 20
-43.48018344597433
 10
-24.529836841823712
 20
-43.564795960963814
 10
-24.54192780139891
 20
-43.64960093999466
 10
-24.553630175917053
 20
-43.73459603662346
 10
-24.564946760793145
 20
-43.81977897472174
 10
-24.492323603004373
 20
-43.858826488420284
 10
-24.419637859564734
 20
-43.897757225858314
 10
-24.346889723643795
 20
-43.936571096364396
 10
-24.27407938851202
 20
-43.97526800957646
 10
-24.201207047540446
 20
-44.013847875441506
 10
-24.134967900213447
 20
-43.95795748211505
 10
-24.069098449366667
 20
-43.901849041051705
 10
-24.003602162672028
 20
-43.84552153321506
 10
-23.938482636902027
 20
-43.788973874384254
 10
-23.873743606331637
 20
-43.73220491092683
 10
-23.809388951904346
 20
-43.675213415187436
 10
-23.745422711253244
 20
-43.61799808044604
 10
-23.68184908968196
 20
-43.56055751539351
 10
-23.618672472226397
 20
-43.50289023806319
 10
-23.555897436936938
 20
-43.444994669148294
 10
-23.493528769544348
 20
-43.38686912462337
 10
-23.4315714796987
 20
-43.32851180757371
 10
-23.370030819004768
 20
-43.26992079912114
 10
-23.308912301115452
 20
-43.211094048313576
 10
-23.246989020197045
 20
-43.24310878439538
 10
-23.18502142053429
 20
-43.27503753034227
 10
-23.12300962484659
 20
-43.30688023096761
 10
-23.060953755904954
 20
-43.33863683125321
 10
-22.998853936531635
 20
-43.37030727634948
 10
-22.998853936531663
 20
-43.37030727634948
 10
-23.01285280936641
 20
-43.453338927106884
 10
-23.026415109846774
 20
-43.536578228810804
 10
-23.03954573860607
 20
-43.62002193957241
 10
-23.05224933563119
 20
-43.70366695254531
 10
-23.06453030021849
 20
-43.78751028554368
 10
-23.076392808885476
 20
-43.87154907172514
 10
-23.087840831498962
 20
-43.95578055120216
 10
-23.098878145841084
 20
-44.04020206346684
 10
-23.109508350801615
 20
-44.12481104053107
 10
-23.119734878358283
 20
-44.2096050006976
 10
-23.12956100448375
 20
-44.29458154288986
 10
-23.13898985909975
 20
-44.37973834147789
 10
-23.14802443518188
 20
-44.46507314154643
 10
-23.156667597106164
 20
-44.550583754557586
 10
-23.082874108152446
 20
-44.58736853655847
 10
-23.00902176792339
 20
-44.62403485170913
 10
-22.9351107714429
 20
-44.66058261527481
 10
-22.8611413138263
 20
-44.69701174282839
 10
-22.787113590279898
 20
-44.733322150250196
 10
-22.72267046993183
 20
-44.67539359084529
 10
-22.658603636062438
 20
-44.617258580014095
 10
-22.594916585163777
 20
-44.55891620473948
 10
-22.531612944768835
 20
-44.500365490813685
 10
-22.46869648197929
 20
-44.44160539887167
 10
-22.4061711127689
 20
-44.38263482006403
 10
-22.34404091215459
 20
-44.32345257132606
 10
-22.282310125341937
 20
-44.26405739019384
 10
-22.220983179967593
 20
-44.204447929109904
 10
-22.16006469958054
 20
-44.14462274915266
 10
-22.099559518527585
 20
-44.084580313112646
 10
-22.0394726984358
 20
-44.02431897782572
 10
-21.979809546517995
 20
-43.96383698565832
 10
-21.920575635967413
 20
-43.90313245502036
 10
-21.85769518117601
 20
-43.93322076853523
 10
-21.794773150490492
 20
-43.96322190356279
 10
-21.731809667723947
 20
-43.99313580865563
 10
-21.668804856735832
 20
-44.02296243253377
 10
-21.605758841431975
 20
-44.05270172408468
 10
-21.605758841431957
 20
-44.05270172408469
 10
-21.617149503035822
 20
-44.13614523541703
 10
-21.6280973890006
 20
-44.21978280634837
 10
-21.63860749744236
 20
-44.30361134764574
 10
-21.648684561802266
 20
-44.38762789702522
 10
-21.658333071112306
 20
-44.47182960938994
 10
-21.66755728818488
 20
-44.55621374806918
 10
-21.676361265991485
 20
-44.64077767693065
 10
-21.684748862454537
 20
-44.72551885325762
 10
-21.69272375384451
 20
-44.810434821298756
 10
-21.700289446945877
 20
-44.89552320641124
 10
-21.707449290133475
 20
-44.98078170972919
 10
-21.714206483480922
 20
-45.06620810329873
 10
-21.720564088006505
 20
-45.15180022562873
 10
-21.726525034149056
 20
-45.23755597761274
 10
-21.65163339066873
 20
-45.27204653616002
 10
-21.576686664323105
 20
-45.30641705120086
 10
-21.50168505181136
 20
-45.34066744390283
 10
-21.42662874991507
 20
-45.37479763573913
 10
-21.351517955497798
 20
-45.40880754848861
 10
-21.288934191022673
 20
-45.3488998096731
 10
-21.226732931411924
 20
-45.288797399815365
 10
-21.164917698684576
 20
-45.22849951252981
 10
-21.103492147714267
 20
-45.16800528428454
 10
-21.042460074874743
 20
-45.107313790698484
 10
-20.981825427471406
 20
-45.04642404250212
 10
-20.92159231405265
 20
-44.985334981121326
 10
-20.861765015709075
 20
-44.92404547383817
 10
-20.80234799848464
 20
-44.86255430847555
 10
-20.74334592704383
 20
-44.80086018754365
 10
-20.68476367976259
 20
-44.738961721776896
 10
-20.626606365437834
 20
-44.676857422977264
 10
-20.56887934184556
 20
-44.614545696066024
 10
-20.511588236416895
 20
-44.55202483022789
 10
-20.447811898266547
 20
-44.5801611579349
 10
-20.383996750230693
 20
-44.608209201753525
 10
-20.320142917106146
 20
-44.63616891395041
 10
-20.256250523731385
 20
-44.66404024695849
 10
-20.192319694986463
 20
-44.691823153376895
 10
-20.19231969498647
 20
-44.69182315337688
 10
-20.201090561763085
 20
-44.77559773483935
 10
-20.2094128792069
 20
-44.85955261588576
 10
-20.217291737964043
 20
-44.94368486250443
 10
-20.2247319602358
 20
-45.027991659434136
 10
-20.23173812033421
 20
-45.11247030103013
 10
-20.23831456313207
 20
-45.19711818306677
 10
-20.244465420675866
 20
-45.28193279535723
 10
-20.2501946271893
 20
-45.36691171508903
 10
-20.255505932661922
 20
-45.45205260078871
 10
-20.26040291518922
 20
-45.537353186842
 10
-20.264888992207197
 20
-45.62281127850527
 10
-20.26896743074529
 20
-45.70842474735387
 10
-20.272641356804506
 20
-45.79419152711901
 10
-20.27591376395431
 20
-45.880109609872484
 10
-20.199996766592815
 20
-45.91227663936072
 10
-20.12402848545389
 20
-45.944322161917334
 10
-20.04800911874279
 20
-45.97624610457346
 10
-19.971938864738572
 20
-46.008048394663824
 10
-19.895817921793718
 20
-46.03972895982669
 10
-19.835154833721596
 20
-45.9779029488888
 10
-19.774880093028074
 20
-45.91589421978643
 10
-19.714997243968032
 20
-45.853702073288346
 10
-19.655509965337366
 20
-45.79132575710812
 10
-19.596422079227573
 20
-45.72876446246809
 10
-19.537737560576545
 20
-45.6660173203513
 10
-19.479460547610255
 20
-45.60308339740352
 10
-19.421595353284673
 20
-45.53996169144305
 10
-19.364146477853758
 20
-45.476651126528374
 10
-19.30711862270944
 20
-45.41315054752672
 10
-19.250516705663152
 20
-45.34945871411692
 10
-19.194345877866702
 20
-45.285574294148695
 10
-19.1386115426048
 20
-45.2214958562675
 10
-19.083319376232645
 20
-45.15722186169715
 10
-19.018708935093386
 20
-45.18338248023686
 10
-18.954062470859636
 20
-45.20945379185229
 10
-18.88938010920851
 20
-45.23543575249675
 10
-18.82466197585441
 20
-45.26132831828844
 10
-18.759908196548764
 20
-45.28713144551054
 10
-18.759908196548775
 20
-45.28713144551054
 10
-18.766050121605332
 20
-45.37115594309159
 10
-18.771738156765245
 20
-45.455346824370636
 10
-18.776977480207535
 20
-45.539701312969186
 10
-18.781772998156512
 20
-45.624216742963206
 10
-18.78612936570757
 20
-45.708890550384695
 10
-18.79005100551965
 20
-45.79372026559462
 10
-18.793542124646397
 20
-45.87870350641616
 10
-18.79660672973678
 20
-45.963837971934
 10
-18.79924864080223
 20
-46.04912143687906
 10
-18.801471503718687
 20
-46.134551746530086
 10
-18.803278801608776
 20
-46.2201268120723
 10
-18.804673865229194
 20
-46.30584460636259
 10
-18.805659882472003
 20
-46.39170316005629
 10
-18.80623990707425
 20
-46.477700558057535
 10
-18.729370917617263
 20
-46.50751692481798
 10
-18.652454470981127
 20
-46.53721043367772
 10
-18.575490766717657
 20
-46.566781017489696
 10
-18.4984800044445
 20
-46.59622860940816
 10
-18.421422383844664
 20
-46.62555314288866
 10
-18.362739227212174
 20
-46.56187161149678
 10
-18.304449880701764
 20
-46.4980194757388
 10
-18.24655790751696
 20
-46.43399614397332
 10
-18.189067006960357
 20
-46.3698009756378
 10
-18.13198102328925
 20
-46.305433278082525
 10
-18.075303955376324
 20
-46.24089230311652
 10
-18.01903996727163
 20
-46.17617724323128
 10
-17.96319339977638
 20
-46.11128722746306
 10
-17.907768783155728
 20
-46.04622131684775
 10
-17.8527708511382
 20
-45.980978499415826
 10
-17.79820455637334
 20
-45.91555768466611
 10
-17.744075087547557
 20
-45.8499576974464
 10
-17.69038788839328
 20
-45.784177271157375
 10
-17.637148678867806
 20
-45.71821504018058
 10
-17.571766353607405
 20
-45.74237805253601
 10
-17.506350810592455
 20
-45.76645081666666
 10
-17.440902176283416
 20
-45.79043329218334
 10
-17.375420577173795
 20
-45.814325438860436
 10
-17.309906139789945
 20
-45.83812721663598
 10
-17.309906139789952
 20
-45.838127216635975
 10
-17.31341242632976
 20
-45.922320178787885
 10
-17.316459918732576
 20
-46.0066654656305
 10
-17.319053877673227
 20
-46.09116046067905
 10
-17.321199288623806
 20
-46.17580264951744
 10
-17.322900882929606
 20
-46.26058961194238
 10
-17.324163156725998
 20
-46.34551901491281
 10
-17.324990387971713
 20
-46.4305886062024
 10
-17.325386651831973
 20
-46.51579620866766
 10
-17.325355834610804
 20
-46.60113971505731
 10
-17.324901646403127
 20
-46.686617083299396
 10
-17.32402763261345
 20
-46.77222633221103
 10
-17.322737184467925
 20
-46.85796553758384
 10
-17.321033548629522
 20
-46.943832828603846
 10
-17.318919836012114
 20
-47.029826384570256
 10
-17.24117271815283
 20
-47.057267111466516
 10
-17.163381994243647
 20
-47.08458374112401
 10
-17.085547865033245
 20
-47.111776212173545
 10
-17.007670531328557
 20
-47.13884446354506
 10
-16.929750193994472
 20
-47.16578843446738
 10
-16.873104104813518
 20
-47.1003159009607
 10
-16.816856905174483
 20
-47.03468502625059
 10
-16.761012173947368
 20
-46.96889532663524
 10
-16.70557362753062
 20
-46.90294627366565
 10
-16.65054512879911
 20
-46.83683729125144
 10
-16.595930696865572
 20
-46.77056775250402
 10
-16.541734517752975
 20
-46.70413697628492
 10
-16.487960956089033
 20
-46.63754422342396
 10
-16.434614567951705
 20
-46.57078869256499
 10
-16.38170011501476
 20
-46.503869515591276
 10
-16.329222580166842
 20
-46.4367857525746
 10
-16.277187184806
 20
-46.369536386182276
 10
-16.225599408047245
 20
-46.302120315465636
 10
-16.174465008122688
 20
-46.234536348939336
 10
-16.108373407903432
 20
-46.25668167009645
 10
-16.04225141172579
 20
-46.278735882806274
 10
-15.97609914674281
 20
-46.300698950307186
 10
-15.9099167401366
 20
-46.322570835999855
 10
-15.843704319118173
 20
-46.34435150344717
 10
-15.843704319118189
 20
-46.34435150344718
 10
-15.844570732783268
 20
-46.428631247869646
 10
-15.844973887258732
 20
-46.51304912755274
 10
-15.844919120642814
 20
-46.597602688016536
 10
-15.844411492846193
 20
-46.68228956838196
 10
-15.843455806897788
 20
-46.76710749416365
 10
-15.84205662806822
 20
-46.85205427080174
 10
-15.840218301088731
 20
-46.93712777783872
 10
-15.837944965702219
 20
-47.02232596366099
 10
-15.835240570747429
 20
-47.10764684073711
 10
-15.832108886949026
 20
-47.19308848129423
 10
-15.82855351856179
 20
-47.27864901338249
 10
-15.82457791399725
 20
-47.36432661728379
 10
-15.820185375543645
 20
-47.450119522227695
 10
-15.815379068275924
 20
-47.53602600338141
 10
-15.736828131974761
 20
-47.56106825363539
 10
-15.658237462489279
 20
-47.5859852780897
 10
-15.579607261624703
 20
-47.61077702110834
 10
-15.500937731237514
 20
-47.635443427352044
 10
-15.422229073235071
 20
-47.65998444177816
 10
-15.367675018580801
 20
-47.592787112213884
 10
-15.313524546344624
 20
-47.52544384244146
 10
-15.259781247787291
 20
-47.45795425696507
 10
-15.20644885299793
 20
-47.3903179397513
 10
-15.153531239925796
 20
-47.32253443160977
 10
-15.101032444233562
 20
-47.25460322733552
 10
-15.048956670069582
 20
-47.18652377258507
 10
-14.997308301872325
 20
-47.11829546045324
 10
-14.946091917336346
 20
-47.04991762771331
 10
-14.895312301690641
 20
-46.98138955067639
 10
-14.84497446346427
 20
-46.91271044061998
 10
-14.795083651943234
 20
-46.84387943872583
 10
-14.745645376558388
 20
-46.77489561045799
 10
-14.696665428486353
 20
-46.70575793929908
 10
-14.629927507659861
 20
-46.725867281468055
 10
-14.563162027171934
 20
-46.745884735376514
 10
-14.49636911478346
 20
-46.76581026786035
 10
-14.429548898280668
 20
-46.78564384591644
 10
-14.362701505475123
 20
-46.80538543670249
 10
-14.362701505475092
 20
-46.805385436702494
 10
-14.36092628557337
 20
-46.88967011794817
 10
-14.35868378316764
 20
-46.97407862724649
 10
-14.355979408675902
 20
-47.05860867408661
 10
-14.352818291608008
 20
-47.14325805301594
 10
-14.349205302081295
 20
-47.228024637087685
 10
-14.34514507013227
 20
-47.31290637198019
 10
-14.340642003105035
 20
-47.39790127070283
 10
-14.335700301355315
 20
-47.483007408815254
 10
-14.33032397247324
 20
-47.5682229200983
 10
-14.324516844199163
 20
-47.65354599262338
 10
-14.318282576182453
 20
-47.738974865174406
 10
-14.311624670712474
 20
-47.824507823983126
 10
-14.304546482534189
 20
-47.910143199743416
 10
-14.297051227845666
 20
-47.995879364874945
 10
-14.21777117719605
 20
-48.018502425534486
 10
-14.138455285348334
 20
-48.0409992417492
 10
-14.059103755033158
 20
-48.063369763571636
 10
-13.979716789025801
 20
-48.085613941348875
 10
-13.900294590145862
 20
-48.10773172572223
 10
-13.847885321866114
 20
-48.038877413903556
 10
-13.7958839394367
 20
-47.969889689204486
 10
-13.744294043240671
 20
-47.90076828451947
 10
-13.693119373659261
 20
-47.83151289644763
 10
-13.64236382017934
 20
-47.762123182949765
 10
-13.592031431328744
 20
-47.69259876079276
 10
-13.54212642553885
 20
-47.62293920275541
 10
-13.492653203047393
 20
-47.553144034567005
 10
-13.443616358972953
 20
-47.48321273154455
 10
-13.39502069771254
 20
-47.41314471488968
 10
-13.346871248839028
 20
-47.34293934760028
 10
-13.299173284703858
 20
-47.2725959299431
 10
-13.25193233998709
 20
-47.202113694426025
 10
-13.205154233478764
 20
-47.131491800196265
 10
-13.137833249483434
 20
-47.14954865794562
 10
-13.070487554801003
 20
-47.167512927365934
 10
-13.003117277721222
 20
-47.18538457886109
 10
-12.935722546555857
 20
-47.20316358299465
 10
-12.868303489638484
 20
-47.22084991048978
 10
-12.868303489638492
 20
-47.22084991048977
 10
-12.863887359177607
 20
-47.30505758845304
 10
-12.859000366888285
 20
-47.38937468207413
 10
-12.853647990376851
 20
-47.47379906663065
 10
-12.84783542388631
 20
-47.55832869384867
 10
-12.841567600001426
 20
-47.642961586010124
 10
-12.83484920913041
 20
-47.72769583066446
 10
-12.827684717046429
 20
-47.81252957586766
 10
-12.820078380729845
 20
-47.89746102588317
 10
-12.812034262716072
 20
-47.98248843728885
 10
-12.803556244125089
 20
-48.06761011544246
 10
-12.794648036523522
 20
-48.15282441126404
 10
-12.78531319275015
 20
-48.23812971830027
 10
-12.775555116817582
 20
-48.323524470039644
 10
-12.76537707298898
 20
-48.40900713745202
 10
-12.685442957458969
 20
-48.4291924028979
 10
-12.605476909393158
 20
-48.44925051432072
 10
-12.525479132325026
 20
-48.46918142741823
 10
-12.445449829826542
 20
-48.48898509818046
 10
-12.36538920550791
 20
-48.5086614828895
 10
-12.315175217538266
 20
-48.4382195295957
 10
-12.265373026813542
 20
-48.367656805617735
 10
-12.215986239578513
 20
-48.296973152344485
 10
-12.167018603115677
 20
-48.22616837914057
 10
-12.118474014919517
 20
-48.15524226128182
 10
-12.070356532705105
 20
-48.08419453770348
 10
-12.022670385350265
 20
-48.013024908538306
 10
-11.975419984886043
 20
-47.94173303241904
 10
-11.928609939667217
 20
-47.87031852351559
 10
-11.88224506887581
 20
-47.7987809482724
 10
-11.836330418535267
 20
-47.72711982180611
 10
-11.790871279242696
 20
-47.65533460391689
 10
-11.745873205862521
 20
-47.583424694658696
 10
-11.70134203946815
 20
-47.511389429403856
 10
-11.633501513596133
 20
-47.527379065045245
 10
-11.565639136990626
 20
-47.54327549138807
 10
-11.49775503839672
 20
-47.559078682375954
 10
-11.429849346578399
 20
-47.5747886121108
 10
-11.361922190318294
 20
-47.59040525485302
 10
-11.361922190318305
 20
-47.59040525485302
 10
-11.354868364756353
 20
-47.67445396419604
 10
-11.34734054399808
 20
-47.75859758415342
 10
-11.339344267682387
 20
-47.84283415746818
 10
-11.33088478989582
 20
-47.92716179466211
 10
-11.32196710104681
 20
-48.01157866880766
 10
-11.312595947499013
 20
-48.09608301083604
 10
-11.302775849249485
 20
-48.18067310531339
 10
-11.29251111589418
 20
-48.26534728662653
 10
-11.28180586108752
 20
-48.350103935529255
 10
-11.270664015673233
 20
-48.43494147600654
 10
-11.259089339638782
 20
-48.51985837242003
 10
-11.24708543302497
 20
-48.604853126903755
 10
-11.234655745904684
 20
-48.68992427698236
 10
-11.221803587530067
 20
-48.77507039338827
 10
-11.14129075640731
 20
-48.79280134926022
 10
-11.060749915803523
 20
-48.810404349780725
 10
-10.980181269940507
 20
-48.827879356251465
 10
-10.899585023072868
 20
-48.84522633026431
 10
-10.818961379487689
 20
-48.86244523370115
 10
-10.770990868737536
 20
-48.7904864253356
 10
-10.72343567228931
 20
-48.71841959192649
 10
-10.676299398997507
 20
-48.646244683382335
 10
-10.629585799663035
 20
-48.57396162188388
 10
-10.583298776265975
 20
-48.501570300099765
 10
-10.537442392037686
 20
-48.42907057924023
 10
-10.492020882472879
 20
-48.35646228692934
 10
-10.447038667396164
 20
-48.28374521487376
 10
-10.402500364216587
 20
-48.21091911630189
 10
-10.358410802523267
 20
-48.13798370314433
 10
-10.314775040201702
 20
-48.0649386429207
 10
-10.271598381278707
 20
-47.991783555292585
 10
-10.228886395741581
 20
-47.918518008235225
 10
-10.186644941619303
 20
-47.84514151377257
 10
-10.11834862248446
 20
-47.85905094331615
 10
-10.050033321967607
 20
-47.872866621077904
 10
-9.981699169200803
 20
-47.886588524514494
 10
-9.913346293331974
 20
-47.90021663123986
 10
-9.84497482352477
 20
-47.91375091902517
 10
-9.844974823524781
 20
-47.91375091902516
 10
-9.835289018136821
 20
-47.99755873958509
 10
-9.825126531835746
 20
-48.081446885555486
 10
-9.81449296111568
 20
-48.165413568681615
 10
-9.803393614996304
 20
-48.24945705976499
 10
-9.79183353704574
 20
-48.3335756841041
 10
-9.779817525147289
 20
-48.41776781740259
 10
-9.76735014929766
 20
-48.502031882085774
 10
-9.754435767680858
 20
-48.58636634397451
 10
-9.741078541225926
 20
-48.670769709273266
 10
-9.727282446826859
 20
-48.75524052183571
 10
-9.71305128937822
 20
-48.839777360675505
 10
-9.698388712758616
 20
-48.9243788376954
 10
-9.6832982098772
 20
-49.00904359561033
 10
-9.66778313188284
 20
-49.09377030604414
 10
-9.586767191710127
 20
-49.10903251394224
 10
-9.505727177368872
 20
-49.12416607264279
 10
-9.424663293662142
 20
-49.13917094901321
 10
-9.343575745420353
 20
-49.15404711020918
 10
-9.262464737501137
 20
-49.168794523674535
 10
-9.216783568258965
 20
-49.09539101054036
 10
-9.171520834019812
 20
-49.02189231006513
 10
-9.126680143004819
 20
-48.94829848062446
 10
-9.082265246159112
 20
-48.87460955718485
 10
-9.038280046434378
 20
-48.800825549800706
 10
-8.994728608915459
 20
-48.726946441975265
 10
-8.95161517189162
 20
-48.652972188868574
 10
-8.90894415898846
 20
-48.578902715334166
 10
-8.866720192493762
 20
-48.50473791376255
 10
-8.824948108032082
 20
-48.43047764170674
 10
-8.783632970767849
 20
-48.35612171926067
 10
-8.742780093346743
 20
-48.281669926156425
 10
-8.702395055821707
 20
-48.207121998540664
 10
-8.662483727853408
 20
-48.13247762538314
 10
-8.593795557357135
 20
-48.144295605361826
 10
-8.525091282753966
 20
-48.15601936899439
 10
-8.45637103349902
 20
-48.16764889722642
 10
-8.387634939060415
 20
-48.17918417115967
 10
-8.318883128919307
 20
-48.19062517205219
 10
-8.318883128919314
 20
-48.190625172052165
 10
-8.306573564669295
 20
-48.274110300262805
 10
-8.293785082874331
 20
-48.357661100962076
 10
-8.280523331687377
 20
-48.441275956296224
 10
-8.26679367013241
 20
-48.5249532986997
 10
-8.252601190255426
 20
-48.60869160700821
 10
-8.237950737006116
 20
-48.6924894029703
 10
-8.222846926139642
 20
-48.77634524810716
 10
-8.207294160383919
 20
-48.86025774087695
 10
-8.191296644082035
 20
-48.9442255141073
 10
-8.17485839648897
 20
-49.02824723266433
 10
-8.157983263877005
 20
-49.11232159133062
 10
-8.14067493058317
 20
-49.196447312869566
 10
-8.12293692911387
 20
-49.28062314625491
 10
-8.104772649407622
 20
-49.36484786504853
 10
-8.02332942415883
 20
-49.377628948339435
 10
-7.941866070311916
 20
-49.390280795367346
 10
-7.860382793150666
 20
-49.402803378530976
 10
-7.77887979798118
 20
-49.4151966705157
 10
-7.697357290131672
 20
-49.42746064429332
 10
-7.6540089619205975
 20
-49.35268585869772
 10
-7.611081791309485
 20
-49.27782880418498
 10
-7.568579382652203
 20
-49.20288964746879
 10
-7.526505483672813
 20
-49.12786853619089
 10
-7.4848639947893645
 20
-49.052765597700876
 10
-7.443658979285434
 20
-48.97758093772543
 10
-7.402894674430656
 20
-48.902314638913495
 10
-7.362575503666464
 20
-48.82696675924254
 10
-7.322706089991201
 20
-48.75153733026783
 10
-7.283291270699804
 20
-48.67602635519507
 10
-7.244336113658962
 20
-48.600433806752406
 10
-7.205845935328142
 20
-48.52475962483425
 10
-7.167826320774108
 20
-48.4490037138848
 10
-7.130283145970044
 20
-48.37316593998304
 10
-7.061267227531448
 20
-48.38288295541835
 10
-6.992238088806192
 20
-48.39250536735238
 10
-6.923195859512464
 20
-48.40203316019814
 10
-6.854140669378954
 20
-48.41146631852403
 10
-6.7850726481447134
 20
-48.42080482705374
 10
-6.78507264814468
 20
-48.42080482705374
 10
-6.77015005594342
 20
-48.50388564840272
 10
-6.75474675983366
 20
-48.58701743400282
 10
-6.738868454414099
 20
-48.67019873766389
 10
-6.7225205437677555
 20
-48.75342815467767
 10
-6.705708163720693
 20
-48.836704318605896
 10
-6.688436201820203
 20
-48.9200258983982
 10
-6.670709315323479
 20
-49.00339159579743
 10
-6.65253194744338
 20
-49.08680014299698
 10
-6.633908342061855
 20
-49.17025030051947
 10
-6.614842557091136
 20
-49.25374085529101
 10
-6.595338476637918
 20
-49.337270618888205
 10
-6.575399822104259
 20
-49.420838425939024
 10
-6.555030162341216
 20
-49.504443132660356
 10
-6.534232922956409
 20
-49.58808361551798
 10
-6.452438416668061
 20
-49.59837324654448
 10
-6.370627735729412
 20
-49.60853316040194
 10
-6.288801085810155
 20
-49.618563334990554
 10
-6.20695867259753
 20
-49.62846374849574
 10
-6.125100701796112
 20
-49.638234379388024
 10
-6.084126320594777
 20
-49.562162953765835
 10
-6.043575419997313
 20
-49.48602224707279
 10
-6.003451597265845
 20
-49.4098125341557
 10
-5.963758593547221
 20
-49.333534075141955
 10
-5.924500303229401
 20
-49.25718711450288
 10
-5.885680784148681
 20
-49.18077188003246
 10
-5.847304268749082
 20
-49.104288581730806
 10
-5.8093751763108195
 20
-49.02773741058112
 10
-5.771898126382174
 20
-48.95111853720633
 10
-5.734877953570869
 20
-48.874432110390195
 10
-5.698319723876077
 20
-48.79767825544453
 10
-5.662228752772592
 20
-48.72085707240158
 10
-5.626610625295309
 20
-48.64396863400658
 10
-5.591471218416399
 20
-48.56701298348164
 10
-5.522191787204064
 20
-48.57462123723552
 10
-5.452902024775195
 20
-48.5821345772996
 10
-5.383602061054646
 20
-48.58955299153623
 10
-5.314292025975341
 20
-48.59687646796239
 10
-5.244972049478042
 20
-48.604104994749676
 10
-5.2449720494780525
 20
-48.604104994749676
 10
-5.227449672700868
 20
-48.68670015727933
 10
-5.209445256861476
 20
-48.76933153287534
 10
-5.190964537776101
 20
-48.85199784813987
 10
-5.17201295962705
 20
-48.93469786231904
 10
-5.152595697308352
 20
-49.01743036476891
 10
-5.132717676482169
 20
-49.100194172681626
 10
-5.112383591637547
 20
-49.18298812903859
 10
-5.091597922399828
 20
-49.265811100762285
 10
-5.07036494830136
 20
-49.34866197704307
 10
-5.048688762194934
 20
-49.43153966782001
 10
-5.026573282465366
 20
-49.514443102398275
 10
-5.004022264173703
 20
-49.5973712281879
 10
-4.9810393092504395
 20
-49.68032300955038
 10
-4.9576278758393295
 20
-49.76329742674185
 10
-4.875558237382238
 20
-49.77108731569933
 10
-4.793476384821482
 20
-49.77874711221303
 10
-4.71138252412272
 20
-49.78627679965993
 10
-4.629276861264582
 20
-49.79367636170112
 10
-4.547159602238495
 20
-49.80094578228162
 10
-4.508597854967625
 20
-49.7236534675179
 10
-4.470461510472332
 20
-49.64630491769205
 10
-4.432754155708034
 20
-49.568900515503906
 10
-4.395479521897468
 20
-49.491440633298296
 10
-4.358641493911185
 20
-49.41392563241275
 10
-4.322244120500983
 20
-49.33635586246646
 10
-4.286291625487945
 20
-49.258731660582875
 10
-4.250788420022303
 20
-49.18105335053839
 10
-4.215739116049844
 20
-49.10332124182735
 10
-4.181148541141176
 20
-49.02553562863272
 10
-4.147021754865729
 20
-48.947696788689946
 10
-4.113364066922271
 20
-48.86980498202908
 10
-4.08018105727501
 20
-48.7918604495782
 10
-4.047478598588106
 20
-48.71386341160759
 10
-3.9779999934658044
 20
-48.719356815332695
 10
-3.9085139502217277
 20
-48.72475507178001
 10
-3.8390205989338155
 20
-48.73005817224668
 10
-3.7695200696856004
 20
-48.73526610818392
 10
-3.700012492566219
 20
-48.740378871196974
 10
-3.7000124925662305
 20
-48.74037887119698
 10
-3.6799060876983924
 20
-48.822407360042725
 10
-3.659316760530963
 20
-48.90445728016513
 10
-3.638250282856208
 20
-48.986527531955
 10
-3.6167121339827526
 20
-49.0686170395845
 10
-3.594707523147733
 20
-49.150724749153206
 10
-3.5722414096326185
 20
-49.23284962702416
 10
-3.5493185208758202
 20
-49.31499065832648
 10
-3.5259433688302884
 20
-49.39714684560327
 10
-3.502120264778237
 20
-49.479317207587485
 10
-3.477853332784242
 20
-49.56150077809089
 10
-3.4531465219430864
 20
-49.643696604992684
 10
-3.428003617556955
 20
-49.72590374931717
 10
-3.40242825135888
 20
-49.808121284390246
 10
-3.3764239108841996
 20
-49.89034829506675
 10
-3.2941554005322256
 20
-49.89563218077237
 10
-3.2118786415271554
 20
-49.900785703966406
 10
-3.1295938400444365
 20
-49.90580885348364
 10
-3.0473012022681107
 20
-49.91070161844205
 10
-2.965000934390627
 20
-49.91546398824281
 10
-2.9288880665519446
 20
-49.83702757236028
 10
-2.8932021218302606
 20
-49.75854801436304
 10
-2.8579466736688532
 20
-49.68002580444905
 10
-2.8231254400288877
 20
-49.60146142683416
 10
-2.7887422927854164
 20
-49.522855359384884
 10
-2.7548012679775664
 20
-49.44420807321792
 10
-2.7213065770149854
 20
-49.36552003226269
 10
-2.6882626189578436
 20
-49.28679169278225
 10
-2.655673994005365
 20
-49.208023502847475
 10
-2.623545518349395
 20
-49.12921590175807
 10
-2.5918822405753335
 20
-49.05036931940395
 10
-2.5606894598223517
 20
-48.97148417555813
 10
-2.529972745952506
 20
-48.89256087909197
 10
-2.4997379620220648
 20
-48.813599827100994
 10
-2.4301245988991713
 20
-48.81697399396781
 10
-2.36050669360423
 20
-48.82025285628672
 10
-2.2908843763167006
 20
-48.82343640877901
 10
-2.221257777219386
 20
-48.82652464631965
 10
-2.151627026498418
 20
-48.82951756393726
 10
-2.1516270264984296
 20
-48.82951756393727
 10
-2.1289548617722502
 20
-48.910898776882824
 10
-2.1057993439022
 20
-48.99228662103501
 10
-2.082166275403023
 20
-49.0736801714384
 10
-2.058061165724891
 20
-49.15507851803897
 10
-2.033489253711355
 20
-49.2364807645112
 10
-2.008455527756222
 20
-49.31788602720568
 10
-1.9829647439531648
 20
-49.39929343420216
 10
-1.9570214424866308
 20
-49.48070212445447
 10
-1.9306299624768073
 20
-49.56211124701671
 10
-1.9037944554601627
 20
-49.64351996034086
 10
-1.8765188976621454
 20
-49.72492743163766
 10
-1.8488071011972227
 20
-49.80633283629372
 10
-1.8206627243130573
 20
-49.88773535733867
 10
-1.7920892807810158
 20
-49.9691341849572
 10
-1.7096982382118244
 20
-49.971907827696704
 10
-1.6273029157131347
 20
-49.97455094275178
 10
-1.5449035195868261
 20
-49.97706352440191
 10
-1.4625002561390923
 20
-49.97944556720932
 10
-1.3800933316802335
 20
-49.98169706601885
 10
-1.3464631280223462
 20
-49.90219429338239
 10
-1.3132609652281235
 20
-49.82266150732564
 10
-1.280490400032923
 20
-49.74309930511507
 10
-1.248155133808446
 20
-49.66350828241325
 10
-1.2162590219654876
 20
-49.58388903319676
 10
-1.1848060842115522
 20
-49.50424214966687
 10
-1.153800515765446
 20
-49.42456822215208
 10
-1.1232466996461101
 20
-49.344867839001886
 10
-1.0931492201708821
 20
-49.26514158647033
 10
-1.0635128778198302
 20
-49.185390048588005
 10
-1.034342705648406
 20
-49.10561380702124
 10
-1.005643987460798
 20
-49.0258134409165
 10
-0.9774222779934943
 20
-48.945989526727935
 10
-0.9496834254028074
 20
-48.86614263802564
 10
-0.8799997716623024
 20
-48.86739487736851
 10
-0.8103144734251985
 20
-48.868551731017476
 10
-0.7406276609224816
 20
-48.86961319711139
 10
-0.6709394643862212
 20
-48.87057927394267
 10
-0.6012500140495685
 20
-48.87144995995716
 10
-0.6012500140495792
 20
-48.871449959957154
 10
-0.5760328659349736
 20
-48.95210378397114
 10
-0.5503323864756541
 20
-49.0327494331566
 10
-0.5241544036443616
 20
-49.113386157947396
 10
-0.4975044520372596
 20
-49.19401321478805
 10
-0.47038779535685854
 20
-49.274629865642915
 10
-0.44280944659163485
 20
-49.35523537755607
 10
-0.41477418618578926
 20
-49.435829022255476
 10
-0.3862865784485673
 20
-49.516410075795754
 10
-0.35735098641573904
 20
-49.59697781823504
 10
-0.3279715853451633
 20
-49.677531533342055
 10
-0.29815237500322855
 20
-49.75807050832942
 10
-0.26789719087728847
 20
-49.83859403361097
 10
-0.23720971443126043
 20
-49.9191014025798
 10
-0.20609348250654344
 20
-49.99959191140537
 10
-0.12365629585058989
 20
-49.99985308799997
 10
-0.041218799674649545
 20
-49.99998367643855
 10
0.04121879967463346
 20
-49.99998367643855
 10
0.12365629585057379
 20
-49.99985308799997
 10
0.2060934825065274
 20
-49.99959191140537
 10
0.2372097144312333
 20
-49.9191014025798
 10
0.26789719087727243
 20
-49.83859403361097
 10
0.29815237500321257
 20
-49.75807050832942
 10
0.3279715853451473
 20
-49.677531533342055
 10
0.3573509864157231
 20
-49.59697781823504
 10
0.3862865784485514
 20
-49.516410075795754
 10
0.41477418618577344
 20
-49.435829022255476
 10
0.442809446591619
 20
-49.35523537755607
 10
0.4703877953568316
 20
-49.27462986564291
 10
0.49750445203724375
 20
-49.19401321478805
 10
0.5241544036443458
 20
-49.113386157947396
 10
0.5503323864756383
 20
-49.0327494331566
 10
0.576032865934947
 20
-48.95210378397114
 10
0.6012500140495635
 20
-48.871449959957154
 10
0.6709394643862162
 20
-48.87057927394267
 10
0.7406276609224767
 20
-48.86961319711139
 10
0.8103144734251936
 20
-48.868551731017476
 10
0.8799997716622974
 20
-48.86739487736851
 10
0.9496834254028024
 20
-48.86614263802564
 10
0.9496834254028348
 20
-48.866142638025636
 10
0.9774222779935112
 20
-48.94598952672793
 10
1.0056439874608258
 20
-49.0258134409165
 10
1.0343427056484338
 20
-49.10561380702123
 10
1.063512877819858
 20
-49.185390048588005
 10
1.0931492201708992
 20
-49.265141586470335
 10
1.123246699646138
 20
-49.344867839001886
 10
1.153800515765474
 20
-49.424568222152075
 10
1.18480608421158
 20
-49.504242149666865
 10
1.2162590219655267
 20
-49.58388903319676
 10
1.2481551338084742
 20
-49.66350828241324
 10
1.280490400032951
 20
-49.74309930511505
 10
1.3132609652281515
 20
-49.822661507325634
 10
1.3464631280223633
 20
-49.90219429338239
 10
1.3800933316802617
 20
-49.98169706601885
 10
1.4625002561391205
 20
-49.979445567209304
 10
1.5449035195868654
 20
-49.977063524401906
 10
1.6273029157131627
 20
-49.97455094275177
 10
1.7096982382118522
 20
-49.9719078276967
 10
1.7920892807810442
 20
-49.969134184957205
 10
1.8206627243130744
 20
-49.88773535733867
 10
1.8488071011972507
 20
-49.80633283629372
 10
1.8765188976621738
 20
-49.72492743163766
 10
1.9037944554601907
 20
-49.64351996034085
 10
1.9306299624768346
 20
-49.56211124701669
 10
1.957021442486659
 20
-49.48070212445447
 10
1.982964743953192
 20
-49.39929343420214
 10
2.0084555277562495
 20
-49.31788602720567
 10
2.0334892537113713
 20
-49.23648076451119
 10
2.0580611657249186
 20
-49.15507851803896
 10
2.0821662754030505
 20
-49.07368017143838
 10
2.1057993439022273
 20
-48.992286621035
 10
2.128954861772267
 20
-48.91089877688282
 10
2.1516270264984567
 20
-48.829517563937266
 10
2.221257777219424
 20
-48.82652464631964
 10
2.2908843763167392
 20
-48.82343640877901
 10
2.3605066936042682
 20
-48.820252856286714
 10
2.43012459889921
 20
-48.81697399396781
 10
2.499737962022103
 20
-48.81359982710099
 10
2.4997379620220923
 20
-48.813599827100994
 10
2.5299727459525228
 20
-48.89256087909197
 10
2.5606894598223793
 20
-48.97148417555813
 10
2.591882240575362
 20
-49.050369319403956
 10
2.6235455183494225
 20
-49.12921590175807
 10
2.6556739940053817
 20
-49.208023502847475
 10
2.688262618957871
 20
-49.28679169278225
 10
2.721306577015013
 20
-49.36552003226268
 10
2.7548012679775944
 20
-49.44420807321792
 10
2.7887422927854444
 20
-49.52285535938488
 10
2.8231254400289156
 20
-49.60146142683416
 10
2.857946673668881
 20
-49.680025804449045
 10
2.893202121830289
 20
-49.75854801436304
 10
2.928888066551962
 20
-49.837027572360284
 10
2.9650009343906554
 20
-49.91546398824281
 10
3.0473012022681387
 20
-49.91070161844205
 10
3.1295938400444654
 20
-49.90580885348365
 10
3.2118786415271843
 20
-49.900785703966406
 10
3.294155400532254
 20
-49.89563218077236
 10
3.376423910884228
 20
-49.89034829506675
 10
3.4024282513588973
 20
-49.80812128439025
 10
3.428003617556983
 20
-49.72590374931717
 10
3.453146521943115
 20
-49.64369660499269
 10
3.4778533327842704
 20
-49.56150077809088
 10
3.5021202647782648
 20
-49.479317207587485
 10
3.5259433688303172
 20
-49.39714684560327
 10
3.549318520875849
 20
-49.31499065832648
 10
3.5722414096326465
 20
-49.23284962702415
 10
3.59470752314775
 20
-49.150724749153206
 10
3.6167121339827806
 20
-49.0686170395845
 10
3.6382502828562355
 20
-48.986527531955005
 10
3.6593167605309906
 20
-48.904457280165126
 10
3.6799060876984098
 20
-48.822407360042725
 10
3.700012492566258
 20
-48.74037887119698
 10
3.7695200696856386
 20
-48.73526610818392
 10
3.839020598933854
 20
-48.73005817224667
 10
3.9085139502217667
 20
-48.72475507178001
 10
3.977999993465844
 20
-48.71935681533271
 10
4.047478598588145
 20
-48.71386341160758
 10
4.0474785985881345
 20
-48.71386341160758
 10
4.0801810572750385
 20
-48.7918604495782
 10
4.113364066922299
 20
-48.86980498202908
 10
4.147021754865757
 20
-48.94769678868995
 10
4.181148541141203
 20
-49.02553562863272
 10
4.215739116049871
 20
-49.103321241827345
 10
4.250788420022332
 20
-49.1810533505384
 10
4.286291625487974
 20
-49.258731660582875
 10
4.3222441205010105
 20
-49.33635586246647
 10
4.358641493911214
 20
-49.413925632412756
 10
4.395479521897497
 20
-49.491440633298296
 10
4.4327541557080625
 20
-49.56890051550391
 10
4.470461510472361
 20
-49.64630491769205
 10
4.508597854967642
 20
-49.723653467517906
 10
4.547159602238524
 20
-49.800945782281616
 10
4.629276861264612
 20
-49.79367636170112
 10
4.711382524122749
 20
-49.78627679965993
 10
4.793476384821511
 20
-49.77874711221303
 10
4.8755582373822675
 20
-49.77108731569934
 10
4.957627875839357
 20
-49.76329742674184
 10
4.981039309250457
 20
-49.68032300955037
 10
5.004022264173732
 20
-49.59737122818791
 10
5.026573282465393
 20
-49.514443102398275
 10
5.0486887621949625
 20
-49.431539667820005
 10
5.070364948301387
 20
-49.34866197704307
 10
5.091597922399857
 20
-49.265811100762285
 10
5.112383591637576
 20
-49.18298812903859
 10
5.132717676482197
 20
-49.100194172681626
 10
5.15259569730838
 20
-49.01743036476891
 10
5.172012959627078
 20
-48.934697862319034
 10
5.1909645377761295
 20
-48.85199784813987
 10
5.209445256861504
 20
-48.769331532875334
 10
5.227449672700885
 20
-48.68670015727934
 10
5.24497204947808
 20
-48.60410499474967
 10
5.314292025975367
 20
-48.59687646796238
 10
5.383602061054684
 20
-48.58955299153622
 10
5.452902024775223
 20
-48.5821345772996
 10
5.522191787204102
 20
-48.57462123723552
 10
5.591471218416437
 20
-48.567012983481625
 10
5.5914712184164275
 20
-48.56701298348163
 10
5.626610625295326
 20
-48.64396863400659
 10
5.662228752772619
 20
-48.72085707240158
 10
5.698319723876106
 20
-48.79767825544454
 10
5.7348779535709
 20
-48.87443211039021
 10
5.771898126382193
 20
-48.951118537206334
 10
5.809375176310848
 20
-49.02773741058111
 10
5.84730426874911
 20
-49.104288581730806
 10
5.885680784148709
 20
-49.18077188003245
 10
5.924500303229429
 20
-49.25718711450288
 10
5.963758593547248
 20
-49.333534075141955
 10
6.003451597265874
 20
-49.409812534155705
 10
6.0435754199973415
 20
-49.48602224707279
 10
6.084126320594795
 20
-49.562162953765835
 10
6.125100701796141
 20
-49.638234379388024
 10
6.206958672597558
 20
-49.62846374849575
 10
6.288801085810183
 20
-49.61856333499056
 10
6.370627735729442
 20
-49.60853316040193
 10
6.452438416668079
 20
-49.59837324654449
 10
6.534232922956439
 20
-49.58808361551798
 10
6.555030162341234
 20
-49.50444313266036
 10
6.575399822104289
 20
-49.42083842593903
 10
6.595338476637949
 20
-49.33727061888821
 10
6.614842557091164
 20
-49.253740855291
 10
6.633908342061883
 20
-49.17025030051947
 10
6.652531947443408
 20
-49.08680014299698
 10
6.670709315323506
 20
-49.00339159579743
 10
6.688436201820231
 20
-48.920025898398194
 10
6.7057081637207085
 20
-48.836704318605896
 10
6.722520543767781
 20
-48.75342815467766
 10
6.738868454414129
 20
-48.67019873766389
 10
6.7547467598336866
 20
-48.58701743400281
 10
6.770150055943437
 20
-48.50388564840272
 10
6.785072648144708
 20
-48.420804827053736
 10
6.854140669378947
 20
-48.41146631852401
 10
6.923195859512458
 20
-48.40203316019813
 10
6.992238088806176
 20
-48.39250536735239
 10
7.061267227531445
 20
-48.38288295541837
 10
7.13028314597004
 20
-48.373165939983046
 10
7.130283145970029
 20
-48.37316593998305
 10
7.167826320774084
 20
-48.44900371388481
 10
7.205845935328127
 20
-48.52475962483426
 10
7.244336113658947
 20
-48.60043380675242
 10
7.28329127069979
 20
-48.676026355195084
 10
7.322706089991176
 20
-48.75153733026784
 10
7.362575503666449
 20
-48.82696675924254
 10
7.402894674430642
 20
-48.90231463891351
 10
7.443658979285416
 20
-48.97758093772543
 10
7.484863994789349
 20
-49.052765597700876
 10
7.526505483672798
 20
-49.127868536190896
 10
7.568579382652187
 20
-49.202889647468794
 10
7.611081791309468
 20
-49.27782880418498
 10
7.654008961920571
 20
-49.35268585869772
 10
7.697357290131656
 20
-49.427460644293326
 10
7.778879797981162
 20
-49.4151966705157
 10
7.8603827931506505
 20
-49.40280337853098
 10
7.941866070311901
 20
-49.390280795367346
 10
8.023329424158813
 20
-49.377628948339435
 10
8.104772649407607
 20
-49.364847865048546
 10
8.122936929113843
 20
-49.28062314625491
 10
8.140674930583153
 20
-49.196447312869566
 10
8.15798326387699
 20
-49.112321591330634
 10
8.174858396488956
 20
-49.028247232664334
 10
8.19129664408201
 20
-48.944225514107316
 10
8.207294160383901
 20
-48.860257740876946
 10
8.222846926139626
 20
-48.77634524810717
 10
8.237950737006102
 20
-48.69248940297032
 10
8.252601190255413
 20
-48.608691607008225
 10
8.266793670132396
 20
-48.524953298699714
 10
8.280523331687363
 20
-48.44127595629623
 10
8.293785082874315
 20
-48.357661100962076
 10
8.306573564669282
 20
-48.27411030026281
 10
8.3188831289193
 20
-48.19062517205218
 10
8.38763493906041
 20
-48.179184171159676
 10
8.456371033499003
 20
-48.167648897226414
 10
8.52509128275396
 20
-48.15601936899439
 10
8.593795557357128
 20
-48.14429560536182
 10
8.6624837278534
 20
-48.13247762538313
 10
8.662483727853434
 20
-48.132477625383125
 10
8.702395055821725
 20
-48.20712199854066
 10
8.74278009334678
 20
-48.281669926156425
 10
8.783632970767876
 20
-48.35612171926066
 10
8.824948108032109
 20
-48.43047764170672
 10
8.866720192493778
 20
-48.50473791376255
 10
8.908944158988486
 20
-48.57890271533416
 10
8.951615171891646
 20
-48.65297218886857
 10
8.994728608915485
 20
-48.726946441975265
 10
9.038280046434407
 20
-48.8008255498007
 10
9.082265246159139
 20
-48.87460955718484
 10
9.126680143004847
 20
-48.94829848062446
 10
9.171520834019839
 20
-49.02189231006512
 10
9.21678356825898
 20
-49.095391010540354
 10
9.262464737501155
 20
-49.168794523674535
 10
9.34357574542038
 20
-49.15404711020916
 10
9.424663293662169
 20
-49.139170949013206
 10
9.505727177368902
 20
-49.12416607264279
 10
9.586767191710143
 20
-49.109032513942225
 10
9.667783131882867
 20
-49.09377030604413
 10
9.683298209877217
 20
-49.00904359561032
 10
9.698388712758643
 20
-48.92437883769539
 10
9.713051289378251
 20
-48.83977736067551
 10
9.727282446826875
 20
-48.75524052183571
 10
9.741078541225944
 20
-48.670769709273266
 10
9.754435767680885
 20
-48.5863663439745
 10
9.767350149297679
 20
-48.50203188208578
 10
9.779817525147314
 20
-48.41776781740258
 10
9.791833537045758
 20
-48.3335756841041
 10
9.803393614996333
 20
-48.24945705976499
 10
9.814492961115707
 20
-48.16541356868161
 10
9.825126531835773
 20
-48.08144688555548
 10
9.835289018136846
 20
-47.997558739585074
 10
9.844974823524808
 20
-47.91375091902516
 10
9.913346293332012
 20
-47.90021663123984
 10
9.98169916920083
 20
-47.88658852451449
 10
10.050033321967636
 20
-47.872866621077904
 10
10.118348622484499
 20
-47.85905094331615
 10
10.186644941619342
 20
-47.84514151377257
 10
10.18664494161933
 20
-47.84514151377257
 10
10.22888639574161
 20
-47.918518008235225
 10
10.271598381278745
 20
-47.99178355529258
 10
10.31477504020173
 20
-48.064938642920694
 10
10.358410802523293
 20
-48.137983703144315
 10
10.402500364216605
 20
-48.21091911630189
 10
10.447038667396193
 20
-48.283745214873754
 10
10.492020882472898
 20
-48.35646228692934
 10
10.537442392037715
 20
-48.429070579240225
 10
10.583298776265993
 20
-48.50157030009976
 10
10.629585799663062
 20
-48.573961621883875
 10
10.676299398997534
 20
-48.64624468338232
 10
10.723435672289337
 20
-48.71841959192648
 10
10.770990868737552
 20
-48.7904864253356
 10
10.818961379487716
 20
-48.862445233701145
 10
10.899585023072895
 20
-48.845226330264296
 10
10.980181269940536
 20
-48.82787935625146
 10
11.060749915803552
 20
-48.81040434978072
 10
11.141290756407336
 20
-48.792801349260216
 10
11.221803587530093
 20
-48.77507039338826
 10
11.234655745904712
 20
-48.689924276982346
 10
11.247085433024997
 20
-48.60485312690375
 10
11.259089339638809
 20
-48.519858372420025
 10
11.27066401567326
 20
-48.43494147600653
 10
11.281805861087548
 20
-48.350103935529255
 10
11.292511115894206
 20
-48.26534728662653
 10
11.302775849249514
 20
-48.18067310531339
 10
11.312595947499041
 20
-48.09608301083604
 10
11.321967101046827
 20
-48.01157866880765
 10
11.330884789895848
 20
-47.927161794662105
 10
11.339344267682415
 20
-47.842834157468175
 10
11.347340543998108
 20
-47.758597584153414
 10
11.354868364756383
 20
-47.67445396419605
 10
11.361922190318332
 20
-47.59040525485301
 10
11.42984934657843
 20
-47.574788612110815
 10
11.497755038396747
 20
-47.55907868237595
 10
11.565639136990658
 20
-47.543275491388094
 10
11.633501513596169
 20
-47.52737906504524
 10
11.701342039468178
 20
-47.51138942940385
 10
11.701342039468168
 20
-47.511389429403856
 10
11.745873205862548
 20
-47.583424694658696
 10
11.790871279242722
 20
-47.655334603916884
 10
11.836330418535296
 20
-47.727119821806106
 10
11.882245068875834
 20
-47.798780948272395
 10
11.92860993966724
 20
-47.87031852351558
 10
11.97541998488607
 20
-47.94173303241903
 10
12.022670385350292
 20
-48.01302490853829
 10
12.070356532705132
 20
-48.084194537703475
 10
12.118474014919546
 20
-48.15524226128181
 10
12.167018603115695
 20
-48.22616837914057
 10
12.21598623957854
 20
-48.29697315234448
 10
12.26537302681357
 20
-48.36765680561773
 10
12.315175217538284
 20
-48.4382195295957
 10
12.365389205507938
 20
-48.508661482889494
 10
12.445449829826572
 20
-48.48898509818046
 10
12.525479132325056
 20
-48.46918142741823
 10
12.605476909393188
 20
-48.44925051432071
 10
12.685442957458985
 20
-48.42919240289789
 10
12.765377072989004
 20
-48.409007137452015
 10
12.775555116817598
 20
-48.32352447003964
 10
12.785313192750177
 20
-48.23812971830026
 10
12.79464803652355
 20
-48.15282441126404
 10
12.803556244125106
 20
-48.06761011544246
 10
12.8120342627161
 20
-47.982488437288836
 10
12.820078380729871
 20
-47.89746102588316
 10
12.827684717046457
 20
-47.81252957586765
 10
12.834849209130438
 20
-47.72769583066445
 10
12.841567600001454
 20
-47.64296158601012
 10
12.847835423886337
 20
-47.558328693848665
 10
12.853647990376878
 20
-47.47379906663063
 10
12.859000366888312
 20
-47.38937468207412
 10
12.863887359177637
 20
-47.30505758845304
 10
12.86830348963852
 20
-47.220849910489775
 10
12.935722546555883
 20
-47.20316358299464
 10
13.003117277721246
 20
-47.18538457886108
 10
13.070487554801034
 20
-47.16751292736594
 10
13.13783324948347
 20
-47.14954865794562
 10
13.205154233478806
 20
-47.131491800196265
 10
13.205154233478794
 20
-47.131491800196265
 10
13.251932339987116
 20
-47.20211369442601
 10
13.299173284703885
 20
-47.272595929943094
 10
13.346871248839054
 20
-47.34293934760027
 10
13.39502069771257
 20
-47.41314471488968
 10
13.44361635897297
 20
-47.48321273154454
 10
13.492653203047421
 20
-47.553144034567
 10
13.542126425538878
 20
-47.622939202755404
 10
13.59203143132877
 20
-47.69259876079276
 10
13.642363820179359
 20
-47.762123182949765
 10
13.69311937365929
 20
-47.83151289644762
 10
13.744294043240696
 20
-47.90076828451946
 10
13.79588393943673
 20
-47.96988968920447
 10
13.847885321866135
 20
-48.03887741390356
 10
13.900294590145888
 20
-48.107731725722225
 10
13.979716789025819
 20
-48.08561394134887
 10
14.059103755033185
 20
-48.06336976357163
 10
14.138455285348362
 20
-48.04099924174919
 10
14.217771177196067
 20
-48.01850242553448
 10
14.297051227845694
 20
-47.995879364874945
 10
14.304546482534205
 20
-47.91014319974341
 10
14.311624670712503
 20
-47.82450782398312
 10
14.318282576182481
 20
-47.7389748651744
 10
14.324516844199179
 20
-47.65354599262338
 10
14.330323972473257
 20
-47.5682229200983
 10
14.335700301355345
 20
-47.483007408815254
 10
14.340642003105062
 20
-47.397901270702825
 10
14.345145070132297
 20
-47.312906371980176
 10
14.349205302081321
 20
-47.22802463708768
 10
14.352818291608036
 20
-47.14325805301594
 10
14.355979408675934
 20
-47.058608674086614
 10
14.358683783167665
 20
-46.974078627246485
 10
14.360926285573397
 20
-46.889670117948164
 10
14.362701505475117
 20
-46.80538543670249
 10
14.429548898280657
 20
-46.785643845916425
 10
14.496369114783434
 20
-46.76581026786036
 10
14.563162027171934
 20
-46.74588473537652
 10
14.629927507659852
 20
-46.725867281468076
 10
14.696665428486348
 20
-46.70575793929908
 10
14.696665428486336
 20
-46.70575793929908
 10
14.745645376558382
 20
-46.77489561045798
 10
14.795083651943223
 20
-46.843879438725835
 10
14.844974463464254
 20
-46.91271044061998
 10
14.895312301690625
 20
-46.9813895506764
 10
14.946091917336322
 20
-47.04991762771332
 10
14.997308301872312
 20
-47.11829546045325
 10
15.048956670069565
 20
-47.18652377258507
 10
15.101032444233546
 20
-47.25460322733553
 10
15.15353123992578
 20
-47.32253443160977
 10
15.206448852997905
 20
-47.39031793975132
 10
15.259781247787277
 20
-47.45795425696507
 10
15.313524546344606
 20
-47.52544384244147
 10
15.36767501858079
 20
-47.5927871122139
 10
15.422229073235059
 20
-47.65998444177817
 10
15.5009377312375
 20
-47.63544342735205
 10
15.579607261624686
 20
-47.61077702110834
 10
15.658237462489263
 20
-47.5859852780897
 10
15.736828131974745
 20
-47.56106825363539
 10
15.81537906827591
 20
-47.536026003381416
 10
15.820185375543629
 20
-47.4501195222277
 10
15.824577913997233
 20
-47.364326617283794
 10
15.828553518561774
 20
-47.278649013382505
 10
15.832108886949003
 20
-47.193088481294254
 10
15.835240570747404
 20
-47.10764684073711
 10
15.837944965702206
 20
-47.022325963661
 10
15.840218301088717
 20
-46.937127777838725
 10
15.842056628068205
 20
-46.852054270801744
 10
15.843455806897774
 20
-46.76710749416367
 10
15.844411492846174
 20
-46.68228956838196
 10
15.844919120642803
 20
-46.59760268801654
 10
15.844973887258707
 20
-46.513049127552755
 10
15.844570732783254
 20
-46.42863124786965
 10
15.84370431911817
 20
-46.34435150344717
 10
15.909916740136586
 20
-46.322570835999855
 10
15.976099146742794
 20
-46.300698950307186
 10
16.04225141172579
 20
-46.27873588280629
 10
16.10837340790343
 20
-46.256681670096455
 10
16.17446500812268
 20
-46.23453634893934
 10
16.174465008122713
 20
-46.234536348939336
 10
16.225599408047263
 20
-46.302120315465636
 10
16.277187184806028
 20
-46.36953638618227
 10
16.329222580166878
 20
-46.43678575257459
 10
16.381700115014787
 20
-46.50386951559127
 10
16.43461456795173
 20
-46.57078869256499
 10
16.487960956089065
 20
-46.63754422342396
 10
16.541734517753003
 20
-46.704136976284914
 10
16.595930696865597
 20
-46.770567752504014
 10
16.650545128799124
 20
-46.836837291251435
 10
16.705573627530654
 20
-46.902946273665634
 10
16.7610121739474
 20
-46.96889532663524
 10
16.816856905174507
 20
-47.03468502625058
 10
16.873104104813542
 20
-47.100315900960695
 10
16.92975019399449
 20
-47.16578843446738
 10
17.00767053132859
 20
-47.13884446354506
 10
17.085547865033277
 20
-47.11177621217354
 10
17.16338199424367
 20
-47.08458374112399
 10
17.24117271815285
 20
-47.057267111466516
 10
17.318919836012135
 20
-47.029826384570256
 10
17.321033548629547
 20
-46.94383282860383
 10
17.322737184467954
 20
-46.85796553758382
 10
17.32402763261348
 20
-46.77222633221102
 10
17.324901646403145
 20
-46.68661708329939
 10
17.32535583461082
 20
-46.60113971505731
 10
17.325386651831998
 20
-46.51579620866765
 10
17.32499038797173
 20
-46.4305886062024
 10
17.324163156726023
 20
-46.3455190149128
 10
17.322900882929623
 20
-46.26058961194238
 10
17.321199288623834
 20
-46.17580264951743
 10
17.319053877673255
 20
-46.091160460679035
 10
17.3164599187326
 20
-46.00666546563049
 10
17.313412426329787
 20
-45.92232017878787
 10
17.30990613978998
 20
-45.838127216635975
 10
17.37542057717383
 20
-45.814325438860415
 10
17.44090217628344
 20
-45.79043329218332
 10
17.506350810592483
 20
-45.76645081666666
 10
17.571766353607433
 20
-45.742378052536004
 10
17.637148678867835
 20
-45.718215040180574
 10
17.63714867886782
 20
-45.71821504018057
 10
17.690387888393307
 20
-45.784177271157375
 10
17.744075087547582
 20
-45.849957697446385
 10
17.79820455637336
 20
-45.91555768466609
 10
17.852770851138228
 20
-45.98097849941581
 10
17.907768783155742
 20
-46.04622131684774
 10
17.963193399776404
 20
-46.11128722746305
 10
18.019039967271656
 20
-46.176177243231265
 10
18.075303955376352
 20
-46.2408923031165
 10
18.131981023289267
 20
-46.30543327808252
 10
18.18906700696037
 20
-46.369800975637794
 10
18.24655790751698
 20
-46.433996143973296
 10
18.304449880701792
 20
-46.4980194757388
 10
18.362739227212185
 20
-46.56187161149678
 10
18.421422383844686
 20
-46.62555314288864
 10
18.498480004444513
 20
-46.59622860940815
 10
18.57549076671768
 20
-46.56678101748968
 10
18.652454470981148
 20
-46.53721043367771
 10
18.72937091761728
 20
-46.50751692481798
 10
18.80623990707426
 20
-46.47770055805753
 10
18.80565988247202
 20
-46.391703160056295
 10
18.80467386522922
 20
-46.305844606362584
 10
18.8032788016088
 20
-46.22012681207229
 10
18.80147150371871
 20
-46.134551746530086
 10
18.799248640802247
 20
-46.04912143687906
 10
18.796606729736805
 20
-45.96383797193399
 10
18.79354212464642
 20
-45.878703506416144
 10
18.79005100551968
 20
-45.793720265594615
 10
18.786129365707588
 20
-45.7088905503847
 10
18.781772998156537
 20
-45.62421674296319
 10
18.776977480207556
 20
-45.53970131296917
 10
18.771738156765274
 20
-45.45534682437063
 10
18.766050121605346
 20
-45.37115594309159
 10
18.7599081965488
 20
-45.287131445510525
 10
18.824661975854443
 20
-45.26132831828842
 10
18.889380109208535
 20
-45.235435752496734
 10
18.95406247085966
 20
-45.20945379185228
 10
19.018708935093425
 20
-45.183382480236844
 10
19.083319376232684
 20
-45.157221861697145
 10
19.083319376232673
 20
-45.157221861697145
 10
19.138611542604828
 20
-45.221495856267495
 10
19.194345877866727
 20
-45.28557429414869
 10
19.250516705663173
 20
-45.3494587141169
 10
19.307118622709464
 20
-45.413150547526705
 10
19.364146477853783
 20
-45.47665112652837
 10
19.421595353284694
 20
-45.53996169144303
 10
19.479460547610284
 20
-45.603083397403516
 10
19.53773756057657
 20
-45.66601732035128
 10
19.596422079227583
 20
-45.72876446246807
 10
19.655509965337387
 20
-45.7913257571081
 10
19.714997243968067
 20
-45.85370207328833
 10
19.774880093028095
 20
-45.91589421978641
 10
19.83515483372162
 20
-45.97790294888878
 10
19.895817921793746
 20
-46.03972895982667
 10
19.97193886473859
 20
-46.00804839466383
 10
20.04800911874281
 20
-45.976246104573434
 10
20.124028485453913
 20
-45.94432216191731
 10
20.19999676659284
 20
-45.912276639360705
 10
20.275913763954325
 20
-45.88010960987247
 10
20.272641356804524
 20
-45.794191527119004
 10
20.268967430745313
 20
-45.708424747353845
 10
20.264888992207222
 20
-45.62281127850525
 10
20.260402915189236
 20
-45.53735318684198
 10
20.255505932661944
 20
-45.45205260078869
 10
20.25019462718932
 20
-45.36691171508901
 10
20.24446542067589
 20
-45.281932795357214
 10
20.238314563132096
 20
-45.19711818306675
 10
20.23173812033423
 20
-45.11247030103013
 10
20.224731960235825
 20
-45.02799165943412
 10
20.217291737964068
 20
-44.94368486250441
 10
20.209412879206923
 20
-44.85955261588574
 10
20.201090561763106
 20
-44.77559773483934
 10
20.192319694986498
 20
-44.69182315337688
 10
20.256250523731417
 20
-44.66404024695847
 10
20.320142917106182
 20
-44.63616891395039
 10
20.383996750230732
 20
-44.60820920175351
 10
20.447811898266572
 20
-44.580161157934896
 10
20.511588236416927
 20
-44.55202483022787
 10
20.511588236416916
 20
-44.55202483022787
 10
20.56887934184558
 20
-44.614545696066024
 10
20.62660636543786
 20
-44.67685742297726
 10
20.684763679762604
 20
-44.738961721776874
 10
20.743345927043855
 20
-44.80086018754363
 10
20.802347998484652
 20
-44.862554308475545
 10
20.8617650157091
 20
-44.924045473838156
 10
20.92159231405267
 20
-44.985334981121305
 10
20.981825427471428
 20
-45.0464240425021
 10
21.042460074874768
 20
-45.10731379069846
 10
21.103492147714277
 20
-45.168005284284526
 10
21.16491769868459
 20
-45.2284995125298
 10
21.226732931411952
 20
-45.28879739981535
 10
21.288934191022687
 20
-45.34889980967309
 10
21.351517955497812
 20
-45.40880754848859
 10
21.42662874991512
 20
-45.374797635739114
 10
21.501685051811396
 20
-45.34066744390281
 10
21.57668666432313
 20
-45.306417051200846
 10
21.65163339066877
 20
-45.272046536160005
 10
21.72652503414907
 20
-45.23755597761273
 10
21.72056408800652
 20
-45.15180022562873
 10
21.714206483480936
 20
-45.06620810329873
 10
21.707449290133496
 20
-44.98078170972917
 10
21.70028944694588
 20
-44.895523206411234
 10
21.69272375384453
 20
-44.81043482129875
 10
21.684748862454573
 20
-44.725518853257604
 10
21.676361265991517
 20
-44.64077767693062
 10
21.667557288184913
 20
-44.55621374806917
 10
21.658333071112317
 20
-44.471829609389935
 10
21.6486845618023
 20
-44.3876278970252
 10
21.638607497442383
 20
-44.30361134764573
 10
21.628097389000647
 20
-44.21978280634835
 10
21.617149503035854
 20
-44.136145235417025
 10
21.60575884143199
 20
-44.05270172408466
 10
21.668804856735836
 20
-44.02296243253376
 10
21.73180966772394
 20
-43.99313580865563
 10
21.794773150490492
 20
-43.963221903562804
 10
21.857695181175973
 20
-43.93322076853524
 10
21.920575635967417
 20
-43.90313245502038
 10
21.92057563596744
 20
-43.90313245502036
 10
21.979809546518013
 20
-43.96383698565831
 10
22.039472698435848
 20
-44.0243189778257
 10
22.09955951852762
 20
-44.08458031311262
 10
22.160064699580566
 20
-44.144622749152646
 10
22.22098317996763
 20
-44.20444792910989
 10
22.282310125341976
 20
-44.26405739019383
 10
22.344040912154615
 20
-44.323452571326044
 10
22.406171112768927
 20
-44.38263482006403
 10
22.468696481979304
 20
-44.44160539887166
 10
22.531612944768856
 20
-44.500365490813685
 10
22.5949165851638
 20
-44.55891620473947
 10
22.658603636062473
 20
-44.61725858001408
 10
22.722670469931877
 20
-44.67539359084527
 10
22.787113590279922
 20
-44.73332215025018
 10
22.861141313826337
 20
-44.697011742828366
 10
22.93511077144293
 20
-44.66058261527481
 10
23.009021767923404
 20
-44.624034851709126
 10
23.082874108152485
 20
-44.58736853655846
 10
23.156667597106185
 20
-44.55058375455757
 10
23.148024435181927
 20
-44.46507314154641
 10
23.138989859099766
 20
-44.37973834147789
 10
23.129561004483772
 20
-44.29458154288984
 10
23.11973487835831
 20
-44.20960500069759
 10
23.10950835080165
 20
-44.12481104053105
 10
23.098878145841102
 20
-44.040202063466836
 10
23.087840831498987
 20
-43.95578055120214
 10
23.0763928088855
 20
-43.87154907172513
 10
23.064530300218525
 20
-43.78751028554367
 10
23.052249335631213
 20
-43.70366695254529
 10
23.039545738606087
 20
-43.6200219395724
 10
23.02641510984681
 20
-43.53657822881078
 10
23.012852809366425
 20
-43.45333892710687
 10
22.99885393653167
 20
-43.370307276349486
 10
23.06095375590497
 20
-43.338636831253204
 10
23.12300962484663
 20
-43.306880230967586
 10
23.18502142053432
 20
-43.27503753034226
 10
23.246989020197063
 20
-43.243108784395375
 10
23.308912301115477
 20
-43.21109404831357
 10
23.308912301115466
 20
-43.211094048313576
 10
23.37003081900478
 20
-43.269920799121124
 10
23.431571479698746
 20
-43.32851180757369
 10
23.493528769544366
 20
-43.386869124623345
 10
23.555897436936963
 20
-43.44499466914828
 10
23.61867247222642
 20
-43.50289023806317
 10
23.68184908968199
 20
-43.560557515393505
 10
23.74542271125326
 20
-43.617998080446036
 10
23.809388951904374
 20
-43.67521341518743
 10
23.87374360633165
 20
-43.732204910926825
 10
23.938482636902048
 20
-43.78897387438423
 10
24.003602162672053
 20
-43.84552153321505
 10
24.069098449366685
 20
-43.9018490410517
 10
24.13496790021346
 20
-43.95795748211504
 10
24.201207047540457
 20
-44.01384787544149
 10
24.27407938851205
 20
-43.97526800957643
 10
24.346889723643812
 20
-43.93657109636439
 10
24.419637859564766
 20
-43.897757225858285
 10
24.49232360300441
 20
-43.858826488420256
 10
24.56494676079316
 20
-43.819778974721736
 10
24.55363017591708
 20
-43.734596036623444
 10
24.541927801398934
 20
-43.64960093999464
 10
24.529836841823734
 20
-43.5647959609638
 10
24.517354375283354
 20
-43.480183445974326
 10
24.504477345167707
 20
-43.395765816377214
 10
24.491202551209952
 20
-43.311545573441805
 10
24.4775266396966
 20
-43.227525303834504
 10
24.463446092740252
 20
-43.14370768562298
 10
24.448957216496975
 20
-43.06009549487175
 10
24.434056128191546
 20
-42.97669161290605
 10
24.41873874179182
 20
-42.89349903433299
 10
24.403000752146653
 20
-42.81052087592385
 10
24.386837617369785
 20
-42.72776038647985
 10
24.37024453921347
 20
-42.64522095782489
 10
24.43133731451862
 20
-42.6116464409016
 10
24.49238341860509
 20
-42.57798702933708
 10
24.553382729849666
 20
-42.54424278174046
 10
24.614335126685795
 20
-42.510413756890294
 10
24.67524048760391
 20
-42.476500013734544
 10
24.675240487603894
 20
-42.47650001373454
 10
24.738183406863957
 20
-42.533389376351415
 10
24.801540953307697
 20
-42.59003000137668
 10
24.865307678110035
 20
-42.64642410756045
 10
24.929478390306322
 20
-42.702573773571814
 10
24.994048137019334
 20
-42.75848094872406
 10
25.059012185712007
 20
-42.814147462600936
 10
25.1243660082076
 20
-42.86957503372389
 10
25.190105266257945
 20
-42.92476527737947
 10
25.256225798473142
 20
-42.97971971270824
 10
25.322723608452414
 20
-43.03443976914223
 10
25.389594853978302
 20
-43.08892679226535
 10
25.456835837155523
 20
-43.14318204916161
 10
25.52444299539127
 20
-43.197206733306906
 10
25.592412893127218
 20
-43.25100196905314
 10
25.66405821620445
 20
-43.210185877258354
 10
25.735637830545976
 20
-43.16925452535528
 10
25.807151544803926
 20
-43.128208009359746
 10
25.87859916774088
 20
-43.087046425598075
 10
25.949980508230393
 20
-43.04576987070731
 10
25.936001752043666
 20
-42.96099680676625
 10
25.9216432072889
 20
-42.87642344665804
 10
25.9069021503723
 20
-42.7920521521661
 10
25.891775733439164
 20
-42.70788535926691
 10
25.87626097631077
 20
-42.62392558297446
 10
25.860354757688512
 20
-42.54017542262535
 10
25.84405380553781
 20
-42.45663756765762
 10
25.827354686551335
 20
-42.37331480394379
 10
25.81025379457554
 20
-42.29021002074776
 10
25.792747337866533
 20
-42.20732621838611
 10
25.77483132501875
 20
-42.12466651668874
 10
25.756501549384797
 20
-42.042234164367336
 10
25.737753571772345
 20
-41.960032549421115
 10
25.71858270116654
 20
-41.87806521073133
 10
25.778608175736597
 20
-41.84261556496752
 10
25.83858428626987
 20
-41.807082368980836
 10
25.898510912464104
 20
-41.77146568515853
 10
25.958387934079408
 20
-41.73576557605804
 10
26.01821523093841
 20
-41.699982104406985
 10
26.018215230938395
 20
-41.699982104406985
 10
26.082920396395853
 20
-41.754876379427294
 10
26.148032261485614
 20
-41.8095091432662
 10
26.21354544747932
 20
-41.86388278075401
 10
26.279454829067667
 20
-41.91799952875089
 10
26.345755514927685
 20
-41.97186148747789
 10
26.412442830280792
 20
-42.02547063068685
 10
26.479512301187942
 20
-42.07882881481718
 10
26.546959640366204
 20
-42.13193778726541
 10
26.61478073434327
 20
-42.18479919387455
 10
26.682971631792515
 20
-42.23741458573497
 10
26.751528532913017
 20
-42.289785425375904
 10
26.820447779738156
 20
-42.34191309241568
 10
26.889725847270906
 20
-42.39379888872977
 10
26.95935933535815
 20
-42.445444043188125
 10
27.029706750945756
 20
-42.40242716527975
 10
27.099984795616223
 20
-42.3592969294671
 10
27.170193280241993
 20
-42.31605343775196
 10
27.240332015816474
 20
-42.2726967924476
 10
27.310400813454585
 20
-42.229227096178995
 10
27.293773584856353
 20
-42.14494570492251
 10
27.276772941252332
 20
-42.060875702287646
 10
27.259396233688545
 20
-41.977019533681144
 10
27.24164069130679
 20
-41.893379722517906
 10
27.22350341343524
 20
-41.809958875312695
 10
27.204981360960307
 20
-41.726759687235344
 10
27.186071346893918
 20
-41.64378494818473
 10
27.166770026037707
 20
-41.56103754944518
 10
27.147073883630426
 20
-41.47852049099852
 10
27.126979222846767
 20
-41.396236889576784
 10
27.10648215099477
 20
-41.314189987554506
 10
27.085578564232826
 20
-41.23238316279556
 10
27.064264130596978
 20
-41.1508199395901
 10
27.042534271091217
 20
-41.06950400084069
 10
27.101432839952352
 20
-41.03221003978978
 10
27.160279382705156
 20
-40.994833957173434
 10
27.21907378049634
 20
-40.957375819171254
 10
27.277815914540852
 20
-40.919835692133525
 10
27.336505666122093
 20
-40.88221364258117
 10
27.336505666122086
 20
-40.88221364258118
 10
27.40290903562535
 20
-40.93505711029405
 10
27.469710770843022
 20
-40.98762652787678
 10
27.53690556838911
 20
-41.039924444365624
 10
27.60448837360421
 20
-41.09195325306336
 10
27.672454361482423
 20
-41.14371520346637
 10
27.740798919552045
 20
-41.195212411969614
 10
27.80951763246127
 20
-41.24644687150521
 10
27.87860626805716
 20
-41.29742046024693
 10
27.948060764777722
 20
-41.34813494949355
 10
28.01787722020279
 20
-41.3985920108276
 10
28.088051880630434
 20
-41.44879322263249
 10
28.158581131564755
 20
-41.49874007603999
 10
28.229461489015193
 20
-41.54843398037018
 10
28.300689591521067
 20
-41.597876268117936
 10
28.369669028598302
 20
-41.552696259861115
 10
28.438575477170883
 20
-41.50740491124615
 10
28.50740875053796
 20
-41.46200233027619
 10
28.576168662130595
 20
-41.4164886252666
 10
28.644855025512378
 20
-41.37086390484488
 10
28.62559545836869
 20
-41.28715552037106
 10
28.605969217849474
 20
-41.203670020321546
 10
28.585973732413496
 20
-41.12040993159844
 10
28.565606311095042
 20
-41.037377862859685
 10
28.544864135756196
 20
-40.95457650985406
 10
28.523744252635026
 20
-40.87200866124133
 10
28.502243563105797
 20
-40.78967720495624
 10
28.480358813554474
 20
-40.70758513518259
 10
28.45808658425835
 20
-40.62573556001409
 10
28.435423277140526
 20
-40.5441317098914
 10
28.412365102249737
 20
-40.46277694691854
 10
28.388908062790044
 20
-40.38167477517946
 10
28.365047938495376
 20
-40.30082885219671
 10
28.340780267106943
 20
-40.22024300169877
 10
28.398493040212077
 20
-40.18113741658027
 10
28.45615115879407
 20
-40.1419512230546
 10
28.513754505582394
 20
-40.10268449110265
 10
28.57130296338087
 20
-40.06333729087629
 10
28.628796415067942
 20
-40.023909692698325
 10
28.62879641506798
 20
-40.0239096926983
 10
28.696832124879336
 20
-40.074648681692835
 10
28.765257466135324
 20
-40.125101329222
 10
28.83406721600999
 20
-40.17527034649476
 10
28.90325639546321
 20
-40.225158281356855
 10
28.972820250546185
 20
-40.27476753080383
 10
29.042754235622006
 20
-40.32410035221163
 10
29.11305399825731
 20
-40.37315887344883
 10
29.183715365577513
 20
-40.4219451020085
 10
29.25473433190918
 20
-40.47046093327885
 10
29.326107047558008
 20
-40.51870815805357
 10
29.397829808592213
 20
-40.566688469369005
 10
29.469899047519014
 20
-40.614403468743916
 10
29.542311324756557
 20
-40.66185467188635
 10
29.61506332081677
 20
-40.709043513925245
 10
29.682605603169073
 20
-40.661740252897154
 10
29.750071328074103
 20
-40.61432778462013
 10
29.817460311472736
 20
-40.566806223105644
 10
29.88477236944914
 20
-40.519175682677464
 10
29.952007318231445
 20
-40.471436277971556
 10
29.930133968338307
 20
-40.388381706446
 10
29.907901049984908
 20
-40.30556131476043
 10
29.88530607176572
 20
-40.22297770908724
 10
29.862346425451992
 20
-40.14063358103132
 10
29.839019378413564
 20
-40.05853171320329
 10
29.815322065352017
 20
-39.97667498529989
 10
29.791251479263003
 20
-39.89506638075227
 10
29.766804461533532
 20
-39.81370899401148
 10
29.741977691064815
 20
-39.73260603855175
 10
29.716767672295077
 20
-39.651760855684245
 10
29.691170721975265
 20
-39.57117692428957
 10
29.66518295452667
 20
-39.49085787159509
 10
29.638800265779565
 20
-39.41080748514515
 10
29.61201831485639
 20
-39.331029726138496
 10
29.668487183199804
 20
-39.29014709038588
 10
29.72489880529801
 20
-39.24918544402413
 10
29.7812530656025
 20
-39.20814486083859
 10
29.83754984864544
 20
-39.16702541478554
 10
29.89378903904007
 20
-39.12582717999219
 10
29.893789039040055
 20
-39.12582717999219
 10
29.963389472295404
 20
-39.174410133440894
 10
30.03337040885301
 20
-39.22269471463422
 10
30.10372671163153
 20
-39.2706837947592
 10
30.17445348214933
 20
-39.31838007415147
 10
30.24554604222741
 20
-39.365786095383335
 10
30.316999917566722
 20
-39.41290425501036
 10
30.388810822960995
 20
-39.45973681414811
 10
30.46097464894205
 20
-39.50628590802378
 10
30.53348744968485
 20
-39.552553554626755
 10
30.606345432023996
 20
-39.59854166256405
 10
30.679544945454293
 20
-39.6442520382117
 10
30.753082473005353
 20
-39.68968639224104
 10
30.82695462289482
 20
-39.734846345588046
 10
30.901158120877273
 20
-39.77973343492509
 10
30.96719504653831
 20
-39.730349023195814
 10
31.033151898666652
 20
-39.6808576529351
 10
31.099028496067973
 20
-39.63125944415993
 10
31.164824657703065
 20
-39.581554517199045
 10
31.230540202688488
 20
-39.53174299269303
 10
31.206074033965375
 20
-39.44942244895854
 10
31.18125575982431
 20
-39.367347168714325
 10
31.156082971664
 20
-39.28551983508106
 10
31.13055314678104
 20
-39.203943220213304
 10
31.10466364096899
 20
-39.1226201911061
 10
31.078411680444944
 20
-39.04155371593024
 10
31.051794353023265
 20
-38.96074687095886
 10
31.024808598444515
 20
-38.880202848158206
 10
30.997451197752984
 20
-38.79992496352601
 10
30.969718761599715
 20
-38.719916666274244
 10
30.941607717327773
 20
-38.640181548969245
 10
30.9131142946727
 20
-38.56072335876009
 10
30.88423450988184
 20
-38.48154600984998
 10
30.85496414802175
 20
-38.40265359739183
 10
30.910131852468428
 20
-38.36003036831074
 10
30.96523975879413
 20
-38.317329811059764
 10
31.020287753316616
 20
-38.27455200322534
 10
31.07527572244099
 20
-38.23169702256446
 10
31.130203552659978
 20
-38.18876494700474
 10
31.130203552659964
 20
-38.188764947004735
 10
31.201299410785214
 20
-38.235142486446634
 10
31.272766257154288
 20
-38.28120989625846
 10
31.34459904557645
 20
-38.32697020524714
 10
31.41679296303238
 20
-38.372426264029706
 10
31.48934341179315
 20
-38.41758075868451
 10
31.56224599337104
 20
-38.46243622300385
 10
31.635496494068512
 20
-38.506995049525784
 10
31.70909087192718
 20
-38.55125949949707
 10
31.78302524490785
 20
-38.595231711896204
 10
31.85729588015669
 20
-38.63891371162689
 10
31.93189918423309
 20
-38.68230741697741
 10
32.00683169419174
 20
-38.72541464642792
 10
32.08209006942553
 20
-38.76823712487657
 10
32.15767108418845
 20
-38.81077648934704
 10
32.22213550788024
 20
-38.75935525259744
 10
32.28651639917269
 20
-38.70782942149211
 10
32.35081357996676
 20
-38.65619912204001
 10
32.415026872330735
 20
-38.60446448056087
 10
32.479156098500766
 20
-38.55262562368524
 10
32.452120468375654
 20
-38.47111866789291
 10
32.42474054845747
 20
-38.3898678361341
 10
32.39701401555867
 20
-38.308875886058864
 10
32.36893843522874
 20
-38.22814566787312
 10
32.34051125453814
 20
-38.14768013037369
 10
32.3117297942065
 20
-38.06748232753259
 10
32.28259123999696
 20
-37.987555425695916
 10
32.25309263328674
 20
-37.907902711473106
 10
32.2232308607101
 20
-37.82852760040279
 10
32.19300264275375
 20
-37.74943364649674
 10
32.162404521164916
 20
-37.670624552778094
 10
32.131432845009336
 20
-37.59210418295118
 10
32.10008375518759
 20
-37.5138765743627
 10
32.068353167184924
 20
-37.435945952443234
 10
32.12216336981405
 20
-37.391620469658406
 10
32.175911265553914
 20
-37.34721942563416
 10
32.229596742737534
 20
-37.30274290174741
 10
32.283219689791984
 20
-37.25819097954505
 10
32.336779995238786
 20
-37.213563740743936
 10
32.33677999523878
 20
-37.21356374074394
 10
32.40930037219901
 20
-37.257688727196424
 10
32.48218184287377
 20
-37.30149211284566
 10
32.55541945706429
 20
-37.34497708159486
 10
32.629008492076366
 20
-37.38814663197629
 10
32.702944435273764
 20
-37.43100359135375
 10
32.77722296841881
 20
-37.47355062866994
 10
32.851839953572494
 20
-37.51579026592394
 10
32.926791420360395
 20
-37.55772488853647
 10
33.002073554439704
 20
-37.59935675473725
 10
33.07768268702625
 20
-37.640688004089526
 10
33.15361528535953
 20
-37.68172066525062
 10
33.229867944001505
 20
-37.72245666305415
 10
33.306437376877476
 20
-37.7628978249877
 10
33.38332040998054
 20
-37.80304588713069
 10
33.446146328301275
 20
-37.74963436984698
 10
33.508885317071645
 20
-37.69612073747809
 10
33.57153720152501
 20
-37.64250512199995
 10
33.634101807074515
 20
-37.58878765569763
 10
33.696578959313726
 20
-37.53496847116531
 10
33.666999603246424
 20
-37.454353945343435
 10
33.637084119651895
 20
-37.37400616970174
 10
33.606830273302066
 20
-37.29392797390409
 10
33.57623572066109
 20
-37.21412228360902
 10
33.545298002861486
 20
-37.134592126727576
 10
33.51401453804233
 20
-37.055340640250854
 10
33.48238261297301
 20
-36.97637107771466
 10
33.450399373875165
 20
-36.897686817379984
 10
33.41806181634189
 20
-36.819291371218966
 10
33.385366774237305
 20
-36.74118839481079
 10
33.35231090744062
 20
-36.66338169826927
 10
33.318890688275815
 20
-36.58587525834302
 10
33.28510238644133
 20
-36.508673231855035
 10
33.250942052220005
 20
-36.43177997067708
 10
33.30333940994963
 20
-36.38579245106678
 10
33.355671998487104
 20
-36.339731221323966
 10
33.40793970833356
 20
-36.29359636659796
 10
33.46014243009123
 20
-36.24738797220696
 10
33.51228005446375
 20
-36.20110612363809
 10
33.51228005446374
 20
-36.201106123638084
 10
33.58615251370934
 20
-36.24293371587594
 10
33.66037580061271
 20
-36.28442853501704
 10
33.73494506601755
 20
-36.32559391737026
 10
33.809855682370646
 20
-36.36643300685789
 10
33.885103226727615
 20
-36.40694876975666
 10
33.960683465499564
 20
-36.44714400792855
 10
34.036592340718734
 20
-36.48702137073352
 10
34.11282595763453
 20
-36.526583365787815
 10
34.18938057347967
 20
-36.565832368707355
 10
34.266252587268596
 20
-36.6047706319555
 10
34.34343853050973
 20
-36.643400292897994
 10
34.42093505872976
 20
-36.68172338115366
 10
34.4987389437209
 20
-36.71974182531782
 10
34.57684706643444
 20
-36.75745745912533
 10
34.63796970550748
 20
-36.702104415535075
 10
34.69900208421107
 20
-36.64665185063175
 10
34.75994403135376
 20
-36.59109990232082
 10
34.82079537593672
 20
-36.535448708814656
 10
34.88155594715425
 20
-36.47969840863228
 10
34.84946096223187
 20
-36.40005437311761
 10
34.817038352340354
 20
-36.32068746831239
 10
34.78428597268826
 20
-36.241600593283074
 10
34.75120157324534
 20
-36.162796746442204
 10
34.71778279191832
 20
-36.08427903202351
 10
34.68402714710699
 20
-36.006050667146354
 10
34.64993202956612
 20
-35.92811498953949
 10
34.61549469348849
 20
-35.85047546600531
 10
34.58071224671081
 20
-35.77313570171757
 10
34.54558163992899
 20
-35.6960994504607
 10
34.51009965479097
 20
-35.61937062593615
 10
34.47426289071256
 20
-35.54295331428247
 10
34.43806775023577
 20
-35.466851787980794
 10
34.40151042271679
 20
-35.39107052134849
 10
34.45244066294737
 20
-35.343463050187545
 10
34.503303721590164
 20
-35.2957838036864
 10
34.55409949147091
 20
-35.248032870740296
 10
34.60482786552351
 20
-35.200210340412
 10
34.6554887367904
 20
-35.152316301931826
 10
34.655488736790424
 20
-35.152316301931805
 10
34.73063939075311
 20
-35.191804011781215
 10
34.80613024323901
 20
-35.230948087665034
 10
34.881956551127374
 20
-35.26975201543868
 10
34.958113786768486
 20
-35.308219081728694
 10
35.03459762145966
 20
-35.34635238919925
 10
35.1114039106136
 20
-35.38415487025415
 10
35.18852868040406
 20
-35.42162929937409
 10
35.265968115704894
 20
-35.458778304258324
 10
35.343718549166816
 20
-35.495604375915214
 10
35.421776451298015
 20
-35.53210987782531
 10
35.50013842143319
 20
-35.568297054283285
 10
35.578801179492324
 20
-35.604168038010556
 10
35.65776155844213
 20
-35.63972485711835
 10
35.73701649738627
 20
-35.67496944149031
 10
35.79637240265107
 20
-35.61772582193246
 10
35.8556347877775
 20
-35.560385388496755
 10
35.914803485397
 20
-35.5029482849677
 10
35.97387832834659
 20
-35.445414655433645
 10
36.03285914966942
 20
-35.387784644286654
 10
35.99827897719519
 20
-35.30918831395244
 10
35.96338001583775
 20
-35.23087923810594
 10
35.92816021364589
 20
-35.15286038251022
 10
35.89261741660997
 20
-35.075134815534554
 10
35.85674936204468
 20
-34.99770571484082
 10
35.820553671370654
 20
-34.9205763746784
 10
35.78402784222333
 20
-34.84375021385989
 10
35.747169239806276
 20
-34.76723078450148
 10
35.70997508739423
 20
-34.691021781623796
 10
35.67244245587555
 20
-34.61512705372512
 10
35.63456825220608
 20
-34.53955061445648
 10
35.59634920662514
 20
-34.46429665554968
 10
35.557781858458114
 20
-34.3893695611763
 10
35.518862540299295
 20
-34.31477392394615
 10
35.568272538286294
 20
-34.26559044200493
 10
35.617612995709564
 20
-34.21633720252283
 10
35.6668838078787
 20
-34.167014298105954
 10
35.71608487021867
 20
-34.11762182152623
 10
35.765216078270186
 20
-34.06815986572125
 10
35.765216078270164
 20
-34.06815986572125
 10
35.84156967025192
 20
-34.10526761022787
 10
35.918252477506655
 20
-34.14202118370969
 10
35.99525986787772
 20
-34.17842421854013
 10
36.07258741832163
 20
-34.214480141202934
 10
36.150230898871456
 20
-34.25019218806993
 10
36.228186258242616
 20
-34.285563419561946
 10
36.306449610872406
 20
-34.320596732899226
 10
36.38501722521475
 20
-34.355294873616295
 10
36.463885513139125
 20
-34.38966044599047
 10
36.54305102030369
 20
-34.423695922511826
 10
36.62251041739067
 20
-34.45740365250452
 10
36.70226049210801
 20
-34.490785869994475
 10
36.78229814187337
 20
-34.52384470090557
 10
36.86262036710783
 20
-34.556582169656124
 10
36.920147494903475
 20
-34.49750110210823
 10
36.97757791864343
 20
-34.43832604068376
 10
37.03491147503348
 20
-34.37905713498193
 10
37.092148000998016
 20
-34.31969453490206
 10
37.14928733368079
 20
-34.260238390643465
 10
37.112254740667154
 20
-34.182766070870315
 10
37.07491252119628
 20
-34.10559086158505
 10
37.03725871848231
 20
-34.02871579244804
 10
36.99929127697025
 20
-33.95214399889074
 10
36.961008035932615
 20
-33.87587872900718
 10
36.922406722484496
 20
-33.799923351072536
 10
36.88348494394746
 20
-33.72428136176348
 10
36.84424017948258
 20
-33.64895639516639
 10
36.80466977090053
 20
-33.573952232672674
 10
36.764770912542254
 20
-33.49927281387596
 10
36.72454064010642
 20
-33.42492224860505
 10
36.683975818278775
 20
-33.350904830248105
 10
36.64307312699419
 20
-33.27722505055163
 10
36.601829046131186
 20
-33.20388761610907
 10
36.64966690377293
 20
-33.15317390248309
 10
36.697432918863015
 20
-33.102392531247474
 10
36.745126989356294
 20
-33.051543598675174
 10
36.792749013330294
 20
-33.00062720120273
 10
36.84029888898556
 20
-32.94964343543019
 10
36.84029888898555
 20
-32.94964343543019
 10
36.91777887727453
 20
-32.98433358577085
 10
36.99557675294911
 20
-33.01865936403457
 10
37.07368799967374
 20
-33.05262454591424
 10
37.1521083036471
 20
-33.086232694741575
 10
37.230833538069845
 20
-33.119487177761485
 10
37.30985974920313
 20
-33.15239118073896
 10
37.38918314381562
 20
-33.1849477211108
 10
37.468800077846375
 20
-33.21715965986306
 10
37.54870704613711
 20
-33.249029712287864
 10
37.62890067310798
 20
-33.28056045775164
 10
37.709377704268626
 20
-33.311754348587776
 10
37.790134998471295
 20
-33.34261371821215
 10
37.87116952082478
 20
-33.37314078854579
 10
37.9524783361991
 20
-33.403337676819184
 10
38.00811614676514
 20
-33.34247444333827
 10
38.06365415007419
 20
-33.28152014718075
 10
38.11909218716036
 20
-33.22047494368191
 10
38.174430099289744
 20
-33.159338988472655
 10
38.229667727961
 20
-33.09811243747936
 10
38.19021778742794
 20
-33.021839459826815
 10
38.150467701586486
 20
-32.945873169984296
 10
38.11041561105773
 20
-32.870216658618624
 10
38.07005956108903
 20
-32.794873125233416
 10
38.02939749537157
 20
-32.71984588525918
 10
37.988427249296215
 20
-32.64513837778867
 10
37.94714654258067
 20
-32.57075417403388
 10
37.9055529711911
 20
-32.49669698659405
 10
37.86364399846919
 20
-32.422970679635924
 10
37.821416945361875
 20
-32.34957928010481
 10
37.77886897963412
 20
-32.276526990104166
 10
37.73599710392515
 20
-32.20381820060345
 10
37.69279814248442
 20
-32.1314575066632
 10
37.64926872639425
 20
-32.059449724398426
 10
37.6954838521002
 20
-32.00725337487315
 10
37.74162489386325
 20
-31.954991548721633
 10
37.787691752446364
 20
-31.902664345830278
 10
37.83368432874251
 20
-31.85027186624641
 10
37.87960252377502
 20
-31.797814210178167
 10
37.87960252377503
 20
-31.797814210178185
 10
37.95813116781419
 20
-31.830051637198213
 10
38.036966036711675
 20
-31.861914839077517
 10
38.116102734730774
 20
-31.893407731459725
 10
38.19553706187442
 20
-31.92453401135288
 10
38.275264998873695
 20
-31.95529717388541
 10
38.3552826937139
 20
-31.985700527345077
 10
38.43558644950252
 20
-32.01574720672001
 10
38.516172713512205
 20
-32.045440185927596
 10
38.59703806725738
 20
-32.074782288889566
 10
38.67817921748264
 20
-32.10377619958936
 10
38.75959298795841
 20
-32.13242447122798
 10
38.84127631199378
 20
-32.16072953457956
 10
38.923226225588145
 20
-32.18869370563398
 10
39.0054398611535
 20
-32.21631919260226
 10
39.059129412649874
 20
-32.153731200471086
 10
39.11271613930992
 20
-32.091055186414415
 10
39.16619988675184
 20
-32.02829131141017
 10
39.2195805008391
 20
-31.965439736726648
 10
39.27285782768105
 20
-31.902500623922275
 10
39.23102789765326
 20
-31.827501281472497
 10
39.18890761413737
 20
-31.75281791472572
 10
39.14649521731443
 20
-31.67845367237493
 10
39.103788855490606
 20
-31.60441181491256
 10
39.06078657914203
 20
-31.530695721912544
 10
39.01748633441884
 20
-31.457308899975004
 10
38.97388595604356
 20
-31.384254991412238
 10
38.92998315953
 20
-31.31153778376745
 10
38.88577553263684
 20
-31.239161220270418
 10
38.84126052595685
 20
-31.167129411351986
 10
38.7964354425268
 20
-31.095446647358372
 10
38.75129742632324
 20
-31.0241174126299
 10
38.70584344948679
 20
-30.953146401137765
 10
38.66007029808873
 20
-30.882538533906104
 10
38.70461348737515
 20
-30.828908934692734
 10
38.74908041555693
 20
-30.77521611959768
 10
38.79347098636876
 20
-30.72146019205764
 10
38.837785103682535
 20
-30.66764125566723
 10
38.882022671508
 20
-30.61375941417879
 10
38.88202267150799
 20
-30.61375941417879
 10
38.96152111993573
 20
-30.643511530448734
 10
39.04131380657016
 20
-30.672879928238316
 10
39.12139646096445
 20
-30.701868659603328
 10
39.201765001406635
 20
-30.730481551894382
 10
39.28241552044498
 20
-30.758722224978705
 10
39.36334427189615
 20
-30.786594106697134
 10
39.444547659147005
 20
-30.81410044678161
 10
39.5260222245896
 20
-30.841244329424004
 10
39.60776464005261
 20
-30.868028684659233
 10
39.68977169811215
 20
-30.89445629870211
 10
39.77204030418081
 20
-30.920529823357857
 10
39.85456746928827
 20
-30.946251784610002
 10
39.937350303477885
 20
-30.971624590475447
 10
40.020386009753516
 20
-30.99665053820471
 10
40.07207005288207
 20
-30.932397285611778
 10
40.12364834414258
 20
-30.86805915946002
 10
40.17512073399339
 20
-30.803636326261422
 10
40.22648707315141
 20
-30.739128952812287
 10
40.277747212592764
 20
-30.67453720619296
 10
40.233576913682384
 20
-30.60088468855156
 10
40.189126355286795
 20
-30.52755713449729
 10
40.1443938792067
 20
-30.454557747681946
 10
40.099377738966865
 20
-30.381889846412584
 10
40.05407609409483
 20
-30.309556871118673
 10
40.00848700388021
 20
-30.237562392498425
 10
39.96260842055195
 20
-30.16591012042559
 10
39.916438181802974
 20
-30.09460391370976
 10
39.86997400257952
 20
-30.023647790817655
 10
39.82321346604016
 20
-29.95304594167983
 10
39.77615401357399
 20
-29.882802740727843
 10
39.72879293374855
 20
-29.81292276133028
 10
39.68112735003613
 20
-29.743410791826392
 10
39.63315420713992
 20
-29.674271853390252
 10
39.67597772358534
 20
-29.619260150101162
 10
39.71872286963417
 20
-29.56418756992844
 10
39.76138955215614
 20
-29.50905421978626
 10
39.80397767816569
 20
-29.45386020674314
 10
39.84648715482226
 20
-29.398605638021863
 10
39.846487154822285
 20
-29.398605638021838
 10
39.92687553519796
 20
-29.42584243631988
 10
40.00754585403607
 20
-29.452686393982763
 10
40.08849397077601
 20
-29.47914169577064
 10
40.16971592638296
 20
-29.50521229588142
 10
40.251207929426016
 20
-29.53090193562192
 10
40.332966343582214
 20
-29.556214159268357
 10
40.414987676385
 20
-29.58115232834702
 10
40.49726856906255
 20
-29.605719634531194
 10
40.57980578733442
 20
-29.62991911132137
 10
40.66259621305417
 20
-29.65375364465194
 10
40.745636836600276
 20
-29.677225982547338
 10
40.8289247499325
 20
-29.700338743934193
 10
40.912457140240285
 20
-29.723094426701337
 10
40.99623128412094
 20
-29.74549541508813
 10
41.04585435691619
 20
-29.679638451208096
 10
41.095368846281616
 20
-29.61369986752199
 10
41.14477460777101
 20
-29.54767983595189
 10
41.19407149720992
 20
-29.481578528697323
 10
41.243259370696336
 20
-29.41539611823493
 10
41.196790562153495
 20
-29.343162446188693
 10
41.150051881383305
 20
-29.27126241521983
 10
41.103041773767394
 20
-29.19969928078736
 10
41.055758600107296
 20
-29.12847641575091
 10
41.008200631143445
 20
-29.057597318015553
 10
40.960366041576236
 20
-28.987065618872318
 10
40.91225290352989
 20
-28.91688509211686
 10
40.863859179390914
 20
-28.847059664042256
 10
40.815182713942114
 20
-28.777593424415386
 10
40.766221225701436
 20
-28.708490638564733
 10
40.716972297359135
 20
-28.639755760727663
 10
40.66743336519006
 20
-28.571393448830033
 10
40.61760170729533
 20
-28.503408580901176
 10
40.567474430502955
 20
-28.43580627336307
 10
40.60853208668461
 20
-28.37946533512835
 10
40.64950933467769
 20
-28.323065935533947
 10
40.69040608464965
 20
-28.266608184888593
 10
40.73122224691998
 20
-28.210092193651498
 10
40.77195773196037
 20
-28.15351807243209
 10
40.771957731960356
 20
-28.153518072432092
 10
40.853155241983316
 20
-28.178212160571398
 10
40.93462208917499
 20
-28.202504668260953
 10
41.01635426735455
 20
-28.22639990908959
 10
41.098347944460166
 20
-28.249901960446753
 10
41.18059944919473
 20
-28.273014681626158
 10
41.26310525903957
 20
-28.29574173007454
 10
41.34586198946182
 20
-28.31808657602192
 10
41.42886638416695
 20
-28.340052515694236
 10
41.512115306271
 20
-28.361642683279477
 10
41.595605730283644
 20
-28.38286006179407
 10
41.67933473480974
 20
-28.40370749297549
 10
41.76329949588857
 20
-28.424187686310063
 10
41.847497280901486
 20
-28.444303227290426
 10
41.931925442987236
 20
-28.46405658498468
 10
41.97943396533221
 20
-28.396659464364795
 10
42.02683117305129
 20
-28.32918408055042
 10
42.07411692704697
 20
-28.261630610734223
 10
42.12129108850655
 20
-28.193999232378612
 10
42.16835351890286
 20
-28.126290123215426
 10
42.11963027301328
 20
-28.055546083061092
 10
42.07064782604275
 20
-27.98514404091411
 10
42.02140472881206
 20
-27.91508730080811
 10
41.971899451351156
 20
-27.845379286808363
 10
41.92213037766441
 20
-27.776023550827226
 10
41.872095800020304
 20
-27.70702378115041
 10
41.82179391270879
 20
-27.638383811758978
 10
41.77122280520155
 20
-27.57010763254474
 10
41.72038045463948
 20
-27.50219940053125
 10
41.66926471756052
 20
-27.434663452230833
 10
41.617873320766776
 20
-27.367504317289196
 10
41.56620385121237
 20
-27.300726733594207
 10
41.514253744773804
 20
-27.234335664056385
 10
41.46202027373911
 20
-27.168336315305297
 10
41.50126751176294
 20
-27.110720693966353
 10
41.54043237890906
 20
-27.05304910136767
 10
41.57951478880364
 20
-26.995321651119752
 10
41.618514655232026
 20
-26.93753845697915
 10
41.65743189213901
 20
-26.879699632848215
 10
41.65743189213901
 20
-26.87969963284822
 10
41.7393568921656
 20
-26.90182626478102
 10
41.82153833856529
 20
-26.923542969609677
 10
41.90397236391985
 20
-26.94485418570976
 10
41.986655267332004
 20
-26.965764109847633
 10
42.069583501653554
 20
-26.986276715699123
 10
42.15275366202186
 20
-27.00639577047085
 10
42.23616247553777
 20
-27.026124849865905
 10
42.31980679194339
 20
-27.04546735159952
 10
42.40368357517913
 20
-27.064426507639574
 10
42.48778989571652
 20
-27.083005395322154
 10
42.572122923577865
 20
-27.101206947471056
 10
42.65667992196615
 20
-27.119033961632663
 10
42.74145824143818
 20
-27.136489108522742
 10
42.82645531456361
 20
-27.15357493976924
 10
42.87179768197914
 20
-27.084703170966606
 10
42.91702610878401
 20
-27.01575659561314
 10
42.962140461479365
 20
-26.946735396016976
 10
43.007140606864084
 20
-26.87763975474754
 10
43.05202641203536
 20
-26.808469854635153
 10
43.00109498674238
 20
-26.739284932208655
 10
42.949915305600435
 20
-26.670450034235916
 10
42.898486026619786
 20
-26.60196851001486
 10
42.84680573089905
 20
-26.53384383138848
 10
42.79487291764247
 20
-26.466079600723095
 10
42.74268599872431
 20
-26.39867955961213
 10
42.69024329274699
 20
-26.331647598392376
 10
42.6375430185305
 20
-26.264987766571938
 10
42.5845832879616
 20
-26.198704284284876
 10
42.531362098120134
 20
-26.132801554905495
 10
42.477877322585776
 20
-26.067284178976884
 10
42.42412670181303
 20
-26.00215696963408
 10
42.37010783244231
 20
-25.937424969733748
 10
42.31581815539184
 20
-25.873093470939533
 10
42.35321212662437
 20
-25.814259355289547
 10
42.39052184295065
 20
-25.755371830883206
 10
42.427747221614084
 20
-25.696431014529942
 10
42.46488818002429
 20
-25.637437023180354
 10
42.50194463575743
 20
-25.57838997392599
 10
42.501944635757425
 20
-25.578389973926
 10
42.58451474241781
 20
-25.5979270770694
 10
42.6673281276965
 20
-25.617046310068865
 10
42.750381067201715
 20
-25.63575223188087
 10
42.83366999528036
 20
-25.654049154677264
 10
42.91719149284289
 20
-25.671941162761023
 10
43.000942276434905
 20
-25.689432129543892
 10
43.08491918839736
 20
-25.70652573283306
 10
43.16911918797951
 20
-25.723225468636556
 10
43.25353934329035
 20
-25.73953466366632
 10
43.338176823989535
 20
-25.755456486692133
 10
43.42302889463292
 20
-25.770993958878137
 10
43.508092908600005
 20
-25.78614996321577
 10
43.59336630253925
 20
-25.80092725315175
 10
43.67884659127645
 20
-25.815328460496957
 10
43.72197326752822
 20
-25.745049448951235
 10
43.7649834871675
 20
-25.674699184404357
 10
43.80787712253957
 20
-25.604277854109345
 10
43.85065404630014
 20
-25.533785645571253
 10
43.8933141314158
 20
-25.463222746546666
 10
43.84022294104494
 20
-25.395665060996823
 10
43.78689470390677
 20
-25.32846508620803
 10
43.7333281868391
 20
-25.261626213358404
 10
43.67952208373344
 20
-25.195151958563493
 10
43.625475010809495
 20
-25.129045971009393
 10
43.57118550146077
 20
-25.063312041825622
 10
43.51665200061968
 20
-24.997954113786086
 10
43.46187285858361
 20
-24.93297629193948
 10
43.40684632423384
 20
-24.86838285528626
 10
43.35157053756882
 20
-24.804178269637728
 10
43.29604352146059
 20
-24.740367201814824
 10
43.24026317252734
 20
-24.676954535370523
 10
43.18422725099738
 20
-24.61394538805184
 10
43.12793336941673
 20
-24.551345131255292
 10
43.163433013025156
 20
-24.49135029633046
 10
43.19884659985434
 20
-24.431304685161788
 10
43.23417405092023
 20
-24.371208417644848
 10
43.26941528741186
 20
-24.311061613811084
 10
43.30457023069165
 20
-24.250864393827595
 10
43.304570230691645
 20
-24.250864393827605
 10
43.38770241140641
 20
-24.267792592568828
 10
43.4710644390518
 20
-24.284295391800043
 10
43.55465273639904
 20
-24.300377466691625
 10
43.63846387699927
 20
-24.316043240695265
 10
43.72249457361818
 20
-24.33129690483831
 10
43.806741667855455
 20
-24.34614243504109
 10
43.891202120797594
 20
-24.36058360770952
 10
43.97587300457638
 20
-24.37462401381675
 10
44.06075149472336
 20
-24.388267071656568
 10
44.14583486322707
 20
-24.401516038424504
 10
44.23112047221192
 20
-24.414374020761247
 10
44.31660576816982
 20
-24.426843984374432
 10
44.402288276683926
 20
-24.438928762839353
 10
44.48816559759198
 20
-24.450631065666123
 10
44.52902920565946
 20
-24.379014050831255
 10
44.569773955769634
 20
-24.307329430027966
 10
44.610399726351766
 20
-24.235577395268255
 10
44.6509063961578
 20
-24.16375813880606
 10
44.69129384426286
 20
-24.091871853136706
 10
44.63609342822831
 20
-24.0260080905023
 10
44.58066742769466
 20
-23.960509375434253
 10
44.52501471984893
 20
-23.895379137537102
 10
44.469134112979
 20
-23.830620933620764
 10
44.41302434201099
 20
-23.766238455980503
 10
44.35668406364161
 20
-23.702235541430067
 10
44.30011185101673
 20
-23.638616181177714
 10
44.2433061879009
 20
-23.57538453164859
 10
44.1862654622736
 20
-23.51254492637242
 10
44.12898795927797
 20
-23.450101889074606
 10
44.07147185343598
 20
-23.38806014813129
 10
44.01371520002885
 20
-23.326424652575316
 10
43.95571592552522
 20
-23.26520058987324
 10
43.89747181691717
 20
-23.20439340573172
 10
43.93103793682556
 20
-23.143297157191004
 10
43.96451628365195
 20
-23.08215283231444
 10
43.99790678233605
 20
-23.020960553961203
 10
44.031209357997405
 20
-22.95972044512065
 10
44.064423935935615
 20
-22.898432628911987
 10
44.06442393593564
 20
-22.89843262891196
 10
44.14803460413151
 20
-22.912735264263606
 10
44.23186143713325
 20
-22.926605394047417
 10
44.31590100887637
 20
-22.940047805122777
 10
44.40015003594856
 20
-22.9530670279445
 10
44.484605366647216
 20
-22.96566735621658
 10
44.569263971157895
 20
-22.977852864532217
 10
44.65412293271062
 20
-22.989627424256838
 10
44.739179439593045
 20
-23.000994717872274
 10
44.82443077791668
 20
-23.011958251967624
 10
44.909874325047994
 20
-23.02252136903632
 10
44.995507543627866
 20
-23.032687258215972
 10
45.081327976113904
 20
-23.04245896508947
 10
45.16733323978822
 20
-23.0518394006497
 10
45.253521022181495
 20
-23.060831349517105
 10
45.292076433136
 20
-22.987947336314722
 10
45.33051070399862
 20
-22.914999453944045
 10
45.36882371951548
 20
-22.841987898975045
 10
45.40701536476724
 20
-22.768912868208794
 10
45.445085525169674
 20
-22.695774558676877
 10
45.387828514545426
 20
-22.63166990534031
 10
45.33035762379443
 20
-22.567937277828058
 10
45.27267184185365
 20
-22.50458014065208
 10
45.21477009288606
 20
-22.441602087670095
 10
45.15665123208583
 20
-22.379006850504155
 10
45.09831404110291
 20
-22.316798307725026
 10
45.039757223040986
 20
-22.254980494893427
 10
44.98097939697721
 20
-22.193557615563574
 10
44.92197909194285
 20
-22.132534053369685
 10
44.862754740295436
 20
-22.071914385336115
 10
44.80330467040145
 20
-22.01170339657412
 10
44.743627098534446
 20
-21.95190609655558
 10
44.683720119877925
 20
-21.89252773718714
 10
44.62358169850208
 20
-21.833573832947817
 10
44.655177038376145
 20
-21.77143694661168
 10
44.68668297775268
 20
-21.709254748414192
 10
44.71809944564171
 20
-21.64702736404607
 10
44.749426371239515
 20
-21.584754919322013
 10
44.78066368392891
 20
-21.52243754018043
 10
44.780663683928886
 20
-21.522437540180434
 10
44.86466879475273
 20
-21.53410068556911
 10
44.94887615176978
 20
-21.5453246518217
 10
45.033282483937775
 20
-21.556114332807688
 10
45.11788465457798
 20
-21.56647436156071
 10
45.20267965106799
 20
-21.576409130272193
 10
45.28766457559021
 20
-21.585922808236436
 10
45.37283663680173
 20
-21.595019358008397
 10
45.458193142310826
 20
-21.60370254999592
 10
45.54373149186331
 20
-21.611975975675385
 10
45.62944917115496
 20
-21.6198430595928
 10
45.71534374619802
 20
-21.62730707028946
 10
45.80141285818046
 20
-21.634371130272637
 10
45.88765421876357
 20
-21.641038225135375
 10
45.97406560577162
 20
-21.64731121191624
 10
46.01027002511767
 20
-21.57323289661079
 10
46.04635114585681
 20
-21.499094534702458
 10
46.08230885927685
 20
-21.424896327103525
 10
46.1181430570115
 20
-21.35063847494579
 10
46.15385363104101
 20
-21.276321179579906
 10
46.0945947128847
 20
-21.214039255684344
 10
46.03513384958537
 20
-21.152135968620634
 10
45.97547014310631
 20
-21.090614814228605
 10
45.91560263483533
 20
-21.02947941970367
 10
45.85553030166284
 20
-20.968733552145576
 10
45.795252051703585
 20
-20.908381127884727
 10
45.73476671962001
 20
-20.848426222678658
 10
45.674073061498014
 20
-20.788873082885548
 10
45.61316974921904
 20
-20.729726137737497
 10
45.55205536426319
 20
-20.670990012856294
 10
45.490728390867595
 20
-20.612669545177145
 10
45.42918720845138
 20
-20.55476979947371
 10
45.36743008320365
 20
-20.49729608671134
 10
45.30545515871197
 20
-20.440253984495563
 10
45.335044474591946
 20
-20.377138641146626
 10
45.36454285464873
 20
-20.313980811938375
 10
45.393950232103634
 20
-20.25078062525167
 10
45.423266540370314
 20
-20.18753820958478
 10
45.45249171305527
 20
-20.124253693553086
 10
45.45249171305525
 20
-20.124253693553086
 10
45.53680685938656
 20
-20.133266166737258
 10
45.621310111194724
 20
-20.141833228407
 10
45.70599835616622
 20
-20.149959874613376
 10
45.79086860791002
 20
-20.157650836401142
 10
45.875917996297254
 20
-20.16491060012222
 10
45.9611437587903
 20
-20.171743425667895
 10
46.04654323263534
 20
-20.178153362885162
 10
46.13211384781115
 20
-20.184144266402427
 10
46.21785312064291
 20
-20.189719809056673
 10
46.303758648003026
 20
-20.194883494086554
 10
46.38982810203124
 20
-20.199638666232993
 10
46.47605922531644
 20
-20.203988521869363
 10
46.562449826489406
 20
-20.207936118267323
 10
46.64899777618309
 20
-20.211484382090344
 10
46.68281082722679
 20
-20.13628607272311
 10
46.716498549011334
 20
-20.061031620803238
 10
46.750060839581685
 20
-19.98572123135544
 10
46.7834975973397
 20
-19.910355109611643
 10
46.81680872104464
 20
-19.834933461010262
 10
46.75560460036727
 20
-19.77453625394064
 10
46.6942106882508
 20
-19.714523919123526
 10
46.632626200832775
 20
-19.65489998009153
 10
46.57085029794311
 20
-19.595668093609298
 10
46.50888207945909
 20
-19.536832058343748
 10
46.44672058132953
 20
-19.47839582432294
 10
46.384364771228434
 20
-19.420363503277393
 10
46.321813543793034
 20
-19.362739379972407
 10
46.2590657153935
 20
-19.305527924655603
 10
46.19612001837406
 20
-19.248733806764644
 10
46.13297509469495
 20
-19.19236191006293
 10
46.06962948889281
 20
-19.13641734939919
 10
46.006081640263275
 20
-19.080905489321243
 10
45.942329874151994
 20
-19.025831964814763
 10
45.96988000436349
 20
-18.961801680394043
 10
45.99733775858781
 20
-18.897731794401345
 10
46.024703074392185
 20
-18.833622437757324
 10
46.05197588954218
 20
-18.769473741493083
 10
46.07915614200195
 20
-18.70528583674986
 10
46.07915614200195
 20
-18.70528583674987
 10
46.16369665056577
 20
-18.711639207874928
 10
46.24841091658519
 20
-18.717541384489852
 10
46.33329599002267
 20
-18.72299745985404
 10
46.418349038178576
 20
-18.728012258316827
 10
46.50356733668859
 20
-18.732590355930345
 10
46.58894826144325
 20
-18.736736098950463
 10
46.67448928131209
 20
-18.740453620495146
 10
46.76018795157261
 20
-18.743746855588686
 10
46.846041907959
 20
-18.74661955478682
 10
46.93204886125778
 20
-18.749075296549623
 10
47.01820659238758
 20
-18.751117498505742
 10
47.10451294790895
 20
-18.752749427731956
 10
47.19096583591738
 20
-18.753974210155654
 10
47.27756322227865
 20
-18.754794839173616
 10
47.30894702610009
 20
-18.67855237072787
 10
47.34020360192823
 20
-18.602257740715643
 10
47.37133285477046
 20
-18.525911158030564
 10
47.40233469000139
 20
-18.44951283176047
 10
47.43320901336343
 20
-18.37306297118662
 10
47.370118372646644
 20
-18.314610769227087
 10
47.30685030063795
 20
-18.256549291407904
 10
47.2434041286658
 20
-18.198882085269148
 10
47.17977913608314
 20
-18.14161283332325
 10
47.11597454690383
 20
-18.084745361837953
 10
47.05198952613359
 20
-18.028283650418103
 10
46.98782317575905
 20
-17.972231842481328
 10
46.923474530353374
 20
-17.916594256737532
 10
46.8589425522498
 20
-17.861375399798185
 10
46.79422612622713
 20
-17.806579980061986
 10
46.72932405364262
 20
-17.752212923047086
 10
46.66423504593585
 20
-17.69827938836827
 10
46.5989577174149
 20
-17.644784788592364
 10
46.53349057721974
 20
-17.59173481024606
 10
46.558970509204784
 20
-17.526854361608436
 10
46.58435672312554
 20
-17.46193725053396
 10
46.60964916102293
 20
-17.396983610324174
 10
46.63484776514181
 20
-17.331993574383727
 10
46.659952477931185
 20
-17.26696727622008
 10
46.65995247793118
 20
-17.266967276220083
 10
46.74463350531633
 20
-17.270655872030883
 10
46.82947375002147
 20
-17.273887947378093
 10
46.91447042766561
 20
-17.276668687616887
 10
46.9996208624865
 20
-17.27900300556094
 10
47.08492247900601
 20
-17.280895562373782
 10
47.17037279454939
 20
-17.28235078631972
 10
47.255969412509344
 20
-17.28337288964732
 10
47.341710016262624
 20
-17.28396588383692
 10
47.42759236366045
 20
-17.284133593409916
 10
47.513614282025245
 20
-17.283879668468845
 10
47.599773663595485
 20
-17.283207596113876
 10
47.68606846136897
 20
-17.28212071086135
 10
47.772496685300496
 20
-17.28062220417331
 10
47.859056398816726
 20
-17.278715133192797
 10
47.887975650438804
 20
-17.20150577769618
 10
47.916765911098494
 20
-17.12424831374936
 10
47.94542709295944
 20
-17.0469429538584
 10
47.97395910856229
 20
-16.969589910709843
 10
48.002361870825126
 20
-16.892189397169982
 10
47.93744532699541
 20
-16.835740723462052
 10
47.87236390581712
 20
-16.779688234717447
 10
47.807117054691474
 20
-16.72403549875355
 10
47.74170417343623
 20
-16.668786219961852
 10
47.676124611207065
 20
-16.613944248194624
 10
47.61037766313962
 20
-16.559513588459804
 10
47.54446256667871
 20
-16.505498411520374
 10
47.478378497556456
 20
-16.451903065509278
 10
47.412124565375024
 20
-16.398732088687503
 10
47.34569980874293
 20
-16.345990223493597
 10
47.27910318990539
 20
-16.293682432056688
 10
47.21233358879922
 20
-16.24181391337393
 10
47.145389796450765
 20
-16.19039012238822
 10
47.078270507621
 20
-16.13941679124372
 10
47.101651441346334
 20
-16.073752137664272
 10
47.12493741578078
 20
-16.008053812007386
 10
47.14812837755914
 20
-15.94232194978847
 10
47.17122427352535
 20
-15.876556686618345
 10
47.19422505073267
 20
-15.810758158202917
 10
47.19422505073269
 20
-15.810758158202887
 10
47.27896167912269
 20
-15.81177906244546
 10
47.36384280814092
 20
-15.812338584415697
 10
47.448865822269354
 20
-15.812441996318594
 10
47.53402820576417
 20
-15.812094294463774
 10
47.619327534999016
 20
-15.811300220414077
 10
47.704761471592235
 20
-15.810064279967385
 10
47.79032775621876
 20
-15.808390760247924
 10
47.87602420302129
 20
-15.806283745141597
 10
47.961848694548635
 20
-15.803747129275294
 10
48.04779917715937
 20
-15.80078463071143
 10
48.1338736568371
 20
-15.797399802505046
 10
48.22007019537162
 20
-15.793596043250663
 10
48.30638690686603
 20
-15.789376606729196
 10
48.392821954534796
 20
-15.78474461075084
 10
48.419243994899546
 20
-15.706646982552948
 10
48.4455354207167
 20
-15.628505366101882
 10
48.47169615148766
 20
-15.550319977247305
 10
48.49772610709985
 20
-15.472091032005077
 10
48.52362520782718
 20
-15.393818746556502
 10
48.456945266606716
 20
-15.339430293492848
 10
48.39011318277621
 20
-15.285443088054846
 10
48.32312852055437
 20
-15.231860714567956
 10
48.25599080102322
 20
-15.178686895392604
 10
48.18869949933814
 20
-15.125925499905371
 10
48.12125404168495
 20
-15.073580554297108
 10
48.05365380195321
 20
-15.021656252285016
 10
47.98589809809181
 20
-14.970156966851137
 10
47.91798618810591
 20
-14.91908726313611
 10
47.849917265649594
 20
-14.868451912638047
 10
47.781690455160025
 20
-14.818255908890498
 10
47.713304806469985
 20
-14.768504484822458
 10
47.6447592888254
 20
-14.71920313203883
 10
47.57605278422052
 20
-14.670357622301808
 10
47.59730819183752
 20
-14.603975822951512
 10
47.61846750237535
 20
-14.537563389308392
 10
47.639530667174675
 20
-14.471120458927055
 10
47.660497637790066
 20
-14.404647169449511
 10
47.681368365990245
 20
-14.338143658604823
 10
47.681368365990245
 20
-14.33814365860483
 10
47.766075698419435
 20
-14.336496708660656
 10
47.85091265412836
 20
-14.3343839853028
 10
47.93587678948696
 20
-14.331810842213107
 10
48.020965751679555
 20
-14.328782354106739
 10
48.10617727173424
 20
-14.325303338116253
 10
48.191509158266435
 20
-14.32137837298487
 10
48.276959291845515
 20
-14.31701181634814
 10
48.362525619907004
 20
-14.312207820341266
 10
48.44820615214482
 20
-14.306970345734085
 10
48.53399895632704
 20
-14.301303174767096
 10
48.619902154486255
 20
-14.295209922837266
 10
48.705913919443425
 20
-14.288694049162453
 10
48.792032471627934
 20
-14.281758866535782
 10
48.87825607616304
 20
-14.27440755026705
 10
48.90215095954745
 20
-14.195501506760477
 10
48.92591374755507
 20
-14.11655565700012
 10
48.949544367193226
 20
-14.037570219898988
 10
48.9730427458636
 20
-13.958545414521423
 10
48.996408811362706
 20
-13.879481460082323
 10
48.928029818926696
 20
-13.82720802428063
 10
48.85951158607838
 20
-13.775340493968391
 10
48.790853794458954
 20
-13.723882466176738
 10
48.72205608706948
 20
-13.672837677289516
 10
48.65311806577301
 20
-13.62221001210988
 10
48.58403928856991
 20
-13.572003513751326
 10
48.514819266619504
 20
-13.52222239445159
 10
48.445457460976904
 20
-13.472871047422482
 10
48.37595327900921
 20
-13.423954059866064
 10
48.306306070449274
 20
-13.375476227308237
 10
48.23651512303944
 20
-13.327442569425447
 10
48.16657965770804
 20
-13.27985834756938
 10
48.096498823213246
 20
-13.232729084230265
 10
48.0262716901762
 20
-13.186060584721941
 10
48.045377371625314
 20
-13.11902971235591
 10
48.06438592404412
 20
-13.051971286943678
 10
48.08329730358225
 20
-12.984885447897303
 10
48.10211146660764
 20
-12.917772334707948
 10
48.120828369706864
 20
-12.850632086945462
 10
48.12082836970685
 20
-12.85063208694547
 10
48.2054216246583
 20
-12.846319866752362
 10
48.2901294810968
 20
-12.841537958593689
 10
48.374949670117466
 20
-12.836291792135132
 10
48.45988000456407
 20
-12.830586515291351
 10
48.54491837275305
 20
-12.824427015823652
 10
48.63006273284035
 20
-12.817817940724899
 10
48.71531110774929
 20
-12.810763713673788
 10
48.80066158058981
 20
-12.803268550798018
 10
48.88611229050978
 20
-12.795336474950494
 10
48.971661428927774
 20
-12.786971328673525
 10
49.05730723610309
 20
-12.778176786001419
 10
49.14304799800592
 20
-12.768956363231357
 10
49.22888204345456
 20
-12.759313428775293
 10
49.31480774149121
 20
-12.749251212190654
 10
49.336148298017044
 20
-12.669617750271343
 10
49.35735542420125
 20
-12.589948720408819
 10
49.37842905471099
 20
-12.510244344288592
 10
49.399369124615504
 20
-12.430504843732106
 10
49.42017556938633
 20
-12.350730440695934
 10
49.35016366126836
 20
-12.300624858705783
 10
49.28002556874398
 20
-12.250929429110926
 10
49.20976109134014
 20
-12.201647757818563
 10
49.13936999448502
 20
-12.152783591261457
 10
49.06885200730486
 20
-12.104340825540357
 10
48.998206820220986
 20
-12.056323516397894
 10
48.92743408232306
 20
-12.008735890122937
 10
48.85653339849114
 20
-11.961582355499578
 10
48.78550432623502
 20
-11.914867516932219
 10
48.71434637221405
 20
-11.868596188899014
 10
48.643058988395154
 20
-11.82277341191095
 10
48.571641567799055
 20
-11.777404470183026
 10
48.50009343977677
 20
-11.732494911260284
 10
48.42841386474734
 20
-11.68805056788413
 10
48.44534799902155
 20
-11.620439619008796
 10
48.462184080348734
 20
-11.55280423768108
 10
48.478922069781284
 20
-11.485144564982246
 10
48.49556192859396
 20
-11.417460742064064
 10
48.51210361828402
 20
-11.349752910148382
 10
48.51210361828403
 20
-11.349752910148391
 10
48.59649822345142
 20
-11.34278073947296
 10
48.68099228036538
 20
-11.335335448171966
 10
48.76558369748888
 20
-11.327422536289044
 10
48.85027045587235
 20
-11.31904721962373
 10
48.935050603579484
 20
-11.310214451520302
 10
49.01992225068384
 20
-11.30092894242434
 10
49.10488356476412
 20
-11.29119517749155
 10
49.18993276683541
 20
-11.281017432490504
 10
49.27506812766462
 20
-11.270399788205284
 10
49.360287964424565
 20
-11.259346143514474
 10
49.44559063764755
 20
-11.247860227298276
 10
49.53097454844577
 20
-11.235945609304807
 10
49.61643813596858
 20
-11.22360571008922
 10
49.701979875072006
 20
-11.210843810124405
 10
49.72074176799
 20
-11.130564958713302
 10
49.739369044294214
 20
-11.050254828294152
 10
49.757861646450785
 20
-10.969913643024418
 10
49.776219517334674
 20
-10.889541627181663
 10
49.79444260023001
 20
-10.809139005162683
 10
49.72286564742891
 20
-10.761252090065875
 10
49.65117570609115
 20
-10.713779157650498
 10
49.57937269394936
 20
-10.666723818849318
 10
49.50745649921809
 20
-10.620089826146756
 10
49.43542697868826
 20
-10.573881082787752
 10
49.36328395564848
 20
-10.528101652824041
 10
49.2910272176129
 20
-10.482755772097683
 10
49.21865651383209
 20
-10.43784786027678
 10
49.14617155255897
 20
-10.393382534075771
 10
49.073571998038766
 20
-10.349364621813772
 10
49.000857467185995
 20
-10.305799179489366
 10
48.92802752590517
 20
-10.262691508579985
 10
48.85508168500539
 20
-10.220047175810203
 10
48.78201939564899
 20
-10.177872035176595
 10
48.7967625874523
 20
-10.109750836983247
 10
48.81140691241085
 20
-10.041608362025464
 10
48.82595233656385
 20
-9.973444752859594
 10
48.84039882617641
 20
-9.90526015210363
 10
48.85474634773963
 20
-9.837054702436786
 10
48.85474634773963
 20
-9.837054702436793
 10
48.9388580327816
 20
-9.82743062257352
 10
49.02305390863103
 20
-9.817330475982079
 10
49.107332063561024
 20
-9.806759827373169
 10
49.191690649185794
 20
-9.79572395501524
 10
49.27612787559466
 20
-9.784227872691943
 10
49.3606420069844
 20
-9.772276349410022
 10
49.44523135772683
 20
-9.759873927144431
 10
49.52989428881725
 20
-9.747024936864142
 10
49.61462920465799
 20
-9.733733513046255
 10
49.699434550137674
 20
-9.720003606856247
 10
49.78430880797219
 20
-9.705838998147243
 10
49.8692504962782
 20
-9.691243306410422
 10
49.95425816635376
 20
-9.676220000791062
 10
50.03933040064405
 20
-9.660772409269807
 10
50.05549217809884
 20
-9.579931118241223
 10
50.071518303894486
 20
-9.49906288190081
 10
50.08740872841957
 20
-9.41816792656884
 10
50.103163402477364
 20
-9.337246478669373
 10
50.118782277286236
 20
-9.256298764729411
 10
50.045709829540954
 20
-9.210679243800213
 10
49.9725377147781
 20
-9.165477114072921
 10
49.89926596911106
 20
-9.120695987640689
 10
49.825894603750264
 20
-9.076339619026228
 10
49.75242360339696
 20
-9.032411914447469
 10
49.67885292449167
 20
-8.988916941925757
 10
49.60518249329921
 20
-8.945858942337106
 10
49.53141220381109
 20
-8.903242341522056
 10
49.45754191544152
 20
-8.861071763587432
 10
49.38357145049086
 20
-8.819352045554357
 10
49.30950059134538
 20
-8.778088253532042
 10
49.235329077376896
 20
-8.737285700626739
 10
49.16105660150016
 20
-8.696949966831754
 10
49.08668280633765
 20
-8.65708692118785
 10
49.09921812789918
 20
-8.588526035559084
 10
49.11165388049887
 20
-8.51994705957087
 10
49.12399003523655
 20
-8.451350137055268
 10
49.13622656344093
 20
-8.38273541189691
 10
49.14836343666988
 20
-8.314103028032582
 10
49.148363436669875
 20
-8.314103028032545
 10
49.232108324791795
 20
-8.30183778401423
 10
49.315922048553304
 20
-8.289094017736073
 10
49.39980287827392
 20
-8.275877352768003
 10
49.48374913829325
 20
-8.262193124337836
 10
49.5677592028189
 20
-8.24804640143448
 10
49.651831492199705
 20
-8.233442006646662
 10
49.73596446957019
 20
-8.218384534025812
 10
49.82015663782025
 20
-8.202878365218302
 10
49.90440653685065
 20
-8.186927684075906
 10
49.988712741080995
 20
-8.170536489923544
 10
50.07307385718094
 20
-8.153708609638233
 10
50.15748852199986
 20
-8.136447708672192
 10
50.241955400673305
 20
-8.118757301135414
 10
50.32647318488743
 20
-8.100640759037862
 10
50.34001632589842
 20
-8.019320784921058
 10
50.3534229336587
 20
-7.937978237928931
 10
50.366692966586214
 20
-7.8566133462277294
 10
50.37982638351888
 20
-7.775226338070864
 10
50.392823143714715
 20
-7.693817441798003
 10
50.318326369926496
 20
-7.650511895394934
 10
50.24374336182884
 20
-7.6076267223349525
 10
50.16907427394547
 20
-7.565165531998177
 10
50.09431924054088
 20
-7.523132076922708
 10
50.019478374315824
 20
-7.481530262117343
 10
49.944551764984396
 20
-7.440364155221194
 10
49.86953947771888
 20
-7.399637997611009
 10
49.794441551445864
 20
-7.359356216572596
 10
49.71925799697517
 20
-7.319523438670085
 10
49.643988794939695
 20
-7.280144504468295
 10
49.56863389352126
 20
-7.241224484788626
 10
49.493193205932705
 20
-7.202768698708872
 10
49.41766660762223
 20
-7.164782733554139
 10
49.34205393315886
 20
-7.1272724671696475
 10
49.352366960987794
 20
-7.058343092082501
 10
49.36257983104819
 20
-6.9893988392716775
 10
49.372692519563614
 20
-6.9204398536410485
 10
49.38270500298912
 20
-6.851466280137794
 10
49.392617258011455
 20
-6.782478263751989
 10
49.39261725801145
 20
-6.782478263751998
 10
49.475911956217075
 20
-6.767585283165714
 10
49.55926005782297
 20
-6.75221181870732
 10
49.64266001722015
 20
-6.736363546909708
 10
49.726110333434825
 20
-6.720045854364989
 10
49.80960954669508
 20
-6.703263859950375
 10
49.893156235349196
 20
-6.686022434777011
 10
49.97674901309117
 20
-6.668326220152036
 10
50.060386526454934
 20
-6.6501796438003264
 10
50.14406745254521
 20
-6.631586934556106
 10
50.22779049697696
 20
-6.612552135704297
 10
50.31155439199955
 20
-6.593079117126559
 10
50.39535789478507
 20
-6.573171586385571
 10
50.47919978586273
 20
-6.552833098863561
 10
50.56307886768405
 20
-6.532067067055825
 10
50.57398782210737
 20
-6.450352855895376
 10
50.584759517050244
 20
-6.368620476878775
 10
50.59539391905038
 20
-6.286870159694925
 10
50.60589099506965
 20
-6.20510213410293
 10
50.61625071249419
 20
-6.123316629931179
 10
50.540402338289105
 20
-6.082369431795707
 10
50.46448125899147
 20
-6.041845158698993
 10
50.38848774741865
 20
-6.001747413432917
 10
50.312422060795996
 20
-5.96207994252518
 10
50.236284439755245
 20
-5.922846645589373
 10
50.16007510724233
 20
-5.884051585525275
 10
50.0837942673234
 20
-5.845698999670698
 10
50.00744210387714
 20
-5.80779331202163
 10
49.931018779158435
 20
-5.770339146655032
 10
49.854524432217225
 20
-5.733341342510142
 10
49.777959177152965
 20
-5.696804969709402
 10
49.70132310118233
 20
-5.660735347630291
 10
49.62461626249353
 20
-5.6251380649761975
 10
49.54783868785619
 20
-5.590019002138294
 10
49.55591753424916
 20
-5.520792870802697
 10
49.563895748667186
 20
-5.451555096030154
 10
49.57177331250978
 20
-5.382305823588607
 10
49.57955020741005
 20
-5.31304519927989
 10
49.58722641523488
 20
-5.243773368939312
 10
49.58722641523488
 20
-5.243773368939321
 10
49.6699881030982
 20
-5.226268737450686
 10
49.75278770236157
 20
-5.208282157069648
 10
49.83562385329682
 20
-5.18981935131619
 10
49.918495231373015
 20
-5.170885752474496
 10
50.00140054454597
 20
-5.151486523918255
 10
50.0843385308253
 20
-5.131626580148743
 10
50.16730795608418
 20
-5.111310604837202
 10
50.25030761208116
 20
-5.090543067119199
 10
50.33333631466891
 20
-5.069328236351912
 10
50.41639290216763
 20
-5.04767019551519
 10
50.499476233884394
 20
-5.02557285341192
 10
50.58258518876205
 20
-5.0030399558018885
 10
50.66571866414351
 20
-4.980075095585674
 10
50.748875574639314
 20
-4.9566817221397255
 10
50.7571377969062
 20
-4.874658289916378
 10
50.765262190404684
 20
-4.792621121165606
 10
50.77324872986512
 20
-4.710570446770228
 10
50.78109739044541
 20
-4.6285064976660415
 10
50.78880814773094
 20
-4.546429504840916
 10
50.711682390169486
 20
-4.507882763981156
 10
50.634497538367626
 20
-4.46976106590496
 10
50.55725398317337
 20
-4.432068002945447
 10
50.479952104527726
 20
-4.394807311598012
 10
50.40259227076732
 20
-4.3579828818979065
 10
50.32517483786409
 20
-4.321598767650522
 10
50.247700148594085
 20
-4.2856591976160265
 10
50.17016853162722
 20
-4.250168587765411
 10
50.092580300527636
 20
-4.21513155474273
 10
50.014935752653194
 20
-4.180552930689803
 10
49.93723516794086
 20
-4.146437779615067
 10
49.859478807561985
 20
-4.1127914155184575
 10
49.78166691242935
 20
-4.079619422521165
 10
49.70379970153416
 20
-4.046927677293122
 10
49.709635040673724
 20
-3.977476955377425
 10
49.7153693892757
 20
-3.908017841305111
 10
49.72100273395658
 20
-3.8385504814973515
 10
49.72653506156808
 20
-3.7690750223996803
 10
49.731966359197145
 20
-3.6995916104815647
 10
49.73196635919715
 20
-3.6995916104815736
 10
49.81411287601304
 20
-3.679494044178428
 10
49.896281769896895
 20
-3.6589135625426175
 10
49.9784718685906
 20
-3.6378559300348448
 10
50.060682025553405
 20
-3.616326618890671
 10
50.142911117977256
 20
-3.594330831521825
 10
50.22515804500566
 20
-3.571873520622522
 10
50.30742172612996
 20
-3.548959407273263
 10
50.38970109974136
 20
-3.5255929972906697
 10
50.47199512181943
 20
-3.5017785960350216
 10
50.554302764741635
 20
-3.477520321856938
 10
50.63662301619935
 20
-3.4528221183392676
 10
50.718954878209125
 20
-3.427687765468874
 10
50.80129736620816
 20
-3.402120889855167
 10
50.88364950822569
 20
-3.3761249740969665
 10
50.8892554846856
 20
-3.2938777851248573
 10
50.89472322127418
 20
-3.211621310896916
 10
50.900052700969816
 20
-3.1293557831568806
 10
50.90524390718075
 20
-3.04708143368406
 10
50.910296823745114
 20
-2.9647984942924324
 10
50.83196932319959
 20
-2.9286919986314017
 10
50.75359640586216
 20
-2.8930122266151073
 10
50.675178580202285
 20
-2.8577627562585834
 10
50.59671634847978
 20
-2.8229473100135993
 10
50.51821020635255
 20
-2.7885697641638734
 10
50.439660642448914
 20
-2.7546341590746004
 10
50.36106813790018
 20
-2.721144710398111
 10
50.28243316582903
 20
-2.688105821352933
 10
50.20375619078759
 20
-2.6555220962113193
 10
50.125037668138944
 20
-2.6233983551517785
 10
50.04627804337487
 20
-2.5917396506586368
 10
49.967477751360235
 20
-2.5605512856809156
 10
49.888637215494555
 20
-2.5298388337998388
 10
49.80975684677798
 20
-2.49960816169835
 10
49.81334193528852
 20
-2.430005343004368
 10
49.8168257911344
 20
-2.3603973957093283
 10
49.8202084061787
 20
-2.2907844666744483
 10
49.82348977252077
 20
-2.221166702775685
 10
49.82666988249625
 20
-2.1515442509033016
 10
49.82666988249626
 20
-2.151544250903311
 10
49.908119812677775
 20
-2.1288750655775406
 10
49.989576560775205
 20
-2.105722498356077
 10
50.07103914336617
 20
-2.0820923485328673
 10
50.15250659323486
 20
-2.057990122494595
 10
50.23397795811559
 20
-2.033421056174485
 10
50.31545229956541
 20
-2.008390135205724
 10
50.39692869194906
 20
-1.9829021130676787
 10
50.47840622152255
 20
-1.9569615274740368
 10
50.55988398560335
 20
-1.9305727152150294
 10
50.64136109181705
 20
-1.9037398256356064
 10
50.72283665741171
 20
-1.8764668329060028
 10
50.80430980863232
 20
-1.8487575472196747
 10
50.8857796801488
 20
-1.8206156250357708
 10
50.967245414532
 20
-1.7920445784679067
 10
50.970188684260506
 20
-1.709659422195329
 10
50.97299346210042
 20
-1.6272694454435903
 10
50.97565973931548
 20
-1.5448748804812704
 10
50.97818750760067
 20
-1.4624759595949965
 10
50.98057675908229
 20
-1.380072915088533
 10
50.90112450831656
 20
-1.3464440770568724
 10
50.821640569628
 20
-1.3132432042972728
 10
50.74212556855285
 20
-1.2804738566650355
 10
50.66258012912187
 20
-1.2481397385742738
 10
50.58300487377357
 20
-1.2162447084008865
 10
50.50340042325971
 20
-1.1847927887405294
 10
50.42376739654225
 20
-1.1537881776235044
 10
50.34410641068087
 20
-1.1232352608039278
 10
50.26441808070947
 20
-1.093138625258341
 10
50.18470301950047
 20
-1.0635030740504523
 10
50.104961837615534
 20
-1.0343336427441545
 10
50.025195143140124
 20
-1.0056356175773056
 10
49.94540354150051
 20
-0.9774145556457698
 10
49.86558763525983
 20
-0.9496763073913488
 10
49.86691832711597
 20
-0.8799941083501843
 10
49.868147661151916
 20
-0.8103100517762202
 10
49.86927563449538
 20
-0.7406242847559491
 10
49.870302244510874
 20
-0.6709369543809285
 10
49.871227488799704
 20
-0.6012482077473444
  0
LWPOLYLINE
  5
95
330
17
100
AcDbEntity
  8
FLEXSPLINE_DEFORMED
100
AcDbPolyline
 90
200
 70
1
 10
47.875
 20
0.0
 10
47.8508860699242
 20
1.4879038678918641
 10
47.778572339804654
 20
2.974248987554445
 10
47.658142926668184
 20
4.457478922583359
 10
47.48973781489502
 20
5.936041851773367
 10
47.273552541355706
 20
7.408392855637547
 10
47.00983775686582
 20
8.872996177759607
 10
46.69889866620951
 20
10.328327452806297
 10
46.341094349610195
 20
11.772875893212207
 10
45.93683696914044
 20
13.205146426780596
 10
45.486590864161435
 20
14.623661777721589
 10
44.99087154046141
 20
16.026964483972826
 10
44.45024455831873
 20
17.41361884401653
 10
43.865324325245616
 20
18.782212786821617
 10
43.236772799668145
 20
20.131359658997116
 10
42.565298112263775
 20
21.459699923744825
 10
41.85165311210507
 20
22.765902766741114
 10
41.096633845143444
 20
24.04866760465965
 10
40.30107797290384
 20
25.306725492665024
 10
39.46586313954918
 20
26.53884042785936
 10
38.591905295704905
 20
27.743810546346364
 10
37.68015698760703
 20
28.92046921228491
 10
36.73160562024703
 20
30.067685998034488
 10
35.74727170323208
 20
31.184367555239454
 10
34.7282070880534
 20
32.269458377455216
 10
33.675493205361605
 20
33.321941455678186
 10
32.59023931067798
 20
34.34083882889837
 10
31.473580746729965
 20
35.32521203253873
 10
30.326677230282442
 20
36.274162448374106
 10
29.150711170947496
 20
37.18683156022514
 10
27.946886028994705
 20
38.06240112039137
 10
26.71642471865367
 20
38.90009323241587
 10
25.460568062805457
 20
39.69917035635173
 10
24.180573304302502
 20
40.458935243222996
 10
22.877712678444254
 20
41.17873080582955
 10
21.553272050374193
 20
41.85793993343325
 10
20.208549620359943
 20
42.49598525817213
 10
18.84485469908057
 20
43.09232888127802
 10
17.463506554182274
 20
43.64647206731473
 10
16.065833328485088
 20
44.157954914705435
 10
14.65317102933923
 20
44.626356010778174
 10
13.226862587749768
 20
45.051292079424016
 10
11.788256985024113
 20
45.43241762923611
 10
10.338708443857954
 20
45.76942460967848
 10
8.87957567997267
 20
46.062042082425194
 10
7.412221209661553
 20
46.31003591451704
 10
5.938010707901772
 20
46.51320849940779
 10
4.458312411055245
 20
46.67139851132485
 10
2.9744965576203564
 20
46.78448069765307
 10
1.4879348600175348
 20
46.8523657132777
 10
-7.538074920359234e-15
 20
46.875
 10
-1.4879348600175393
 20
46.8523657132777
 10
-2.974496557620361
 20
46.78448069765307
 10
-4.45831241105525
 20
46.67139851132485
 10
-5.9380107079017765
 20
46.51320849940778
 10
-7.412221209661566
 20
46.31003591451702
 10
-8.879575679972685
 20
46.062042082425194
 10
-10.338708443857959
 20
45.76942460967848
 10
-11.788256985024118
 20
45.43241762923611
 10
-13.226862587749773
 20
45.051292079424016
 10
-14.653171029339235
 20
44.626356010778174
 10
-16.065833328485102
 20
44.157954914705435
 10
-17.463506554182278
 20
43.64647206731473
 10
-18.844854699080578
 20
43.09232888127802
 10
-20.208549620359946
 20
42.49598525817212
 10
-21.55327205037418
 20
41.85793993343325
 10
-22.87771267844426
 20
41.17873080582954
 10
-24.18057330430251
 20
40.458935243222996
 10
-25.46056806280547
 20
39.69917035635173
 10
-26.716424718653677
 20
38.900093232415855
 10
-27.946886028994708
 20
38.062401120391364
 10
-29.150711170947517
 20
37.186831560225116
 10
-30.326677230282442
 20
36.2741624483741
 10
-31.473580746729983
 20
35.32521203253871
 10
-32.59023931067798
 20
34.34083882889838
 10
-33.6754932053616
 20
33.32194145567819
 10
-34.7282070880534
 20
32.269458377455216
 10
-35.74727170323207
 20
31.184367555239454
 10
-36.73160562024704
 20
30.06768599803447
 10
-37.68015698760703
 20
28.9204692122849
 10
-38.59190529570491
 20
27.743810546346367
 10
-39.465863139549185
 20
26.538840427859352
 10
-40.30107797290385
 20
25.306725492665013
 10
-41.09663384514346
 20
24.048667604659638
 10
-41.85165311210507
 20
22.76590276674111
 10
-42.56529811226376
 20
21.459699923744814
 10
-43.23677279966816
 20
20.131359658997106
 10
-43.865324325245616
 20
18.782212786821614
 10
-44.45024455831872
 20
17.41361884401652
 10
-44.990871540461406
 20
16.026964483972815
 10
-45.48659086416144
 20
14.623661777721566
 10
-45.93683696914044
 20
13.20514642678059
 10
-46.341094349610195
 20
11.772875893212207
 10
-46.6988986662095
 20
10.328327452806292
 10
-47.00983775686582
 20
8.872996177759592
 10
-47.273552541355706
 20
7.408392855637537
 10
-47.48973781489502
 20
5.9360418517733615
 10
-47.658142926668184
 20
4.457478922583357
 10
-47.778572339804654
 20
2.9742489875544313
 10
-47.8508860699242
 20
1.4879038678918548
 10
-47.875
 20
-5.862996550917953e-15
 10
-47.8508860699242
 20
-1.4879038678918548
 10
-47.778572339804654
 20
-2.9742489875544313
 10
-47.65814292666819
 20
-4.457478922583358
 10
-47.48973781489502
 20
-5.9360418517733615
 10
-47.27355254135569
 20
-7.408392855637557
 10
-47.00983775686582
 20
-8.872996177759592
 10
-46.69889866620951
 20
-10.328327452806292
 10
-46.341094349610195
 20
-11.772875893212207
 10
-45.93683696914044
 20
-13.20514642678059
 10
-45.48659086416144
 20
-14.623661777721589
 10
-44.99087154046141
 20
-16.026964483972815
 10
-44.450244558318715
 20
-17.413618844016536
 10
-43.86532432524561
 20
-18.78221278682161
 10
-43.236772799668145
 20
-20.131359658997123
 10
-42.565298112263754
 20
-21.459699923744832
 10
-41.851653112105076
 20
-22.765902766741114
 10
-41.09663384514343
 20
-24.04866760465967
 10
-40.30107797290383
 20
-25.306725492665024
 10
-39.465863139549185
 20
-26.538840427859352
 10
-38.591905295704905
 20
-27.743810546346364
 10
-37.68015698760703
 20
-28.9204692122849
 10
-36.73160562024703
 20
-30.06768599803449
 10
-35.747271703232066
 20
-31.184367555239472
 10
-34.72820708805339
 20
-32.26945837745523
 10
-33.6754932053616
 20
-33.32194145567819
 10
-32.59023931067798
 20
-34.34083882889838
 10
-31.47358074672995
 20
-35.32521203253874
 10
-30.32667723028242
 20
-36.27416244837411
 10
-29.150711170947503
 20
-37.18683156022513
 10
-27.94688602899472
 20
-38.06240112039138
 10
-26.716424718653663
 20
-38.90009323241588
 10
-25.46056806280544
 20
-39.69917035635176
 10
-24.180573304302488
 20
-40.458935243223
 10
-22.877712678444244
 20
-41.17873080582955
 10
-21.55327205037418
 20
-41.85793993343325
 10
-20.208549620359907
 20
-42.49598525817214
 10
-18.84485469908056
 20
-43.09232888127803
 10
-17.46350655418227
 20
-43.64647206731473
 10
-16.06583332848509
 20
-44.15795491470543
 10
-14.653171029339235
 20
-44.626356010778174
 10
-13.226862587749745
 20
-45.05129207942402
 10
-11.788256985024097
 20
-45.43241762923611
 10
-10.338708443857948
 20
-45.76942460967848
 10
-8.879575679972675
 20
-46.062042082425194
 10
-7.412221209661566
 20
-46.31003591451702
 10
-5.9380107079017455
 20
-46.51320849940779
 10
-4.45831241105523
 20
-46.67139851132485
 10
-2.9744965576203506
 20
-46.78448069765307
 10
-1.4879348600175393
 20
-46.8523657132777
 10
-7.538074920359234e-15
 20
-46.875
 10
1.4879348600175657
 20
-46.85236571327769
 10
2.9744965576203772
 20
-46.78448069765307
 10
4.458312411055257
 20
-46.67139851132485
 10
5.938010707901772
 20
-46.51320849940779
 10
7.412221209661553
 20
-46.31003591451704
 10
8.879575679972701
 20
-46.062042082425194
 10
10.338708443857971
 20
-45.76942460967847
 10
11.788256985024123
 20
-45.43241762923611
 10
13.226862587749768
 20
-45.051292079424016
 10
14.653171029339223
 20
-44.62635601077818
 10
16.06583332848512
 20
-44.157954914705435
 10
17.463506554182292
 20
-43.64647206731472
 10
18.84485469908058
 20
-43.092328881278014
 10
20.208549620359943
 20
-42.49598525817213
 10
21.55327205037422
 20
-41.85793993343323
 10
22.877712678444276
 20
-41.17873080582953
 10
24.18057330430252
 20
-40.45893524322299
 10
25.46056806280546
 20
-39.69917035635173
 10
26.71642471865367
 20
-38.90009323241587
 10
27.94688602899474
 20
-38.06240112039136
 10
29.150711170947524
 20
-37.186831560225116
 10
30.326677230282456
 20
-36.27416244837409
 10
31.473580746729972
 20
-35.32521203253872
 10
32.59023931067798
 20
-34.34083882889838
 10
33.675493205361626
 20
-33.321941455678164
 10
34.728207088053416
 20
-32.269458377455194
 10
35.74727170323209
 20
-31.184367555239444
 10
36.73160562024704
 20
-30.06768599803448
 10
37.68015698760702
 20
-28.920469212284914
 10
38.591905295704926
 20
-27.74381054634634
 10
39.465863139549185
 20
-26.53884042785934
 10
40.30107797290385
 20
-25.306725492665
 10
41.09663384514345
 20
-24.048667604659638
 10
41.85165311210507
 20
-22.765902766741114
 10
42.56529811226378
 20
-21.459699923744797
 10
43.236772799668174
 20
-20.1313596589971
 10
43.86532432524562
 20
-18.782212786821603
 10
44.45024455831873
 20
-17.413618844016526
 10
44.99087154046141
 20
-16.026964483972826
 10
45.48659086416144
 20
-14.623661777721559
 10
45.93683696914044
 20
-13.20514642678057
 10
46.341094349610195
 20
-11.772875893212193
 10
46.698898666209516
 20
-10.328327452806292
 10
47.00983775686582
 20
-8.872996177759608
 10
47.27355254135572
 20
-7.408392855637517
 10
47.48973781489502
 20
-5.936041851773345
 10
47.658142926668184
 20
-4.457478922583346
 10
47.778572339804654
 20
-2.97424898755444
 10
47.8508860699242
 20
-1.4879038678918675
  0
LWPOLYLINE
  5
96
330
17
100
AcDbEntity
  8
WAVE_GENERATOR_CAM
100
AcDbPolyline
 90
360
 70
1
 10
47.875
 20
0.0
 10
47.86740386551178
 20
0.8355286424177215
 10
47.844618610626505
 20
1.6707708979222715
 10
47.806653677835364
 20
2.505440554208786
 10
47.75352479380758
 20
3.339251747896345
 10
47.68525395319165
 20
4.171919138259021
 10
47.601869395987805
 20
5.003158080081906
 10
47.50340557854226
 20
5.8326847953539
 10
47.389903138227936
 20
6.660216543512034
 10
47.26140885189053
 20
7.485471789955766
 10
47.11797558815252
 20
8.308170372554091
 10
46.95966225368136
 20
9.128033665873431
 10
46.78653373354123
 20
9.944784742860026
 10
46.59866082576107
 20
10.758148533717097
 10
46.39612017026368
 20
11.567851981724056
 10
46.178994172313516
 20
12.373624195752926
 10
45.947370920652155
 20
13.175196599245435
 10
45.70134410050202
 20
13.972303075423213
 10
45.441012901629804
 20
14.764680108513133
 10
45.16648192167123
 20
15.552066920779867
 10
44.87786106492889
 20
16.334205605168247
 10
44.57526543686412
 20
17.11084125336937
 10
44.2588152345122
 20
17.881722079135503
 10
43.928635633058796
 20
18.646599536681325
 10
43.5848566688226
 20
19.405228434020874
 10
43.22761311889608
 20
20.157367041102727
 10
42.857044377702266
 20
20.90277719261872
 10
42.47329433073108
 20
21.641224385374926
 10
42.07651122572331
 20
22.372477870127174
 10
41.666847541574455
 20
23.096310737797275
 10
41.24445985523389
 20
23.812499999999996
 10
40.80950870687736
 20
24.520826663824945
 10
40.36215846363287
 20
25.22107580083185
 10
39.90257718214077
 20
25.913036610231938
 10
39.43093647022941
 20
26.596502476242396
 10
38.947411347987604
 20
27.271271019615313
 10
38.45218010851313
 20
27.937144143356583
 10
37.945424178615994
 20
28.593928072664575
 10
37.42732797975118
 20
29.2414333891323
 10
36.89807878945335
 20
29.87947505927068
 10
36.35786660354133
 20
30.507872457424273
 10
35.80688399935576
 20
31.12644938316401
 10
35.24532600028778
 20
31.735034073254933
 10
34.67338994185053
 20
32.333459208309485
 10
34.09127533953855
 20
32.921561914249594
 10
33.49918375871269
 20
33.49918375871269
 10
32.89731868674039
 20
34.06617074254865
 10
32.28588540761225
 20
34.62237328656587
 10
31.665090879246886
 20
35.16764621369532
 10
31.035143613686554
 20
35.70184872675189
 10
30.396253560375328
 20
36.22484438198184
 10
29.748631992701423
 20
36.73650105859464
 10
29.092491397973824
 20
37.23669092448572
 10
28.428045370992
 20
37.725290398365
 10
27.755508511355245
 20
38.20218010851314
 10
27.0750963246463
 20
38.66724484839437
 10
26.387025127610862
 20
39.120373529360776
 10
25.69151195744188
 20
39.561459130688164
 10
24.988774485264315
 20
39.99039864718849
 10
24.27903093390269
 20
40.40709303464778
 10
23.562500000000004
 20
40.81144715334167
 10
22.839400780543162
 20
41.20336970988329
 10
22.109952703835983
 20
41.58277319766002
 10
21.374375464947136
 20
41.94957383611677
 10
20.632888965646362
 20
42.30369150914381
 10
19.885713258828545
 20
42.6450497028265
 10
19.133068497411195
 20
42.973575442813825
 10
18.37517488767736
 20
43.28919923155993
 10
17.612252647022157
 20
43.59185498569091
 10
16.844521966047836
 20
43.88147997374574
 10
16.072202974938868
 20
44.158014754535934
 10
15.295515714035734
 20
44.42140311636404
 10
14.514680108513137
 20
44.671592017335996
 10
13.729915947056096
 20
44.90853152699559
 10
12.941442864415235
 20
45.13217476950356
 10
12.149480327710913
 20
45.342477868575706
 10
11.354247626344458
 20
45.53939989438699
 10
10.555963865364108
 20
45.722902812639965
 10
9.754847962122676
 20
45.89295143598685
 10
8.951118646054194
 20
46.04951337798481
 10
8.144994461387562
 20
46.19255900975419
 10
7.336693772606111
 20
46.32206141949877
 10
6.526434772454167
 20
46.43799637503585
 10
5.714435492283824
 20
46.540342289473
 10
4.900913814528259
 20
46.62908019015609
 10
4.086087487081588
 20
46.704193691001244
 10
3.2701741393595243
 20
46.76566896831076
 10
2.4533912998101486
 20
46.81349474016051
 10
1.6359564146397005
 20
46.847662249432815
 10
0.8180868675148953
 20
46.868165250556295
 10
2.870265935501609e-15
 20
46.875
 10
-0.8180868675148897
 20
46.868165250556295
 10
-1.6359564146396945
 20
46.847662249432815
 10
-2.4533912998101424
 20
46.81349474016051
 10
-3.270174139359529
 20
46.76566896831076
 10
-4.086087487081594
 20
46.704193691001244
 10
-4.900913814528264
 20
46.62908019015609
 10
-5.714435492283818
 20
46.540342289473
 10
-6.526434772454163
 20
46.43799637503585
 10
-7.336693772606106
 20
46.32206141949877
 10
-8.144994461387556
 20
46.19255900975419
 10
-8.951118646054189
 20
46.04951337798481
 10
-9.754847962122671
 20
45.89295143598686
 10
-10.555963865364111
 20
45.722902812639965
 10
-11.354247626344463
 20
45.53939989438699
 10
-12.149480327710918
 20
45.342477868575706
 10
-12.941442864415231
 20
45.13217476950356
 10
-13.72991594705609
 20
44.908531526995596
 10
-14.514680108513131
 20
44.671592017335996
 10
-15.295515714035728
 20
44.42140311636405
 10
-16.072202974938865
 20
44.15801475453594
 10
-16.844521966047832
 20
43.88147997374574
 10
-17.612252647022164
 20
43.59185498569091
 10
-18.375174887677364
 20
43.28919923155992
 10
-19.133068497411198
 20
42.973575442813825
 10
-19.885713258828538
 20
42.645049702826505
 10
-20.632888965646366
 20
42.3036915091438
 10
-21.37437546494713
 20
41.94957383611678
 10
-22.109952703835987
 20
41.58277319766002
 10
-22.83940078054316
 20
41.2033697098833
 10
-23.56249999999999
 20
40.811447153341675
 10
-24.279030933902693
 20
40.40709303464778
 10
-24.988774485264308
 20
39.99039864718849
 10
-25.69151195744188
 20
39.561459130688164
 10
-26.38702512761086
 20
39.120373529360776
 10
-27.075096324646307
 20
38.66724484839436
 10
-27.75550851135524
 20
38.20218010851314
 10
-28.428045370992002
 20
37.725290398365
 10
-29.092491397973824
 20
37.23669092448572
 10
-29.748631992701405
 20
36.73650105859464
 10
-30.396253560375328
 20
36.22484438198184
 10
-31.035143613686547
 20
35.70184872675189
 10
-31.665090879246886
 20
35.16764621369532
 10
-32.28588540761224
 20
34.622373286565875
 10
-32.8973186867404
 20
34.06617074254864
 10
-33.49918375871269
 20
33.49918375871269
 10
-34.091275339538555
 20
32.921561914249594
 10
-34.67338994185053
 20
32.333459208309485
 10
-35.245326000287776
 20
31.735034073254937
 10
-35.80688399935576
 20
31.12644938316401
 10
-36.357866603541325
 20
30.507872457424284
 10
-36.89807878945335
 20
29.87947505927068
 10
-37.42732797975118
 20
29.241433389132304
 10
-37.945424178616
 20
28.593928072664568
 10
-38.452180108513126
 20
27.93714414335659
 10
-38.94741134798761
 20
27.271271019615305
 10
-39.43093647022941
 20
26.596502476242396
 10
-39.90257718214076
 20
25.91303661023195
 10
-40.36215846363287
 20
25.22107580083185
 10
-40.80950870687735
 20
24.520826663824955
 10
-41.24445985523389
 20
23.812499999999996
 10
-41.666847541574455
 20
23.096310737797282
 10
-42.07651122572331
 20
22.372477870127167
 10
-42.47329433073107
 20
21.64122438537493
 10
-42.857044377702266
 20
20.902777192618718
 10
-43.22761311889608
 20
20.15736704110273
 10
-43.5848566688226
 20
19.405228434020884
 10
-43.928635633058796
 20
18.646599536681325
 10
-44.25881523451219
 20
17.881722079135514
 10
-44.57526543686412
 20
17.110841253369365
 10
-44.87786106492888
 20
16.334205605168254
 10
-45.16648192167123
 20
15.552066920779861
 10
-45.441012901629804
 20
14.764680108513138
 10
-45.70134410050203
 20
13.972303075423204
 10
-45.947370920652155
 20
13.175196599245437
 10
-46.17899417231351
 20
12.373624195752939
 10
-46.39612017026368
 20
11.567851981724056
 10
-46.598660825761065
 20
10.758148533717108
 10
-46.78653373354123
 20
9.944784742860026
 10
-46.95966225368136
 20
9.128033665873438
 10
-47.11797558815252
 20
8.30817037255409
 10
-47.26140885189052
 20
7.4854717899557714
 10
-47.389903138227936
 20
6.660216543512028
 10
-47.50340557854226
 20
5.832684795353903
 10
-47.601869395987805
 20
5.003158080081919
 10
-47.68525395319165
 20
4.171919138259023
 10
-47.75352479380758
 20
3.3392517478963555
 10
-47.806653677835364
 20
2.5054405542087848
 10
-47.844618610626505
 20
1.67077089792228
 10
-47.86740386551178
 20
0.835528642417718
 10
-47.875
 20
5.862996550917953e-15
 10
-47.86740386551178
 20
-0.8355286424177274
 10
-47.844618610626505
 20
-1.6707708979222682
 10
-47.806653677835364
 20
-2.505440554208773
 10
-47.75352479380758
 20
-3.3392517478963435
 10
-47.68525395319165
 20
-4.17191913825901
 10
-47.601869395987805
 20
-5.003158080081908
 10
-47.503405578542264
 20
-5.832684795353892
 10
-47.389903138227936
 20
-6.660216543512038
 10
-47.26140885189053
 20
-7.48547178995576
 10
-47.11797558815252
 20
-8.308170372554098
 10
-46.95966225368136
 20
-9.128033665873428
 10
-46.786533733541226
 20
-9.944784742860035
 10
-46.59866082576107
 20
-10.758148533717097
 10
-46.39612017026368
 20
-11.567851981724045
 10
-46.178994172313516
 20
-12.373624195752928
 10
-45.947370920652155
 20
-13.175196599245426
 10
-45.70134410050202
 20
-13.972303075423213
 10
-45.44101290162981
 20
-14.764680108513128
 10
-45.16648192167122
 20
-15.552066920779868
 10
-44.87786106492889
 20
-16.334205605168243
 10
-44.57526543686412
 20
-17.110841253369376
 10
-44.2588152345122
 20
-17.881722079135503
 10
-43.928635633058796
 20
-18.646599536681315
 10
-43.5848566688226
 20
-19.405228434020874
 10
-43.22761311889609
 20
-20.15736704110272
 10
-42.85704437770226
 20
-20.902777192618725
 10
-42.47329433073108
 20
-21.641224385374922
 10
-42.07651122572331
 20
-22.372477870127174
 10
-41.66684754157446
 20
-23.09631073779727
 10
-41.24445985523389
 20
-23.812500000000004
 10
-40.80950870687736
 20
-24.520826663824945
 10
-40.36215846363288
 20
-25.221075800831844
 10
-39.90257718214077
 20
-25.913036610231938
 10
-39.430936470229426
 20
-26.596502476242392
 10
-38.947411347987604
 20
-27.271271019615316
 10
-38.45218010851313
 20
-27.93714414335658
 10
-37.945424178615994
 20
-28.59392807266458
 10
-37.42732797975119
 20
-29.241433389132293
 10
-36.89807878945334
 20
-29.87947505927069
 10
-36.35786660354133
 20
-30.507872457424273
 10
-35.80688399935577
 20
-31.126449383164
 10
-35.24532600028778
 20
-31.735034073254933
 10
-34.67338994185054
 20
-32.33345920830948
 10
-34.09127533953855
 20
-32.9215619142496
 10
-33.4991837587127
 20
-33.49918375871269
 10
-32.89731868674039
 20
-34.06617074254865
 10
-32.285885407612255
 20
-34.62237328656587
 10
-31.66509087924688
 20
-35.16764621369533
 10
-31.035143613686554
 20
-35.70184872675189
 10
-30.39625356037533
 20
-36.22484438198183
 10
-29.748631992701437
 20
-36.73650105859463
 10
-29.092491397973813
 20
-37.23669092448573
 10
-28.428045370992
 20
-37.725290398365
 10
-27.755508511355252
 20
-38.20218010851313
 10
-27.075096324646317
 20
-38.66724484839436
 10
-26.38702512761085
 20
-39.12037352936078
 10
-25.691511957441875
 20
-39.56145913068817
 10
-24.98877448526432
 20
-39.990398647188485
 10
-24.279030933902703
 20
-40.40709303464777
 10
-23.56250000000002
 20
-40.81144715334166
 10
-22.83940078054315
 20
-41.2033697098833
 10
-22.10995270383598
 20
-41.582773197660025
 10
-21.374375464947136
 20
-41.94957383611677
 10
-20.632888965646377
 20
-42.303691509143796
 10
-19.88571325882853
 20
-42.64504970282651
 10
-19.13306849741119
 20
-42.97357544281383
 10
-18.375174887677368
 20
-43.28919923155992
 10
-17.612252647022174
 20
-43.59185498569091
 10
-16.844521966047857
 20
-43.88147997374574
 10
-16.072202974938858
 20
-44.15801475453594
 10
-15.295515714035728
 20
-44.42140311636405
 10
-14.514680108513142
 20
-44.671592017335996
 10
-13.729915947056112
 20
-44.90853152699558
 10
-12.941442864415222
 20
-45.132174769503564
 10
-12.14948032771091
 20
-45.342477868575706
 10
-11.354247626344463
 20
-45.53939989438699
 10
-10.555963865364122
 20
-45.72290281263996
 10
-9.75484796212269
 20
-45.89295143598685
 10
-8.95111864605418
 20
-46.04951337798481
 10
-8.144994461387558
 20
-46.19255900975419
 10
-7.336693772606116
 20
-46.32206141949877
 10
-6.526434772454184
 20
-46.43799637503585
 10
-5.714435492283809
 20
-46.540342289473
 10
-4.900913814528255
 20
-46.629080190156095
 10
-4.086087487081594
 20
-46.704193691001244
 10
-3.2701741393595407
 20
-46.76566896831076
 10
-2.4533912998101646
 20
-46.81349474016051
 10
-1.6359564146396854
 20
-46.847662249432815
 10
-0.8180868675148906
 20
-46.868165250556295
 10
-8.610797806504826e-15
 20
-46.875
 10
0.8180868675148734
 20
-46.868165250556295
 10
1.6359564146397099
 20
-46.847662249432815
 10
2.4533912998101473
 20
-46.81349474016051
 10
3.270174139359524
 20
-46.76566896831077
 10
4.086087487081577
 20
-46.704193691001244
 10
4.900913814528237
 20
-46.629080190156095
 10
5.714435492283833
 20
-46.540342289473
 10
6.526434772454167
 20
-46.43799637503585
 10
7.3366937726060995
 20
-46.32206141949877
 10
8.14499446138754
 20
-46.1925590097542
 10
8.951118646054203
 20
-46.0495133779848
 10
9.754847962122675
 20
-45.89295143598685
 10
10.555963865364108
 20
-45.722902812639965
 10
11.354247626344447
 20
-45.53939989438699
 10
12.149480327710894
 20
-45.34247786857571
 10
12.941442864415245
 20
-45.13217476950356
 10
13.729915947056094
 20
-44.90853152699559
 10
14.514680108513126
 20
-44.671592017335996
 10
15.295515714035712
 20
-44.421403116364054
 10
16.072202974938875
 20
-44.158014754535934
 10
16.844521966047836
 20
-43.88147997374574
 10
17.612252647022157
 20
-43.59185498569091
 10
18.37517488767735
 20
-43.289199231559934
 10
19.133068497411173
 20
-42.97357544281384
 10
19.885713258828552
 20
-42.6450497028265
 10
20.632888965646362
 20
-42.30369150914381
 10
21.374375464947125
 20
-41.949573836116784
 10
22.109952703835962
 20
-41.582773197660025
 10
22.83940078054317
 20
-41.20336970988328
 10
23.562500000000004
 20
-40.81144715334167
 10
24.27903093390269
 20
-40.40709303464778
 10
24.988774485264305
 20
-39.99039864718849
 10
25.691511957441858
 20
-39.56145913068818
 10
26.387025127610876
 20
-39.120373529360776
 10
27.0750963246463
 20
-38.66724484839437
 10
27.755508511355234
 20
-38.20218010851314
 10
28.428045370991985
 20
-37.72529039836501
 10
29.092491397973834
 20
-37.236690924485714
 10
29.748631992701423
 20
-36.73650105859464
 10
30.39625356037532
 20
-36.224844381981846
 10
31.035143613686543
 20
-35.7018487267519
 10
31.665090879246865
 20
-35.167646213695335
 10
32.285885407612255
 20
-34.62237328656586
 10
32.89731868674039
 20
-34.06617074254864
 10
33.49918375871268
 20
-33.4991837587127
 10
34.09127533953853
 20
-32.92156191424961
 10
34.673389941850544
 20
-32.33345920830947
 10
35.24532600028778
 20
-31.735034073254926
 10
35.806883999355755
 20
-31.126449383164015
 10
36.35786660354132
 20
-30.507872457424288
 10
36.898078789453336
 20
-29.8794750592707
 10
37.42732797975119
 20
-29.241433389132293
 10
37.945424178615994
 20
-28.593928072664575
 10
38.452180108513126
 20
-27.937144143356594
 10
38.9474113479876
 20
-27.271271019615334
 10
39.43093647022943
 20
-26.596502476242385
 10
39.90257718214077
 20
-25.91303661023193
 10
40.362158463632866
 20
-25.221075800831855
 10
40.80950870687735
 20
-24.52082666382496
 10
41.24445985523388
 20
-23.81250000000002
 10
41.66684754157446
 20
-23.096310737797268
 10
42.07651122572331
 20
-22.372477870127174
 10
42.47329433073107
 20
-21.641224385374937
 10
42.85704437770226
 20
-20.902777192618743
 10
43.22761311889609
 20
-20.157367041102717
 10
43.58485666882261
 20
-19.40522843402087
 10
43.92863563305879
 20
-18.646599536681332
 10
44.25881523451219
 20
-17.881722079135518
 10
44.57526543686411
 20
-17.11084125336939
 10
44.87786106492889
 20
-16.33420560516824
 10
45.16648192167123
 20
-15.552066920779867
 10
45.441012901629804
 20
-14.764680108513144
 10
45.70134410050201
 20
-13.97230307542323
 10
45.947370920652155
 20
-13.175196599245425
 10
46.178994172313516
 20
-12.373624195752923
 10
46.39612017026368
 20
-11.567851981724063
 10
46.598660825761065
 20
-10.758148533717113
 10
46.786533733541226
 20
-9.944784742860053
 10
46.95966225368136
 20
-9.128033665873424
 10
47.11797558815252
 20
-8.308170372554095
 10
47.26140885189052
 20
-7.4854717899557786
 10
47.389903138227936
 20
-6.660216543512055
 10
47.503405578542264
 20
-5.832684795353888
 10
47.601869395987805
 20
-5.003158080081904
 10
47.68525395319165
 20
-4.171919138259028
 10
47.75352479380758
 20
-3.339251747896361
 10
47.806653677835364
 20
-2.505440554208812
 10
47.844618610626505
 20
-1.6707708979222646
 10
47.86740386551178
 20
-0.8355286424177238
  0
CIRCLE
  5
97
330
17
100
AcDbEntity
  8
WAVE_GENERATOR_BORE
100
AcDbCircle
 10
0.0
 20
0.0
 30
0.0
 40
5.0
  0
TEXT
  5
98
330
17
100
AcDbEntity
  8
TEXT
100
AcDbText
 10
-56.125
 20
64.125
 30
0.0
 40
5.0
  1
Assembly preview (deformed working state)
 11
-56.125
 21
64.125
 31
0.0
100
AcDbText
  0
ENDSEC
  0
SECTION
  2
OBJECTS
  0
DICTIONARY
  5
A
330
0
100
AcDbDictionary
281
1
  3
ACAD_COLOR
350
B
  3
ACAD_GROUP
350
C
  3
ACAD_LAYOUT
350
D
  3
ACAD_MATERIAL
350
E
  3
ACAD_MLEADERSTYLE
350
F
  3
ACAD_MLINESTYLE
350
10
  3
ACAD_PLOTSETTINGS
350
11
  3
ACAD_PLOTSTYLENAME
350
12
  3
ACAD_SCALELIST
350
14
  3
ACAD_TABLESTYLE
350
15
  3
ACAD_VISUALSTYLE
350
16
  3
EZDXF_META
350
2D
  0
DICTIONARY
  5
B
330
A
100
AcDbDictionary
281
1
  0
DICTIONARY
  5
C
330
A
100
AcDbDictionary
281
1
  0
DICTIONARY
  5
D
330
A
100
AcDbDictionary
281
1
  3
Model
350
1A
  3
Layout1
350
1E
  0
DICTIONARY
  5
E
330
A
100
AcDbDictionary
281
1
  3
ByBlock
350
1F
  3
ByLayer
350
20
  3
Global
350
21
  0
DICTIONARY
  5
F
330
A
100
AcDbDictionary
281
1
  3
Standard
350
2C
  0
DICTIONARY
  5
10
330
A
100
AcDbDictionary
281
1
  3
Standard
350
22
  0
DICTIONARY
  5
11
330
A
100
AcDbDictionary
281
1
  0
ACDBDICTIONARYWDFLT
  5
12
330
A
100
AcDbDictionary
281
1
  3
Normal
350
13
100
AcDbDictionaryWithDefault
340
13
  0
ACDBPLACEHOLDER
  5
13
330
12
  0
DICTIONARY
  5
14
330
A
100
AcDbDictionary
281
1
  0
DICTIONARY
  5
15
330
A
100
AcDbDictionary
281
1
  0
DICTIONARY
  5
16
330
A
100
AcDbDictionary
281
1
  3
2dWireframe
350
5A
  3
Basic
350
5B
  3
Brighten
350
5C
  3
ColorChange
350
5D
  3
Conceptual
350
5E
  3
Dim
350
5F
  3
EdgeColorOff
350
60
  3
Facepattern
350
61
  3
Flat
350
62
  3
FlatWithEdges
350
63
  3
Gouraud
350
64
  3
GouraudWithEdges
350
65
  3
Hidden
350
66
  3
JitterOff
350
67
  3
Linepattern
350
68
  3
Modeling
350
69
  3
OverhangOff
350
6A
  3
Realistic
350
6B
  3
Shaded
350
6C
  3
Shaded with edges
350
6D
  3
Shades of Gray
350
6E
  3
Sketchy
350
6F
  3
Thicken
350
70
  3
Wireframe
350
71
  3
X-Ray
350
72
  0
LAYOUT
  5
1A
330
D
100
AcDbPlotSettings
  1

  4
A3
  6

 40
7.5
 41
20.0
 42
7.5
 43
20.0
 44
420.0
 45
297.0
 46
0.0
 47
0.0
 48
0.0
 49
0.0
140
0.0
141
0.0
142
1.0
143
1.0
 70
1024
 72
1
 73
0
 74
5
  7

 75
16
 76
0
 77
2
 78
300
147
1.0
148
0.0
149
0.0
100
AcDbLayout
  1
Model
 70
1
 71
0
 10
0.0
 20
0.0
 11
420.0
 21
297.0
 12
0.0
 22
0.0
 32
0.0
 14
1e+20
 24
1e+20
 34
1e+20
 15
-1e+20
 25
-1e+20
 35
-1e+20
146
0.0
 13
0.0
 23
0.0
 33
0.0
 16
1.0
 26
0.0
 36
0.0
 17
0.0
 27
1.0
 37
0.0
 76
1
330
17
  0
LAYOUT
  5
1E
330
D
100
AcDbPlotSettings
  1

  4
A3
  6

 40
7.5
 41
20.0
 42
7.5
 43
20.0
 44
420.0
 45
297.0
 46
0.0
 47
0.0
 48
0.0
 49
0.0
140
0.0
141
0.0
142
1.0
143
1.0
 70
0
 72
1
 73
0
 74
5
  7

 75
16
 76
0
 77
2
 78
300
147
1.0
148
0.0
149
0.0
100
AcDbLayout
  1
Layout1
 70
1
 71
1
 10
0.0
 20
0.0
 11
420.0
 21
297.0
 12
0.0
 22
0.0
 32
0.0
 14
1e+20
 24
1e+20
 34
1e+20
 15
-1e+20
 25
-1e+20
 35
-1e+20
146
0.0
 13
0.0
 23
0.0
 33
0.0
 16
1.0
 26
0.0
 36
0.0
 17
0.0
 27
1.0
 37
0.0
 76
1
330
1B
  0
MATERIAL
  5
1F
102
{ACAD_REACTORS
330
E
102
}
330
E
100
AcDbMaterial
  1
ByBlock
  2

 70
0
 40
1.0
 71
1
 41
1.0
 91
-1023410177
 42
1.0
 72
1
  3

 73
1
 74
1
 75
1
 44
0.5
 73
0
 45
1.0
 46
1.0
 77
1
  4

 78
1
 79
1
170
1
 48
1.0
171
1
  6

172
1
173
1
174
1
140
1.0
141
1.0
175
1
  7

176
1
177
1
178
1
143
1.0
179
1
  8

270
1
271
1
272
1
145
1.0
146
1.0
273
1
  9

274
1
275
1
276
1
 42
1.0
 72
1
  3

 73
1
 74
1
 75
1
 94
63
  0
MATERIAL
  5
20
102
{ACAD_REACTORS
330
E
102
}
330
E
100
AcDbMaterial
  1
ByLayer
  2

 70
0
 40
1.0
 71
1
 41
1.0
 91
-1023410177
 42
1.0
 72
1
  3

 73
1
 74
1
 75
1
 44
0.5
 73
0
 45
1.0
 46
1.0
 77
1
  4

 78
1
 79
1
170
1
 48
1.0
171
1
  6

172
1
173
1
174
1
140
1.0
141
1.0
175
1
  7

176
1
177
1
178
1
143
1.0
179
1
  8

270
1
271
1
272
1
145
1.0
146
1.0
273
1
  9

274
1
275
1
276
1
 42
1.0
 72
1
  3

 73
1
 74
1
 75
1
 94
63
  0
MATERIAL
  5
21
102
{ACAD_REACTORS
330
E
102
}
330
E
100
AcDbMaterial
  1
Global
  2

 70
0
 40
1.0
 71
1
 41
1.0
 91
-1023410177
 42
1.0
 72
1
  3

 73
1
 74
1
 75
1
 44
0.5
 73
0
 45
1.0
 46
1.0
 77
1
  4

 78
1
 79
1
170
1
 48
1.0
171
1
  6

172
1
173
1
174
1
140
1.0
141
1.0
175
1
  7

176
1
177
1
178
1
143
1.0
179
1
  8

270
1
271
1
272
1
145
1.0
146
1.0
273
1
  9

274
1
275
1
276
1
 42
1.0
 72
1
  3

 73
1
 74
1
 75
1
 94
63
  0
MLINESTYLE
  5
22
102
{ACAD_REACTORS
330
10
102
}
330
10
100
AcDbMlineStyle
  2
Standard
 70
0
  3

 62
256
 51
90.0
 52
90.0
 71
2
 49
0.5
 62
256
  6
BYLAYER
 49
-0.5
 62
256
  6
BYLAYER
  0
MLEADERSTYLE
  5
2C
102
{ACAD_REACTORS
330
F
102
}
330
F
100
AcDbMLeaderStyle
179
2
170
2
171
1
172
0
 90
2
 40
0.0
 41
0.0
173
1
 91
-1056964608
 92
-2
290
1
 42
2.0
291
1
 43
8.0
  3
Standard
 44
4.0
300

342
29
174
1
175
1
176
0
178
1
 93
-1056964608
 45
4.0
292
0
297
0
 46
4.0
 94
-1056964608
 47
1.0
 49
1.0
140
1.0
294
1
141
0.0
177
0
142
1.0
295
0
296
0
143
3.75
271
0
272
9
273
9
  0
DICTIONARY
  5
2D
330
A
100
AcDbDictionary
280
1
281
1
  3
CREATED_BY_EZDXF
350
2E
  3
WRITTEN_BY_EZDXF
350
9B
  0
DICTIONARYVAR
  5
2E
330
2D
100
DictionaryVariables
280
0
  1
1.4.4 @ 2026-07-27T12:01:52.336910+00:00
  0
VISUALSTYLE
  5
5A
102
{ACAD_REACTORS
330
16
102
}
330
16
100
AcDbVisualStyle
  2
2dWireframe
 70
4
 90
0
 40
0.6
 62
7
290
0
291
0
  0
VISUALSTYLE
  5
5B
102
{ACAD_REACTORS
330
16
102
}
330
16
100
AcDbVisualStyle
  2
Basic
 70
7
 90
1
 40
0.6
 62
7
290
0
291
1
  0
VISUALSTYLE
  5
5C
102
{ACAD_REACTORS
330
16
102
}
330
16
100
AcDbVisualStyle
  2
Brighten
 70
12
 90
2
 40
0.6
 62
7
290
0
291
1
  0
VISUALSTYLE
  5
5D
102
{ACAD_REACTORS
330
16
102
}
330
16
100
AcDbVisualStyle
  2
ColorChange
 70
16
 90
2
 40
0.6
 62
8
290
0
291
1
  0
VISUALSTYLE
  5
5E
102
{ACAD_REACTORS
330
16
102
}
330
16
100
AcDbVisualStyle
  2
Conceptual
 70
9
 90
3
 40
0.6
 62
7
290
0
291
0
  0
VISUALSTYLE
  5
5F
102
{ACAD_REACTORS
330
16
102
}
330
16
100
AcDbVisualStyle
  2
Dim
 70
11
 90
2
 40
0.6
 62
7
290
0
291
1
  0
VISUALSTYLE
  5
60
102
{ACAD_REACTORS
330
16
102
}
330
16
100
AcDbVisualStyle
  2
EdgeColorOff
 70
22
 90
2
 40
0.6
 62
7
290
0
291
1
  0
VISUALSTYLE
  5
61
102
{ACAD_REACTORS
330
16
102
}
330
16
100
AcDbVisualStyle
  2
Facepattern
 70
15
 90
2
 40
0.6
 62
7
290
0
291
1
  0
VISUALSTYLE
  5
62
102
{ACAD_REACTORS
330
16
102
}
330
16
100
AcDbVisualStyle
  2
Flat
 70
0
 90
2
 40
0.6
 62
7
290
0
291
1
  0
VISUALSTYLE
  5
63
102
{ACAD_REACTORS
330
16
102
}
330
16
100
AcDbVisualStyle
  2
FlatWithEdges
 70
1
 90
2
 40
0.6
 62
7
290
0
291
1
  0
VISUALSTYLE
  5
64
102
{ACAD_REACTORS
330
16
102
}
330
16
100
AcDbVisualStyle
  2
Gouraud
 70
2
 90
2
 40
0.6
 62
7
290
0
291
1
  0
VISUALSTYLE
  5
65
102
{ACAD_REACTORS
330
16
102
}
330
16
100
AcDbVisualStyle
  2
GouraudWithEdges
 70
3
 90
2
 40
0.6
 62
7
290
0
291
1
  0
VISUALSTYLE
  5
66
102
{ACAD_REACTORS
330
16
102
}
330
16
100
AcDbVisualStyle
  2
Hidden
 70
6
 90
1
 40
0.6
 62
7
290
0
291
0
  0
VISUALSTYLE
  5
67
102
{ACAD_REACTORS
330
16
102
}
330
16
100
AcDbVisualStyle
  2
JitterOff
 70
20
 90
2
 40
0.6
 62
7
290
0
291
1
  0
VISUALSTYLE
  5
68
102
{ACAD_REACTORS
330
16
102
}
330
16
100
AcDbVisualStyle
  2
Linepattern
 70
14
 90
2
 40
0.6
 62
7
290
0
291
1
  0
VISUALSTYLE
  5
69
102
{ACAD_REACTORS
330
16
102
}
330
16
100
AcDbVisualStyle
  2
Modeling
 70
10
 90
2
 40
0.6
 62
7
290
0
291
0
  0
VISUALSTYLE
  5
6A
102
{ACAD_REACTORS
330
16
102
}
330
16
100
AcDbVisualStyle
  2
OverhangOff
 70
21
 90
2
 40
0.6
 62
7
290
0
291
1
  0
VISUALSTYLE
  5
6B
102
{ACAD_REACTORS
330
16
102
}
330
16
100
AcDbVisualStyle
  2
Realistic
 70
8
 90
2
 40
0.6
 62
7
290
0
291
0
  0
VISUALSTYLE
  5
6C
102
{ACAD_REACTORS
330
16
102
}
330
16
100
AcDbVisualStyle
  2
Shaded
 70
27
 90
2
 40
0.6
 62
7
290
0
291
0
  0
VISUALSTYLE
  5
6D
102
{ACAD_REACTORS
330
16
102
}
330
16
100
AcDbVisualStyle
  2
Shaded with edges
 70
26
 90
2
 40
0.6
 62
7
290
0
291
0
  0
VISUALSTYLE
  5
6E
102
{ACAD_REACTORS
330
16
102
}
330
16
100
AcDbVisualStyle
  2
Shades of Gray
 70
23
 90
2
 40
0.6
 62
7
290
0
291
0
  0
VISUALSTYLE
  5
6F
102
{ACAD_REACTORS
330
16
102
}
330
16
100
AcDbVisualStyle
  2
Sketchy
 70
24
 90
1
 40
0.6
 62
7
290
0
291
0
  0
VISUALSTYLE
  5
70
102
{ACAD_REACTORS
330
16
102
}
330
16
100
AcDbVisualStyle
  2
Thicken
 70
13
 90
2
 40
0.6
 62
7
290
0
291
1
  0
VISUALSTYLE
  5
71
102
{ACAD_REACTORS
330
16
102
}
330
16
100
AcDbVisualStyle
  2
Wireframe
 70
5
 90
0
 40
0.6
 62
7
290
0
291
0
  0
VISUALSTYLE
  5
72
102
{ACAD_REACTORS
330
16
102
}
330
16
100
AcDbVisualStyle
  2
X-Ray
 70
25
 90
2
 40
0.5
 62
7
290
0
291
0
  0
DICTIONARYVAR
  5
9B
330
2D
100
DictionaryVariables
280
0
  1
1.4.4 @ 2026-07-27T12:01:53.416379+00:00
  0
ENDSEC
  0
EOF
