  0
SECTION
  2
HEADER
  9
$ACADVER
  1
AC1024
  9
$ACADMAINTVER
 70
6
  9
$DWGCODEPAGE
  3
ANSI_1252
  9
$LASTSAVEDBY
  1
ezdxf
  9
$INSBASE
 10
0.0
 20
0.0
 30
0.0
  9
$EXTMIN
 10
1e+20
 20
1e+20
 30
1e+20
  9
$EXTMAX
 10
-1e+20
 20
-1e+20
 30
-1e+20
  9
$LIMMIN
 10
0.0
 20
0.0
  9
$LIMMAX
 10
420.0
 20
297.0
  9
$ORTHOMODE
 70
0
  9
$REGENMODE
 70
1
  9
$FILLMODE
 70
1
  9
$QTEXTMODE
 70
0
  9
$MIRRTEXT
 70
1
  9
$LTSCALE
 40
1.0
  9
$ATTMODE
 70
1
  9
$TEXTSIZE
 40
2.5
  9
$TRACEWID
 40
1.0
  9
$TEXTSTYLE
  7
OpenSans
  9
$CLAYER
  8
0
  9
$CELTYPE
  6
ByLayer
  9
$CECOLOR
 62
256
  9
$CELTSCALE
 40
1.0
  9
$DISPSILH
 70
0
  9
$DIMSCALE
 40
1.0
  9
$DIMASZ
 40
0.175
  9
$DIMEXO
 40
0.125
  9
$DIMDLI
 40
3.75
  9
$DIMRND
 40
0.0
  9
$DIMDLE
 40
0.0
  9
$DIMEXE
 40
0.375
  9
$DIMTP
 40
0.0
  9
$DIMTM
 40
0.0
  9
$DIMTXT
 40
0.25
  9
$DIMCEN
 40
2.5
  9
$DIMTSZ
 40
0.0
  9
$DIMTOL
 70
0
  9
$DIMLIM
 70
0
  9
$DIMTIH
 70
0
  9
$DIMTOH
 70
0
  9
$DIMSE1
 70
0
  9
$DIMSE2
 70
0
  9
$DIMTAD
 70
1
  9
$DIMZIN
 70
12
  9
$DIMBLK
  1
ARCHTICK
  9
$DIMASO
 70
1
  9
$DIMSHO
 70
1
  9
$DIMPOST
  1

  9
$DIMAPOST
  1

  9
$DIMALT
 70
0
  9
$DIMALTD
 70
3
  9
$DIMALTF
 40
0.03937007874
  9
$DIMLFAC
 40
100.0
  9
$DIMTOFL
 70
1
  9
$DIMTVP
 40
0.0
  9
$DIMTIX
 70
0
  9
$DIMSOXD
 70
0
  9
$DIMSAH
 70
0
  9
$DIMBLK1
  1

  9
$DIMBLK2
  1

  9
$DIMSTYLE
  2
EZDXF
  9
$DIMCLRD
 70
0
  9
$DIMCLRE
 70
0
  9
$DIMCLRT
 70
0
  9
$DIMTFAC
 40
0.5
  9
$DIMGAP
 40
0.1
  9
$DIMJUST
 70
0
  9
$DIMSD1
 70
0
  9
$DIMSD2
 70
0
  9
$DIMTOLJ
 70
0
  9
$DIMTZIN
 70
8
  9
$DIMALTZ
 70
0
  9
$DIMALTTZ
 70
0
  9
$DIMUPT
 70
1
  9
$DIMDEC
 70
2
  9
$DIMTDEC
 70
2
  9
$DIMALTU
 70
2
  9
$DIMALTTD
 70
3
  9
$DIMTXSTY
  7
OpenSansCondensed-Light
  9
$DIMAUNIT
 70
0
  9
$DIMADEC
 70
2
  9
$DIMALTRND
 40
0.0
  9
$DIMAZIN
 70
3
  9
$DIMDSEP
 70
46
  9
$DIMATFIT
 70
3
  9
$DIMFRAC
 70
0
  9
$DIMLDRBLK
  1

  9
$DIMLUNIT
 70
2
  9
$DIMLWD
 70
-2
  9
$DIMLWE
 70
-2
  9
$DIMTMOVE
 70
2
  9
$DIMFXL
 40
1.0
  9
$DIMFXLON
 70
0
  9
$DIMJOGANG
 40
0.785398163397
  9
$DIMTFILL
 70
0
  9
$DIMTFILLCLR
 70
0
  9
$DIMARCSYM
 70
0
  9
$DIMLTYPE
  6

  9
$DIMLTEX1
  6

  9
$DIMLTEX2
  6

  9
$DIMTXTDIRECTION
 70
0
  9
$LUNITS
 70
2
  9
$LUPREC
 70
4
  9
$SKETCHINC
 40
1.0
  9
$FILLETRAD
 40
10.0
  9
$AUNITS
 70
0
  9
$AUPREC
 70
2
  9
$MENU
  1
.
  9
$ELEVATION
 40
0.0
  9
$PELEVATION
 40
0.0
  9
$THICKNESS
 40
0.0
  9
$LIMCHECK
 70
0
  9
$CHAMFERA
 40
0.0
  9
$CHAMFERB
 40
0.0
  9
$CHAMFERC
 40
0.0
  9
$CHAMFERD
 40
0.0
  9
$SKPOLY
 70
0
  9
$TDCREATE
 40
2461249.5012847222
  9
$TDUCREATE
 40
2458532.153996898
  9
$TDUPDATE
 40
2461249.5012962963
  9
$TDUUPDATE
 40
2458532.1544311
  9
$TDINDWG
 40
0.0
  9
$TDUSRTIMER
 40
0.0
  9
$USRTIMER
 70
1
  9
$ANGBASE
 50
0.0
  9
$ANGDIR
 70
0
  9
$PDMODE
 70
0
  9
$PDSIZE
 40
0.0
  9
$PLINEWID
 40
0.0
  9
$SPLFRAME
 70
0
  9
$SPLINETYPE
 70
6
  9
$SPLINESEGS
 70
8
  9
$HANDSEED
  5
98
  9
$SURFTAB1
 70
6
  9
$SURFTAB2
 70
6
  9
$SURFTYPE
 70
6
  9
$SURFU
 70
6
  9
$SURFV
 70
6
  9
$UCSBASE
  2

  9
$UCSNAME
  2

  9
$UCSORG
 10
0.0
 20
0.0
 30
0.0
  9
$UCSXDIR
 10
1.0
 20
0.0
 30
0.0
  9
$UCSYDIR
 10
0.0
 20
1.0
 30
0.0
  9
$UCSORTHOREF
  2

  9
$UCSORTHOVIEW
 70
0
  9
$UCSORGTOP
 10
0.0
 20
0.0
 30
0.0
  9
$UCSORGBOTTOM
 10
0.0
 20
0.0
 30
0.0
  9
$UCSORGLEFT
 10
0.0
 20
0.0
 30
0.0
  9
$UCSORGRIGHT
 10
0.0
 20
0.0
 30
0.0
  9
$UCSORGFRONT
 10
0.0
 20
0.0
 30
0.0
  9
$UCSORGBACK
 10
0.0
 20
0.0
 30
0.0
  9
$PUCSBASE
  2

  9
$PUCSNAME
  2

  9
$PUCSORG
 10
0.0
 20
0.0
 30
0.0
  9
$PUCSXDIR
 10
1.0
 20
0.0
 30
0.0
  9
$PUCSYDIR
 10
0.0
 20
1.0
 30
0.0
  9
$PUCSORTHOREF
  2

  9
$PUCSORTHOVIEW
 70
0
  9
$PUCSORGTOP
 10
0.0
 20
0.0
 30
0.0
  9
$PUCSORGBOTTOM
 10
0.0
 20
0.0
 30
0.0
  9
$PUCSORGLEFT
 10
0.0
 20
0.0
 30
0.0
  9
$PUCSORGRIGHT
 10
0.0
 20
0.0
 30
0.0
  9
$PUCSORGFRONT
 10
0.0
 20
0.0
 30
0.0
  9
$PUCSORGBACK
 10
0.0
 20
0.0
 30
0.0
  9
$USERI1
 70
0
  9
$USERI2
 70
0
  9
$USERI3
 70
0
  9
$USERI4
 70
0
  9
$USERI5
 70
0
  9
$USERR1
 40
0.0
  9
$USERR2
 40
0.0
  9
$USERR3
 40
0.0
  9
$USERR4
 40
0.0
  9
$USERR5
 40
0.0
  9
$WORLDVIEW
 70
1
  9
$SHADEDGE
 70
3
  9
$SHADEDIF
 70
70
  9
$TILEMODE
 70
1
  9
$MAXACTVP
 70
64
  9
$PINSBASE
 10
0.0
 20
0.0
 30
0.0
  9
$PLIMCHECK
 70
0
  9
$PEXTMIN
 10
1e+20
 20
1e+20
 30
1e+20
  9
$PEXTMAX
 10
-1e+20
 20
-1e+20
 30
-1e+20
  9
$PLIMMIN
 10
0.0
 20
0.0
  9
$PLIMMAX
 10
420.0
 20
297.0
  9
$UNITMODE
 70
0
  9
$VISRETAIN
 70
1
  9
$PLINEGEN
 70
0
  9
$PSLTSCALE
 70
1
  9
$TREEDEPTH
 70
3020
  9
$CMLSTYLE
  2
Standard
  9
$CMLJUST
 70
0
  9
$CMLSCALE
 40
20.0
  9
$PROXYGRAPHICS
 70
1
  9
$MEASUREMENT
 70
1
  9
$CELWEIGHT
370
-1
  9
$ENDCAPS
280
0
  9
$JOINSTYLE
280
0
  9
$LWDISPLAY
290
0
  9
$INSUNITS
 70
4
  9
$HYPERLINKBASE
  1

  9
$STYLESHEET
  1

  9
$XEDIT
290
1
  9
$CEPSNTYPE
380
0
  9
$PSTYLEMODE
290
1
  9
$FINGERPRINTGUID
  2
{78D94BD1-CD85-48B2-B10C-7D1B404C2615}
  9
$VERSIONGUID
  2
{BAB3BF33-F38E-43F6-ACC1-0ED159122146}
  9
$EXTNAMES
290
1
  9
$PSVPSCALE
 40
0.0
  9
$OLESTARTUP
290
0
  9
$SORTENTS
280
127
  9
$INDEXCTL
280
0
  9
$HIDETEXT
280
1
  9
$XCLIPFRAME
280
1
  9
$HALOGAP
280
0
  9
$OBSCOLOR
 70
257
  9
$OBSLTYPE
280
0
  9
$INTERSECTIONDISPLAY
280
0
  9
$INTERSECTIONCOLOR
 70
257
  9
$DIMASSOC
280
2
  9
$PROJECTNAME
  1

  9
$CAMERADISPLAY
290
0
  9
$LENSLENGTH
 40
50.0
  9
$CAMERAHEIGHT
 40
0.0
  9
$STEPSPERSEC
 40
24.0
  9
$STEPSIZE
 40
100.0
  9
$3DDWFPREC
 40
2.0
  9
$PSOLWIDTH
 40
0.005
  9
$PSOLHEIGHT
 40
0.08
  9
$LOFTANG1
 40
1.570796326795
  9
$LOFTANG2
 40
1.570796326795
  9
$LOFTMAG1
 40
0.0
  9
$LOFTMAG2
 40
0.0
  9
$LOFTPARAM
 70
7
  9
$LOFTNORMALS
280
1
  9
$LATITUDE
 40
37.795
  9
$LONGITUDE
 40
-122.394
  9
$NORTHDIRECTION
 40
0.0
  9
$TIMEZONE
 70
-8000
  9
$LIGHTGLYPHDISPLAY
280
1
  9
$TILEMODELIGHTSYNCH
280
1
  9
$CMATERIAL
347
20
  9
$SOLIDHIST
280
0
  9
$SHOWHIST
280
1
  9
$DWFFRAME
280
2
  9
$DGNFRAME
280
2
  9
$REALWORLDSCALE
290
1
  9
$INTERFERECOLOR
 62
256
  9
$CSHADOW
280
0
  9
$SHADOWPLANELOCATION
 40
0.0
  0
ENDSEC
  0
SECTION
  2
CLASSES
  0
CLASS
  1
ACDBDICTIONARYWDFLT
  2
AcDbDictionaryWithDefault
  3
ObjectDBX Classes
 90
0
 91
0
280
0
281
0
  0
CLASS
  1
SUN
  2
AcDbSun
  3
SCENEOE
 90
1153
 91
0
280
0
281
0
  0
CLASS
  1
VISUALSTYLE
  2
AcDbVisualStyle
  3
ObjectDBX Classes
 90
4095
 91
0
280
0
281
0
  0
CLASS
  1
MATERIAL
  2
AcDbMaterial
  3
ObjectDBX Classes
 90
1153
 91
0
280
0
281
0
  0
CLASS
  1
SCALE
  2
AcDbScale
  3
ObjectDBX Classes
 90
1153
 91
0
280
0
281
0
  0
CLASS
  1
TABLESTYLE
  2
AcDbTableStyle
  3
ObjectDBX Classes
 90
4095
 91
0
280
0
281
0
  0
CLASS
  1
MLEADERSTYLE
  2
AcDbMLeaderStyle
  3
ACDB_MLEADERSTYLE_CLASS
 90
4095
 91
0
280
0
281
0
  0
CLASS
  1
DICTIONARYVAR
  2
AcDbDictionaryVar
  3
ObjectDBX Classes
 90
0
 91
0
280
0
281
0
  0
CLASS
  1
CELLSTYLEMAP
  2
AcDbCellStyleMap
  3
ObjectDBX Classes
 90
1152
 91
0
280
0
281
0
  0
CLASS
  1
MENTALRAYRENDERSETTINGS
  2
AcDbMentalRayRenderSettings
  3
SCENEOE
 90
1024
 91
0
280
0
281
0
  0
CLASS
  1
ACDBDETAILVIEWSTYLE
  2
AcDbDetailViewStyle
  3
ObjectDBX Classes
 90
1025
 91
0
280
0
281
0
  0
CLASS
  1
ACDBSECTIONVIEWSTYLE
  2
AcDbSectionViewStyle
  3
ObjectDBX Classes
 90
1025
 91
0
280
0
281
0
  0
CLASS
  1
RASTERVARIABLES
  2
AcDbRasterVariables
  3
ISM
 90
0
 91
0
280
0
281
0
  0
CLASS
  1
ACDBPLACEHOLDER
  2
AcDbPlaceHolder
  3
ObjectDBX Classes
 90
0
 91
0
280
0
281
0
  0
CLASS
  1
LAYOUT
  2
AcDbLayout
  3
ObjectDBX Classes
 90
0
 91
0
280
0
281
0
  0
ENDSEC
  0
SECTION
  2
TABLES
  0
TABLE
  2
VPORT
  5
8
330
0
100
AcDbSymbolTable
 70
1
  0
VPORT
  5
23
330
8
100
AcDbSymbolTableRecord
100
AcDbViewportTableRecord
  2
*Active
 70
0
 10
0.0
 20
0.0
 11
1.0
 21
1.0
 12
0.0
 22
0.0
 13
0.0
 23
0.0
 14
0.5
 24
0.5
 15
0.5
 25
0.5
 16
0.0
 26
0.0
 36
1.0
 17
0.0
 27
0.0
 37
0.0
 40
1000.0
 41
1.34
 42
50.0
 43
0.0
 44
0.0
 50
0.0
 51
0.0
 71
0
 72
1000
 73
1
 74
3
 75
0
 76
0
 77
0
 78
0
281
0
 65
0
146
0.0
  0
ENDTAB
  0
TABLE
  2
LTYPE
  5
2
330
0
100
AcDbSymbolTable
 70
21
  0
LTYPE
  5
24
330
2
100
AcDbSymbolTableRecord
100
AcDbLinetypeTableRecord
  2
ByBlock
 70
0
  3

 72
65
 73
0
 40
0.0
  0
LTYPE
  5
25
330
2
100
AcDbSymbolTableRecord
100
AcDbLinetypeTableRecord
  2
ByLayer
 70
0
  3

 72
65
 73
0
 40
0.0
  0
LTYPE
  5
26
330
2
100
AcDbSymbolTableRecord
100
AcDbLinetypeTableRecord
  2
Continuous
 70
0
  3

 72
65
 73
0
 40
0.0
  0
LTYPE
  5
2F
330
2
100
AcDbSymbolTableRecord
100
AcDbLinetypeTableRecord
  2
CENTER
 70
0
  3
Center ____ _ ____ _ ____ _ ____ _ ____ _ ____
 72
65
 73
4
 40
5.08
 49
3.175
 74
0
 49
-0.635
 74
0
 49
0.635
 74
0
 49
-0.635
 74
0
  0
LTYPE
  5
30
330
2
100
AcDbSymbolTableRecord
100
AcDbLinetypeTableRecord
  2
CENTERX2
 70
0
  3
Center (2x) ________  __  ________  __  ________
 72
65
 73
4
 40
8.89
 49
6.35
 74
0
 49
-0.635
 74
0
 49
1.27
 74
0
 49
-0.635
 74
0
  0
LTYPE
  5
31
330
2
100
AcDbSymbolTableRecord
100
AcDbLinetypeTableRecord
  2
CENTER2
 70
0
  3
Center (.5x) ____ _ ____ _ ____ _ ____ _ ____
 72
65
 73
4
 40
2.54
 49
1.587
 74
0
 49
-0.318
 74
0
 49
0.318
 74
0
 49
-0.318
 74
0
  0
LTYPE
  5
32
330
2
100
AcDbSymbolTableRecord
100
AcDbLinetypeTableRecord
  2
DASHED
 70
0
  3
Dashed __ __ __ __ __ __ __ __ __ __ __ __ __ _
 72
65
 73
2
 40
1.524
 49
1.27
 74
0
 49
-0.254
 74
0
  0
LTYPE
  5
33
330
2
100
AcDbSymbolTableRecord
100
AcDbLinetypeTableRecord
  2
DASHEDX2
 70
0
  3
Dashed (2x) ____  ____  ____  ____  ____  ____
 72
65
 73
2
 40
3.048
 49
2.54
 74
0
 49
-0.508
 74
0
  0
LTYPE
  5
34
330
2
100
AcDbSymbolTableRecord
100
AcDbLinetypeTableRecord
  2
DASHED2
 70
0
  3
Dashed (.5x) _ _ _ _ _ _ _ _ _ _ _ _ _ _
 72
65
 73
2
 40
0.762
 49
0.635
 74
0
 49
-0.127
 74
0
  0
LTYPE
  5
35
330
2
100
AcDbSymbolTableRecord
100
AcDbLinetypeTableRecord
  2
PHANTOM
 70
0
  3
Phantom ______  __  __  ______  __  __  ______
 72
65
 73
6
 40
6.35
 49
3.175
 74
0
 49
-0.635
 74
0
 49
0.635
 74
0
 49
-0.635
 74
0
 49
0.635
 74
0
 49
-0.635
 74
0
  0
LTYPE
  5
36
330
2
100
AcDbSymbolTableRecord
100
AcDbLinetypeTableRecord
  2
PHANTOMX2
 70
0
  3
Phantom (2x)____________    ____    ____    ____________
 72
65
 73
6
 40
10.795
 49
6.35
 74
0
 49
-0.635
 74
0
 49
1.27
 74
0
 49
-0.635
 74
0
 49
1.27
 74
0
 49
-0.635
 74
0
  0
LTYPE
  5
37
330
2
100
AcDbSymbolTableRecord
100
AcDbLinetypeTableRecord
  2
PHANTOM2
 70
0
  3
Phantom (.5x) ___ _ _ ___ _ _ ___ _ _ ___ _ _ ___
 72
65
 73
6
 40
3.175
 49
1.587
 74
0
 49
-0.318
 74
0
 49
0.318
 74
0
 49
-0.318
 74
0
 49
0.318
 74
0
 49
-0.318
 74
0
  0
LTYPE
  5
38
330
2
100
AcDbSymbolTableRecord
100
AcDbLinetypeTableRecord
  2
DASHDOT
 70
0
  3
Dash dot __ . __ . __ . __ . __ . __ . __ . __
 72
65
 73
4
 40
3.556
 49
2.54
 74
0
 49
-0.508
 74
0
 49
0.0
 74
0
 49
-0.508
 74
0
  0
LTYPE
  5
39
330
2
100
AcDbSymbolTableRecord
100
AcDbLinetypeTableRecord
  2
DASHDOTX2
 70
0
  3
Dash dot (2x) ____  .  ____  .  ____  .  ____
 72
65
 73
4
 40
6.096
 49
5.08
 74
0
 49
-0.508
 74
0
 49
0.0
 74
0
 49
-0.508
 74
0
  0
LTYPE
  5
3A
330
2
100
AcDbSymbolTableRecord
100
AcDbLinetypeTableRecord
  2
DASHDOT2
 70
0
  3
Dash dot (.5x) _ . _ . _ . _ . _ . _ . _ . _
 72
65
 73
4
 40
1.778
 49
1.27
 74
0
 49
-0.254
 74
0
 49
0.0
 74
0
 49
-0.254
 74
0
  0
LTYPE
  5
3B
330
2
100
AcDbSymbolTableRecord
100
AcDbLinetypeTableRecord
  2
DOT
 70
0
  3
Dot .  .  .  .  .  .  .  .  .  .  .  .  .  .  .  .
 72
65
 73
2
 40
0.508
 49
0.0
 74
0
 49
-0.508
 74
0
  0
LTYPE
  5
3C
330
2
100
AcDbSymbolTableRecord
100
AcDbLinetypeTableRecord
  2
DOTX2
 70
0
  3
Dot (2x) .    .    .    .    .    .    .    . 
 72
65
 73
2
 40
1.016
 49
0.0
 74
0
 49
-1.016
 74
0
  0
LTYPE
  5
3D
330
2
100
AcDbSymbolTableRecord
100
AcDbLinetypeTableRecord
  2
DOT2
 70
0
  3
Dot (.5) . . . . . . . . . . . . . . . . . . . 
 72
65
 73
2
 40
0.254
 49
0.0
 74
0
 49
-0.254
 74
0
  0
LTYPE
  5
3E
330
2
100
AcDbSymbolTableRecord
100
AcDbLinetypeTableRecord
  2
DIVIDE
 70
0
  3
Divide __ . . __ . . __ . . __ . . __ . . __
 72
65
 73
6
 40
4.064
 49
2.54
 74
0
 49
-0.508
 74
0
 49
0.0
 74
0
 49
-0.508
 74
0
 49
0.0
 74
0
 49
-0.508
 74
0
  0
LTYPE
  5
3F
330
2
100
AcDbSymbolTableRecord
100
AcDbLinetypeTableRecord
  2
DIVIDEX2
 70
0
  3
Divide (2x) ____  . .  ____  . .  ____  . .  ____
 72
65
 73
6
 40
6.604
 49
5.08
 74
0
 49
-0.508
 74
0
 49
0.0
 74
0
 49
-0.508
 74
0
 49
0.0
 74
0
 49
-0.508
 74
0
  0
LTYPE
  5
40
330
2
100
AcDbSymbolTableRecord
100
AcDbLinetypeTableRecord
  2
DIVIDE2
 70
0
  3
Divide(.5x) _ . _ . _ . _ . _ . _ . _ . _
 72
65
 73
6
 40
2.032
 49
1.27
 74
0
 49
-0.254
 74
0
 49
0.0
 74
0
 49
-0.254
 74
0
 49
0.0
 74
0
 49
-0.254
 74
0
  0
ENDTAB
  0
TABLE
  2
LAYER
  5
1
330
0
100
AcDbSymbolTable
 70
10
  0
LAYER
  5
27
330
1
100
AcDbSymbolTableRecord
100
AcDbLayerTableRecord
  2
0
 70
0
 62
7
  6
Continuous
370
-3
390
13
347
21
  0
LAYER
  5
28
330
1
100
AcDbSymbolTableRecord
100
AcDbLayerTableRecord
  2
Defpoints
 70
0
 62
7
  6
Continuous
290
0
370
-3
390
13
347
21
  0
LAYER
  5
8A
330
1
100
AcDbSymbolTableRecord
100
AcDbLayerTableRecord
  2
FLEXSPLINE_CYLINDRICAL
 70
0
 62
5
  6
Continuous
370
-3
390
13
347
21
  0
LAYER
  5
8B
330
1
100
AcDbSymbolTableRecord
100
AcDbLayerTableRecord
  2
FLEXSPLINE_INNER_BORE
 70
0
 62
5
  6
Continuous
370
-3
390
13
347
21
  0
LAYER
  5
8C
330
1
100
AcDbSymbolTableRecord
100
AcDbLayerTableRecord
  2
FLEXSPLINE_DEFORMED
 70
0
 62
3
  6
Continuous
370
-3
390
13
347
21
  0
LAYER
  5
8D
330
1
100
AcDbSymbolTableRecord
100
AcDbLayerTableRecord
  2
CIRCULAR_SPLINE_TEETH
 70
0
 62
1
  6
Continuous
370
-3
390
13
347
21
  0
LAYER
  5
8E
330
1
100
AcDbSymbolTableRecord
100
AcDbLayerTableRecord
  2
CIRCULAR_SPLINE_OUTER
 70
0
 62
1
  6
Continuous
370
-3
390
13
347
21
  0
LAYER
  5
8F
330
1
100
AcDbSymbolTableRecord
100
AcDbLayerTableRecord
  2
WAVE_GENERATOR_CAM
 70
0
 62
6
  6
Continuous
370
-3
390
13
347
21
  0
LAYER
  5
90
330
1
100
AcDbSymbolTableRecord
100
AcDbLayerTableRecord
  2
WAVE_GENERATOR_BORE
 70
0
 62
6
  6
Continuous
370
-3
390
13
347
21
  0
LAYER
  5
91
330
1
100
AcDbSymbolTableRecord
100
AcDbLayerTableRecord
  2
TEXT
 70
0
 62
7
  6
Continuous
370
-3
390
13
347
21
  0
ENDTAB
  0
TABLE
  2
STYLE
  5
5
330
0
100
AcDbSymbolTable
 70
26
  0
STYLE
  5
29
330
5
100
AcDbSymbolTableRecord
100
AcDbTextStyleTableRecord
  2
Standard
 70
0
 40
0.0
 41
1.0
 50
0.0
 71
0
 42
2.5
  3
txt
  4

  0
STYLE
  5
41
330
5
100
AcDbSymbolTableRecord
100
AcDbTextStyleTableRecord
  2
OpenSans-Light
 70
0
 40
0.0
 41
1.0
 50
0.0
 71
0
 42
2.5
  3
OpenSans-Light.ttf
  4

  0
STYLE
  5
42
330
5
100
AcDbSymbolTableRecord
100
AcDbTextStyleTableRecord
  2
OpenSans-Light-Italic
 70
0
 40
0.0
 41
1.0
 50
0.0
 71
0
 42
2.5
  3
OpenSans-LightItalic.ttf
  4

  0
STYLE
  5
43
330
5
100
AcDbSymbolTableRecord
100
AcDbTextStyleTableRecord
  2
OpenSans
 70
0
 40
0.0
 41
1.0
 50
0.0
 71
0
 42
2.5
  3
OpenSans-Regular.ttf
  4

  0
STYLE
  5
44
330
5
100
AcDbSymbolTableRecord
100
AcDbTextStyleTableRecord
  2
OpenSans-Italic
 70
0
 40
0.0
 41
1.0
 50
0.0
 71
0
 42
2.5
  3
OpenSans-Italic.ttf
  4

  0
STYLE
  5
45
330
5
100
AcDbSymbolTableRecord
100
AcDbTextStyleTableRecord
  2
OpenSans-SemiBold
 70
0
 40
0.0
 41
1.0
 50
0.0
 71
0
 42
2.5
  3
OpenSans-SemiBold.ttf
  4

  0
STYLE
  5
46
330
5
100
AcDbSymbolTableRecord
100
AcDbTextStyleTableRecord
  2
OpenSans-SemiBoldItalic
 70
0
 40
0.0
 41
1.0
 50
0.0
 71
0
 42
2.5
  3
OpenSans-SemiBoldItalic.ttf
  4

  0
STYLE
  5
47
330
5
100
AcDbSymbolTableRecord
100
AcDbTextStyleTableRecord
  2
OpenSans-Bold
 70
0
 40
0.0
 41
1.0
 50
0.0
 71
0
 42
2.5
  3
OpenSans-Bold.ttf
  4

  0
STYLE
  5
48
330
5
100
AcDbSymbolTableRecord
100
AcDbTextStyleTableRecord
  2
OpenSans-BoldItalic
 70
0
 40
0.0
 41
1.0
 50
0.0
 71
0
 42
2.5
  3
OpenSans-BoldItalic.ttf
  4

  0
STYLE
  5
49
330
5
100
AcDbSymbolTableRecord
100
AcDbTextStyleTableRecord
  2
OpenSans-ExtraBold
 70
0
 40
0.0
 41
1.0
 50
0.0
 71
0
 42
2.5
  3
OpenSans-ExtraBold.ttf
  4

  0
STYLE
  5
4A
330
5
100
AcDbSymbolTableRecord
100
AcDbTextStyleTableRecord
  2
OpenSans-ExtraBoldItalic
 70
0
 40
0.0
 41
1.0
 50
0.0
 71
0
 42
2.5
  3
OpenSans-ExtraBoldItalic.ttf
  4

  0
STYLE
  5
4B
330
5
100
AcDbSymbolTableRecord
100
AcDbTextStyleTableRecord
  2
OpenSansCondensed-Bold
 70
0
 40
0.0
 41
1.0
 50
0.0
 71
0
 42
2.5
  3
OpenSansCondensed-Bold.ttf
  4

  0
STYLE
  5
4C
330
5
100
AcDbSymbolTableRecord
100
AcDbTextStyleTableRecord
  2
OpenSansCondensed-Light
 70
0
 40
0.0
 41
1.0
 50
0.0
 71
0
 42
2.5
  3
OpenSansCondensed-Light.ttf
  4

  0
STYLE
  5
4D
330
5
100
AcDbSymbolTableRecord
100
AcDbTextStyleTableRecord
  2
OpenSansCondensed-Italic
 70
0
 40
0.0
 41
1.0
 50
0.0
 71
0
 42
2.5
  3
OpenSansCondensed-LightItalic.ttf
  4

  0
STYLE
  5
4E
330
5
100
AcDbSymbolTableRecord
100
AcDbTextStyleTableRecord
  2
LiberationSans
 70
0
 40
0.0
 41
1.0
 50
0.0
 71
0
 42
2.5
  3
LiberationSans-Regular.ttf
  4

  0
STYLE
  5
4F
330
5
100
AcDbSymbolTableRecord
100
AcDbTextStyleTableRecord
  2
LiberationSans-Bold
 70
0
 40
0.0
 41
1.0
 50
0.0
 71
0
 42
2.5
  3
LiberationSans-Bold.ttf
  4

  0
STYLE
  5
50
330
5
100
AcDbSymbolTableRecord
100
AcDbTextStyleTableRecord
  2
LiberationSans-BoldItalic
 70
0
 40
0.0
 41
1.0
 50
0.0
 71
0
 42
2.5
  3
LiberationSans-BoldItalic.ttf
  4

  0
STYLE
  5
51
330
5
100
AcDbSymbolTableRecord
100
AcDbTextStyleTableRecord
  2
LiberationSans-Italic
 70
0
 40
0.0
 41
1.0
 50
0.0
 71
0
 42
2.5
  3
LiberationSans-Italic.ttf
  4

  0
STYLE
  5
52
330
5
100
AcDbSymbolTableRecord
100
AcDbTextStyleTableRecord
  2
LiberationSerif
 70
0
 40
0.0
 41
1.0
 50
0.0
 71
0
 42
2.5
  3
LiberationSerif-Regular.ttf
  4

  0
STYLE
  5
53
330
5
100
AcDbSymbolTableRecord
100
AcDbTextStyleTableRecord
  2
LiberationSerif-Bold
 70
0
 40
0.0
 41
1.0
 50
0.0
 71
0
 42
2.5
  3
LiberationSerif-Bold.ttf
  4

  0
STYLE
  5
54
330
5
100
AcDbSymbolTableRecord
100
AcDbTextStyleTableRecord
  2
LiberationSerif-BoldItalic
 70
0
 40
0.0
 41
1.0
 50
0.0
 71
0
 42
2.5
  3
LiberationSerif-BoldItalic.ttf
  4

  0
STYLE
  5
55
330
5
100
AcDbSymbolTableRecord
100
AcDbTextStyleTableRecord
  2
LiberationSerif-Italic
 70
0
 40
0.0
 41
1.0
 50
0.0
 71
0
 42
2.5
  3
LiberationSerif-Italic.ttf
  4

  0
STYLE
  5
56
330
5
100
AcDbSymbolTableRecord
100
AcDbTextStyleTableRecord
  2
LiberationMono
 70
0
 40
0.0
 41
1.0
 50
0.0
 71
0
 42
2.5
  3
LiberationMono-Regular.ttf
  4

  0
STYLE
  5
57
330
5
100
AcDbSymbolTableRecord
100
AcDbTextStyleTableRecord
  2
LiberationMono-Bold
 70
0
 40
0.0
 41
1.0
 50
0.0
 71
0
 42
2.5
  3
LiberationMono-Bold.ttf
  4

  0
STYLE
  5
58
330
5
100
AcDbSymbolTableRecord
100
AcDbTextStyleTableRecord
  2
LiberationMono-BoldItalic
 70
0
 40
0.0
 41
1.0
 50
0.0
 71
0
 42
2.5
  3
LiberationMono-BoldItalic.ttf
  4

  0
STYLE
  5
59
330
5
100
AcDbSymbolTableRecord
100
AcDbTextStyleTableRecord
  2
LiberationMono-Italic
 70
0
 40
0.0
 41
1.0
 50
0.0
 71
0
 42
2.5
  3
LiberationMono-Italic.ttf
  4

  0
ENDTAB
  0
TABLE
  2
VIEW
  5
7
330
0
100
AcDbSymbolTable
 70
0
  0
ENDTAB
  0
TABLE
  2
UCS
  5
6
330
0
100
AcDbSymbolTable
 70
0
  0
ENDTAB
  0
TABLE
  2
APPID
  5
3
330
0
100
AcDbSymbolTable
 70
3
  0
APPID
  5
2A
330
3
100
AcDbSymbolTableRecord
100
AcDbRegAppTableRecord
  2
ACAD
 70
0
  0
APPID
  5
95
330
3
100
AcDbSymbolTableRecord
100
AcDbRegAppTableRecord
  2
HATCHBACKGROUNDCOLOR
 70
0
  0
APPID
  5
96
330
3
100
AcDbSymbolTableRecord
100
AcDbRegAppTableRecord
  2
EZDXF
 70
0
  0
ENDTAB
  0
TABLE
  2
DIMSTYLE
  5
4
330
0
100
AcDbSymbolTable
 70
12
100
AcDbDimStyleTable
  0
DIMSTYLE
105
2B
330
4
100
AcDbSymbolTableRecord
100
AcDbDimStyleTableRecord
  2
Standard
 70
0
 40
1.0
 41
2.5
 42
0.625
 43
3.75
 44
1.25
 45
0.0
 46
0.0
 47
0.0
 48
0.0
 49
2.5
140
2.5
141
2.5
142
0.0
143
0.03937007874
144
1.0
145
0.0
146
1.0
147
0.625
148
0.0
 69
0
 70
0
 71
0
 72
0
 73
0
 74
0
 75
0
 76
0
 77
1
 78
8
 79
3
170
0
171
3
172
1
173
0
174
0
175
0
176
0
177
0
178
0
179
2
271
2
272
2
273
2
274
3
275
0
276
0
277
2
278
44
279
0
280
0
281
0
282
0
283
0
284
8
285
0
286
0
288
0
289
3
290
0
371
-2
372
-2
  0
DIMSTYLE
105
73
330
4
100
AcDbSymbolTableRecord
100
AcDbDimStyleTableRecord
  2
EZDXF
 70
0
 40
1.0
 41
0.175
 42
0.125
 43
3.75
 44
0.375
 45
0.0
 46
0.0
 47
0.0
 48
0.0
 49
2.5
140
0.25
141
2.5
142
0.0
143
0.03937007874
144
100.0
145
0.0
146
0.5
147
0.1
148
0.0
 69
0
 70
0
 71
0
 72
0
 73
0
 74
0
 75
0
 76
0
 77
1
 78
12
 79
3
170
0
171
3
172
1
173
0
174
0
175
0
176
0
177
0
178
0
179
2
271
2
272
2
273
2
274
3
275
0
276
0
277
2
278
46
279
2
280
0
281
0
282
0
283
0
284
8
285
0
286
0
288
1
289
3
290
0
340
4C
342
74
371
-2
372
-2
  0
DIMSTYLE
105
7C
330
4
100
AcDbSymbolTableRecord
100
AcDbDimStyleTableRecord
  2
EZ_M_100_H25_CM
 70
0
 40
1.0
 41
0.25
 42
0.125
 43
3.75
 44
0.375
 45
0.0
 46
0.0
 47
0.0
 48
0.0
 49
2.5
140
0.25
141
2.5
142
0.125
143
0.03937007874
144
100.0
145
0.0
146
0.5
147
0.1
148
0.0
 69
0
 70
0
 71
0
 72
0
 73
0
 74
0
 75
0
 76
0
 77
1
 78
12
 79
3
170
0
171
3
172
1
173
0
174
0
175
0
176
0
177
0
178
0
179
2
271
2
272
2
273
2
274
3
275
0
276
0
277
2
278
46
279
2
280
0
281
0
282
0
283
0
284
8
285
0
286
0
288
1
289
3
290
0
340
4C
371
-2
372
-2
  0
DIMSTYLE
105
7D
330
4
100
AcDbSymbolTableRecord
100
AcDbDimStyleTableRecord
  2
EZ_M_50_H25_CM
 70
0
 40
1.0
 41
0.125
 42
0.0625
 43
3.75
 44
0.1875
 45
0.0
 46
0.0
 47
0.0
 48
0.0
 49
2.5
140
0.125
141
2.5
142
0.0625
143
0.03937007874
144
100.0
145
0.0
146
0.5
147
0.05
148
0.0
 69
0
 70
0
 71
0
 72
0
 73
0
 74
0
 75
0
 76
0
 77
1
 78
12
 79
3
170
0
171
3
172
1
173
0
174
0
175
0
176
0
177
0
178
0
179
2
271
2
272
2
273
2
274
3
275
0
276
0
277
2
278
46
279
2
280
0
281
0
282
0
283
0
284
8
285
0
286
0
288
1
289
3
290
0
340
4C
371
-2
372
-2
  0
DIMSTYLE
105
7E
330
4
100
AcDbSymbolTableRecord
100
AcDbDimStyleTableRecord
  2
EZ_M_25_H25_CM
 70
0
 40
1.0
 41
0.0625
 42
0.03125
 43
3.75
 44
0.09375
 45
0.0
 46
0.0
 47
0.0
 48
0.0
 49
2.5
140
0.0625
141
2.5
142
0.03125
143
0.03937007874
144
100.0
145
0.0
146
0.5
147
0.025
148
0.0
 69
0
 70
0
 71
0
 72
0
 73
0
 74
0
 75
0
 76
0
 77
1
 78
12
 79
3
170
0
171
3
172
1
173
0
174
0
175
0
176
0
177
0
178
0
179
2
271
2
272
2
273
2
274
3
275
0
276
0
277
2
278
46
279
2
280
0
281
0
282
0
283
0
284
8
285
0
286
0
288
1
289
3
290
0
340
4C
371
-2
372
-2
  0
DIMSTYLE
105
7F
330
4
100
AcDbSymbolTableRecord
100
AcDbDimStyleTableRecord
  2
EZ_M_20_H25_CM
 70
0
 40
1.0
 41
0.05
 42
0.025
 43
3.75
 44
0.07500000000000001
 45
0.0
 46
0.0
 47
0.0
 48
0.0
 49
2.5
140
0.05
141
2.5
142
0.025
143
0.03937007874
144
100.0
145
0.0
146
0.5
147
0.020000000000000004
148
0.0
 69
0
 70
0
 71
0
 72
0
 73
0
 74
0
 75
0
 76
0
 77
1
 78
12
 79
3
170
0
171
3
172
1
173
0
174
0
175
0
176
0
177
0
178
0
179
2
271
2
272
2
273
2
274
3
275
0
276
0
277
2
278
46
279
2
280
0
281
0
282
0
283
0
284
8
285
0
286
0
288
1
289
3
290
0
340
4C
371
-2
372
-2
  0
DIMSTYLE
105
80
330
4
100
AcDbSymbolTableRecord
100
AcDbDimStyleTableRecord
  2
EZ_M_10_H25_CM
 70
0
 40
1.0
 41
0.025
 42
0.0125
 43
3.75
 44
0.037500000000000006
 45
0.0
 46
0.0
 47
0.0
 48
0.0
 49
2.5
140
0.025
141
2.5
142
0.0125
143
0.03937007874
144
100.0
145
0.0
146
0.5
147
0.010000000000000002
148
0.0
 69
0
 70
0
 71
0
 72
0
 73
0
 74
0
 75
0
 76
0
 77
1
 78
12
 79
3
170
0
171
3
172
1
173
0
174
0
175
0
176
0
177
0
178
0
179
2
271
2
272
2
273
2
274
3
275
0
276
0
277
2
278
46
279
2
280
0
281
0
282
0
283
0
284
8
285
0
286
0
288
1
289
3
290
0
340
4C
371
-2
372
-2
  0
DIMSTYLE
105
81
330
4
100
AcDbSymbolTableRecord
100
AcDbDimStyleTableRecord
  2
EZ_M_5_H25_CM
 70
0
 40
1.0
 41
0.0125
 42
0.00625
 43
3.75
 44
0.018750000000000003
 45
0.0
 46
0.0
 47
0.0
 48
0.0
 49
2.5
140
0.0125
141
2.5
142
0.00625
143
0.03937007874
144
100.0
145
0.0
146
0.5
147
0.005000000000000001
148
0.0
 69
0
 70
0
 71
0
 72
0
 73
0
 74
0
 75
0
 76
0
 77
1
 78
12
 79
3
170
0
171
3
172
1
173
0
174
0
175
0
176
0
177
0
178
0
179
2
271
2
272
2
273
2
274
3
275
0
276
0
277
2
278
46
279
2
280
0
281
0
282
0
283
0
284
8
285
0
286
0
288
1
289
3
290
0
340
4C
371
-2
372
-2
  0
DIMSTYLE
105
82
330
4
100
AcDbSymbolTableRecord
100
AcDbDimStyleTableRecord
  2
EZ_M_1_H25_CM
 70
0
 40
1.0
 41
0.0025
 42
0.00125
 43
3.75
 44
0.00375
 45
0.0
 46
0.0
 47
0.0
 48
0.0
 49
2.5
140
0.0025
141
2.5
142
0.00125
143
0.03937007874
144
100.0
145
0.0
146
0.5
147
0.001
148
0.0
 69
0
 70
0
 71
0
 72
0
 73
0
 74
0
 75
0
 76
0
 77
1
 78
12
 79
3
170
0
171
3
172
1
173
0
174
0
175
0
176
0
177
0
178
0
179
2
271
2
272
2
273
2
274
3
275
0
276
0
277
2
278
46
279
2
280
0
281
0
282
0
283
0
284
8
285
0
286
0
288
1
289
3
290
0
340
4C
371
-2
372
-2
  0
DIMSTYLE
105
83
330
4
100
AcDbSymbolTableRecord
100
AcDbDimStyleTableRecord
  2
EZ_RADIUS
 70
0
 40
1.0
 41
0.25
 42
0.125
 43
3.75
 44
0.375
 45
0.0
 46
0.0
 47
0.0
 48
0.0
 49
2.5
140
0.25
141
0.0
142
0.0
143
0.03937007874
144
100.0
145
0.0
146
0.5
147
0.1
148
0.0
 69
0
 70
0
 71
0
 72
0
 73
0
 74
0
 75
0
 76
0
 77
1
 78
12
 79
3
170
0
171
3
172
0
173
0
174
0
175
0
176
0
177
0
178
0
179
2
271
2
272
2
273
2
274
3
275
0
276
0
277
2
278
46
279
1
280
0
281
0
282
0
283
0
284
8
285
0
286
0
288
1
289
3
290
0
340
4C
342
84
371
-2
372
-2
  0
DIMSTYLE
105
88
330
4
100
AcDbSymbolTableRecord
100
AcDbDimStyleTableRecord
  2
EZ_RADIUS_INSIDE
 70
0
 40
1.0
 41
0.25
 42
0.125
 43
3.75
 44
0.375
 45
0.0
 46
0.0
 47
0.0
 48
0.0
 49
2.5
140
0.25
141
0.0
142
0.0
143
0.03937007874
144
100.0
145
0.0
146
0.5
147
0.1
148
0.0
 69
0
 70
0
 71
0
 72
0
 73
0
 74
0
 75
0
 76
0
 77
0
 78
12
 79
3
170
0
171
3
172
0
173
0
174
1
175
0
176
0
177
0
178
0
179
2
271
2
272
2
273
2
274
3
275
0
276
0
277
2
278
46
279
0
280
0
281
0
282
0
283
0
284
8
285
0
286
0
288
1
289
0
290
0
340
4C
342
84
371
-2
372
-2
  0
DIMSTYLE
105
89
330
4
100
AcDbSymbolTableRecord
100
AcDbDimStyleTableRecord
  2
EZ_CURVED
 70
0
 40
1.0
 41
0.25
 42
0.125
 43
3.75
 44
0.375
 45
0.0
 46
0.0
 47
0.0
 48
0.0
 49
2.5
140
0.25
141
2.5
142
0.0
143
0.03937007874
144
100.0
145
0.0
146
0.5
147
0.1
148
0.0
 69
0
 70
0
 71
0
 72
0
 73
0
 74
0
 75
0
 76
0
 77
1
 78
12
 79
2
 90
2
170
0
171
3
172
1
173
0
174
0
175
0
176
0
177
0
178
0
179
2
271
2
272
2
273
2
274
3
275
0
276
0
277
2
278
46
279
2
280
0
281
0
282
0
283
0
284
8
285
0
286
0
288
1
289
3
290
0
340
4C
371
-2
372
-2
  0
ENDTAB
  0
TABLE
  2
BLOCK_RECORD
  5
9
330
0
100
AcDbSymbolTable
 70
5
  0
BLOCK_RECORD
  5
17
330
9
100
AcDbSymbolTableRecord
100
AcDbBlockTableRecord
  2
*Model_Space
340
1A
 70
0
280
1
281
0
  0
BLOCK_RECORD
  5
1B
330
9
100
AcDbSymbolTableRecord
100
AcDbBlockTableRecord
  2
*Paper_Space
340
1E
 70
0
280
1
281
0
  0
BLOCK_RECORD
  5
74
330
9
100
AcDbSymbolTableRecord
100
AcDbBlockTableRecord
  2
_ARCHTICK
340
0
 70
0
280
1
281
0
  0
BLOCK_RECORD
  5
78
330
9
100
AcDbSymbolTableRecord
100
AcDbBlockTableRecord
  2
_CLOSEDFILLED
340
0
 70
0
280
1
281
0
  0
BLOCK_RECORD
  5
84
330
9
100
AcDbSymbolTableRecord
100
AcDbBlockTableRecord
  2
_CLOSEDBLANK
340
0
 70
0
280
1
281
0
  0
ENDTAB
  0
ENDSEC
  0
SECTION
  2
BLOCKS
  0
BLOCK
  5
18
330
17
100
AcDbEntity
  8
0
100
AcDbBlockBegin
  2
*Model_Space
 70
0
 10
0.0
 20
0.0
 30
0.0
  3
*Model_Space
  1

  0
ENDBLK
  5
19
330
17
100
AcDbEntity
  8
0
100
AcDbBlockEnd
  0
BLOCK
  5
1C
330
1B
100
AcDbEntity
  8
0
100
AcDbBlockBegin
  2
*Paper_Space
 70
0
 10
0.0
 20
0.0
 30
0.0
  3
*Paper_Space
  1

  0
ENDBLK
  5
1D
330
1B
100
AcDbEntity
  8
0
100
AcDbBlockEnd
  0
BLOCK
  5
75
330
74
100
AcDbEntity
  8
0
100
AcDbBlockBegin
  2
_ARCHTICK
 70
0
 10
0.0
 20
0.0
 30
0.0
  3
_ARCHTICK
  1

  0
LWPOLYLINE
  5
77
330
74
100
AcDbEntity
  8
0
  6
BYBLOCK
 62
0
100
AcDbPolyline
 90
2
 70
0
 43
0.15
 10
-0.5
 20
-0.5
 10
0.5
 20
0.5
  0
ENDBLK
  5
76
330
74
100
AcDbEntity
  8
0
100
AcDbBlockEnd
  0
BLOCK
  5
79
330
78
100
AcDbEntity
  8
0
100
AcDbBlockBegin
  2
_CLOSEDFILLED
 70
0
 10
0.0
 20
0.0
 30
0.0
  3
_CLOSEDFILLED
  1

  0
SOLID
  5
7B
330
78
100
AcDbEntity
  8
0
  6
BYBLOCK
 62
0
100
AcDbTrace
 10
-1.0
 20
0.16439898372402537
 30
0.0
 11
0.0
 21
0.0
 31
0.0
 12
-1.0
 22
-0.16439898372402537
 32
0.0
 13
-1.0
 23
-0.16439898372402537
 33
0.0
  0
ENDBLK
  5
7A
330
78
100
AcDbEntity
  8
0
100
AcDbBlockEnd
  0
BLOCK
  5
85
330
84
100
AcDbEntity
  8
0
100
AcDbBlockBegin
  2
_CLOSEDBLANK
 70
0
 10
0.0
 20
0.0
 30
0.0
  3
_CLOSEDBLANK
  1

  0
LWPOLYLINE
  5
87
330
84
100
AcDbEntity
  8
0
  6
BYBLOCK
 62
0
100
AcDbPolyline
 90
3
 70
1
 10
-1.0
 20
0.16439898372402537
 10
0.0
 20
0.0
 10
-1.0
 20
-0.16439898372402537
  0
ENDBLK
  5
86
330
84
100
AcDbEntity
  8
0
100
AcDbBlockEnd
  0
ENDSEC
  0
SECTION
  2
ENTITIES
  0
LWPOLYLINE
  5
92
330
17
100
AcDbEntity
  8
CIRCULAR_SPLINE_TEETH
100
AcDbPolyline
 90
7878
 70
1
 10
49.99684146438739
 20
-0.561999630706132
 10
50.07748874113612
 20
-0.5359971431897478
 10
50.15812637768344
 20
-0.5095252038888585
 10
50.23875362778935
 20
-0.48258907685445285
 10
50.31936975058835
 20
-0.4551937751786269
 10
50.399974010179186
 20
-0.4273440792126099
 10
50.48056567525454
 20
-0.3990445530166008
 10
50.56114401876618
 20
-0.3702995592551731
 10
50.64170831762106
 20
-0.34111327272147235
 10
50.722257852405036
 20
-0.311489692647671
 10
50.80279190713102
 20
-0.28143265393761857
 10
50.883309769008896
 20
-0.2509458374395954
 10
50.963810728234925
 20
-0.2200327793615693
 10
51.04429407779849
 20
-0.18869687991850587
 10
51.124759113304606
 20
-0.15694141128998434
 10
51.12491328074607
 20
-0.09416494142554728
 10
51.12499036452492
 20
-0.03138832958378234
 10
51.12499036452492
 20
0.03138832958378234
 10
51.12491328074607
 20
0.09416494142554728
 10
51.124759113304606
 20
0.15694141128998434
 10
51.04429407779849
 20
0.18869687991850587
 10
50.963810728234925
 20
0.2200327793615693
 10
50.883309769008896
 20
0.2509458374395954
 10
50.80279190713102
 20
0.28143265393761857
 10
50.722257852405036
 20
0.311489692647671
 10
50.64170831762106
 20
0.34111327272147235
 10
50.56114401876618
 20
0.3702995592551731
 10
50.48056567525454
 20
0.3990445530166008
 10
50.399974010179186
 20
0.4273440792126099
 10
50.31936975058835
 20
0.4551937751786269
 10
50.23875362778935
 20
0.48258907685445285
 10
50.15812637768344
 20
0.5095252038888585
 10
50.07748874113612
 20
0.5359971431897478
 10
49.99684146438739
 20
0.561999630706132
 10
49.995797704902856
 20
0.6482374953907628
 10
49.9946051967463
 20
0.7344734314239666
 10
49.99326394346571
 20
0.8207071822345603
 10
49.991773949051606
 20
0.9069384912578622
 10
49.99013521793706
 20
0.9931671019364559
 10
49.99013521793706
 20
0.993167101936456
 10
50.0699348103895
 20
1.0216651307884992
 10
50.1497101674178
 20
1.0506320845339698
 10
50.22946070685424
 20
1.0800626784602332
 10
50.30918584409814
 20
1.1099518788592995
 10
50.388884992272466
 20
1.140294884805852
 10
50.468557562365305
 20
1.1710871117038522
 10
50.54820296335838
 20
1.2023241763879244
 10
50.6278206023439
 20
1.2340018835962503
 10
50.707409884631296
 20
1.2661162136574764
 10
50.78697021384479
 20
1.2986633112556638
 10
50.86650099201293
 20
1.33163947515535
 10
50.9460016196509
 20
1.3650411487842942
 10
51.02547149583631
 20
1.3988649115843426
 10
51.10491001827921
 20
1.43310747105214
 10
51.103111771580586
 20
1.4958583694126533
 10
51.1012364740906
 20
1.5586070123905267
 10
51.099284128636725
 20
1.621353305376402
 10
51.09725473816262
 20
1.684097153764465
 10
51.0951483057281
 20
1.746838462952586
 10
51.013734601883876
 20
1.776076119376828
 10
50.93231564138492
 20
1.8048938400039922
 10
50.85089223004981
 20
1.833288376143898
 10
50.7694651802934
 20
1.8612563512142564
 10
50.688035311551666
 20
1.8887942527924246
 10
50.606603450743805
 20
1.9158984239782886
 10
50.52517043277554
 20
1.9425650539901091
 10
50.443737101088615
 20
1.968790167903894
 10
50.362304308261784
 20
1.9945696154340133
 10
50.28087291666985
 20
2.019899058637292
 10
50.19944379920804
 20
2.0447739584048037
 10
50.1180178400899
 20
2.069189559584088
 10
50.03659593572904
 20
2.0931408745487854
 10
49.955178995715734
 20
2.1166226650021827
 10
49.951453755402014
 20
2.202786354128352
 10
49.94757989834943
 20
2.288943489472805
 10
49.94355743608358
 20
2.3750938146988085
 10
49.93938638057219
 20
2.4612370734898894
 10
49.935066744225075
 20
2.5473730095506006
 10
49.935066744225075
 20
2.5473730095506006
 10
50.01394145142928
 20
2.5783390097359042
 10
50.09277735143288
 20
2.609772954269009
 10
50.17157402670354
 20
2.641669542888251
 10
50.25033104947101
 20
2.6740237261395348
 10
50.32904798245026
 20
2.7068306871680416
 10
50.407724379494596
 20
2.740085825277194
 10
50.48635978618746
 20
2.7737847410412426
 10
50.564953740379934
 20
2.8079232227883417
 10
50.64350577268032
 20
2.8424972342967294
 10
50.72201540690113
 20
2.8775029035681468
 10
50.80048216046808
 20
2.9129365125606546
 10
50.878905544795224
 20
2.9487944877784935
 10
50.957285065629726
 20
2.985073391629491
 10
51.03562022336941
 20
3.0217699144717995
 10
51.031871302218235
 20
3.084434533886928
 10
51.028045437688625
 20
3.1470945027413855
 10
51.02414263554902
 20
3.2097497265595134
 10
51.020162901683875
 20
3.272400110872806
 10
51.01610624209365
 20
3.3350455612200545
 10
50.933822632411754
 20
3.3617371198957104
 10
50.85154682856332
 20
3.388008782423432
 10
50.76927973701096
 20
3.413857326745334
 10
50.68702227478777
 20
3.4392794031784297
 10
50.60477537016923
 20
3.4642715264834445
 10
50.52253996340362
 20
3.488830067246244
 10
50.440317007507595
 20
3.5129512424938847
 10
50.358107469134495
 20
3.5366311054560375
 10
50.27591232952399
 20
3.559865534369721
 10
50.19373258554317
 20
3.5826502202098376
 10
50.11156925083067
 20
3.6049806532100304
 10
50.029423357056935
 20
3.6268521080169087
 10
49.947295955316456
 20
3.648259627295057
 10
49.865188117669824
 20
3.6691980035697505
 10
49.85878500045632
 20
3.755204159333024
 10
49.85223354221421
 20
3.841199142524651
 10
49.845533762435565
 20
3.9271826972903376
 10
49.838685681053704
 20
4.013154567809791
 10
49.83168931844321
 20
4.0991144982974825
 10
49.83168931844321
 20
4.099114498297483
 10
49.90956283421402
 20
4.132518512210776
 10
49.987383008551184
 20
4.166389037220307
 10
50.06514958896175
 20
4.200720762643049
 10
50.1428623049197
 20
4.235508628163816
 10
50.220520869155074
 20
4.270747805658286
 10
50.298124978818
 20
4.306433682780217
 10
50.375674316533264
 20
4.342561848099651
 10
50.45316855135791
 20
4.3791280776092325
 10
50.53060733965325
 20
4.416128322441575
 10
50.60799032588074
 20
4.453558697662007
 10
50.6853171433301
 20
4.49141547201908
 10
50.76258741478697
 20
4.529695058550641
 10
50.839800753146235
 20
4.568394005956147
 10
50.91695676197679
 20
4.6075089906571245
 10
50.91126079321216
 20
4.670026707154714
 10
50.905488062919765
 20
4.73253738241272
 10
50.89963857980343
 20
4.795040922180578
 10
50.89371235268273
 20
4.857537232218488
 10
50.88770939049296
 20
4.920026218297546
 10
50.80463547905157
 20
4.944145856865445
 10
50.72158242838018
 20
4.967846045156956
 10
50.6385512447085
 20
4.991123590863625
 10
50.55554294880073
 20
5.013975174442368
 10
50.47255857687376
 20
5.036397341209022
 10
50.38959918159535
 20
5.058386492746656
 10
50.306665833171124
 20
5.079938877550907
 10
50.22375962053081
 20
5.101050580823352
 10
50.1408816526257
 20
5.121717513311197
 10
50.0580330598508
 20
5.141935399076128
 10
49.97521499560752
 20
5.161699762057261
 10
49.892428638025116
 20
5.181005911271754
 10
49.80967519186208
 20
5.199848924471034
 10
49.726955890612174
 20
5.218223630040262
 10
49.71788109110126
 20
5.303989047039558
 10
49.70865836978236
 20
5.389738683486018
 10
49.69928775409515
 20
5.475472284255313
 10
49.68976927191928
 20
5.561189594270816
 10
49.68010295157439
 20
5.6468903585043755
 10
49.68010295157438
 20
5.6468903585043755
 10
49.75689993831467
 20
5.68270006991956
 10
49.83362910099266
 20
5.718974407860065
 10
49.91029035239905
 20
5.755708056359237
 10
49.9868835795138
 20
5.7928959491363345
 10
50.0634086453599
 20
5.830533251468428
 10
50.13986539067729
 20
5.8686153438217605
 10
50.21625363543916
 20
5.907137807029933
 10
50.292573180228686
 20
5.946096408836539
 10
50.36882380749261
 20
5.985487091645583
 10
50.44500528268529
 20
6.025305961344407
 10
50.521117355315255
 20
6.065549277081794
 10
50.59715975990465
 20
6.106213441899357
 10
50.673132216870556
 20
6.147294994127089
 10
50.74903443333647
 20
6.188790599465239
 10
50.74139692744029
 20
6.25110093119222
 10
50.73368291612884
 20
6.313401837812649
 10
50.725892411032916
 20
6.375693225392241
 10
50.718025423898666
 20
6.437975000011067
 10
50.71008196658756
 20
6.50024706776369
 10
50.62629812203076
 20
6.521771452031258
 10
50.542548172999055
 20
6.5428772376850395
 10
50.45883322451577
 20
6.56356126525436
 10
50.37515440008869
 20
6.583820248547485
 10
50.29151284287368
 20
6.603650766777545
 10
50.20790971693957
 20
6.623049256006048
 10
50.12434620864555
 20
6.642011999826549
 10
50.04082352814434
 20
6.660535119199848
 10
49.957342911026004
 20
6.678614561339425
 10
49.87390562011983
 20
6.696246087530443
 10
49.790512947474205
 20
6.713425259747795
 10
49.70716621653741
 20
6.730147425917405
 10
49.62386678456644
 20
6.746407703639503
 10
49.5406160452949
 20
6.762200962162339
 10
49.52887834276901
 20
6.84764266789578
 10
49.51699328076055
 20
6.933064000361866
 10
49.504960894630265
 20
7.018464705413041
 10
49.49278122017716
 20
7.10384452896312
 10
49.480454293638495
 20
7.189203216988046
 10
49.480454293638495
 20
7.189203216988046
 10
49.556100455223444
 20
7.227383982322062
 10
49.63166437573284
 20
7.266027040114324
 10
49.707146133325416
 20
7.30512707425741
 10
49.78254577259642
 20
7.344679017406318
 10
49.85786330699433
 20
7.3846780329167965
 10
49.93309872100298
 20
7.42511949853667
 10
50.0082519721181
 20
7.465998991638361
 10
50.08332299264193
 20
7.507312275810844
 10
50.158311691317124
 20
7.54905528865498
 10
50.23321795481786
 20
7.591224130647422
 10
50.3080416491138
 20
7.633815054956223
 10
50.38278262072038
 20
7.676824458106579
 10
50.45744069784742
 20
7.720248871407967
 10
50.53201569145633
 20
7.764084953065074
 10
50.5224440372223
 20
7.826127618799752
 10
50.51279620769954
 20
7.8881584846790895
 10
50.503072217434564
 20
7.950177457175957
 10
50.49327208108873
 20
8.012184442781159
 10
50.48339581343823
 20
8.074179348003574
 10
50.39898309122451
 20
8.093087654519163
 10
50.31461726649927
 20
8.111578619050691
 10
50.23029954201041
 20
8.129649118021847
 10
50.14603114292234
 20
8.147295901771422
 10
50.06181331822398
 20
8.164515586719233
 10
49.97764734225908
 20
8.18130464685311
 10
49.89353451639269
 20
8.197659404459904
 10
49.809476170829754
 20
8.213576020012358
 10
49.72547366660373
 20
8.229050481111042
 10
49.64152839775653
 20
8.24407859036527
 10
49.55764179373352
 20
8.25865595207922
 10
49.47381532202165
 20
8.272777957588161
 10
49.39005049106336
 20
8.286439769064536
 10
49.30634885348376
 20
8.29963630158335
 10
49.29195960341203
 20
8.384671636718807
 10
49.277423698743924
 20
8.469682025582204
 10
49.26274118272704
 20
8.554667215248639
 10
49.24791209904511
 20
8.639626952868177
 10
49.232936491817995
 20
8.724560985666612
 10
49.23293649181799
 20
8.724560985666612
 10
49.307358645471794
 20
8.765075867494865
 10
49.38168422059973
 20
8.80605026047619
 10
49.45591346065293
 20
8.847478853505391
 10
49.53004656779881
 20
8.889356583075537
 10
49.60408370589829
 20
8.93167861530019
 10
49.67802500319415
 20
8.974440329680487
 10
49.75187055474577
 20
9.017637304406282
 10
49.825620424639936
 20
9.06126530301038
 10
49.8992746480035
 20
9.10532026222061
 10
49.972833232840095
 20
9.149798280875476
 10
50.04629616171017
 20
9.19469560978711
 10
50.11966339327099
 20
9.24000864245043
 10
50.19293486369126
 20
9.285733906510126
 10
50.26611048795319
 20
9.331868055908298
 10
50.25461394533862
 20
9.393583033378535
 10
50.24304163125652
 20
9.455283847660242
 10
50.23139356315505
 20
9.516970405723926
 10
50.21966975859662
 20
9.57864261456159
 10
50.20787023525782
 20
9.640300381186872
 10
50.12291029924423
 20
9.656574317385102
 10
50.038010217312184
 20
9.672432571980412
 10
49.95317128877061
 20
9.687872060312714
 10
49.868394839255295
 20
9.702889572395161
 10
49.783682222379866
 20
9.717481765127653
 10
49.69903482153015
 20
9.731645153835526
 10
49.61445405181808
 20
9.745376103056884
 10
49.529941362213904
 20
9.758670816490906
 10
49.44549823787783
 20
9.771525326006984
 10
49.36112620271569
 20
9.783935479599295
 10
49.27682682218694
 20
9.79589692815385
 10
49.19260170639755
 20
9.807405110873848
 10
49.10845251351603
 20
9.818455239184228
 10
49.024380953556935
 20
9.829042278906092
 10
49.00735407660949
 20
9.913588977248741
 10
48.99018139183072
 20
9.998106180448534
 10
48.972862950313214
 20
10.08259363704791
 10
48.95539880358321
 20
10.167051095677795
 10
48.93778900360045
 20
10.25147830505838
 10
48.93778900360044
 20
10.25147830505838
 10
49.01091515069592
 20
10.294288107849313
 10
49.0839304752487
 20
10.337554195940786
 10
49.15683538576679
 20
10.38127126836797
 10
49.22963024179419
 20
10.425434270360622
 10
49.30231535744576
 20
10.470038375466595
 10
49.374891004599114
 20
10.515078969410377
 10
49.44735741578535
 20
10.560551635477058
 10
49.519714786813786
 20
10.606452141241796
 10
49.5919632791615
 20
10.652776426490327
 10
49.66410302215382
 20
10.699520592197135
 10
49.73613411495889
 20
10.746680890445532
 10
49.80805662841575
 20
10.794253715189209
 10
49.87987060671377
 20
10.842235593767356
 10
49.951576068938245
 20
10.890623179096576
 10
49.9381657601056
 20
10.951950763047467
 10
49.92468015693064
 20
11.01326183417861
 10
49.91111927974631
 20
11.074556300048148
 10
49.89748314899902
 20
11.135834068239259
 10
49.88377178524869
 20
11.1970950463603
 10
49.79834682868627
 20
11.210718868258937
 10
49.71299462489352
 20
11.223929071080894
 10
49.62771656848335
 20
11.236722612066522
 10
49.54251408428049
 20
11.249096324008793
 10
49.457388629213746
 20
11.26104690752192
 10
49.37234169437266
 20
11.272570922639943
 10
49.28737480724703
 20
11.283664779669294
 10
49.20248953417066
 20
11.294324729208261
 10
49.11768748299365
 20
11.30454685123397
 10
49.032970306011514
 20
11.314327043142264
 10
48.948339703183315
 20
11.323661006608459
 10
48.8637974256763
 20
11.332544233115978
 10
48.77934527978098
 20
11.340971987974887
 10
48.694985131246995
 20
11.348939292622624
 10
48.67533709982761
 20
11.43291556070218
 10
48.65554424840161
 20
11.51685781330273
 10
48.63560663585719
 20
11.60076580067732
 10
48.615524321513156
 20
11.684639273180931
 10
48.59529736511892
 20
11.76847798127124
 10
48.59529736511892
 20
11.76847798127124
 10
48.66705676083152
 20
11.813541289305475
 10
48.738691197198264
 20
11.85905721536116
 10
48.81020124738881
 20
11.905020473742178
 10
48.88158742797591
 20
11.951426023305132
 10
48.95285020302446
 20
11.998269049701445
 10
49.02398998778391
 20
12.04554494934297
 10
49.095007152032096
 20
12.093249314882927
 10
49.16590202311147
 20
12.141377922033412
 10
49.236674888693074
 20
12.189926717566074
 10
49.30732599929886
 20
12.238891808363427
 10
49.37785557060868
 20
12.288269451405828
 10
49.44826378557487
 20
12.338056044594365
 10
49.51855079636468
 20
12.388248118322297
 10
49.588716726148
 20
12.438842327718822
 10
49.573405624704996
 20
12.499723187673673
 10
49.5580197788873
 20
12.560585201152648
 10
49.54255921189295
 20
12.62142827639095
 10
49.527023947032625
 20
12.682252321652346
 10
49.51141400772966
 20
12.743057245229293
 10
49.4256066737468
 20
12.754017772660527
 10
49.339884920838124
 20
12.764567143691073
 10
49.25425023757135
 20
12.774702360405385
 10
49.168704146581696
 20
12.784420301440317
 10
49.08324820670366
 20
12.793717714316344
 10
48.99788401528801
 20
12.80259120710416
 10
48.91261321072463
 20
12.81103723935131
 10
48.827437475195524
 20
12.819052112182506
 10
48.74235853768524
 20
12.826631957474973
 10
48.65737817728046
 20
12.833772725995217
 10
48.572498226795254
 20
12.84047017436623
 10
48.48772057676406
 20
12.846719850713336
 10
48.40304717985183
 20
12.852517078812243
 10
48.31848005573833
 20
12.857856940533168
 10
48.296229878048464
 20
12.941181536733783
 10
48.273836008280696
 20
13.024467630027026
 10
48.251298513061826
 20
13.107714972618158
 10
48.22861745944591
 20
13.190923316827728
 10
48.20579291491416
 20
13.274092415092316
 10
48.205792914914156
 20
13.274092415092316
 10
48.276116136663056
 20
13.321365632529702
 10
48.346300383153
 20
13.369087362830742
 10
48.41634639166085
 20
13.417252340681596
 10
48.48625483528833
 20
13.465855543442707
 10
48.55602632760144
 20
13.51489217352663
 10
48.625661426819725
 20
13.56435764248626
 10
48.69516063961004
 20
13.61424755660677
 10
48.76452442453123
 20
13.66455770382392
 10
48.833753195170075
 20
13.715284041816512
 10
48.902847323002746
 20
13.766422687141421
 10
48.97180714001216
 20
13.817969905297188
 10
49.04063294108693
 20
13.869922101617092
 10
49.109324986225
 20
13.922275812905083
 10
49.177883502561706
 20
13.975027699738893
 10
49.160686421010126
 20
14.035402937397631
 10
49.14341521736185
 20
14.095757013157105
 10
49.126069917657546
 20
14.156089836018367
 10
49.10865054804961
 20
14.216401315014515
 10
49.09115713480214
 20
14.276691359210831
 10
49.005050436452684
 20
14.28497798857225
 10
48.919042064687766
 20
14.292856321976231
 10
48.83313360058982
 20
14.300323409251623
 10
48.74732666313149
 20
14.307376177898892
 10
48.661622911544924
 20
14.314011425491325
 10
48.57602404789674
 20
14.320225811417743
 10
48.490531819891885
 20
14.326015847891973
 10
48.40514802393319
 20
14.331377890143568
 10
48.31987450846693
 20
14.33630812569201
 10
48.23471317764983
 20
14.340802562591843
 10
48.14966599537783
 20
14.344857016518919
 10
48.06473498972358
 20
14.348467096547376
 10
47.97992225783741
 20
14.351628189442504
 10
47.8952299713753
 20
14.35433544226527
 10
47.87039917302486
 20
14.436927755421555
 10
47.84542594953803
 20
14.519477115491176
 10
47.820310375215776
 20
14.601983276871337
 10
47.79505252478251
 20
14.684445994087769
 10
47.769652473386
 20
14.766865021795457
 10
47.769652473386
 20
14.766865021795459
 10
47.838471487995896
 20
14.816302414851219
 10
47.90713764588336
 20
14.866183781705606
 10
47.97565184771913
 20
14.916503882520912
 10
48.04401492248273
 20
14.967257718020493
 10
48.11222763264771
 20
15.018440512019405
 10
48.18029067886365
 20
15.0700476956506
 10
48.24820470419624
 20
15.122074893081837
 10
48.315970297977145
 20
15.174517908547449
 10
48.3835879993087
 20
15.227372714544071
 10
48.451058300261955
 20
15.280635441059923
 10
48.51838164880169
 20
15.334302365724616
 10
48.585558451467556
 20
15.388369904781227
 10
48.65258907583662
 20
15.442834604794815
 10
48.71947385278993
 20
15.49769313502233
 10
48.70040742819553
 20
15.557504341241787
 10
48.68126757549076
 20
15.61729209061137
 10
48.66205432353373
 20
15.677056292986007
 10
48.642767701293266
 20
15.736796858256133
 10
48.62340773784881
 20
15.796513696347828
 10
48.5370849778023
 20
15.802118410860707
 10
48.450873194726064
 20
15.80731808485937
 10
48.36477406068765
 20
15.81210981877116
 10
48.2787892894309
 20
15.816490591932594
 10
48.192920638980354
 20
15.820457255067918
 10
48.107169914471896
 20
15.824006522115907
 10
48.02153897123475
 20
15.827134961330874
 10
47.93602971815462
 20
15.829838985573286
 10
47.850644121351316
 20
15.832114841693224
 10
47.7653842082094
 20
15.833958598895213
 10
47.68025207180677
 20
15.835366135956031
 10
47.59524987579224
 20
15.836333127146565
 10
47.51037985977269
 20
15.836855026684695
 10
47.42564434527935
 20
15.836927051517042
 10
47.39825694846207
 20
15.91870717890016
 10
47.37072853123705
 20
16.000439944571653
 10
47.343059175507506
 20
16.082125105358287
 10
47.31524896359593
 20
16.16376241822844
 10
47.28729797824394
 20
16.245351640292874
 10
47.28729797824394
 20
16.24535164029287
 10
47.35454620776281
 20
16.296905381482087
 10
47.42162784697476
 20
16.348898127888923
 10
47.488543959073084
 20
16.40132467022102
 10
47.55529552811315
 20
16.454180037401112
 10
47.62188346473836
 20
16.5074594792674
 10
47.68830861135051
 20
16.561158450952995
 10
47.75457174679203
 20
16.61527259874157
 10
47.82067359059724
 20
16.66979774722516
 10
47.88661480686249
 20
16.72472988761458
 10
47.95239600777765
 20
16.78006516707339
 10
48.01801775685602
 20
16.835799878963417
 10
48.08348057189493
 20
16.891930453904596
 10
48.14878492769502
 20
16.948453451564063
 10
48.21393125856292
 20
17.00536555310027
 10
48.19301393646011
 20
17.064554864401277
 10
48.1720239512702
 20
17.123718446594786
 10
48.15096133464086
 20
17.182856210476807
 10
48.12982611832927
 20
17.241968066882297
 10
48.10861833420212
 20
17.30105392668527
 10
48.02216302415384
 20
17.303971304150295
 10
47.93583123409851
 20
17.30648728839486
 10
47.84962472547118
 20
17.30859903324996
 10
47.76354530512894
 20
17.310303572810447
 10
47.67759482818801
 20
17.31159781399826
 10
47.591775201107126
 20
17.31247852848118
 10
47.50608838504487
 20
17.312942343873985
 10
47.420536399523144
 20
17.3129857341384
 10
47.33512132643314
 20
17.312605009086024
 10
47.249845314425954
 20
17.311796302874153
 10
47.16471058373649
 20
17.31055556136751
 10
47.07971943149656
 20
17.3088785282186
 10
46.99487423760287
 20
17.306760729495632
 10
46.91017747121603
 20
17.304197456658184
 10
46.88025997146954
 20
17.385086281276575
 10
46.850202992472084
 20
17.465923381377788
 10
46.820006623649924
 20
17.54670851645338
 10
46.78967095484398
 20
17.627441446149522
 10
46.75919607630966
 20
17.708121930267705
 10
46.75919607630965
 20
17.70812193026771
 10
46.82480846241858
 20
17.761742144675328
 10
46.89024068580148
 20
17.81579597101036
 10
46.95549397114562
 20
17.870278235565454
 10
47.020569456630184
 20
17.925184000271916
 10
47.08546820018744
 20
17.98050854558658
 10
47.15019118515648
 20
18.036247355039556
 10
47.21473932540291
 20
18.092396101242393
 10
47.27911346996766
 20
18.148950633184253
 10
47.34331440729862
 20
18.205906964668383
 10
47.40734286911221
 20
18.26326126376105
 10
47.471199533925095
 20
18.321009843142228
 10
47.534885030291356
 20
18.379149151261853
 10
47.59839993977585
 20
18.437675764217442
 10
47.66174479969064
 20
18.496586378279716
 10
47.63899681623762
 20
18.55509653282627
 10
47.616177005017626
 20
18.61357871089895
 10
47.593285400437246
 20
18.672032824321157
 10
47.57032203701134
 20
18.730458784958614
 10
47.54728694936294
 20
18.788856504719504
 10
47.460782729241735
 20
18.78908372276239
 10
47.37441445263854
 20
18.788913583200593
 10
47.28818396865184
 20
18.788343296022234
 10
47.20209317550395
 20
18.78736995294985
 10
47.116144023608044
 20
18.785990520095392
 10
47.03033851890135
 20
18.78420182997885
 10
46.94467872647453
 20
18.782000572838065
 10
46.85916677453191
 20
18.779383287147205
 10
46.77380485872198
 20
18.77634634924941
 10
46.68859524688368
 20
18.772885961994707
 10
46.603540284260994
 20
18.76899814225788
 10
46.51864239924637
 20
18.764678707190782
 10
46.43390410972402
 20
18.75992325904021
 10
46.349328030095094
 20
18.754727168333893
 10
46.316909370668206
 20
18.834646435473864
 10
46.2843529080843
 20
18.91450966533122
 10
46.25165873920615
 20
18.994316620295017
 10
46.2188269613062
 20
19.074067062921717
 10
46.185857672066334
 20
19.15376075593593
 10
46.185857672066334
 20
19.15376075593593
 10
46.24977073901928
 20
19.20939556946751
 10
46.31349024512287
 20
19.265458182144787
 10
46.37701757537358
 20
19.321943460850594
 10
46.44035402097326
 20
19.37884650530211
 10
46.50350078611961
 20
19.436162631140633
 10
46.566458994137626
 20
19.493887354662686
 10
46.62922969303207
 20
19.552016378994136
 10
46.69181386052903
 20
19.61054558153713
 10
46.75421240866518
 20
19.669471002543727
 10
46.81642618797561
 20
19.728788834690043
 10
46.87845599132392
 20
19.788495413541455
 10
46.94030255741286
 20
19.848587208813786
 10
47.00196657400887
 20
19.90906081634735
 10
47.06344868090964
 20
19.96991295072126
 10
47.03889204331126
 20
20.027687343717655
 10
47.01426448275474
 20
20.085431539939233
 10
46.989566036372324
 20
20.143145452322084
 10
46.96479674140313
 20
20.20082899384798
 10
46.939956635193106
 20
20.25848207754448
 10
46.85348719224515
 20
20.25601891634644
 10
46.76716598482369
 20
20.253162817577316
 10
46.680994947901766
 20
20.249911050081522
 10
46.59497606923051
 20
20.246260766022814
 10
46.50911139263316
 20
20.242208993638283
 10
46.4234030215848
 20
20.237752629364458
 10
46.337853123110335
 20
20.23288842926419
 10
46.25246393203762
 20
20.227612999672925
 10
46.16723775564831
 20
20.221922786970993
 10
46.082176978775166
 20
20.215814066374644
 10
45.997284069402404
 20
20.209282929622137
 10
45.9125615848338
 20
20.202325271411315
 10
45.82801217850515
 20
20.194936774422096
 10
45.74363860752892
 20
20.187112892729086
 10
45.70875015138091
 20
20.265985285661177
 10
45.67372570148549
 20
20.34479738275768
 10
45.638565362048226
 20
20.423548949535004
 10
45.60326923767897
 20
20.50223975168962
 10
45.56783743339162
 20
20.580869555098815
 10
45.56783743339162
 20
20.580869555098815
 10
45.62998934942408
 20
20.63846514466539
 10
45.69193449374147
 20
20.696482306727873
 10
45.75367441030956
 20
20.754915953725295
 10
45.81521054210377
 20
20.813761227901384
 10
45.8765442384222
 20
20.873013484613722
 10
45.93767676148903
 20
20.932668277262934
 10
45.99860929243429
 20
20.992721343646167
 10
46.05934293672333
 20
21.053168593566884
 10
46.1198787290993
 20
21.114006097556757
 10
46.180217638093104
 20
21.1752300765851
 10
46.24036057014822
 20
21.236836892647798
 10
46.30030837340145
 20
21.298823040141876
 10
46.360061841155435
 20
21.36118513794375
 10
46.41962171507451
 20
21.423919922119367
 10
46.39328018029167
 20
21.480902660571683
 10
46.36686869597293
 20
21.537853011161662
 10
46.34038730194023
 20
21.59477088802232
 10
46.31383603812094
 20
21.65165620533566
 10
46.287214944547756
 20
21.708508877332747
 10
46.20086393237457
 20
21.70335771984317
 10
46.114673304328065
 20
21.697818424957823
 10
46.02864507938387
 20
21.69188832301963
 10
45.942781332898925
 20
21.685564629388676
 10
45.857084200129236
 20
21.67884443730218
 10
45.77155588005282
 20
21.671724710115686
 10
45.68619863953234
 20
21.66420227285539
 10
45.601014817857134
 20
21.65627380300114
 10
45.51600683170983
 20
21.647935820408357
 10
45.43117718060992
 20
21.639184676263017
 10
45.34652845289416
 20
21.630016540947835
 10
45.2620633323037
 20
21.620427390678252
 10
45.177784605258836
 20
21.610412992744045
 10
45.09369516891604
 20
21.59996888916458
 10
45.056370668374996
 20
21.677718103942528
 10
45.0189121150613
 20
21.755402822664234
 10
44.98131962042253
 20
21.833022814200316
 10
44.943593296304755
 20
21.910577847613926
 10
44.90573325495223
 20
21.988067692161525
 10
44.905733254952224
 20
21.98806769216153
 10
44.966063892099434
 20
22.047568337749944
 10
45.026174746704164
 20
22.107483921340325
 10
45.08606752020778
 20
22.167809405849773
 10
45.14574380596326
 20
22.228539980748124
 10
45.20520509706375
 20
22.289671045602653
 10
45.2644527934115
 20
22.35119819521988
 10
45.32348820811915
 20
22.413117206191636
 10
45.38231257332186
 20
22.475424024679697
 10
45.44092704546816
 20
22.538114755296867
 10
45.499332710147804
 20
22.60118565096162
 10
45.55753058650724
 20
22.66463310361987
 10
45.61552163129678
 20
22.72845363574131
 10
45.67330674258779
 20
22.792643892509464
 10
45.73088676319378
 20
22.857200634634758
 10
45.70278581496015
 20
22.91333659142371
 10
45.6746159582845
 20
22.96943800059598
 10
45.64637723563997
 20
23.02550477756457
 10
45.61806968960353
 20
23.081536837794726
 10
45.58969336285594
 20
23.137534096804025
 10
45.5035443204849
 20
23.12969992643509
 10
45.417567655679456
 20
23.121482794343578
 10
45.331765469464585
 20
23.112880094953617
 10
45.246139922795244
 20
23.103889109515595
 10
45.16069324029452
 20
23.094506999078952
 10
45.07542771431596
 20
23.08473079685603
 10
44.990345709366956
 20
23.074557399907924
 10
44.905449666935205
 20
23.063983560073225
 10
44.82074211076637
 20
23.053005874049255
 10
44.73622565264848
 20
23.041620772521696
 10
44.65190299876686
 20
23.02982450822264
 10
44.56777695670359
 20
23.017613142777876
 10
44.48385044316789
 20
23.004982532181913
 10
44.40012649255736
 20
22.991928310711685
 10
44.360402056666985
 20
23.068479129991545
 10
44.320545638666125
 20
23.144961315390283
 10
44.280557357136544
 20
23.22137463935631
 10
44.24043733105231
 20
23.297718874542905
 10
44.200185679779466
 20
23.373993793808918
 10
44.20018567977947
 20
23.373993793808914
 10
44.25863667204639
 20
23.43534193238735
 10
44.316855083568825
 20
23.49709797304809
 10
44.37484277161771
 20
23.559256934059356
 10
44.432601478382104
 20
23.621814056770987
 10
44.49013283930577
 20
23.684764789410547
 10
44.547438390614694
 20
23.748104772452198
 10
44.60451957613374
 20
23.81182982536833
 10
44.66137775347588
 20
23.87593593460088
 10
44.718014199676276
 20
23.94041924261229
 10
44.77443011633325
 20
24.005276037895268
 10
44.830626634310285
 20
24.07050274583631
 10
44.88660481804558
 20
24.136095920342072
 10
44.942365669510465
 20
24.20205223614874
 10
44.99791013185217
 20
24.268368481745036
 10
44.96807695602029
 20
24.323603348957917
 10
44.93817597950474
 20
24.378801542222348
 10
44.908207247388766
 20
24.43396297831317
 10
44.87817080485777
 20
24.48908757406064
 10
44.848066697199236
 20
24.544175246350584
 10
44.76220296826499
 20
24.53366564215617
 10
44.676523443571085
 20
24.522778622403088
 10
44.59103030415924
 20
24.511511648117423
 10
44.50572579449188
 20
24.49986206907008
 10
44.42061222640696
 20
24.48782711686921
 10
44.33569198341585
 20
24.475403897454118
 10
44.250967525383174
 20
24.46258938292271
 10
44.166441393633
 20
24.449380402614697
 10
44.082116216532484
 20
24.435773633361787
 10
43.99799471561143
 20
24.421765588802444
 10
43.914079712285684
 20
24.407352607643368
 10
43.83037413526213
 20
24.39253084073084
 10
43.74688102871711
 20
24.377296236773137
 10
43.663603561353845
 20
24.361644526528323
 10
43.6215176209403
 20
24.436922892336394
 10
43.579301896762615
 20
24.512128552837314
 10
43.536956514422
 20
24.58726128427743
 10
43.49448159990543
 20
24.662320863120083
 10
43.45187727958526
 20
24.737307066046245
 10
43.45187727958526
 20
24.73730706604625
 10
43.50839207941188
 20
24.800443347252738
 10
43.56466172529884
 20
24.86398010000295
 10
43.62068822854989
 20
24.927912402735735
 10
43.6764734785047
 20
24.992235553284598
 10
43.73201925137544
 20
25.056945052940975
 10
43.78732721822566
 20
25.12203659206421
 10
43.84239895219565
 20
25.187506037051644
 10
43.89723593506278
 20
25.25334941850822
 10
43.95183956321337
 20
25.31956292047796
 10
44.00621115309188
 20
25.38614287061843
 10
44.06035194618476
 20
25.453085731214937
 10
44.11426311358836
 20
25.520388090944948
 10
44.167945760204546
 20
25.588046657314308
 10
44.22140092860194
 20
25.65605824969696
 10
44.18986438684268
 20
25.71033859116703
 10
44.15826121775089
 20
25.764580167836563
 10
44.1265914689763
 20
25.818782897922738
 10
44.094855188269015
 20
25.87294669970131
 10
44.06305242347945
 20
25.927071491506737
 10
43.97755707559432
 20
25.913896620850146
 10
43.89225758041858
 20
25.90035024592398
 10
43.80715619690067
 20
25.88642989681257
 10
43.72225525083908
 20
25.87213299437125
 10
43.6375571390501
 20
25.85745684344514
 10
43.553064333897055
 20
25.842398625500326
 10
43.46877938822202
 20
25.826955390600812
 10
43.38470494072687
 20
25.81112404865485
 10
43.30084372185744
 20
25.794901359843465
 10
43.21719856025248
 20
25.778283924130758
 10
43.13377238982874
 20
25.76126816974009
 10
43.05056825758464
 20
25.74385034046203
 10
42.967589332218566
 20
25.726026481638
 10
42.884838913673846
 20
25.707792424637418
 10
42.84043218416642
 20
25.78172551001656
 10
42.79589799479857
 20
25.855581889000206
 10
42.7512364780695
 20
25.92936134184912
 10
42.70644776685719
 20
26.00306364905294
 10
42.66153199441806
 20
26.076688591330832
 10
42.66153199441807
 20
26.076688591330825
 10
42.71605592738549
 20
26.14155193489089
 10
42.77032237038871
 20
26.20680793202575
 10
42.82433348681843
 20
26.27245172610615
 10
42.878091311337165
 20
26.338478675998346
 10
42.9315977592071
 20
26.40488434040981
 10
42.98485463471269
 20
26.471664463754397
 10
43.03786363878776
 20
26.538814963353385
 10
43.090626375940545
 20
26.606331917814856
 10
43.143144360557606
 20
26.6742115564561
 10
43.19541902265598
 20
26.7424502496523
 10
43.24745171314401
 20
26.811044500010084
 10
43.299243708643246
 20
26.87999093427796
 10
43.35079621591719
 20
26.949286295916718
 10
43.40211037594719
 20
27.01892743826255
 10
43.36890097782795
 20
27.072200741265075
 10
43.33562619018497
 20
27.125433226117412
 10
43.30228606318833
 20
27.178624812558215
 10
43.268880647106684
 20
27.23177542038778
 10
43.23540999230708
 20
27.28488496946821
 10
43.150365736698525
 20
27.26905757818592
 10
43.06552879279354
 20
27.25286495332953
 10
42.980901495261925
 20
27.236304696431112
 10
42.89648624898818
 20
27.219374301925576
 10
42.81228553344817
 20
27.202071150502398
 10
42.72830190746528
 20
27.184392501881206
 10
42.64453801438936
 20
27.16633548694597
 10
42.560996587747326
 20
27.147897099162936
 10
42.47768045742216
 20
27.12907418519678
 10
42.394592556425
 20
27.109863434626533
 10
42.31173592833518
 20
27.090261368647706
 10
42.229113735494806
 20
27.07026432762903
 10
42.14672926805887
 20
27.049868457370955
 10
42.064585954018284
 20
27.02906969388712
 10
42.01790139605979
 20
27.101585973352122
 10
41.971091825453826
 20
27.17402161954176
 10
41.924157381469314
 20
27.246376416943814
 10
41.877098203746726
 20
27.31865015028657
 10
41.829914432297635
 20
27.39084260453953
 10
41.82991443229763
 20
27.390842604539536
 10
41.88239475002209
 20
27.457370259357415
 10
41.93460549086271
 20
27.524282369914182
 10
41.98654896820421
 20
27.59157414921097
 10
42.03822736006353
 20
27.659241021636753
 10
42.08964271890001
 20
27.727278607611733
 10
42.14079698047347
 20
27.79568270972126
 10
42.1916919718657
 20
27.864449300160288
 10
42.24232941876357
 20
27.933574509333724
 10
42.29271095208881
 20
28.00305461548002
 10
42.34283811404758
 20
28.072886035203418
 10
42.39271236366319
 20
28.14306531481534
 10
42.44233508184733
 20
28.213589122398762
 10
42.49170757605772
 20
28.284454240519892
 10
42.540831084584575
 20
28.355657559521397
 10
42.505980958053236
 20
28.407872285576317
 10
42.47106674306708
 20
28.46004417962034
 10
42.436088492268034
 20
28.51217316299121
 10
42.401046258394636
 20
28.56425915709137
 10
42.36594009428185
 20
28.6163020833881
 10
42.28142920577466
 20
28.597837483458974
 10
42.197136887404554
 20
28.57901427399113
 10
42.11306554730403
 20
28.559830130284716
 10
42.02921766711704
 20
28.54028262277822
 10
41.94559580658024
 20
28.520369210539474
 10
41.86220260850167
 20
28.500087234192684
 10
41.77904080418161
 20
28.47943390821748
 10
41.69611321932753
 20
28.45840631254673
 10
41.61342278052183
 20
28.437001383379414
 10
41.530972522310535
 20
28.4152159031121
 10
41.448765594991094
 20
28.393046489277957
 10
41.366805273189954
 20
28.370489582364364
 10
41.28509496533569
 20
28.347541432359474
 10
41.203638224150424
 20
28.324198083852785
 10
41.15472100203563
 20
28.39522740258666
 10
41.10568133542793
 20
28.46617223917279
 10
41.05651937023134
 20
28.537032382534445
 10
41.00723525271365
 20
28.607807621846856
 10
40.957829129506145
 20
28.67849774653787
 10
40.957829129506145
 20
28.67849774653786
 10
41.00821506066962
 20
28.746625351404145
 10
41.05831958882785
 20
28.8151288422373
 10
41.10814517512152
 20
28.884003506299976
 10
41.15769413881491
 20
28.953244837930477
 10
41.206968667578856
 20
29.022848523498677
 10
41.25597082677586
 20
29.092810427822165
 10
41.304702567868084
 20
29.163126581866198
 10
41.35316573605153
 20
29.233793171576107
 10
41.40136207720531
 20
29.304806527712067
 10
41.44929324423267
 20
29.376163116574062
 10
41.49696080286045
 20
29.44785953151956
 10
41.5443662369545
 20
29.519892485189395
 10
41.591510953401844
 20
29.592258802367873
 10
41.63839628660364
 20
29.664955413412503
 10
41.60193914690687
 20
29.716061048144603
 10
41.56541928182563
 20
29.767121878442286
 10
41.528836746422805
 20
29.818137827318505
 10
41.49219159585574
 20
29.869108817853892
 10
41.45548388537625
 20
29.920034773196864
 10
41.371588122797014
 20
29.89895082792882
 10
41.287921977335884
 20
29.877515244089004
 10
41.20448792825834
 20
29.85572577299465
 10
41.12128853156694
 20
29.833580063438248
 10
41.03832642478282
 20
29.81107565532419
 10
40.955604332141824
 20
29.78820997275402
 10
40.87312507025239
 20
29.76498031649786
 10
40.7908915542688
 20
29.741383855780157
 10
40.708906804641636
 20
29.717417619298228
 10
40.627173954516074
 20
29.69307848537901
 10
40.545696257859944
 20
29.66836317116566
 10
40.46447709841606
 20
29.643268220707768
 10
40.38351999958912
 20
29.617789991809108
 10
40.30282863539548
 20
29.59192464146165
 10
40.251726073377505
 20
29.661398283185864
 10
40.20050375347836
 20
29.73078367562099
 10
40.14916182809592
 20
29.80008061232998
 10
40.09770044998387
 20
29.869288887138957
 10
40.046119772251316
 20
29.93840829413784
 10
40.04611977225132
 20
29.938408294137844
 10
40.09436257171955
 20
30.008069939994765
 10
40.14231241430034
 20
30.07809853840116
 10
40.18997190650938
 20
30.148489455440444
 10
40.23734350661453
 20
30.219238259759184
 10
40.284429535381705
 20
30.290340707850103
 10
40.33123218577798
 20
30.361792730763533
 10
40.37775353175798
 20
30.433590422074836
 10
40.42399553624174
 20
30.505730026959604
 10
40.46996005837669
 20
30.578207932249487
 10
40.51564886016415
 20
30.65102065735885
 10
40.561063612519675
 20
30.7241648459869
 10
40.606205900827774
 20
30.79763725851265
 10
40.65107723004371
 20
30.87143476501031
 10
40.695679029388614
 20
30.945554338821918
 10
40.65765014645452
 20
30.995501440830196
 10
40.619559961889074
 20
31.045401809325938
 10
40.581408533122804
 20
31.095255369071786
 10
40.54319591767858
 20
31.14506204490096
 10
40.504922173171536
 20
31.19482176171738
 10
40.42172270025223
 20
31.171138868465786
 10
40.33876366929232
 20
31.14711164779696
 10
40.256047628291725
 20
31.122737929220698
 10
40.17357720513887
 20
31.09801544215813
 10
40.0913551125877
 20
31.072941809730178
 10
40.00938415366641
 20
31.047514542007775
 10
39.92766722756664
 20
31.021731028662813
 10
39.8462073360693
 20
30.995588530949952
 10
39.76500759057103
 20
30.96908417293937
 10
39.68407121978505
 20
30.942214931908406
 10
39.60340157820159
 20
30.914977627786126
 10
39.52300215540627
 20
30.887368911527776
 10
39.44287658637125
 20
30.859385252276322
 10
39.36302866285272
 20
30.83102292314406
 10
39.30979019935991
 20
30.89887367659714
 10
39.256434780455685
 20
30.966632498995263
 10
39.20296256488434
 20
31.034299188740796
 10
39.14937371173766
 20
31.101873544510205
 10
39.09566838045449
 20
31.169355365254688
 10
39.095668380454484
 20
31.169355365254685
 10
39.14172137643469
 20
31.24048365895891
 10
39.187470145062136
 20
31.311969616792314
 10
39.23291743570587
 20
31.383808688142093
 10
39.27806584325912
 20
31.45599652025013
 10
39.32291781933772
 20
31.528528943837323
 10
39.3674756823917
 20
31.601401960123184
 10
39.411741626861776
 20
31.67461172907239
 10
39.455717731492996
 20
31.748154558723346
 10
39.49940596690253
 20
31.822026895474707
 10
39.542808202485105
 20
31.896225315222424
 10
39.585926212728545
 20
31.970746515254472
 10
39.628761683002224
 20
32.04558730682216
 10
39.6713162148737
 20
32.1207446083176
 10
39.71359133100141
 20
32.19621543899546
 10
39.67402749531817
 20
32.2449556876845
 10
39.634403841062074
 20
32.29364731899455
 10
39.59472042797572
 20
32.34229025951071
 10
39.55497731589186
 20
32.39088443589153
 10
39.515174564733215
 20
32.43942977486906
 10
39.432751871590526
 20
32.41317084530359
 10
39.35058021263646
 20
32.38657523259
 10
39.268662202140355
 20
32.35964084653039
 10
39.187000537334185
 20
32.33236549937121
 10
39.10559800358028
 20
32.30474689974939
 10
39.02445747998743
 20
32.276782646114064
 10
38.943581945525715
 20
32.24847021956427
 10
38.86297448569864
 20
32.2198069760344
 10
38.78263829983885
 20
32.19079013774979
 10
38.70257670910399
 20
32.16141678386244
 10
38.62279316526147
 20
32.13168384016388
 10
38.543291260363745
 20
32.101588067754975
 10
38.46407473743386
 20
32.071126050533756
 10
38.38514750229956
 20
32.040294181338375
 10
38.32982464210699
 20
32.106456405298424
 10
38.27438774211955
 20
32.17252310537501
 10
38.21883696727443
 20
32.23849408500494
 10
38.16317248284757
 20
32.30436914790979
 10
38.10739445445328
 20
32.37014809809655
 10
38.10739445445328
 20
32.37014809809655
 10
38.15121309364612
 20
32.442674227617665
 10
38.194716529341214
 20
32.51554838683072
 10
38.23790765110112
 20
32.58876611282912
 10
38.280789187934026
 20
32.662323135661076
 10
38.323363719933894
 20
32.736215364309146
 10
38.36563368879081
 20
32.8104388740306
 10
38.40760140730856
 20
32.88498989489444
 10
38.449269068046156
 20
32.95986480137359
 10
38.49063875118407
 20
33.035060102871576
 10
38.53171243170194
 20
33.11057243507857
 10
38.5724919859431
 20
33.18639855206647
 10
38.61297919763136
 20
33.26253531904378
 10
38.65317576339714
 20
33.33897970570175
 10
38.6930832978631
 20
33.415728780091385
 10
38.652022784886555
 20
33.46321502241843
 10
38.61090399426623
 20
33.51065081053419
 10
38.569726987999054
 20
33.558036072917275
 10
38.52849182816972
 20
33.60537073812248
 10
38.48719857695059
 20
33.652654734780924
 10
38.40563240221696
 20
33.62384517272003
 10
38.324327611041795
 20
33.59470689749929
 10
38.243286881434756
 20
33.56523790123533
 10
38.162512977361935
 20
33.535436081116366
 10
38.08200875409941
 20
33.5052992335121
 10
38.001777164051184
 20
33.47482504757321
 10
37.92182126308386
 20
33.44401109826273
 10
37.8421442174385
 20
33.412854838752786
 10
37.762749311288545
 20
33.381353592111154
 10
37.68363995502316
 20
33.34950454219027
 10
37.604819694347505
 20
33.31730472361819
 10
37.52629222030583
 20
33.28475101077482
 10
37.44806138035089
 20
33.251840105618136
 10
37.37013119060337
 20
33.21856852420184
 10
37.3127774550053
 20
33.282978210990194
 10
37.25531270555506
 20
33.34728887347977
 10
37.19773711322313
 20
33.411500320331974
 10
37.14005084930974
 20
33.47561236050338
 10
37.08225408544443
 20
33.539624803246376
 10
37.08225408544443
 20
33.539624803246376
 10
37.12379597614649
 20
33.6134786042381
 10
37.16501199214483
 20
33.687670463788265
 10
37.205905160400036
 20
33.76219601101407
 10
37.24647834139518
 20
33.83705106290096
 10
37.28673424120625
 20
33.91223161065095
 10
37.32667542240118
 20
33.987733807356
 10
37.36630431390938
 20
34.06355395683657
 10
37.405623219982665
 20
34.13968850350763
 10
37.44463432835234
 20
34.216134023154446
 10
37.483339717672294
 20
34.292887214516206
 10
37.521741364326175
 20
34.369944891588915
 10
37.55984114866653
 20
34.44730397657099
 10
37.597640860745265
 20
34.5249614933845
 10
37.63514220558728
 20
34.6029145617132
 10
37.59262473871187
 20
34.64910085780565
 10
37.550050591501645
 20
34.69523491166571
 10
37.50741982814783
 20
34.741316653734685
 10
37.46473251292702
 20
34.78734601453276
 10
37.421988710201084
 20
34.83332292465912
 10
37.34135796388269
 20
34.801990601493465
 10
37.26099869762091
 20
34.770337853165
 10
37.180913650574894
 20
34.73836275604735
 10
37.101105650770904
 20
34.70606329430485
 10
37.021577620636485
 20
34.67343735417182
 10
36.9423325830146
 20
34.64048271773612
 10
36.86337366771197
 20
34.60719705617083
 10
36.784704118644115
 20
34.57357792234969
 10
36.706327301648074
 20
34.53962274277269
 10
36.62824671304515
 20
34.50532880871713
 10
36.550465989048035
 20
34.470693266516406
 10
36.47298891612192
 20
34.4357131068533
 10
36.39581944242713
 20
34.40038515293638
 10
36.31896169049192
 20
34.364706047405384
 10
36.259632565523425
 20
34.4273008848099
 10
36.20019556004417
 20
34.48979329329994
 10
36.14065085089255
 20
34.55218308694661
 10
36.08099861522735
 20
34.61447008012634
 10
36.02123903052734
 20
34.676654087521385
 10
36.02123903052735
 20
34.676654087521385
 10
36.06046398364229
 20
34.75176411120103
 10
36.09935270611028
 20
34.8272018952558
 10
36.137908359361575
 20
34.902963165055226
 10
36.176133932586716
 20
34.979043828568784
 10
36.214032255225796
 20
35.05543996309619
 10
36.25160600824551
 20
35.13214780328577
 10
36.288857734351005
 20
35.209163730285226
 10
36.32578984725772
 20
35.28648426189134
 10
36.36240464013131
 20
35.3641060435839
 10
36.39870429328893
 20
35.442025840344805
 10
36.4346908812425
 20
35.520240529176434
 10
36.47036637915424
 20
35.598747092244736
 10
36.50573266876577
 20
35.677542610581696
 10
36.540791543854674
 20
35.756624258290366
 10
36.49685825598366
 20
35.80146592588964
 10
36.45286993992135
 20
35.846253613776405
 10
36.40882666199118
 20
35.890987254421965
 10
36.36472848859946
 20
35.9356667803791
 10
36.32057548623529
 20
35.98029212428221
 10
36.24095817337175
 20
35.946467352010885
 10
36.16162217442354
 20
35.91233075256446
 10
36.08257028704935
 20
35.877880488434485
 10
36.00380540059969
 20
35.843114632711654
 10
35.92533050182629
 20
35.80803116353984
 10
35.84714868108667
 20
35.772627958089736
 10
35.76926313909983
 20
35.73690278599747
 10
35.6916771943174
 20
35.70085330220585
 10
35.61439429098383
 20
35.66447703913677
 10
35.53741800797008
 20
35.62777139811289
 10
35.4607520684786
 20
35.59073363993369
 10
35.38440035073232
 20
35.55336087449618
 10
35.30836689977957
 20
35.515650049332805
 10
35.23265594056789
 20
35.477597936917405
 10
35.171408823325656
 20
35.538317368475546
 10
35.110057063281516
 20
35.59893106559684
 10
35.04860084297067
 20
35.65943884794201
 10
34.9870403452391
 20
35.719840535486874
 10
34.92537575324305
 20
35.780135948522926
 10
34.925375753243046
 20
35.780135948522926
 10
34.96224582116206
 20
35.85642953079348
 10
34.99876962777231
 20
35.93304025816885
 10
35.03495046591522
 20
36.00996395640634
 10
35.07079145059703
 20
36.0871966284182
 10
35.106295531884584
 20
36.16473444139685
 10
35.14146550654971
 20
36.24257371518966
 10
35.176304028613366
 20
36.320710911772615
 10
35.21081361891948
 20
36.39914262569314
 10
35.244996673849606
 20
36.47786557537077
 10
35.27885547327485
 20
36.55687659515983
 10
35.312392187828436
 20
36.636172628090364
 10
35.34560888557139
 20
36.715750719215364
 10
35.37850753811461
 20
36.79560800950071
 10
35.41109002625299
 20
36.875741730202606
 10
35.365783420005016
 20
36.91919538789136
 10
35.320423490945466
 20
36.96259338060937
 10
35.27501030746584
 20
37.00593564292327
 10
35.229543938037935
 20
37.049222109483686
 10
35.18402445121373
 20
37.09245271502539
 10
35.10549759641324
 20
37.05616821693103
 10
35.02726161723374
 20
37.019580791321914
 10
34.94931936712693
 20
36.98268868858524
 10
34.871673793972285
 20
36.945490072602176
 10
34.79432794595625
 20
36.90798301538216
 10
34.71728497796118
 20
36.87016549123245
 10
34.64054815852183
 20
36.83203537040995
 10
34.564120877415604
 20
36.79359041219519
 10
34.488006653962245
 20
36.754828257319225
 10
34.41220914612006
 20
36.715746419664114
 10
34.336732160479265
 20
36.67634227714544
 10
34.26157966326864
 20
36.636613061670396
 10
34.18675579251118
 20
36.59655584804841
 10
34.11226487148636
 20
36.55616754170981
 10
34.04915901460074
 20
36.61495282529302
 10
33.98595185385721
 20
36.67362917120829
 10
33.922643577311206
 20
36.732196404880376
 10
33.859234373319
 20
36.79065435205867
 10
33.79572443053713
 20
36.84900283881771
 10
33.795724430537135
 20
36.849002838817704
 10
33.83020394385071
 20
36.92640617056567
 10
33.864327500179165
 20
37.00411572533074
 10
33.898098520589514
 20
37.08212743329627
 10
33.93152024289005
 20
37.160437396184264
 10
33.96459573492045
 20
37.239041874787794
 10
33.99732790655188
 20
37.31793727771361
 10
34.02971952055362
 20
37.397120151188794
 10
34.06177320245931
 20
37.47658716980593
 10
34.09349144954799
 20
37.556335128099064
 10
34.12487663903914
 20
37.63636093285747
 10
34.15593103558735
 20
37.7166615960963
 10
34.18665679815171
 20
37.79723422861432
 10
34.21705598630501
 20
37.878076034077196
 10
34.24713056603992
 20
37.9591843035729
 10
34.200494472630425
 20
38.001207912743716
 10
34.15380681337548
 20
38.04317422553785
 10
34.107067658668456
 20
38.0850831786805
 10
34.06027707898038
 20
38.126934708983406
 10
34.013435144859834
 20
38.16872875334485
 10
33.93607471778283
 20
38.13001963233597
 10
33.85901444662911
 20
38.09101677653549
 10
33.78225723788284
 20
38.05171852591887
 10
33.70580609510058
 20
38.01212313693409
 10
33.62966412495455
 20
37.97222877732139
 10
33.55383454379982
 20
37.932033520484275
 10
33.4783206848248
 20
37.891535339360836
 10
33.403126005853274
 20
37.85073209973709
 10
33.32825409787556
 20
37.80962155293566
 10
33.25370869439846
 20
37.7682013278032
 10
33.17949368171736
 20
37.72646892190806
 10
33.105613110229804
 20
37.68442169184558
 10
33.03207120693016
 20
37.6420568425321
 10
32.958872389247375
 20
37.59937141534825
 10
32.89396884355928
 20
37.65616567999126
 10
32.828967430962216
 20
37.71284790912537
 10
32.76386834484992
 20
37.769417934108304
 10
32.6986717789067
 20
37.825875586631575
 10
32.633377927106935
 20
37.882220698721056
 10
32.63337792710693
 20
37.882220698721056
 10
32.66543352911277
 20
37.960658897221975
 10
32.697123822822526
 20
38.0393921004013
 10
32.728452354219115
 20
38.11841634680573
 10
32.75942248078058
 20
38.197727840738324
 10
32.79003738515141
 20
38.277322940210276
 10
32.8203000874871
 20
38.357198146062146
 10
32.85021345663234
 20
38.43735009211341
 10
32.87978022027048
 20
38.51777553621895
 10
32.90900297416217
 20
38.59847135212838
 10
32.937884190575375
 20
38.679434522058415
 10
32.96642622599516
 20
38.76066212989999
 10
32.99463132819005
 20
38.842151354992765
 10
33.02250164270219
 20
38.92389946640748
 10
33.05003921882005
 20
39.005903817684526
 10
33.00211875565748
 20
39.0464567232096
 10
32.95414853350219
 20
39.086950756382564
 10
32.906128624681344
 20
39.127385856148464
 10
32.858059101597036
 20
39.16776196154123
 10
32.80994003672616
 20
39.20807901168372
 10
32.73382087858959
 20
39.1669827163349
 10
32.65801086629715
 20
39.12560216308708
 10
32.58251295655358
 20
39.08393578310996
 10
32.50733020568683
 20
39.041981927105084
 10
32.43246577584939
 20
38.99973886031608
 10
32.35792294175739
 20
38.95720475710658
 10
32.28370509802827
 20
38.91437769505692
 10
32.20981576718697
 20
38.871255648523274
 10
32.136258608420334
 20
38.827836481595334
 10
32.06303742717176
 20
38.78411794037825
 10
31.990156185682014
 20
38.74009764451411
 10
31.917619014598937
 20
38.6957730778437
 10
31.845430225798943
 20
38.651141578094354
 10
31.77359432658681
 20
38.606200325459255
 10
31.70695588208497
 20
38.66094862637902
 10
31.640223102303
 20
38.715581902336055
 10
31.57339618578586
 20
38.770099990784175
 10
31.506475331358544
 20
38.824502729519864
 10
31.43946073812555
 20
38.87878995668283
 10
31.43946073812555
 20
38.87878995668283
 10
31.46906141709898
 20
38.95818713804552
 10
31.498287789877566
 20
39.03786782034991
 10
31.527143523929595
 20
39.11782815433854
 10
31.5556320931547
 20
39.198064450567614
 10
31.58375679192323
 20
39.27857316778982
 10
31.611520747753133
 20
39.35935090246474
 10
31.638926932789165
 20
39.44039437926081
 10
31.665978174225494
 20
39.521700442431765
 10
31.692677163793114
 20
39.60326604796726
 10
31.719026466416754
 20
39.68508825643094
 10
31.745028528132202
 20
39.76716422641068
 10
31.770685683342844
 20
39.84949120851584
 10
31.79600016148451
 20
39.932066539864195
 10
31.820974093158924
 20
40.01488763900892
 10
31.77181562019649
 20
40.05393060857121
 10
31.722609243232682
 20
40.09291318676117
 10
31.67335503645849
 20
40.13183531480275
 10
31.624053074137002
 20
40.17069693401106
 10
31.574703430603336
 20
40.20949798579244
 10
31.49989918177663
 20
40.16605427411527
 10
31.425412769636228
 20
40.12233605643284
 10
31.351247198247094
 20
40.07834185662686
 10
31.27740557375171
 20
40.03407012124803
 10
31.20389111072368
 20
39.98951921472162
 10
31.130707139072122
 20
39.944687414137576
 10
31.057857111559432
 20
39.89957290357826
 10
30.985344612003885
 20
39.854173767929765
 10
30.913173364248827
 20
39.80848798611513
 10
30.841347241992707
 20
39.76251342367854
 10
30.76987027958851
 20
39.71624782463863
 10
30.698746683938197
 20
39.669688802515886
 10
30.62798084762876
 20
39.6228338304242
 10
30.557577363480338
 20
39.5756802300973
 10
30.48926848855602
 20
39.628329601848534
 10
30.420868901243725
 20
39.68086107046244
 10
30.352378805047525
 20
39.73327447964618
 10
30.283798403740743
 20
39.785569673458106
 10
30.21512790136542
 20
39.837746496308355
 10
30.215127901365417
 20
39.837746496308355
 10
30.24224502056127
 20
39.918025848887616
 10
30.26897919778056
 20
39.99857692440306
 10
30.295334218428955
 20
40.07939598951692
 10
30.321313669466885
 20
40.16047946460784
 10
30.346920953803462
 20
40.24182391259596
 10
30.372159303293422
 20
40.32342602885258
 10
30.397031790506215
 20
40.405282632063766
 10
30.42154133941172
 20
40.487390655935094
 10
30.44569073510719
 20
40.56974714164113
 10
30.469482632692724
 20
40.65234923093615
 10
30.49291956538844
 20
40.7351941598539
 10
30.516003951974206
 20
40.81827925293325
 10
30.53873810362271
 20
40.90160191791524
 10
30.561124230187698
 20
40.98515964086312
 10
30.510775305073143
 20
41.02265490291113
 10
30.46038037729259
 20
41.06008831299135
 10
30.40993952282906
 20
41.09745981466347
 10
30.35945281773483
 20
41.13476935158057
 10
30.308920338131298
 20
41.17201686748915
 10
30.235503366894033
 20
41.126267768468914
 10
30.1624126156988
 20
41.08025418090401
 10
30.089651133064507
 20
41.03397472281615
 10
30.01722207194321
 20
40.9874279381081
 10
29.945128696219708
 20
40.940612291969074
 10
29.87337438777465
 20
40.89352616588213
 10
29.801962654175068
 20
40.846167852188465
 10
29.73089713706544
 20
40.79853554815679
 10
29.660181621343057
 20
40.7506273494988
 10
29.589820045213866
 20
40.70244124326263
 10
29.519816511240073
 20
40.65397510002601
 10
29.450175298507865
 20
40.605226665297884
 10
29.380900876065283
 20
40.55619355002327
 10
29.311997917804543
 20
40.506873220067504
 10
29.242084696882586
 20
40.55737272778336
 10
29.17208447422317
 20
40.60775156825095
 10
29.101997458092615
 20
40.658009591581965
 10
29.031823857015446
 20
40.708146648247556
 10
28.961563879773816
 20
40.75816258907877
 10
28.961563879773816
 20
40.758162589078765
 10
28.986171205130596
 20
40.83924644778574
 10
29.01038732320074
 20
40.920589988548976
 10
29.034216133665137
 20
41.00218959756217
 10
29.05766133307486
 20
41.084041808489495
 10
29.080726429585702
 20
41.16614329174365
 10
29.103414756262588
 20
41.248490844804685
 10
29.12572948312713
 20
41.331081383454006
 10
29.147673628096168
 20
41.41391193381547
 10
29.169250066938815
 20
41.496979625111024
 10
29.190461542361902
 20
41.5802816830508
 10
29.211310672319158
 20
41.663815423788265
 10
29.23179995762691
 20
41.74757824838023
 10
29.25193178895879
 20
41.831567637698775
 10
29.27170845328268
 20
41.915781147749335
 10
29.22021778534932
 20
41.95169242803864
 10
29.16868306058994
 20
41.987540455602456
 10
29.117104356706108
 20
42.023325176390856
 10
29.065481751465676
 20
42.05904653644939
 10
29.01381532270271
 20
42.094704481919116
 10
28.941856655232993
 20
42.04669425485445
 10
28.87023227556422
 20
41.998429812581286
 10
28.798945273719994
 20
41.949909868598354
 10
28.72799884641166
 20
41.90113306556911
 10
28.657396303677622
 20
41.85209797093157
 10
28.58714107609831
 20
41.8028030721277
 10
28.51723672265203
 20
41.75324677140959
 10
28.44768693928644
 20
41.703427380172606
 10
28.3784955682911
 20
41.65334311275936
 10
28.309666608569515
 20
41.602992079669356
 10
28.241204226924136
 20
41.55237228009947
 10
28.173112770485652
 20
41.50148159372818
 10
28.10539678043962
 20
41.450317771642915
 10
28.038061007228652
 20
41.39887842629223
 10
27.96661107683502
 20
41.44717921496044
 10
27.895077939523013
 20
41.495356689007224
 10
27.82346180811971
 20
41.54341070509382
 10
27.751762895699102
 20
41.59134112024879
 10
27.67998141558148
 20
41.63914779186845
 10
27.679981415581477
 20
41.63914779186846
 10
27.70205514110114
 20
41.72095771330656
 10
27.72372977249188
 20
41.80301502469539
 10
27.745009319937108
 20
41.88531623525624
 10
27.765897586002392
 20
41.967857995292235
 10
27.78639818069626
 20
42.0506370859298
 10
27.806514535069308
 20
42.13365040985599
 10
27.82624991352853
 20
42.216894982931336
 10
27.845607425018088
 20
42.30036792657499
 10
27.864590033196823
 20
42.38406646083359
 10
27.883200565724916
 20
42.46798789805701
 10
27.901441722756996
 20
42.55212963711499
 10
27.91931608472648
 20
42.6364891580965
 10
27.93682611949511
 20
42.721064017441805
 10
27.95397418893243
 20
42.80585184346294
 10
27.901391592076017
 20
42.840144400149136
 10
27.848766926855703
 20
42.874372364545096
 10
27.796100272616407
 20
42.90853568504353
 10
27.743391708766353
 20
42.94263431013466
 10
27.690641314776958
 20
42.97666818840623
 10
27.620210566438196
 20
42.926443280091135
 10
27.550121850257415
 20
42.8759746758405
 10
27.48037829477354
 20
42.825261185874666
 10
27.410983137364592
 20
42.77430155293097
 10
27.34193973102032
 20
42.72309444808209
 10
27.273251551702074
 20
42.671638466192235
 10
27.20492220635636
 20
42.61993212097009
 10
27.13695544165841
 20
42.56797383957128
 10
27.0693551535729
 20
42.515761956696856
 10
27.0021253978322
 20
42.46329470812566
 10
26.935270401447905
 20
42.41057022360937
 10
26.86879457538963
 20
42.35758651904725
 10
26.802702528587147
 20
42.30434148784485
 10
26.73699908343772
 20
42.2508328913437
 10
26.66408156676555
 20
42.29688823307069
 10
26.59108471849141
 20
42.34281773210201
 10
26.51800875579724
 20
42.38862125178715
 10
26.44485389610036
 20
42.434298655850384
 10
26.371620357052826
 20
42.479849808391236
 10
26.371620357052834
 20
42.47984980839123
 10
26.391139127831547
 20
42.56230664674509
 10
26.410251303736842
 20
42.64499834361033
 10
26.42896100157507
 20
42.72792153461295
 10
26.44727212624754
 20
42.811072989935646
 10
26.465188386123078
 20
42.89444960453266
 10
26.482713306918633
 20
42.978048389294436
 10
26.49985024426847
 20
43.0618664630476
 10
26.516602395136353
 20
43.1459010452915
 10
26.53297280820374
 20
43.23014944958681
 10
26.54896439334856
 20
43.31460907752337
 10
26.564579930314117
 20
43.39927741320352
 10
26.57982207665452
 20
43.48415201818631
 10
26.59469337503214
 20
43.56923052684413
 10
26.6091962599332
 20
43.654510642090095
 10
26.555572604420192
 20
43.68715129933935
 10
26.501908909703836
 20
43.71972608722246
 10
26.448205256695637
 20
43.752234956624754
 10
26.394461726367354
 20
43.78467785853093
 10
26.340678399750878
 20
43.817054744025164
 10
26.271843707743397
 20
43.7646637438147
 10
26.20335846135691
 20
43.71203980270175
 10
26.135225824619006
 20
43.659181828779296
 10
26.06744907244241
 20
43.60608866607484
 10
26.00003159752445
 20
43.5527590905814
 10
25.932976917844606
 20
43.49919180594481
 10
25.866288684828096
 20
43.44538543876822
 10
25.79997069225307
 20
43.39133853348917
 10
25.734026885990215
 20
43.337049546778196
 10
25.668461374677108
 20
43.28251684140026
 10
25.60327844144514
 20
43.227738679471166
 10
25.53848255683551
 20
43.172713215030505
 10
25.474078393063376
 20
43.11743848583986
 10
25.410070839815283
 20
43.06191240429957
 10
25.33575627985265
 20
43.10567774351665
 10
25.26136634035265
 20
43.149314833708516
 10
25.186901242641987
 20
43.19282354504507
 10
25.11236120827096
 20
43.23620374807816
 10
25.037746459012833
 20
43.279455313742
 10
25.037746459012826
 20
43.279455313742
 10
25.054691391900466
 20
43.3624792973459
 10
25.071222622524466
 20
43.44572538081138
 10
25.087344370331383
 20
43.52919032942399
 10
25.103060638780523
 20
43.61287103637061
 10
25.118375231013406
 20
43.69676451343723
 10
25.133291764002426
 20
43.78086788260949
 10
25.147813681362752
 20
43.86517836846744
 10
25.16194426498493
 20
43.94969329128053
 10
25.17568664562359
 20
44.034410060722514
 10
25.18904381255931
 20
44.1193261701369
 10
25.202018622434846
 20
44.20443919129268
 10
25.214613807353984
 20
44.28974676957795
 10
25.226831982319858
 20
44.375246619585894
 10
25.23867565208017
 20
44.4609365210529
 10
25.184062815334052
 20
44.49189370113738
 10
25.12941200728047
 20
44.52278379850419
 10
25.074723310319257
 20
44.55360676657875
 10
25.019996806907372
 20
44.58436255888767
 10
24.96523257955878
 20
44.61505112905887
 10
24.89806053700147
 20
44.56054472186213
 10
24.83124501546211
 20
44.50581635415123
 10
24.764789211395932
 20
44.450865032948144
 10
24.69869643408214
 20
44.39568970468886
 10
24.63297011264338
 20
44.34028925147093
 10
24.56761380367387
 20
44.2846624869759
 10
24.502631199545018
 20
44.22880815203008
 10
24.43802613746765
 20
44.17272490976108
 10
24.3738026094011
 20
44.11641134030201
 10
24.309964772913307
 20
44.05986593498783
 10
24.24651696311179
 20
44.00308708997982
 10
24.18346370578439
 20
43.94607309924369
 10
24.120809731911574
 20
43.88882214679545
 10
24.058559993738722
 20
43.8313322981138
 10
23.982920285022864
 20
43.872765294681834
 10
23.907209221759075
 20
43.914067759967736
 10
23.831427029204697
 20
43.95523957108745
 10
23.755573932828682
 20
43.99628060554563
 10
23.67965015831095
 20
44.037190741236024
 10
23.679650158310952
 20
44.037190741236024
 10
23.69400486017932
 20
44.120701549747835
 10
23.707939152624053
 20
44.20442148460419
 10
23.72145735364986
 20
44.2883474438795
 10
23.734563561400964
 20
44.37247644677052
 10
23.747261670112284
 20
44.45680562478586
 10
23.759555384512463
 20
44.54133221379064
 10
23.771448232866128
 20
44.62605354680341
 10
23.782943578815548
 20
44.71096704745619
 10
23.794044632159753
 20
44.79607022404175
 10
23.804754458690017
 20
44.88136066408233
 10
23.815075989184948
 20
44.966836029362696
 10
23.82501202765486
 20
45.05249405137798
 10
23.8345652589138
 20
45.13833252715306
 10
23.84373825554778
 20
45.22434931539565
 10
23.788189071960996
 20
45.25359306924296
 10
23.73260402169742
 20
45.282768591919286
 10
23.676983188565487
 20
45.31187583943515
 10
23.621326656427588
 20
45.34091476790409
 10
23.56563450919995
 20
45.369885333542605
 10
23.50019010070575
 20
45.31331625078831
 10
23.435108943715388
 20
45.25653640264065
 10
23.370394264019403
 20
45.19954489601122
 10
23.306049402061927
 20
45.14234078076377
 10
23.24207782007349
 20
45.084923046181835
 10
23.178483109822274
 20
45.02729061713041
 10
23.11526900105374
 20
44.969442349877134
 10
23.052439370699137
 20
44.91137702753301
 10
22.989998252944485
 20
44.85309335506733
 10
22.927949850265907
 20
44.794589953844635
 10
22.866298545553114
 20
44.73586535562325
 10
22.805048915462176
 20
44.676917995945495
 10
22.744205745161956
 20
44.617746206838646
 10
22.683774044665693
 20
44.55834820873134
 10
22.606882363729678
 20
44.59740877890203
 10
22.52992342226608
 20
44.63633666181428
 10
22.452897449244976
 20
44.67513174164894
 10
22.375804673835823
 20
44.71379390298196
 10
22.298645325406873
 20
44.75232303078478
 10
22.298645325406873
 20
44.75232303078478
 10
22.310395909008996
 20
44.836239872890744
 10
22.321719782746452
 20
44.92035266550795
 10
22.332621359004715
 20
45.00465844250063
 10
22.343104826648236
 20
45.08915435195914
 10
22.35317416723791
 20
45.17383764788977
 10
22.36283316967455
 20
45.25870568271129
 10
22.37208544345885
 20
45.34375590046083
 10
22.380934430730722
 20
45.428985830625464
 10
22.389383417228313
 20
45.51439308252755
 10
22.39743554228764
 20
45.59997534020199
 10
22.40509380798781
 20
45.68573035771138
 10
22.412361087532986
 20
45.7716559548525
 10
22.41924013295074
 20
45.857750013213206
 10
22.425733582176576
 20
45.94401047254406
 10
22.36930179199665
 20
45.97151250871104
 10
22.312836274469305
 20
45.99894523126293
 10
22.256337114730492
 20
46.02630859883801
 10
22.19980439796691
 20
46.053602570179116
 10
22.14323820941585
 20
46.08082710413374
 10
22.07958474822332
 20
46.022250072755995
 10
22.016300917598144
 20
45.96347367500757
 10
21.95338996954542
 20
45.90449711855372
 10
21.890855272442558
 20
45.84531955760515
 10
21.828700318278482
 20
45.785940089609156
 10
21.766928730520522
 20
45.72635775165432
 10
21.705544272679923
 20
45.66657151655608
 10
21.644550857657666
 20
45.606580288586095
 10
21.58395255796364
 20
45.54638289880273
 10
21.523753616916537
 20
45.48597809993383
 10
21.463958460948096
 20
45.42536456075517
 10
21.40457171315499
 20
45.36454085989922
 10
21.345598208265137
 20
45.303505479018185
 10
21.287043009212766
 20
45.242256795212214
 10
21.208973743791933
 20
45.27890715040663
 10
21.130841376934086
 20
45.315422790732626
 10
21.0526461411005
 20
45.35180360754803
 10
20.97438826893946
 20
45.388049492611756
 10
20.89606799328564
 20
45.42416033808422
 10
20.89606799328564
 20
45.424160338084214
 10
20.90520309069078
 20
45.508402029659266
 10
20.913905590604465
 20
45.59282630634281
 10
20.92217999552422
 20
45.677430340658425
 10
20.930030580982276
 20
45.762211412349096
 10
20.937461412013597
 20
45.8471669005754
 10
20.944476358025657
 20
45.93229427687107
 10
20.95107910626326
 20
46.0175910987646
 10
20.957273174033904
 20
46.10305500398814
 10
20.963061919836107
 20
46.188683705206486
 10
20.96844855351354
 20
46.274474985207725
 10
20.97343614554149
 20
46.36042669250509
 10
20.978027635538318
 20
46.44653673730623
 10
20.982225840082723
 20
46.532803087811395
 10
20.98603345990766
 20
46.619223766807146
 10
20.928773657247007
 20
46.64495747884999
 10
20.87148229919733
 20
46.670620861890114
 10
20.814159472139746
 20
46.696213877233504
 10
20.756805262502837
 20
46.72173648629227
 10
20.699419756762502
 20
46.747188650584654
 10
20.63761882348435
 20
46.686660340078184
 10
20.576193542243374
 20
46.62594425509782
 10
20.51514718811312
 20
46.565039704828976
 10
20.45448315414557
 20
46.50394594864756
 10
20.3942049587098
 20
46.44266219303785
 10
20.3343162534668
 20
46.3811875882435
 10
20.274820832052644
 20
46.319521224621525
 10
20.21572263955257
 20
46.25766212866427
 10
20.15702578286045
 20
46.19560925865005
 10
20.09873454203239
 20
46.13336149987665
 10
20.040853382759888
 20
46.07091765942521
 10
19.983386970107674
 20
46.008276460393425
 10
19.92634018368543
 20
45.94543653552729
 10
19.86971813445031
 20
45.882396420168554
 10
19.790546811516922
 20
45.916601103535065
 10
19.71131660728366
 20
45.95066917475113
 10
19.632027757478106
 20
45.98460053245662
 10
19.552680498002292
 20
46.01839507569816
 10
19.473275064932064
 20
46.05205270392944
 10
19.473275064932054
 20
46.05205270392945
 10
19.47978583852345
 20
46.136537746577645
 10
19.48585854550673
 20
46.221191832292284
 10
19.49149777413562
 20
46.30601227499171
 10
19.496707882473803
 20
46.39099648870318
 10
19.50149301509766
 20
46.47614198027707
 10
19.505857118177925
 20
46.56144634280819
 10
19.50980395313634
 20
46.646907249679316
 10
19.513337109045228
 20
46.732522449153066
 10
19.516460013914344
 20
46.818289759449485
 10
19.519175944989684
 20
46.904207064254855
 10
19.521488038172247
 20
46.99027230861449
 10
19.52339929665069
 20
47.076483495168645
 10
19.52491259882998
 20
47.16283868069558
 10
19.52603070562775
 20
47.24933597293069
 10
19.46799828564738
 20
47.27327646514498
 10
19.40993651276418
 20
47.297145681007684
 10
19.351845474520868
 20
47.32094358452995
 10
19.2937252585043
 20
47.34467013983045
 10
19.23557595234531
 20
47.36832531113544
 10
19.175687335393132
 20
47.30590427873151
 10
19.116180028528863
 20
47.24330724541012
 10
19.057057326726078
 20
47.18053362254523
 10
18.99832264442879
 20
47.1175827753944
 10
18.9399795229824
 20
47.05445402024655
 10
18.882031638708835
 20
46.99114662132257
 10
18.824482811698886
 20
46.927659787401
 10
18.76733701540544
 20
46.86399266813671
 10
18.7105983871332
 20
46.80014435003576
 10
18.65427123953501
 20
46.73611385204427
 10
18.598360073241846
 20
46.67190012070282
 10
18.542869590773357
 20
46.60750202480963
 10
18.48780471190027
 20
46.542918349527255
 10
18.433170590658165
 20
46.47814778985598
 10
18.35297380335396
 20
46.509873710572506
 10
18.272722411850882
 20
46.54146125401997
 10
18.192416654914755
 20
46.5729103262184
 10
18.11205677147315
 20
46.604220833599754
 10
18.031643000614686
 20
46.63539268300829
 10
18.031643000614686
 20
46.63539268300829
 10
18.035523151639385
 20
46.720039342907256
 10
18.038960190740458
 20
46.80484134029237
 10
18.041958787488976
 20
46.88979613307533
 10
18.04452337826396
 20
46.97490127206946
 10
18.04665818317359
 20
47.060154394226856
 10
18.048367221334182
 20
47.14555321653198
 10
18.04965432470549
 20
47.231095530472714
 10
18.05052315065246
 20
47.31677919702055
 10
18.050977193379715
 20
47.40260214206152
 10
18.05101979436506
 20
47.488562352227504
 10
18.050654151901405
 20
47.57465787108394
 10
18.049883329842324
 20
47.66088679563597
 10
18.048710265634377
 20
47.74724727311983
 10
18.047137777708862
 20
47.83373749805041
 10
17.988388883027138
 20
47.8558616095561
 10
17.929612866325822
 20
47.8779135663166
 10
17.870809816224533
 20
47.89989333508304
 10
17.811979821383662
 20
47.92180088271539
 10
17.753122970504215
 20
47.94363617618251
 10
17.695204608247067
 20
47.87938281019856
 10
17.637672845235684
 20
47.81496538712313
 10
17.580530993155982
 20
47.75038342108812
 10
17.523782484540753
 20
47.685636383846884
 10
17.46743088028571
 20
47.620723702154415
 10
17.411479877817108
 20
47.55564475492059
 10
17.355933319984768
 20
47.49039887011102
 10
17.300795204765166
 20
47.42498532136571
 10
17.24606969587125
 20
47.35940332430221
 10
17.1917611343804
 20
47.293652032464095
 10
17.137874051508998
 20
47.22773053287053
 10
17.084413182682223
 20
47.161637841114626
 10
17.0313834830723
 20
47.095372895950774
 10
16.978790144807014
 20
47.02893455330032
 10
16.89764547834429
 20
47.05815101858754
 10
16.816450537609715
 20
47.087227475358176
 10
16.735205564176386
 20
47.116163837103294
 10
16.65391079976626
 20
47.144960017730725
 10
16.572566486249425
 20
47.173615931565415
 10
16.57256648624943
 20
47.173615931565415
 10
16.5738122609119
 20
47.258342318538524
 10
16.574610307017412
 20
47.34321018713848
 10
16.57496537093688
 20
47.428217141729675
 10
16.574881963072713
 20
47.513360872280906
 10
16.57436437498224
 20
47.598639148132115
 10
16.573416694839114
 20
47.68404981236605
 10
16.572042821433925
 20
47.769590776712334
 10
16.570246476885988
 20
47.85526001692065
 10
16.568031218214372
 20
47.941055568549636
 10
16.565400447896018
 20
48.02697552312456
 10
16.56235742352161
 20
48.11301802462368
 10
16.558905266645567
 20
48.199181266258094
 10
16.555046970914248
 20
48.28546348751442
 10
16.550785409545956
 20
48.37186297143372
 10
16.491376875924246
 20
48.3921492985818
 10
16.43194347740498
 20
48.412362662396134
 10
16.372485303598953
 20
48.43250303240001
 10
16.313002444154314
 20
48.45257037822674
 10
16.253494988756426
 20
48.472564669619764
 10
16.197602913469197
 20
48.40654113103764
 10
16.142102352575776
 20
48.34036563790467
 10
16.0869966312706
 20
48.27403780758072
 10
16.032289196854478
 20
48.207557218826
 10
15.977983626328488
 20
48.140923409416125
 10
15.924083634646198
 20
48.07413587355086
 10
15.870593083698749
 20
48.007194059033
 10
15.817515992118429
 20
47.940097364190414
 10
15.764856545998297
 20
47.87284513451096
 10
15.712619110640565
 20
47.8054366589546
 10
15.660808243463366
 20
47.737871165902305
 10
15.609428708216173
 20
47.67014781869443
 10
15.558485490678917
 20
47.602265710703904
 10
15.507983816048544
 20
47.53422385987991
 10
15.425969772651452
 20
47.56090260469458
 10
15.343909833546649
 20
47.58743984519434
 10
15.261804242880798
 20
47.61383550242499
 10
15.17965324493637
 20
47.640089497853516
 10
15.097457084130955
 20
47.66620175336843
 10
15.097457084130946
 20
47.66620175336843
 10
15.096067277224673
 20
47.75092590010826
 10
15.094225558276559
 20
47.83577753574129
 10
15.091936745865551
 20
47.920754413402236
 10
15.089205420053966
 20
48.005854364450194
 10
15.086035939696433
 20
48.09107529277093
 10
15.082432458068924
 20
48.1764151696322
 10
15.078398937021035
 20
48.26187202902559
 10
15.073939159825523
 20
48.34744396343736
 10
15.069056742874729
 20
48.43312911999918
 10
15.063755146353053
 20
48.518925696976034
 10
15.058037683997444
 20
48.60483194055461
 10
15.05190753204326
 20
48.690846141899875
 10
15.045367737440499
 20
48.77696663445206
 10
15.038421225414833
 20
48.86319179143942
 10
14.978410526772576
 20
48.88162070851853
 10
14.918377244409987
 20
48.899975924262684
 10
14.858321468842332
 20
48.91825741099675
 10
14.798243290618794
 20
48.93646514115681
 10
14.738142800322336
 20
48.95459908729012
 10
14.684331083978131
 20
48.88686924961936
 10
14.630915418410893
 20
48.81899970694456
 10
14.577899139106659
 20
48.7509901802238
 10
14.52528570479921
 20
48.68284035563162
 10
14.47307870513449
 20
48.61454988241147
 10
14.421281868999388
 20
48.54611837054232
 10
14.369899073590247
 20
48.47754538819833
 10
14.318934354307375
 20
48.40883045897737
 10
14.268391915574199
 20
48.339973058870775
 10
14.218276142694593
 20
48.27097261294275
 10
14.168591614879434
 20
48.201828491682605
 10
14.11934311959389
 20
48.13254000698735
 10
14.070535668402151
 20
48.06310640772551
 10
14.02217451451529
 20
47.99352687482425
 10
13.939370437474027
 20
48.01764208920379
 10
13.856524887690325
 20
48.04161444036637
 10
13.773638111648207
 20
48.06544385698891
 10
13.690710355954359
 20
48.08913026817354
 10
13.607741867337385
 20
48.11267360344791
 10
13.607741867337388
 20
48.11267360344791
 10
13.603717823410788
 20
48.197313544814286
 10
13.599238121153185
 20
48.282066859002995
 10
13.594307646689895
 20
48.36693145009269
 10
13.58893104531221
 20
48.451905292930824
 10
13.583112738955169
 20
48.536986427976856
 10
13.576856941979022
 20
48.62217295664618
 10
13.570167675459542
 20
48.70746303709436
 10
13.563048780162863
 20
48.792854880389605
 10
13.555503928355966
 20
48.87834674702916
 10
13.547536634583203
 20
48.963936943760814
 10
13.539150265521968
 20
49.04962382067635
 10
13.530348049015748
 20
49.13540576854782
 10
13.521133082370461
 20
49.221281216381314
 10
13.51150833998917
 20
49.30724862916611
 10
13.450953532801574
 20
49.32380230738921
 10
13.390378444919158
 20
49.34028161757738
 10
13.329783167674094
 20
49.35668653488393
 10
13.269167792429005
 20
49.37301703457431
 10
13.208532410576808
 20
49.38927309202619
 10
13.156853112535817
 20
49.31990247951046
 10
13.105574018501402
 20
49.2504045466931
 10
13.05469847102433
 20
49.1807791184003
 10
13.004229936925267
 20
49.111025988524574
 10
12.954172015022257
 20
49.04114491811651
 10
12.904528444528061
 20
48.971135633311626
 10
12.855303114193275
 20
48.900997823073226
 10
12.80650007228226
 20
48.83073113673001
 10
12.758123537481275
 20
48.76033518128379
 10
12.710177910853384
 20
48.68980951845922
 10
12.6626677889721
 20
48.619153661462946
 10
12.615597978386727
 20
48.54836707141432
 10
12.568973511597354
 20
48.47744915340417
 10
12.522799664747037
 20
48.406399252129994
 10
12.439285661658324
 20
48.427927606161944
 10
12.35573464891464
 20
48.449311876285826
 10
12.272146875098924
 20
48.47055199887866
 10
12.18852258890348
 20
48.49164791074634
 10
12.104862039129253
 20
48.512599549123806
 10
12.104862039129255
 20
48.512599549123806
 10
12.098207651184941
 20
48.59707340143985
 10
12.091094299440464
 20
48.68164640082645
 10
12.083526932840506
 20
48.76631660433392
 10
12.07551025741131
 20
48.851082132257226
 10
12.067048753890392
 20
48.93594116352528
 10
12.05814669364516
 20
49.020891931537854
 10
12.048808153087428
 20
49.10593272039635
 10
12.039037026761013
 20
49.19106186148164
 10
12.028837039254858
 20
49.27627773033937
 10
12.018211756073175
 20
49.36157874383824
 10
12.007164593576755
 20
49.44696335757133
 10
11.99569882809449
 20
49.53243006347457
 10
11.983817604291765
 20
49.617977387639776
 10
11.971523942871498
 20
49.70360388830225
 10
11.910483610003645
 20
49.71826631305474
 10
11.849425319086748
 20
49.73285377501863
 10
11.788349162181529
 20
49.74736625219966
 10
11.727255231375654
 20
49.76180372271661
 10
11.666143618783588
 20
49.776166164801346
 10
11.616646735429011
 20
49.70522188902803
 10
11.56755382213909
 20
49.63416280082965
 10
11.518868225295622
 20
49.562988829070015
 10
11.470593416452225
 20
49.49169987555895
 10
11.422733000117423
 20
49.420295813385394
 10
11.375290722212407
 20
49.34877648510634
 10
11.328270479279908
 20
49.27714170077516
 10
11.281676328531901
 20
49.205391235790636
 10
11.235512498836185
 20
49.13352482854524
 10
11.189783402757246
 20
49.061542177848075
 10
11.14449364978437
 20
48.989442940094065
 10
11.099648060900954
 20
48.91722672614627
 10
11.055251684674372
 20
48.844893097893326
 10
11.011309815075336
 20
48.77244156443703
 10
10.927166680343495
 20
48.79136223082925
 10
10.842991034848604
 20
48.81013773201416
 10
10.758783129032023
 20
48.828768012130475
 10
10.674543213431091
 20
48.84725301574892
 10
10.590271538678385
 20
48.8655926878725
 10
10.590271538678389
 20
48.8655926878725
 10
10.580993244406924
 20
48.94981872814176
 10
10.57125312488398
 20
49.03412959381141
 10
10.561056187085807
 20
49.1185234967831
 10
10.550407193220833
 20
49.202998704617805
 10
10.539310678494214
 20
49.287553536475656
 10
10.527770967148253
 20
49.372186359449884
 10
10.515792186987138
 20
49.456895585247764
 10
10.503378282564656
 20
49.54167966717707
 10
10.490533027188398
 20
49.626537097403435
 10
10.47726003387305
 20
49.71146640444804
 10
10.463562765357691
 20
49.79646615089935
 10
10.449444543286976
 20
49.88153493131619
 10
10.434908556643508
 20
49.96667137030195
 10
10.419957869507712
 20
50.051874120732826
 10
10.358491063539429
 20
50.06463110706573
 10
10.297008639541126
 20
50.077312608378016
 10
10.235510690213015
 20
50.08991860554911
 10
10.173997308278722
 20
50.10244907957232
 10
10.112468586485136
 20
50.114904011554806
 10
10.065202002854912
 20
50.042454706528844
 10
10.018342764532477
 20
49.96990320802799
 10
9.971894218493249
 20
49.89724954902249
 10
9.925859837665294
 20
49.82449373933449
 10
9.880243228760495
 20
49.75163576421405
 10
9.835048140784517
 20
49.67867558279193
 10
9.790278474302589
 20
49.605613126395355
 10
9.745938291549205
 20
49.532448296710456
 10
9.702031827482543
 20
49.45918096377346
 10
9.658563501899648
 20
49.38581096376934
 10
9.615537932746186
 20
49.31233809661367
 10
9.572959950775664
 20
49.23876212328968
 10
9.530834615738579
 20
49.16508276290768
 10
9.48916723431172
 20
49.09129968944868
 10
9.404476370985305
 20
49.10759436367841
 10
9.319757527239826
 20
49.12374293183956
 10
9.235010955132777
 20
49.13974534588654
 10
9.150236906804151
 20
49.155601558208595
 10
9.06543563447569
 20
49.17131152162995
 10
9.065435634475682
 20
49.171311521629946
 10
9.05354241002755
 20
49.25520826659812
 10
9.041184945662721
 20
49.33917543323341
 10
9.028368301545093
 20
49.423211390018686
 10
9.01509729145815
 20
49.50731455345696
 10
9.001376500687174
 20
49.59148338456566
 10
8.987210302165929
 20
49.675716385711254
 10
8.9726028710976
 20
49.76001209774341
 10
8.957558198229837
 20
49.84436909739316
 10
8.942080101938455
 20
49.92878599490484
 10
8.926172239253253
 20
50.01326143187568
 10
8.90983811594162
 20
50.09779407928016
 10
8.893081095750501
 20
50.182382635659614
 10
8.875904408894572
 20
50.26702582545968
 10
8.85831115986748
 20
50.35172239750064
 10
8.796477345963767
 20
50.36256160385357
 10
8.734630269158496
 20
50.37332487598074
 10
8.672770022701686
 20
50.3840121976538
 10
8.610896699863217
 20
50.39462355275892
 10
8.54901039393268
 20
50.40515892529683
 10
8.504019837393807
 20
50.331274681041776
 10
8.45943960732558
 20
50.257300961127605
 10
8.415273048059055
 20
50.18323790259906
 10
8.371523630536911
 20
50.109085623281146
 10
8.328194960185122
 20
50.03484422059928
 10
8.285290785466923
 20
49.960513770297574
 10
8.242815007196484
 20
49.88609432504349
 10
8.20077168870087
 20
49.811585912905656
 10
8.15916506693159
 20
49.736988535689804
 10
8.117999564642385
 20
49.66230216711518
 10
8.07727980376773
 20
49.58752675081167
 10
8.037010620157805
 20
49.512662198113844
 10
7.997197079851244
 20
49.437708385625456
 10
7.957844497097048
 20
49.362665152522126
 10
7.872687838116653
 20
49.37631807054441
 10
7.78750775613043
 20
49.38982408298503
 10
7.702304504568158
 20
49.403183149660606
 10
7.61707833692855
 20
49.4163952308249
 10
7.531829506778506
 20
49.429460287169036
 10
7.53182950677851
 20
49.429460287169036
 10
7.517332858080252
 20
49.51294657215373
 10
7.5023700039222145
 20
49.59648880694388
 10
7.48694605276057
 20
49.680085518181926
 10
7.471065865296819
 20
49.76373527284486
 10
7.454734072460414
 20
49.84743667529629
 10
7.437955091646046
 20
49.93118836462473
 10
7.4207331414166555
 20
50.014989012233926
 10
7.403072254852964
 20
50.09883731965507
 10
7.3849762917049855
 20
50.18273201655571
 10
7.366448949479684
 20
50.26667185892327
 10
7.347493773581157
 20
50.350655627404
 10
7.328114166604432
 20
50.43468212578085
 10
7.30831339687124
 20
50.518750179575676
 10
7.288094606285043
 20
50.60285863476331
 10
7.225953604667378
 20
50.61176957490416
 10
7.163801708107618
 20
50.620604205075566
 10
7.1016390103153775
 20
50.6293625119571
 10
7.039465605016552
 20
50.6380444823434
 10
6.977281585953186
 20
50.646650103144225
 10
6.934610581963449
 20
50.57140239789466
 10
6.89235248864285
 20
50.49607802136366
 10
6.8505106444426636
 20
50.42067721453791
 10
6.809088514962273
 20
50.34520020313126
 10
6.768089700853723
 20
50.26964719665026
 10
6.727517946411422
 20
50.19401838737908
 10
6.687377148924694
 20
50.118313949274466
 10
6.64767136888217
 20
50.0425340367604
 10
6.608404841129716
 20
49.96667878341034
 10
6.569581987099032
 20
49.89074830050328
 10
6.531207428241987
 20
49.8147426754379
 10
6.493286000827057
 20
49.73866196998593
 10
6.455822772279948
 20
49.66250621836391
 10
6.418823059280682
 20
49.58627542509768
 10
6.333282988214118
 20
49.59727337859611
 10
6.247724074215202
 20
49.60812376912144
 10
6.162146571840827
 20
49.61882656439138
 10
6.0765507357031865
 20
49.62938173256267
 10
5.990936820469024
 20
49.63978924223136
 10
5.990936820469027
 20
49.639789242231366
 10
5.973850772092008
 20
49.72278429964374
 10
5.956297003735801
 20
49.805820780872075
 10
5.938280667206746
 20
49.888897372143795
 10
5.919806665421956
 20
49.972012792296184
 10
5.900879670474917
 20
50.05516579038922
 10
5.881504139947711
 20
50.1383551435501
 10
5.861684331681843
 20
50.221579655021955
 10
5.841424317189365
 20
50.304838152392314
 10
5.820727993860426
 20
50.388129485980926
 10
5.799599096102058
 20
50.47145252736889
 10
5.77804120552512
 20
50.55480616805388
 10
5.756057760280926
 20
50.6381893182177
 10
5.733652063636374
 20
50.721600905594684
 10
5.710827291865154
 20
50.80503987443065
 10
5.64843921993929
 20
50.81201392760034
 10
5.586042631570947
 20
50.81891136888188
 10
5.523637620838673
 20
50.82573218787562
 10
5.461224281833713
 20
50.832476374297464
 10
5.398802708659872
 20
50.83914391797886
 10
5.358492538659766
 20
50.762605549029814
 10
5.318597464062888
 20
50.68600338735153
 10
5.2791208142109936
 20
50.6093377776395
 10
5.2400660460074215
 20
50.53260905327806
 10
5.201436751846894
 20
50.45581753565219
 10
5.163236668232627
 20
50.378963533400075
 10
5.125469685158727
 20
50.30204734159952
 10
5.088139856347127
 20
50.2250692408804
 10
5.05125141044111
 20
50.14802949645472
 10
5.014808763272888
 20
50.070928357053546
 10
4.978816531340765
 20
49.99376605375979
 10
4.943279546652737
 20
49.91654279872261
 10
4.908202873119177
 20
49.839258783738224
 10
4.87359182470758
 20
49.76191417867829
 10
4.787751096049085
 20
49.770246527843135
 10
4.701896122761036
 20
49.77843079940111
 10
4.6160271602811696
 20
49.7864669690022
 10
4.5301444640888375
 20
49.794355012736986
 10
4.444248289704259
 20
49.8020949071368
 10
4.44424828970425
 20
49.80209490713679
 10
4.424589371296788
 20
49.88451844461897
 10
4.404461670879605
 20
49.96696883985273
 10
4.383870378625165
 20
50.049444939921464
 10
4.362820434922936
 20
50.13194561676223
 10
4.341316548510496
 20
50.21446976534158
 10
4.319363212844887
 20
50.29701630200843
 10
4.296964720926998
 20
50.37958416300306
 10
4.274125178761284
 20
50.46217230310359
 10
4.250848517607552
 20
50.544779694394194
 10
4.22713850516011
 20
50.62740532514136
 10
4.202998755771598
 20
50.71004819876655
 10
4.178432739823433
 20
50.792707332904776
 10
4.1534437923319745
 20
50.87538175854019
 10
4.128035120868307
 20
50.95807051921096
 10
4.065460335064562
 20
50.96310093846347
 10
4.002879419557063
 20
50.96805451802616
 10
3.940292468702276
 20
50.97293125043024
 10
3.8776995768657674
 20
50.97773112832283
 10
3.8151008384220626
 20
50.982454144466914
 10
3.7771904998976713
 20
50.904699157747196
 10
3.7396970399326057
 20
50.82689331856577
 10
3.702623775538174
 20
50.74903707499349
 10
3.6659741515773456
 20
50.67113086776262
 10
3.629751748712109
 20
50.59317512982568
 10
3.5939602920396596
 20
50.51517028587629
 10
3.5586036604955673
 20
50.43711675182779
 10
3.5236858971133604
 20
50.35901493424453
 10
3.4892112202427903
 20
50.28086522972041
 10
3.4551840358445545
 20
50.202668024198
 10
3.421608950997227
 20
50.124423692220866
 10
3.388490788773667
 20
50.04613259611033
 10
3.355834604669907
 20
49.96779508505676
 10
3.323645704799999
 20
49.889411494113304
 10
3.2375873639106136
 20
49.895070177934876
 10
3.1515193904752334
 20
49.90058041277133
 10
3.065442040565316
 20
49.905942182228515
 10
2.979355570280214
 20
49.91115547035392
 10
2.893260235746418
 20
49.91622026163689
 10
2.8932602357464208
 20
49.91622026163688
 10
2.871047466042424
 20
49.99799253973957
 10
2.8483653058144904
 20
50.07977708354634
 10
2.8252189785800543
 20
50.16157290211191
 10
2.8016134574214306
 20
50.24337902156445
 10
2.7775534831648856
 20
50.3251944838461
 10
2.7530435807952975
 20
50.40701834557585
 10
2.728088074319734
 20
50.488849677020305
 10
2.702691100262759
 20
50.570687561159346
 10
2.6768566199506028
 20
50.652531092835986
 10
2.6505884307198437
 20
50.73437937798089
 10
2.6238901761682514
 20
50.81623153290346
 10
2.596765355549973
 20
50.89808668364227
 10
2.5692173324044214
 20
50.97994396536875
 10
2.541249342496953
 20
51.06180252183876
 10
2.4785483798792636
 20
51.06488444056833
 10
2.415843680226637
 20
51.06788936614385
 10
2.353135338082175
 20
51.07081729403465
 10
2.290423447994472
 20
51.073668219826125
 10
2.2277081045174727
 20
51.07644213921979
 10
2.192234273272919
 20
50.99754575765732
 10
2.1571787004407046
 20
50.91861151309717
 10
2.1225446874926983
 20
50.83963995655202
 10
2.0883356639188175
 20
50.76063163567573
 10
2.054555195184256
 20
50.68158709456948
 10
2.0212069913764004
 20
50.60250687357147
 10
1.9882949166196644
 20
50.52339150902821
 10
1.955822999347793
 20
50.44424153304519
 10
1.9237954435360316
 20
50.365057473214556
 10
1.8922166410110761
 20
50.285839852316954
 10
1.8610911849747216
 20
50.206589187994304
 10
1.8304238848986774
 20
50.127305992389545
 10
1.800219782973773
 20
50.0479907717494
 10
1.7704841723272904
 20
49.96864402598432
 10
1.6842914750938358
 20
49.97162357005149
 10
1.5980937667168102
 20
49.974454437370106
 10
1.5118913036536623
 20
49.9771366195177
 10
1.4256843423759844
 20
49.979670108514156
 10
1.3394731393687538
 20
49.982054896821815
 10
1.339473139368757
 20
49.982054896821815
 10
1.3147280077883257
 20
50.063096806147136
 10
1.2895133312747584
 20
50.144136377262754
 10
1.2638343616370429
 20
50.22517278215339
 10
1.2376960998392068
 20
50.30620520208049
 10
1.2111033142097614
 20
50.387232826888656
 10
1.1840605568837899
 20
50.46825485437961
 10
1.156572178691341
 20
50.549270489745716
 10
1.128642342675268
 20
50.63027894505577
 10
1.1002750363958957
 20
50.71127943878732
 10
1.071474083158396
 20
50.79227119540018
 10
1.0422431522807223
 20
50.87325344494658
 10
1.01258576850445
 20
50.95422542271415
 10
0.9825053206380379
 20
51.0351863688983
 10
0.9520050695107202
 20
51.1161355283009
 10
0.8892385892109417
 20
51.117265964950214
 10
0.8264707681603826
 20
51.11831932946717
 10
0.7637017009973163
 20
51.11929562026353
 10
0.7009314823618956
 20
51.1201948358673
 10
0.6381602068960094
 20
51.121016974922696
 10
0.6051572015719806
 20
51.041055525671204
 10
0.5725734298753038
 20
50.96106923951604
 10
0.5404121745444493
 20
50.881058769878685
 10
0.5086768463784683
 20
50.80102477080475
 10
0.4773709921964054
 20
50.720967897017694
 10
0.44649830348656866
 20
50.64088880397757
 10
0.4160626258239235
 20
50.56078814794517
 10
0.38606796914518193
 20
50.48066658605232
 10
0.35651851898401044
 20
50.40052477637904
 10
0.3274186487842936
 20
50.32036337803828
 10
0.2987729334274216
 20
50.24018305126951
 10
0.27058616413110137
 20
50.15998445754187
 10
0.24286336490296323
 20
50.079768259668604
 10
0.21560981076276242
 20
49.99953512193391
 10
0.12936614305314476
 20
49.99983264373024
 10
0.043122090450338546
 20
49.99998140484969
 10
-0.043122090450324335
 20
49.999981404849706
 10
-0.12936614305313043
 20
49.99983264373024
 10
-0.21560981076274832
 20
49.99953512193391
 10
-0.2156098107627451
 20
49.99953512193391
 10
-0.2428633649029459
 20
50.079768259668604
 10
-0.27058616413108405
 20
50.15998445754187
 10
-0.2987729334274042
 20
50.24018305126951
 10
-0.3274186487842762
 20
50.32036337803828
 10
-0.3565185189839931
 20
50.40052477637904
 10
-0.3860679691451645
 20
50.48066658605232
 10
-0.4160626258239061
 20
50.56078814794517
 10
-0.4464983034865511
 20
50.64088880397757
 10
-0.47737099219638784
 20
50.720967897017694
 10
-0.5086768463784508
 20
50.80102477080475
 10
-0.5404121745444318
 20
50.881058769878685
 10
-0.5725734298752861
 20
50.96106923951604
 10
-0.6051572015719631
 20
51.041055525671204
 10
-0.6381602068959917
 20
51.121016974922696
 10
-0.700931482361878
 20
51.1201948358673
 10
-0.7637017009972986
 20
51.11929562026353
 10
-0.8264707681603649
 20
51.11831932946717
 10
-0.889238589210924
 20
51.117265964950214
 10
-0.9520050695107025
 20
51.1161355283009
 10
-0.9825053206380203
 20
51.0351863688983
 10
-1.0125857685044322
 20
50.95422542271415
 10
-1.0422431522807045
 20
50.87325344494658
 10
-1.0714740831583784
 20
50.79227119540018
 10
-1.1002750363958782
 20
50.71127943878732
 10
-1.1286423426752505
 20
50.63027894505577
 10
-1.1565721786913237
 20
50.549270489745716
 10
-1.1840605568837723
 20
50.46825485437961
 10
-1.211103314209744
 20
50.387232826888656
 10
-1.2376960998391895
 20
50.30620520208049
 10
-1.2638343616370253
 20
50.22517278215339
 10
-1.289513331274741
 20
50.144136377262754
 10
-1.3147280077883083
 20
50.063096806147136
 10
-1.3394731393687396
 20
49.982054896821815
 10
-1.4256843423759702
 20
49.97967010851416
 10
-1.5118913036536479
 20
49.977136619517694
 10
-1.5980937667167963
 20
49.97445443737011
 10
-1.6842914750938214
 20
49.9716235700515
 10
-1.7704841723272762
 20
49.968644025984325
 10
-1.7704841723272842
 20
49.96864402598432
 10
-1.8002197829737667
 20
50.0479907717494
 10
-1.8304238848986711
 20
50.127305992389545
 10
-1.8610911849747154
 20
50.206589187994304
 10
-1.89221664101107
 20
50.285839852316954
 10
-1.9237954435360254
 20
50.365057473214556
 10
-1.9558229993477863
 20
50.44424153304519
 10
-1.9882949166196582
 20
50.52339150902821
 10
-2.0212069913763937
 20
50.60250687357147
 10
-2.054555195184249
 20
50.68158709456948
 10
-2.0883356639188113
 20
50.76063163567573
 10
-2.122544687492692
 20
50.83963995655202
 10
-2.157178700440698
 20
50.91861151309717
 10
-2.1922342732729128
 20
50.99754575765732
 10
-2.2277081045174665
 20
51.07644213921979
 10
-2.2904234479944656
 20
51.073668219826125
 10
-2.3531353380821685
 20
51.07081729403465
 10
-2.4158436802266303
 20
51.06788936614385
 10
-2.4785483798792574
 20
51.06488444056833
 10
-2.541249342496947
 20
51.06180252183876
 10
-2.569217332404415
 20
50.97994396536875
 10
-2.5967653555499663
 20
50.89808668364227
 10
-2.623890176168245
 20
50.81623153290346
 10
-2.6505884307198375
 20
50.73437937798089
 10
-2.6768566199505965
 20
50.652531092835986
 10
-2.7026911002627525
 20
50.570687561159346
 10
-2.7280880743197278
 20
50.488849677020305
 10
-2.753043580795291
 20
50.40701834557585
 10
-2.7775534831648794
 20
50.3251944838461
 10
-2.8016134574214244
 20
50.24337902156445
 10
-2.825218978580048
 20
50.16157290211191
 10
-2.848365305814484
 20
50.07977708354634
 10
-2.871047466042418
 20
49.99799253973957
 10
-2.8932602357464146
 20
49.91622026163688
 10
-2.979355570280211
 20
49.91115547035392
 10
-3.065442040565312
 20
49.90594218222851
 10
-3.1515193904752303
 20
49.90058041277134
 10
-3.23758736391061
 20
49.89507017793487
 10
-3.323645704799996
 20
49.8894114941133
 10
-3.323645704799993
 20
49.8894114941133
 10
-3.3558346046699006
 20
49.96779508505676
 10
-3.3884907887736606
 20
50.04613259611033
 10
-3.421608950997221
 20
50.124423692220866
 10
-3.4551840358445483
 20
50.202668024198
 10
-3.489211220242784
 20
50.28086522972041
 10
-3.523685897113354
 20
50.35901493424453
 10
-3.558603660495561
 20
50.43711675182779
 10
-3.593960292039653
 20
50.51517028587629
 10
-3.6297517487121023
 20
50.59317512982568
 10
-3.665974151577339
 20
50.67113086776262
 10
-3.702623775538168
 20
50.74903707499349
 10
-3.7396970399325995
 20
50.82689331856577
 10
-3.777190499897665
 20
50.904699157747196
 10
-3.8151008384220564
 20
50.982454144466914
 10
-3.877699576865761
 20
50.97773112832283
 10
-3.9402924687022693
 20
50.97293125043024
 10
-4.002879419557056
 20
50.96805451802616
 10
-4.0654603350645555
 20
50.96310093846347
 10
-4.128035120868301
 20
50.95807051921096
 10
-4.153443792331968
 20
50.87538175854019
 10
-4.1784327398234264
 20
50.792707332904776
 10
-4.202998755771592
 20
50.71004819876655
 10
-4.227138505160103
 20
50.62740532514136
 10
-4.250848517607546
 20
50.544779694394194
 10
-4.274125178761277
 20
50.46217230310359
 10
-4.296964720926992
 20
50.37958416300306
 10
-4.3193632128448805
 20
50.29701630200843
 10
-4.341316548510489
 20
50.21446976534158
 10
-4.36282043492293
 20
50.13194561676223
 10
-4.383870378625158
 20
50.049444939921464
 10
-4.4044616708795985
 20
49.96696883985273
 10
-4.424589371296782
 20
49.88451844461897
 10
-4.444248289704245
 20
49.8020949071368
 10
-4.530144464088823
 20
49.79435501273699
 10
-4.6160271602811545
 20
49.78646696900219
 10
-4.701896122761022
 20
49.77843079940111
 10
-4.78775109604907
 20
49.77024652784313
 10
-4.873591824707566
 20
49.76191417867829
 10
-4.873591824707563
 20
49.76191417867829
 10
-4.908202873119159
 20
49.839258783738224
 10
-4.943279546652719
 20
49.91654279872261
 10
-4.978816531340748
 20
49.99376605375979
 10
-5.01480876327287
 20
50.070928357053546
 10
-5.051251410441092
 20
50.14802949645472
 10
-5.0881398563471105
 20
50.2250692408804
 10
-5.125469685158709
 20
50.30204734159951
 10
-5.16323666823261
 20
50.378963533400075
 10
-5.201436751846877
 20
50.45581753565219
 10
-5.240066046007404
 20
50.53260905327806
 10
-5.279120814210976
 20
50.6093377776395
 10
-5.31859746406287
 20
50.68600338735153
 10
-5.358492538659748
 20
50.762605549029814
 10
-5.398802708659854
 20
50.83914391797886
 10
-5.461224281833696
 20
50.832476374297464
 10
-5.523637620838655
 20
50.82573218787562
 10
-5.586042631570929
 20
50.81891136888188
 10
-5.648439219939272
 20
50.81201392760034
 10
-5.710827291865137
 20
50.80503987443065
 10
-5.733652063636356
 20
50.721600905594684
 10
-5.756057760280909
 20
50.6381893182177
 10
-5.778041205525102
 20
50.55480616805388
 10
-5.79959909610204
 20
50.47145252736889
 10
-5.820727993860409
 20
50.388129485980926
 10
-5.8414243171893485
 20
50.304838152392314
 10
-5.8616843316818255
 20
50.22157965502196
 10
-5.881504139947694
 20
50.1383551435501
 10
-5.900879670474899
 20
50.05516579038922
 10
-5.919806665421938
 20
49.972012792296184
 10
-5.938280667206729
 20
49.888897372143795
 10
-5.956297003735783
 20
49.805820780872075
 10
-5.97385077209199
 20
49.72278429964374
 10
-5.9909368204690105
 20
49.639789242231366
 10
-6.076550735703172
 20
49.62938173256267
 10
-6.162146571840813
 20
49.61882656439137
 10
-6.247724074215189
 20
49.60812376912144
 10
-6.333282988214105
 20
49.5972733785961
 10
-6.418823059280669
 20
49.58627542509769
 10
-6.418823059280665
 20
49.58627542509768
 10
-6.455822772279931
 20
49.66250621836391
 10
-6.493286000827039
 20
49.73866196998593
 10
-6.53120742824197
 20
49.8147426754379
 10
-6.569581987099015
 20
49.89074830050328
 10
-6.608404841129699
 20
49.96667878341034
 10
-6.647671368882154
 20
50.0425340367604
 10
-6.687377148924677
 20
50.118313949274466
 10
-6.727517946411405
 20
50.19401838737908
 10
-6.768089700853706
 20
50.26964719665026
 10
-6.809088514962256
 20
50.34520020313126
 10
-6.850510644442647
 20
50.42067721453791
 10
-6.892352488642834
 20
50.49607802136366
 10
-6.934610581963431
 20
50.57140239789466
 10
-6.977281585953169
 20
50.646650103144225
 10
-7.0394656050165345
 20
50.6380444823434
 10
-7.101639010315361
 20
50.6293625119571
 10
-7.163801708107601
 20
50.620604205075566
 10
-7.22595360466736
 20
50.61176957490416
 10
-7.288094606285026
 20
50.60285863476331
 10
-7.308313396871222
 20
50.518750179575676
 10
-7.328114166604415
 20
50.43468212578085
 10
-7.3474937735811405
 20
50.350655627404
 10
-7.366448949479667
 20
50.26667185892327
 10
-7.384976291704969
 20
50.18273201655571
 10
-7.4030722548529475
 20
50.09883731965507
 10
-7.420733141416639
 20
50.014989012233926
 10
-7.43795509164603
 20
49.93118836462473
 10
-7.454734072460397
 20
49.84743667529629
 10
-7.4710658652968025
 20
49.76373527284486
 10
-7.486946052760553
 20
49.680085518181926
 10
-7.5023700039221985
 20
49.59648880694388
 10
-7.517332858080235
 20
49.51294657215373
 10
-7.531829506778493
 20
49.429460287169036
 10
-7.617078336928536
 20
49.4163952308249
 10
-7.702304504568142
 20
49.4031831496606
 10
-7.787507756130416
 20
49.38982408298504
 10
-7.872687838116639
 20
49.37631807054441
 10
-7.9578444970970335
 20
49.362665152522126
 10
-7.957844497097042
 20
49.362665152522126
 10
-7.997197079851238
 20
49.437708385625456
 10
-8.0370106201578
 20
49.512662198113844
 10
-8.077279803767725
 20
49.58752675081167
 10
-8.11799956464238
 20
49.66230216711518
 10
-8.159165066931585
 20
49.736988535689804
 10
-8.200771688700865
 20
49.811585912905656
 10
-8.242815007196478
 20
49.88609432504349
 10
-8.285290785466916
 20
49.960513770297574
 10
-8.328194960185117
 20
50.03484422059928
 10
-8.371523630536904
 20
50.109085623281146
 10
-8.41527304805905
 20
50.18323790259906
 10
-8.459439607325573
 20
50.257300961127605
 10
-8.504019837393802
 20
50.331274681041776
 10
-8.549010393932674
 20
50.40515892529683
 10
-8.610896699863211
 20
50.39462355275892
 10
-8.67277002270168
 20
50.3840121976538
 10
-8.73463026915849
 20
50.37332487598074
 10
-8.796477345963762
 20
50.36256160385357
 10
-8.858311159867474
 20
50.35172239750064
 10
-8.875904408894566
 20
50.26702582545968
 10
-8.893081095750494
 20
50.182382635659614
 10
-8.909838115941614
 20
50.09779407928016
 10
-8.926172239253246
 20
50.01326143187568
 10
-8.94208010193845
 20
49.92878599490484
 10
-8.95755819822983
 20
49.84436909739316
 10
-8.972602871097594
 20
49.76001209774341
 10
-8.987210302165924
 20
49.675716385711254
 10
-9.001376500687169
 20
49.59148338456566
 10
-9.015097291458146
 20
49.50731455345696
 10
-9.028368301545088
 20
49.423211390018686
 10
-9.041184945662716
 20
49.33917543323341
 10
-9.053542410027545
 20
49.25520826659812
 10
-9.065435634475676
 20
49.171311521629946
 10
-9.150236906804139
 20
49.155601558208595
 10
-9.235010955132763
 20
49.13974534588654
 10
-9.319757527239812
 20
49.12374293183956
 10
-9.404476370985291
 20
49.10759436367841
 10
-9.489167234311706
 20
49.09129968944869
 10
-9.489167234311703
 20
49.09129968944869
 10
-9.530834615738563
 20
49.16508276290769
 10
-9.572959950775648
 20
49.23876212328969
 10
-9.61553793274617
 20
49.31233809661368
 10
-9.658563501899632
 20
49.385810963769345
 10
-9.702031827482525
 20
49.45918096377346
 10
-9.745938291549189
 20
49.53244829671045
 10
-9.790278474302573
 20
49.60561312639536
 10
-9.8350481407845
 20
49.67867558279194
 10
-9.880243228760477
 20
49.75163576421406
 10
-9.925859837665278
 20
49.8244937393345
 10
-9.971894218493233
 20
49.8972495490225
 10
-10.018342764532461
 20
49.969903208028
 10
-10.065202002854894
 20
50.04245470652885
 10
-10.11246858648512
 20
50.114904011554806
 10
-10.173997308278704
 20
50.102449079572324
 10
-10.235510690212998
 20
50.089918605549116
 10
-10.297008639541108
 20
50.07731260837802
 10
-10.358491063539411
 20
50.064631107065736
 10
-10.419957869507696
 20
50.051874120732826
 10
-10.43490855664349
 20
49.96667137030196
 10
-10.44944454328696
 20
49.881534931316196
 10
-10.463562765357675
 20
49.796466150899356
 10
-10.477260033873034
 20
49.711466404448046
 10
-10.49053302718838
 20
49.62653709740344
 10
-10.503378282564638
 20
49.54167966717708
 10
-10.515792186987122
 20
49.45689558524777
 10
-10.527770967148237
 20
49.37218635944989
 10
-10.5393106784942
 20
49.287553536475656
 10
-10.550407193220817
 20
49.20299870461781
 10
-10.561056187085791
 20
49.118523496783105
 10
-10.571253124883963
 20
49.034129593811414
 10
-10.580993244406908
 20
48.949818728141764
 10
-10.59027153867837
 20
48.86559268787251
 10
-10.674543213431077
 20
48.84725301574893
 10
-10.758783129032008
 20
48.828768012130475
 10
-10.842991034848591
 20
48.81013773201418
 10
-10.92716668034348
 20
48.79136223082925
 10
-11.011309815075322
 20
48.772441564437045
 10
-11.01130981507532
 20
48.77244156443704
 10
-11.055251684674355
 20
48.84489309789333
 10
-11.099648060900936
 20
48.917226726146275
 10
-11.144493649784351
 20
48.98944294009407
 10
-11.18978340275723
 20
49.06154217784808
 10
-11.235512498836169
 20
49.13352482854524
 10
-11.281676328531884
 20
49.20539123579064
 10
-11.32827047927989
 20
49.27714170077517
 10
-11.37529072221239
 20
49.34877648510635
 10
-11.422733000117407
 20
49.4202958133854
 10
-11.470593416452207
 20
49.49169987555896
 10
-11.518868225295606
 20
49.562988829070015
 10
-11.567553822139072
 20
49.63416280082966
 10
-11.616646735428994
 20
49.70522188902803
 10
-11.66614361878357
 20
49.77616616480135
 10
-11.727255231375638
 20
49.761803722716614
 10
-11.788349162181511
 20
49.74736625219967
 10
-11.84942531908673
 20
49.73285377501864
 10
-11.910483610003629
 20
49.71826631305475
 10
-11.97152394287148
 20
49.703603888302254
 10
-11.983817604291747
 20
49.617977387639776
 10
-11.995698828094472
 20
49.53243006347458
 10
-12.00716459357674
 20
49.44696335757133
 10
-12.018211756073157
 20
49.361578743838244
 10
-12.028837039254842
 20
49.27627773033938
 10
-12.039037026760996
 20
49.19106186148165
 10
-12.04880815308741
 20
49.10593272039636
 10
-12.058146693645142
 20
49.02089193153786
 10
-12.067048753890376
 20
48.93594116352528
 10
-12.075510257411294
 20
48.85108213225723
 10
-12.083526932840488
 20
48.76631660433393
 10
-12.091094299440446
 20
48.68164640082646
 10
-12.098207651184923
 20
48.59707340143986
 10
-12.10486203912924
 20
48.51259954912381
 10
-12.188522588903467
 20
48.491647910746345
 10
-12.272146875098908
 20
48.470551998878655
 10
-12.355734648914627
 20
48.449311876285826
 10
-12.439285661658309
 20
48.42792760616194
 10
-12.522799664747023
 20
48.40639925213
 10
-12.522799664747028
 20
48.406399252129994
 10
-12.568973511597347
 20
48.47744915340417
 10
-12.615597978386718
 20
48.54836707141432
 10
-12.662667788972092
 20
48.619153661462946
 10
-12.710177910853375
 20
48.68980951845922
 10
-12.758123537481266
 20
48.76033518128379
 10
-12.806500072282251
 20
48.83073113673001
 10
-12.855303114193266
 20
48.900997823073226
 10
-12.904528444528053
 20
48.971135633311626
 10
-12.954172015022248
 20
49.04114491811651
 10
-13.004229936925258
 20
49.111025988524574
 10
-13.054698471024322
 20
49.1807791184003
 10
-13.105574018501395
 20
49.2504045466931
 10
-13.156853112535808
 20
49.31990247951046
 10
-13.2085324105768
 20
49.38927309202619
 10
-13.269167792428997
 20
49.37301703457431
 10
-13.329783167674085
 20
49.35668653488393
 10
-13.390378444919149
 20
49.34028161757738
 10
-13.450953532801565
 20
49.32380230738921
 10
-13.511508339989161
 20
49.30724862916611
 10
-13.521133082370453
 20
49.221281216381314
 10
-13.53034804901574
 20
49.13540576854782
 10
-13.53915026552196
 20
49.04962382067635
 10
-13.547536634583194
 20
48.963936943760814
 10
-13.555503928355957
 20
48.87834674702916
 10
-13.563048780162854
 20
48.792854880389605
 10
-13.570167675459533
 20
48.70746303709436
 10
-13.576856941979013
 20
48.62217295664618
 10
-13.58311273895516
 20
48.536986427976856
 10
-13.5889310453122
 20
48.451905292930824
 10
-13.594307646689886
 20
48.36693145009269
 10
-13.599238121153176
 20
48.282066859002995
 10
-13.603717823410781
 20
48.197313544814286
 10
-13.60774186733738
 20
48.11267360344791
 10
-13.690710355954353
 20
48.089130268173534
 10
-13.773638111648202
 20
48.0654438569889
 10
-13.85652488769032
 20
48.041614440366374
 10
-13.939370437474023
 20
48.01764208920379
 10
-14.022174514515285
 20
47.993526874824255
 10
-14.022174514515282
 20
47.99352687482425
 10
-14.070535668402144
 20
48.06310640772551
 10
-14.119343119593882
 20
48.13254000698735
 10
-14.168591614879425
 20
48.201828491682605
 10
-14.218276142694586
 20
48.27097261294275
 10
-14.26839191557419
 20
48.339973058870775
 10
-14.318934354307368
 20
48.40883045897737
 10
-14.369899073590238
 20
48.47754538819833
 10
-14.42128186899938
 20
48.54611837054232
 10
-14.473078705134483
 20
48.61454988241147
 10
-14.5252857047992
 20
48.68284035563162
 10
-14.57789913910665
 20
48.7509901802238
 10
-14.630915418410884
 20
48.81899970694456
 10
-14.684331083978124
 20
48.88686924961936
 10
-14.738142800322327
 20
48.95459908729012
 10
-14.798243290618787
 20
48.93646514115681
 10
-14.858321468842325
 20
48.91825741099675
 10
-14.91837724440998
 20
48.899975924262684
 10
-14.978410526772569
 20
48.88162070851853
 10
-15.038421225414824
 20
48.86319179143942
 10
-15.045367737440491
 20
48.77696663445206
 10
-15.05190753204325
 20
48.690846141899875
 10
-15.058037683997435
 20
48.60483194055461
 10
-15.063755146353044
 20
48.518925696976034
 10
-15.069056742874722
 20
48.43312911999918
 10
-15.073939159825514
 20
48.34744396343736
 10
-15.078398937021026
 20
48.26187202902559
 10
-15.082432458068917
 20
48.1764151696322
 10
-15.086035939696425
 20
48.09107529277093
 10
-15.08920542005396
 20
48.005854364450194
 10
-15.091936745865542
 20
47.920754413402236
 10
-15.094225558276552
 20
47.83577753574129
 10
-15.096067277224666
 20
47.75092590010826
 10
-15.097457084130937
 20
47.66620175336843
 10
-15.179653244936356
 20
47.64008949785352
 10
-15.261804242880778
 20
47.61383550242498
 10
-15.343909833546636
 20
47.58743984519435
 10
-15.425969772651436
 20
47.56090260469458
 10
-15.507983816048528
 20
47.53422385987991
 10
-15.507983816048526
 20
47.534223859879916
 10
-15.558485490678903
 20
47.602265710703904
 10
-15.609428708216159
 20
47.67014781869444
 10
-15.660808243463348
 20
47.73787116590231
 10
-15.712619110640548
 20
47.805436658954605
 10
-15.76485654599828
 20
47.87284513451097
 10
-15.817515992118409
 20
47.94009736419042
 10
-15.870593083698735
 20
48.007194059033
 10
-15.924083634646179
 20
48.074135873550865
 10
-15.97798362632847
 20
48.140923409416125
 10
-16.032289196854457
 20
48.207557218826
 10
-16.086996631270583
 20
48.274037807580726
 10
-16.14210235257576
 20
48.34036563790467
 10
-16.19760291346918
 20
48.40654113103765
 10
-16.253494988756408
 20
48.472564669619764
 10
-16.313002444154296
 20
48.452570378226746
 10
-16.37248530359894
 20
48.432503032400014
 10
-16.431943477404968
 20
48.41236266239614
 10
-16.491376875924228
 20
48.392149298581806
 10
-16.550785409545938
 20
48.37186297143372
 10
-16.55504697091423
 20
48.28546348751443
 10
-16.55890526664555
 20
48.199181266258094
 10
-16.562357423521593
 20
48.113018024623685
 10
-16.565400447896003
 20
48.02697552312456
 10
-16.568031218214355
 20
47.941055568549636
 10
-16.57024647688597
 20
47.85526001692066
 10
-16.57204282143391
 20
47.769590776712334
 10
-16.573416694839096
 20
47.684049812366055
 10
-16.57436437498222
 20
47.59863914813212
 10
-16.574881963072695
 20
47.51336087228091
 10
-16.574965370936862
 20
47.42821714172968
 10
-16.574610307017398
 20
47.34321018713849
 10
-16.573812260911886
 20
47.258342318538524
 10
-16.57256648624941
 20
47.17361593156542
 10
-16.653910799766248
 20
47.14496001773073
 10
-16.735205564176376
 20
47.116163837103294
 10
-16.816450537609704
 20
47.08722747535818
 10
-16.897645478344277
 20
47.05815101858753
 10
-16.978790144807
 20
47.02893455330032
 10
-16.978790144807
 20
47.02893455330032
 10
-17.031383483072283
 20
47.09537289595078
 10
-17.084413182682205
 20
47.16163784111463
 10
-17.137874051508984
 20
47.22773053287054
 10
-17.191761134380382
 20
47.293652032464095
 10
-17.24606969587123
 20
47.359403324302214
 10
-17.30079520476515
 20
47.42498532136572
 10
-17.35593331998475
 20
47.49039887011103
 10
-17.41147987781709
 20
47.5556447549206
 10
-17.467430880285697
 20
47.62072370215442
 10
-17.523782484540735
 20
47.68563638384689
 10
-17.580530993155964
 20
47.75038342108812
 10
-17.637672845235667
 20
47.81496538712314
 10
-17.695204608247053
 20
47.879382810198564
 10
-17.753122970504197
 20
47.94363617618251
 10
-17.811979821383645
 20
47.921800882715395
 10
-17.870809816224515
 20
47.89989333508305
 10
-17.929612866325805
 20
47.87791356631661
 10
-17.98838888302712
 20
47.85586160955611
 10
-18.047137777708844
 20
47.83373749805041
 10
-18.048710265634362
 20
47.74724727311984
 10
-18.049883329842306
 20
47.660886795635975
 10
-18.050654151901387
 20
47.57465787108394
 10
-18.051019794365043
 20
47.48856235222751
 10
-18.0509771933797
 20
47.402602142061525
 10
-18.05052315065244
 20
47.31677919702056
 10
-18.04965432470547
 20
47.23109553047272
 10
-18.048367221334168
 20
47.14555321653199
 10
-18.046658183173573
 20
47.06015439422686
 10
-18.044523378263943
 20
46.97490127206946
 10
-18.041958787488962
 20
46.889796133075336
 10
-18.03896019074044
 20
46.80484134029238
 10
-18.035523151639367
 20
46.72003934290726
 10
-18.03164300061467
 20
46.63539268300829
 10
-18.112056771473135
 20
46.60422083359976
 10
-18.19241665491474
 20
46.5729103262184
 10
-18.27272241185087
 20
46.54146125401998
 10
-18.352973803353947
 20
46.509873710572506
 10
-18.43317059065815
 20
46.478147789855996
 10
-18.433170590658158
 20
46.47814778985599
 10
-18.487804711900264
 20
46.54291834952726
 10
-18.54286959077335
 20
46.607502024809634
 10
-18.59836007324184
 20
46.67190012070283
 10
-18.654271239535003
 20
46.73611385204428
 10
-18.710598387133192
 20
46.800144350035765
 10
-18.767337015405438
 20
46.86399266813672
 10
-18.82448281169888
 20
46.927659787401005
 10
-18.882031638708828
 20
46.99114662132257
 10
-18.939979522982394
 20
47.05445402024656
 10
-18.998322644428786
 20
47.11758277539441
 10
-19.057057326726074
 20
47.180533622545234
 10
-19.11618002852886
 20
47.24330724541013
 10
-19.17568733539313
 20
47.30590427873152
 10
-19.235575952345304
 20
47.36832531113545
 10
-19.293725258504296
 20
47.344670139830455
 10
-19.351845474520864
 20
47.32094358452995
 10
-19.409936512764176
 20
47.297145681007684
 10
-19.467998285647376
 20
47.27327646514499
 10
-19.526030705627743
 20
47.249335972930695
 10
-19.524912598829978
 20
47.162838680695586
 10
-19.523399296650688
 20
47.07648349516865
 10
-19.521488038172244
 20
46.9902723086145
 10
-19.51917594498968
 20
46.90420706425486
 10
-19.516460013914337
 20
46.81828975944949
 10
-19.51333710904522
 20
46.732522449153066
 10
-19.509803953136334
 20
46.64690724967932
 10
-19.50585711817792
 20
46.561446342808196
 10
-19.501493015097655
 20
46.47614198027708
 10
-19.496707882473796
 20
46.39099648870319
 10
-19.491497774135613
 20
46.306012274991716
 10
-19.485858545506723
 20
46.22119183229229
 10
-19.479785838523444
 20
46.13653774657765
 10
-19.473275064932047
 20
46.052052703929455
 10
-19.55268049800228
 20
46.018395075698166
 10
-19.632027757478088
 20
45.984600532456625
 10
-19.711316607283653
 20
45.95066917475114
 10
-19.790546811516904
 20
45.916601103535065
 10
-19.869718134450295
 20
45.88239642016857
 10
-19.8697181344503
 20
45.88239642016856
 10
-19.92634018368541
 20
45.94543653552729
 10
-19.98338697010766
 20
46.00827646039343
 10
-20.040853382759874
 20
46.07091765942522
 10
-20.098734542032375
 20
46.133361499876656
 10
-20.157025782860437
 20
46.19560925865006
 10
-20.215722639552556
 20
46.25766212866428
 10
-20.27482083205263
 20
46.319521224621525
 10
-20.334316253466785
 20
46.381187588243506
 10
-20.394204958709786
 20
46.442662193037854
 10
-20.454483154145557
 20
46.50394594864757
 10
-20.515147188113104
 20
46.56503970482898
 10
-20.57619354224336
 20
46.62594425509782
 10
-20.637618823484335
 20
46.68666034007819
 10
-20.699419756762488
 20
46.747188650584654
 10
-20.756805262502823
 20
46.72173648629227
 10
-20.814159472139732
 20
46.69621387723351
 10
-20.871482299197314
 20
46.67062086189012
 10
-20.928773657246992
 20
46.64495747884999
 10
-20.986033459907645
 20
46.619223766807146
 10
-20.98222584008271
 20
46.5328030878114
 10
-20.978027635538304
 20
46.44653673730623
 10
-20.973436145541477
 20
46.360426692505094
 10
-20.968448553513525
 20
46.27447498520773
 10
-20.963061919836093
 20
46.18868370520649
 10
-20.95727317403389
 20
46.103055003988146
 10
-20.951079106263247
 20
46.0175910987646
 10
-20.944476358025643
 20
45.932294276871076
 10
-20.937461412013583
 20
45.84716690057541
 10
-20.93003058098226
 20
45.7622114123491
 10
-20.922179995524207
 20
45.67743034065843
 10
-20.91390559060445
 20
45.592826306342815
 10
-20.90520309069077
 20
45.508402029659266
 10
-20.89606799328563
 20
45.42416033808422
 10
-20.974388268939453
 20
45.38804949261177
 10
-21.052646141100485
 20
45.351803607548035
 10
-21.13084137693408
 20
45.31542279073264
 10
-21.20897374379192
 20
45.27890715040663
 10
-21.28704300921276
 20
45.242256795212214
 10
-21.287043009212763
 20
45.242256795212214
 10
-21.34559820826513
 20
45.303505479018185
 10
-21.404571713154983
 20
45.36454085989922
 10
-21.46395846094809
 20
45.42536456075517
 10
-21.52375361691653
 20
45.48597809993383
 10
-21.583952557963634
 20
45.54638289880273
 10
-21.644550857657663
 20
45.606580288586095
 10
-21.70554427267992
 20
45.66657151655608
 10
-21.76692873052052
 20
45.72635775165432
 10
-21.82870031827848
 20
45.785940089609156
 10
-21.89085527244255
 20
45.84531955760515
 10
-21.953389969545416
 20
45.90449711855372
 10
-22.016300917598137
 20
45.96347367500757
 10
-22.07958474822331
 20
46.022250072755995
 10
-22.14323820941584
 20
46.08082710413374
 10
-22.199804397966908
 20
46.053602570179116
 10
-22.25633711473049
 20
46.02630859883801
 10
-22.3128362744693
 20
45.99894523126293
 10
-22.369301791996648
 20
45.97151250871104
 10
-22.42573358217657
 20
45.94401047254406
 10
-22.419240132950733
 20
45.857750013213206
 10
-22.41236108753298
 20
45.7716559548525
 10
-22.405093807987807
 20
45.68573035771138
 10
-22.39743554228763
 20
45.59997534020199
 10
-22.38938341722831
 20
45.51439308252755
 10
-22.38093443073072
 20
45.428985830625464
 10
-22.372085443458847
 20
45.34375590046083
 10
-22.362833169674545
 20
45.25870568271129
 10
-22.353174167237903
 20
45.17383764788977
 10
-22.34310482664823
 20
45.08915435195914
 10
-22.33262135900471
 20
45.00465844250063
 10
-22.321719782746445
 20
44.92035266550795
 10
-22.31039590900899
 20
44.836239872890744
 10
-22.29864532540687
 20
44.75232303078478
 10
-22.37580467383582
 20
44.71379390298197
 10
-22.45289744924497
 20
44.67513174164894
 10
-22.529923422266084
 20
44.63633666181429
 10
-22.606882363729675
 20
44.597408778902036
 10
-22.68377404466569
 20
44.55834820873133
 10
-22.68377404466568
 20
44.55834820873134
 10
-22.744205745161942
 20
44.61774620683865
 10
-22.805048915462162
 20
44.6769179959455
 10
-22.8662985455531
 20
44.735865355623254
 10
-22.927949850265893
 20
44.79458995384464
 10
-22.98999825294447
 20
44.85309335506734
 10
-23.052439370699123
 20
44.911377027533014
 10
-23.115269001053726
 20
44.96944234987714
 10
-23.17848310982226
 20
45.02729061713042
 10
-23.242077820073476
 20
45.08492304618184
 10
-23.306049402061912
 20
45.142340780763774
 10
-23.37039426401939
 20
45.19954489601122
 10
-23.435108943715374
 20
45.256536402640656
 10
-23.500190100705737
 20
45.31331625078832
 10
-23.565634509199935
 20
45.36988533354261
 10
-23.621326656427573
 20
45.340914767904096
 10
-23.676983188565472
 20
45.31187583943515
 10
-23.732604021697405
 20
45.282768591919286
 10
-23.788189071960982
 20
45.25359306924297
 10
-23.843738255547766
 20
45.224349315395656
 10
-23.834565258913784
 20
45.13833252715307
 10
-23.825012027654846
 20
45.052494051377984
 10
-23.815075989184933
 20
44.966836029362696
 10
-23.804754458690002
 20
44.88136066408234
 10
-23.79404463215974
 20
44.796070224041756
 10
-23.782943578815534
 20
44.710967047456194
 10
-23.771448232866113
 20
44.62605354680342
 10
-23.75955538451245
 20
44.541332213790646
 10
-23.74726167011227
 20
44.456805624785865
 10
-23.73456356140095
 20
44.37247644677053
 10
-23.721457353649846
 20
44.28834744387951
 10
-23.70793915262404
 20
44.2044214846042
 10
-23.694004860179305
 20
44.12070154974784
 10
-23.67965015831094
 20
44.037190741236024
 10
-23.75557393282867
 20
43.996280605545635
 10
-23.831427029204686
 20
43.95523957108745
 10
-23.907209221759064
 20
43.91406775996774
 10
-23.98292028502285
 20
43.87276529468184
 10
-24.05855999373871
 20
43.831332298113814
 10
-24.058559993738715
 20
43.83133229811381
 10
-24.120809731911567
 20
43.88882214679545
 10
-24.183463705784387
 20
43.9460730992437
 10
-24.246516963111787
 20
44.00308708997983
 10
-24.309964772913304
 20
44.05986593498784
 10
-24.373802609401096
 20
44.116411340302015
 10
-24.43802613746764
 20
44.17272490976108
 10
-24.502631199545014
 20
44.22880815203009
 10
-24.567613803673865
 20
44.2846624869759
 10
-24.632970112643378
 20
44.34028925147093
 10
-24.698696434082134
 20
44.39568970468887
 10
-24.76478921139593
 20
44.450865032948144
 10
-24.831245015462102
 20
44.505816354151236
 10
-24.898060537001463
 20
44.560544721862136
 10
-24.965232579558773
 20
44.61505112905888
 10
-25.019996806907365
 20
44.584362558887676
 10
-25.074723310319253
 20
44.55360676657876
 10
-25.129412007280468
 20
44.5227837985042
 10
-25.184062815334045
 20
44.491893701137386
 10
-25.23867565208016
 20
44.46093652105291
 10
-25.22683198231985
 20
44.3752466195859
 10
-25.214613807353977
 20
44.28974676957796
 10
-25.202018622434842
 20
44.20443919129268
 10
-25.1890438125593
 20
44.11932617013691
 10
-25.175686645623585
 20
44.034410060722514
 10
-25.161944264984925
 20
43.94969329128053
 10
-25.14781368136275
 20
43.86517836846745
 10
-25.13329176400242
 20
43.78086788260949
 10
-25.118375231013403
 20
43.69676451343724
 10
-25.10306063878052
 20
43.61287103637062
 10
-25.08734437033138
 20
43.529190329424
 10
-25.071222622524463
 20
43.44572538081139
 10
-25.05469139190046
 20
43.3624792973459
 10
-25.03774645901282
 20
43.279455313742005
 10
-25.112361208270947
 20
43.23620374807817
 10
-25.186901242641973
 20
43.19282354504507
 10
-25.261366340352644
 20
43.14931483370853
 10
-25.33575627985264
 20
43.10567774351666
 10
-25.410070839815273
 20
43.06191240429958
 10
-25.410070839815276
 20
43.06191240429957
 10
-25.47407839306337
 20
43.11743848583986
 10
-25.538482556835504
 20
43.172713215030505
 10
-25.603278441445138
 20
43.227738679471166
 10
-25.668461374677104
 20
43.28251684140026
 10
-25.73402688599021
 20
43.337049546778196
 10
-25.799970692253062
 20
43.39133853348917
 10
-25.86628868482809
 20
43.44538543876822
 10
-25.9329769178446
 20
43.49919180594481
 10
-26.000031597524444
 20
43.5527590905814
 10
-26.067449072442404
 20
43.60608866607484
 10
-26.135225824619
 20
43.659181828779296
 10
-26.203358461356903
 20
43.71203980270175
 10
-26.27184370774339
 20
43.7646637438147
 10
-26.340678399750875
 20
43.817054744025164
 10
-26.39446172636735
 20
43.78467785853093
 10
-26.44820525669563
 20
43.752234956624754
 10
-26.50190890970383
 20
43.71972608722246
 10
-26.55557260442019
 20
43.68715129933935
 10
-26.609196259933196
 20
43.654510642090095
 10
-26.594693375032133
 20
43.56923052684413
 10
-26.579822076654512
 20
43.48415201818631
 10
-26.56457993031411
 20
43.39927741320352
 10
-26.54896439334855
 20
43.31460907752337
 10
-26.532972808203734
 20
43.23014944958681
 10
-26.516602395136346
 20
43.1459010452915
 10
-26.499850244268462
 20
43.0618664630476
 10
-26.482713306918626
 20
42.978048389294436
 10
-26.465188386123074
 20
42.89444960453266
 10
-26.447272126247537
 20
42.811072989935646
 10
-26.428961001575065
 20
42.72792153461295
 10
-26.410251303736835
 20
42.64499834361033
 10
-26.39113912783154
 20
42.56230664674509
 10
-26.371620357052826
 20
42.47984980839123
 10
-26.444853896100362
 20
42.434298655850384
 10
-26.518008755797236
 20
42.38862125178714
 10
-26.591084718491413
 20
42.34281773210202
 10
-26.664081566765546
 20
42.29688823307068
 10
-26.73699908343772
 20
42.2508328913437
 10
-26.73699908343771
 20
42.2508328913437
 10
-26.802702528587137
 20
42.30434148784486
 10
-26.868794575389618
 20
42.35758651904726
 10
-26.935270401447895
 20
42.41057022360937
 10
-27.002125397832188
 20
42.46329470812566
 10
-27.06935515357289
 20
42.51576195669686
 10
-27.1369554416584
 20
42.56797383957129
 10
-27.20492220635635
 20
42.6199321209701
 10
-27.273251551702064
 20
42.67163846619224
 10
-27.34193973102031
 20
42.723094448082094
 10
-27.410983137364582
 20
42.77430155293098
 10
-27.48037829477353
 20
42.82526118587467
 10
-27.5501218502574
 20
42.8759746758405
 10
-27.620210566438185
 20
42.926443280091135
 10
-27.690641314776947
 20
42.97666818840624
 10
-27.74339170876634
 20
42.942634310134665
 10
-27.796100272616396
 20
42.90853568504353
 10
-27.848766926855692
 20
42.874372364545096
 10
-27.901391592076003
 20
42.84014440014914
 10
-27.95397418893242
 20
42.805851843462946
 10
-27.936826119495098
 20
42.721064017441805
 10
-27.919316084726464
 20
42.6364891580965
 10
-27.901441722756985
 20
42.552129637114994
 10
-27.883200565724906
 20
42.46798789805702
 10
-27.864590033196812
 20
42.384066460833594
 10
-27.845607425018077
 20
42.300367926575
 10
-27.82624991352852
 20
42.21689498293134
 10
-27.806514535069297
 20
42.133650409855996
 10
-27.78639818069625
 20
42.05063708592981
 10
-27.76589758600238
 20
41.967857995292235
 10
-27.745009319937097
 20
41.88531623525624
 10
-27.72372977249187
 20
41.8030150246954
 10
-27.70205514110113
 20
41.72095771330657
 10
-27.679981415581466
 20
41.63914779186846
 10
-27.751762895699088
 20
41.591341120248806
 10
-27.823461808119696
 20
41.54341070509383
 10
-27.895077939523002
 20
41.49535668900724
 10
-27.966611076835
 20
41.44717921496045
 10
-28.038061007228638
 20
41.398878426292235
 10
-28.038061007228645
 20
41.39887842629224
 10
-28.105396780439612
 20
41.45031777164293
 10
-28.173112770485645
 20
41.501481593728194
 10
-28.24120422692413
 20
41.55237228009948
 10
-28.30966660856951
 20
41.60299207966937
 10
-28.378495568291097
 20
41.65334311275937
 10
-28.447686939286438
 20
41.70342738017262
 10
-28.517236722652026
 20
41.75324677140961
 10
-28.587141076098305
 20
41.802803072127716
 10
-28.65739630367762
 20
41.85209797093158
 10
-28.727998846411655
 20
41.90113306556912
 10
-28.798945273719987
 20
41.94990986859836
 10
-28.870232275564213
 20
41.9984298125813
 10
-28.94185665523299
 20
42.04669425485446
 10
-29.013815322702705
 20
42.09470448191913
 10
-29.06548175146567
 20
42.0590465364494
 10
-29.117104356706104
 20
42.02332517639087
 10
-29.168683060589938
 20
41.98754045560247
 10
-29.220217785349313
 20
41.951692428038655
 10
-29.271708453282677
 20
41.91578114774935
 10
-29.251931788958785
 20
41.83156763769878
 10
-29.231799957626905
 20
41.74757824838024
 10
-29.21131067231915
 20
41.66381542378827
 10
-29.1904615423619
 20
41.580281683050806
 10
-29.16925006693881
 20
41.49697962511104
 10
-29.147673628096165
 20
41.413911933815484
 10
-29.125729483127127
 20
41.33108138345402
 10
-29.103414756262584
 20
41.2484908448047
 10
-29.0807264295857
 20
41.166143291743666
 10
-29.057661333074858
 20
41.08404180848951
 10
-29.03421613366513
 20
41.002189597562186
 10
-29.01038732320073
 20
40.92058998854899
 10
-28.98617120513059
 20
40.839246447785754
 10
-28.96156387977381
 20
40.75816258907878
 10
-29.031823857015443
 20
40.70814664824757
 10
-29.101997458092608
 20
40.658009591581965
 10
-29.172084474223173
 20
40.60775156825096
 10
-29.242084696882582
 20
40.55737272778337
 10
-29.311997917804543
 20
40.50687322006751
 10
-29.31199791780453
 20
40.50687322006752
 10
-29.380900876065265
 20
40.55619355002328
 10
-29.45017529850785
 20
40.60522666529789
 10
-29.51981651124006
 20
40.65397510002602
 10
-29.589820045213852
 20
40.70244124326265
 10
-29.66018162134304
 20
40.75062734949881
 10
-29.730897137065426
 20
40.79853554815679
 10
-29.80196265417505
 20
40.84616785218847
 10
-29.873374387774636
 20
40.89352616588214
 10
-29.945128696219694
 20
40.94061229196908
 10
-30.017222071943195
 20
40.98742793810811
 10
-30.08965113306449
 20
41.03397472281616
 10
-30.162412615698784
 20
41.08025418090402
 10
-30.235503366894015
 20
41.12626776846892
 10
-30.30892033813128
 20
41.172016867489155
 10
-30.359452817734812
 20
41.13476935158059
 10
-30.409939522829042
 20
41.09745981466348
 10
-30.460380377292573
 20
41.060088312991354
 10
-30.510775305073125
 20
41.02265490291114
 10
-30.56112423018768
 20
40.985159640863124
 10
-30.53873810362269
 20
40.901601917915244
 10
-30.51600395197419
 20
40.818279252933266
 10
-30.492919565388423
 20
40.73519415985391
 10
-30.46948263269271
 20
40.65234923093617
 10
-30.445690735107174
 20
40.56974714164114
 10
-30.421541339411707
 20
40.48739065593511
 10
-30.397031790506198
 20
40.40528263206377
 10
-30.372159303293408
 20
40.323426028852595
 10
-30.346920953803444
 20
40.24182391259597
 10
-30.32131366946687
 20
40.16047946460785
 10
-30.29533421842894
 20
40.079395989516925
 10
-30.268979197780546
 20
39.99857692440307
 10
-30.242245020561253
 20
39.91802584888762
 10
-30.215127901365403
 20
39.83774649630837
 10
-30.283798403740732
 20
39.78556967345812
 10
-30.352378805047508
 20
39.733274479646184
 10
-30.420868901243715
 20
39.68086107046246
 10
-30.489268488556004
 20
39.62832960184855
 10
-30.55757736348032
 20
39.57568023009731
 10
-30.557577363480327
 20
39.575680230097305
 10
-30.62798084762875
 20
39.622833830424206
 10
-30.698746683938182
 20
39.6696888025159
 10
-30.7698702795885
 20
39.71624782463864
 10
-30.841347241992697
 20
39.76251342367855
 10
-30.913173364248813
 20
39.80848798611514
 10
-30.985344612003875
 20
39.85417376792978
 10
-31.05785711155942
 20
39.899572903578274
 10
-31.13070713907211
 20
39.94468741413759
 10
-31.20389111072367
 20
39.98951921472163
 10
-31.2774055737517
 20
40.03407012124804
 10
-31.35124719824708
 20
40.078341856626864
 10
-31.425412769636218
 20
40.12233605643285
 10
-31.499899181776613
 20
40.166054274115275
 10
-31.574703430603325
 20
40.209497985792446
 10
-31.62405307413699
 20
40.170696934011076
 10
-31.673355036458478
 20
40.131835314802764
 10
-31.72260924323267
 20
40.09291318676119
 10
-31.77181562019648
 20
40.05393060857122
 10
-31.820974093158913
 20
40.014887639008926
 10
-31.7960001614845
 20
39.932066539864216
 10
-31.770685683342833
 20
39.84949120851585
 10
-31.74502852813219
 20
39.767164226410685
 10
-31.719026466416743
 20
39.68508825643095
 10
-31.692677163793103
 20
39.603266047967274
 10
-31.665978174225483
 20
39.52170044243178
 10
-31.638926932789154
 20
39.44039437926082
 10
-31.611520747753122
 20
39.359350902464755
 10
-31.58375679192322
 20
39.27857316778983
 10
-31.55563209315469
 20
39.19806445056762
 10
-31.527143523929585
 20
39.117828154338554
 10
-31.49828778987755
 20
39.03786782034992
 10
-31.46906141709897
 20
38.958187138045524
 10
-31.43946073812554
 20
38.87878995668284
 10
-31.506475331358534
 20
38.82450272951988
 10
-31.573396185785846
 20
38.77009999078419
 10
-31.640223102302997
 20
38.71558190233607
 10
-31.706955882084955
 20
38.660948626379025
 10
-31.7735943265868
 20
38.60620032545927
 10
-31.773594326586803
 20
38.60620032545926
 10
-31.845430225798935
 20
38.65114157809436
 10
-31.91761901459893
 20
38.695773077843704
 10
-31.990156185682007
 20
38.740097644514115
 10
-32.06303742717175
 20
38.78411794037826
 10
-32.13625860842033
 20
38.82783648159534
 10
-32.20981576718696
 20
38.87125564852328
 10
-32.283705098028264
 20
38.91437769505691
 10
-32.35792294175738
 20
38.95720475710659
 10
-32.43246577584938
 20
38.999738860316086
 10
-32.50733020568682
 20
39.041981927105084
 10
-32.58251295655357
 20
39.08393578310996
 10
-32.65801086629714
 20
39.12560216308709
 10
-32.73382087858958
 20
39.16698271633491
 10
-32.809940036726154
 20
39.20807901168373
 10
-32.858059101597036
 20
39.16776196154123
 10
-32.90612862468134
 20
39.127385856148464
 10
-32.954148533502185
 20
39.086950756382564
 10
-33.00211875565748
 20
39.0464567232096
 10
-33.05003921882004
 20
39.00590381768453
 10
-33.02250164270218
 20
38.923899466407484
 10
-32.994631328190046
 20
38.84215135499277
 10
-32.96642622599515
 20
38.76066212989999
 10
-32.93788419057537
 20
38.679434522058415
 10
-32.90900297416216
 20
38.598471352128385
 10
-32.879780220270476
 20
38.517775536218956
 10
-32.85021345663233
 20
38.43735009211342
 10
-32.82030008748709
 20
38.35719814606215
 10
-32.7900373851514
 20
38.27732294021028
 10
-32.75942248078057
 20
38.19772784073833
 10
-32.72845235421911
 20
38.11841634680574
 10
-32.69712382282252
 20
38.03939210040131
 10
-32.66543352911276
 20
37.96065889722198
 10
-32.63337792710692
 20
37.88222069872106
 10
-32.69867177890669
 20
37.82587558663158
 10
-32.763868344849904
 20
37.76941793410831
 10
-32.82896743096221
 20
37.71284790912538
 10
-32.89396884355927
 20
37.65616567999127
 10
-32.95887238924736
 20
37.59937141534826
 10
-32.958872389247354
 20
37.599371415348266
 10
-33.03207120693015
 20
37.642056842532114
 10
-33.10561311022978
 20
37.68442169184559
 10
-33.17949368171734
 20
37.72646892190807
 10
-33.25370869439845
 20
37.76820132780321
 10
-33.328254097875536
 20
37.809621552935674
 10
-33.40312600585326
 20
37.8507320997371
 10
-33.47832068482479
 20
37.89153533936085
 10
-33.5538345437998
 20
37.93203352048428
 10
-33.62966412495454
 20
37.972228777321405
 10
-33.70580609510056
 20
38.0121231369341
 10
-33.78225723788282
 20
38.05171852591888
 10
-33.8590144466291
 20
38.091016776535504
 10
-33.93607471778281
 20
38.13001963233598
 10
-34.01343514485981
 20
38.16872875334486
 10
-34.06027707898036
 20
38.12693470898341
 10
-34.107067658668434
 20
38.085083178680506
 10
-34.15380681337546
 20
38.043174225537854
 10
-34.20049447263041
 20
38.00120791274372
 10
-34.2471305660399
 20
37.959184303572904
 10
-34.21705598630499
 20
37.8780760340772
 10
-34.186656798151695
 20
37.797234228614336
 10
-34.15593103558733
 20
37.71666159609631
 10
-34.12487663903912
 20
37.63636093285748
 10
-34.093491449547976
 20
37.55633512809908
 10
-34.061773202459285
 20
37.47658716980594
 10
-34.029719520553606
 20
37.39712015118881
 10
-33.99732790655187
 20
37.317937277713625
 10
-33.96459573492043
 20
37.23904187478781
 10
-33.93152024289004
 20
37.16043739618428
 10
-33.89809852058949
 20
37.082127433296286
 10
-33.86432750017916
 20
37.004115725330756
 10
-33.8302039438507
 20
36.926406170565684
 10
-33.79572443053711
 20
36.84900283881772
 10
-33.859234373318984
 20
36.790654352058674
 10
-33.92264357731119
 20
36.73219640488038
 10
-33.9859518538572
 20
36.6736291712083
 10
-34.049159014600725
 20
36.614952825293024
 10
-34.11226487148634
 20
36.55616754170982
 10
-34.11226487148635
 20
36.55616754170981
 10
-34.18675579251117
 20
36.59655584804841
 10
-34.261579663268634
 20
36.6366130616704
 10
-34.33673216047926
 20
36.676342277145444
 10
-34.412209146120055
 20
36.71574641966412
 10
-34.488006653962245
 20
36.754828257319225
 10
-34.5641208774156
 20
36.7935904121952
 10
-34.640548158521824
 20
36.832035370409955
 10
-34.71728497796118
 20
36.87016549123245
 10
-34.79432794595625
 20
36.907983015382165
 10
-34.87167379397228
 20
36.94549007260218
 10
-34.949319367126925
 20
36.98268868858525
 10
-35.02726161723374
 20
37.01958079132192
 10
-35.10549759641323
 20
37.056168216931034
 10
-35.18402445121373
 20
37.092452715025395
 10
-35.22954393803793
 20
37.049222109483686
 10
-35.275010307465834
 20
37.005935642923276
 10
-35.32042349094546
 20
36.96259338060938
 10
-35.36578342000501
 20
36.91919538789136
 10
-35.41109002625299
 20
36.87574173020261
 10
-35.378507538114604
 20
36.79560800950072
 10
-35.34560888557139
 20
36.71575071921537
 10
-35.31239218782843
 20
36.63617262809037
 10
-35.278855473274845
 20
36.556876595159835
 10
-35.244996673849606
 20
36.47786557537078
 10
-35.21081361891948
 20
36.39914262569314
 10
-35.17630402861336
 20
36.32071091177262
 10
-35.1414655065497
 20
36.242573715189664
 10
-35.106295531884584
 20
36.16473444139685
 10
-35.07079145059702
 20
36.087196628418205
 10
-35.034950465915216
 20
36.009963956406345
 10
-34.998769627772305
 20
35.93304025816886
 10
-34.96224582116205
 20
35.85642953079349
 10
-34.92537575324304
 20
35.780135948522926
 10
-34.987040345239095
 20
35.71984053548689
 10
-35.04860084297066
 20
35.65943884794201
 10
-35.110057063281516
 20
35.59893106559685
 10
-35.17140882332564
 20
35.538317368475546
 10
-35.23265594056788
 20
35.47759793691741
 10
-35.23265594056788
 20
35.47759793691741
 10
-35.308366899779564
 20
35.51565004933281
 10
-35.384400350732314
 20
35.553360874496185
 10
-35.46075206847859
 20
35.590733639933696
 10
-35.537418007970075
 20
35.62777139811289
 10
-35.614394290983824
 20
35.66447703913678
 10
-35.69167719431739
 20
35.70085330220586
 10
-35.76926313909982
 20
35.73690278599748
 10
-35.847148681086665
 20
35.772627958089736
 10
-35.92533050182628
 20
35.808031163539844
 10
-36.00380540059968
 20
35.84311463271166
 10
-36.08257028704935
 20
35.87788048843449
 10
-36.161622174423535
 20
35.912330752564465
 10
-36.240958173371745
 20
35.946467352010885
 10
-36.320575486235285
 20
35.980292124282215
 10
-36.36472848859946
 20
35.93566678037911
 10
-36.40882666199118
 20
35.89098725442197
 10
-36.45286993992135
 20
35.84625361377641
 10
-36.49685825598366
 20
35.801465925889644
 10
-36.54079154385467
 20
35.75662425829037
 10
-36.505732668765766
 20
35.677542610581696
 10
-36.470366379154235
 20
35.59874709224474
 10
-36.4346908812425
 20
35.52024052917644
 10
-36.39870429328892
 20
35.44202584034481
 10
-36.3624046401313
 20
35.36410604358391
 10
-36.32578984725771
 20
35.28648426189134
 10
-36.288857734351
 20
35.20916373028523
 10
-36.2516060082455
 20
35.132147803285775
 10
-36.21403225522579
 20
35.0554399630962
 10
-36.17613393258671
 20
34.979043828568784
 10
-36.13790835936157
 20
34.90296316505523
 10
-36.099352706110274
 20
34.827201895255804
 10
-36.060463983642286
 20
34.751764111201034
 10
-36.02123903052734
 20
34.67665408752139
 10
-36.08099861522736
 20
34.61447008012634
 10
-36.14065085089255
 20
34.55218308694661
 10
-36.20019556004418
 20
34.48979329329995
 10
-36.25963256552342
 20
34.42730088480991
 10
-36.31896169049192
 20
34.364706047405384
 10
-36.31896169049191
 20
34.3647060474054
 10
-36.39581944242712
 20
34.400385152936394
 10
-36.472988916121906
 20
34.43571310685332
 10
-36.55046598904803
 20
34.47069326651642
 10
-36.62824671304514
 20
34.505328808717145
 10
-36.70632730164806
 20
34.53962274277271
 10
-36.7847041186441
 20
34.573577922349706
 10
-36.86337366771196
 20
34.60719705617085
 10
-36.94233258301458
 20
34.640482717736134
 10
-37.02157762063647
 20
34.67343735417184
 10
-37.1011056507709
 20
34.70606329430487
 10
-37.18091365057488
 20
34.738362756047366
 10
-37.2609986976209
 20
34.770337853165024
 10
-37.341357963882686
 20
34.80199060149348
 10
-37.42198871020107
 20
34.833322924659136
 10
-37.46473251292701
 20
34.78734601453278
 10
-37.50741982814782
 20
34.7413166537347
 10
-37.55005059150163
 20
34.69523491166572
 10
-37.592624738711855
 20
34.64910085780567
 10
-37.635142205587265
 20
34.60291456171321
 10
-37.59764086074526
 20
34.52496149338452
 10
-37.559841148666514
 20
34.447303976571014
 10
-37.52174136432616
 20
34.36994489158893
 10
-37.48333971767229
 20
34.29288721451623
 10
-37.44463432835233
 20
34.21613402315447
 10
-37.40562321998265
 20
34.13968850350764
 10
-37.366304313909374
 20
34.063553956836586
 10
-37.326675422401166
 20
33.987733807356015
 10
-37.28673424120623
 20
33.91223161065096
 10
-37.24647834139517
 20
33.837051062900976
 10
-37.20590516040003
 20
33.76219601101408
 10
-37.16501199214481
 20
33.68767046378829
 10
-37.123795976146475
 20
33.61347860423811
 10
-37.082254085444426
 20
33.53962480324639
 10
-37.14005084930972
 20
33.475612360503405
 10
-37.19773711322311
 20
33.41150032033198
 10
-37.25531270555505
 20
33.34728887347979
 10
-37.31277745500529
 20
33.28297821099021
 10
-37.370131190603345
 20
33.218568524201864
 10
-37.37013119060335
 20
33.21856852420185
 10
-37.44806138035088
 20
33.25184010561814
 10
-37.52629222030582
 20
33.284751010774826
 10
-37.6048196943475
 20
33.31730472361819
 10
-37.683639955023146
 20
33.349504542190274
 10
-37.76274931128853
 20
33.38135359211116
 10
-37.84214421743849
 20
33.41285483875279
 10
-37.92182126308384
 20
33.444011098262735
 10
-38.00177716405118
 20
33.47482504757322
 10
-38.0820087540994
 20
33.5052992335121
 10
-38.16251297736192
 20
33.53543608111637
 10
-38.24328688143475
 20
33.565237901235335
 10
-38.32432761104179
 20
33.59470689749929
 10
-38.40563240221695
 20
33.62384517272003
 10
-38.48719857695058
 20
33.652654734780924
 10
-38.528491828169706
 20
33.60537073812249
 10
-38.56972698799905
 20
33.55803607291728
 10
-38.61090399426622
 20
33.510650810534194
 10
-38.65202278488654
 20
33.46321502241844
 10
-38.69308329786309
 20
33.415728780091385
 10
-38.65317576339713
 20
33.33897970570175
 10
-38.612979197631354
 20
33.26253531904378
 10
-38.572491985943095
 20
33.18639855206648
 10
-38.531712431701926
 20
33.11057243507858
 10
-38.49063875118406
 20
33.035060102871576
 10
-38.44926906804615
 20
32.9598648013736
 10
-38.40760140730855
 20
32.884989894894446
 10
-38.365633688790794
 20
32.81043887403061
 10
-38.32336371993388
 20
32.73621536430915
 10
-38.28078918793401
 20
32.66232313566108
 10
-38.23790765110111
 20
32.58876611282912
 10
-38.19471652934121
 20
32.51554838683073
 10
-38.151213093646106
 20
32.44267422761767
 10
-38.107394454453264
 20
32.37014809809656
 10
-38.16317248284756
 20
32.3043691479098
 10
-38.218836967274406
 20
32.23849408500494
 10
-38.27438774211954
 20
32.172523105375014
 10
-38.32982464210697
 20
32.10645640529843
 10
-38.385147502299546
 20
32.04029418133838
 10
-38.38514750229956
 20
32.04029418133838
 10
-38.464074737433855
 20
32.07112605053376
 10
-38.543291260363745
 20
32.10158806775498
 10
-38.62279316526146
 20
32.13168384016389
 10
-38.70257670910399
 20
32.16141678386245
 10
-38.782638299838844
 20
32.190790137749794
 10
-38.86297448569864
 20
32.219806976034405
 10
-38.94358194552571
 20
32.24847021956427
 10
-39.024457479987426
 20
32.27678264611407
 10
-39.105598003580276
 20
32.30474689974939
 10
-39.18700053733418
 20
32.332365499371214
 10
-39.26866220214035
 20
32.3596408465304
 10
-39.35058021263645
 20
32.38657523259
 10
-39.43275187159052
 20
32.4131708453036
 10
-39.51517456473321
 20
32.43942977486907
 10
-39.554977315891854
 20
32.390884435891536
 10
-39.594720427975716
 20
32.34229025951072
 10
-39.63440384106207
 20
32.29364731899456
 10
-39.674027495318164
 20
32.24495568768451
 10
-39.7135913310014
 20
32.196215438995466
 10
-39.67131621487369
 20
32.12074460831761
 10
-39.62876168300222
 20
32.04558730682216
 10
-39.58592621272854
 20
31.97074651525448
 10
-39.5428082024851
 20
31.89622531522243
 10
-39.49940596690252
 20
31.822026895474707
 10
-39.45571773149299
 20
31.748154558723353
 10
-39.41174162686177
 20
31.674611729072392
 10
-39.3674756823917
 20
31.60140196012319
 10
-39.32291781933771
 20
31.52852894383733
 10
-39.27806584325912
 20
31.45599652025014
 10
-39.232917435705865
 20
31.3838086881421
 10
-39.187470145062136
 20
31.311969616792318
 10
-39.14172137643468
 20
31.24048365895892
 10
-39.095668380454484
 20
31.169355365254688
 10
-39.14937371173767
 20
31.10187354451021
 10
-39.20296256488433
 20
31.034299188740796
 10
-39.256434780455685
 20
30.96663249899527
 10
-39.3097901993599
 20
30.89887367659714
 10
-39.36302866285273
 20
30.831022923144065
 10
-39.36302866285271
 20
30.831022923144076
 10
-39.442876586371234
 20
30.85938525227634
 10
-39.52300215540625
 20
30.887368911527794
 10
-39.60340157820158
 20
30.914977627786143
 10
-39.68407121978503
 20
30.942214931908424
 10
-39.76500759057102
 20
30.96908417293939
 10
-39.84620733606929
 20
30.99558853094997
 10
-39.927667227566616
 20
31.021731028662828
 10
-40.009384153666396
 20
31.04751454200779
 10
-40.09135511258769
 20
31.072941809730196
 10
-40.17357720513886
 20
31.098015442158147
 10
-40.25604762829171
 20
31.122737929220715
 10
-40.338763669292305
 20
31.14711164779698
 10
-40.42172270025222
 20
31.171138868465803
 10
-40.50492217317153
 20
31.1948217617174
 10
-40.54319591767857
 20
31.14506204490098
 10
-40.58140853312279
 20
31.095255369071804
 10
-40.61955996188906
 20
31.045401809325956
 10
-40.65765014645451
 20
30.995501440830214
 10
-40.69567902938861
 20
30.945554338821935
 10
-40.6510772300437
 20
30.871434765010328
 10
-40.60620590082776
 20
30.79763725851267
 10
-40.56106361251966
 20
30.724164845986916
 10
-40.51564886016414
 20
30.651020657358867
 10
-40.469960058376685
 20
30.578207932249505
 10
-40.423995536241726
 20
30.50573002695962
 10
-40.377753531757975
 20
30.43359042207485
 10
-40.33123218577797
 20
30.36179273076355
 10
-40.284429535381705
 20
30.29034070785012
 10
-40.237343506614515
 20
30.2192382597592
 10
-40.18997190650936
 20
30.148489455440462
 10
-40.14231241430033
 20
30.07809853840118
 10
-40.094362571719536
 20
30.008069939994783
 10
-40.046119772251316
 20
29.938408294137858
 10
-40.09770044998387
 20
29.86928888713898
 10
-40.149161828095906
 20
29.800080612329996
 10
-40.20050375347836
 20
29.730783675621012
 10
-40.2517260733775
 20
29.661398283185882
 10
-40.30282863539548
 20
29.59192464146167
 10
-40.30282863539548
 20
29.59192464146166
 10
-40.38351999958911
 20
29.61778999180912
 10
-40.464477098416054
 20
29.64326822070778
 10
-40.54569625785994
 20
29.66836317116567
 10
-40.62717395451607
 20
29.693078485379022
 10
-40.708906804641636
 20
29.71741761929824
 10
-40.790891554268796
 20
29.741383855780168
 10
-40.873125070252385
 20
29.76498031649787
 10
-40.955604332141824
 20
29.788209972754032
 10
-41.03832642478281
 20
29.8110756553242
 10
-41.12128853156693
 20
29.83358006343826
 10
-41.20448792825834
 20
29.85572577299466
 10
-41.28792197733588
 20
29.877515244089015
 10
-41.37158812279701
 20
29.898950827928832
 10
-41.455483885376246
 20
29.920034773196875
 10
-41.492191595855736
 20
29.869108817853903
 10
-41.5288367464228
 20
29.818137827318516
 10
-41.565419281825626
 20
29.767121878442296
 10
-41.601939146906865
 20
29.716061048144613
 10
-41.63839628660363
 20
29.664955413412514
 10
-41.59151095340184
 20
29.592258802367883
 10
-41.544366236954495
 20
29.519892485189406
 10
-41.49696080286045
 20
29.44785953151957
 10
-41.44929324423266
 20
29.376163116574073
 10
-41.401362077205306
 20
29.304806527712078
 10
-41.35316573605153
 20
29.233793171576117
 10
-41.30470256786808
 20
29.16312658186621
 10
-41.25597082677585
 20
29.092810427822176
 10
-41.206968667578856
 20
29.022848523498688
 10
-41.157694138814904
 20
28.953244837930487
 10
-41.108145175121514
 20
28.884003506299987
 10
-41.05831958882784
 20
28.81512884223731
 10
-41.00821506066961
 20
28.746625351404155
 10
-40.957829129506145
 20
28.67849774653787
 10
-41.00723525271364
 20
28.60780762184686
 10
-41.05651937023133
 20
28.537032382534445
 10
-41.10568133542793
 20
28.466172239172792
 10
-41.154721002035615
 20
28.39522740258666
 10
-41.203638224150424
 20
28.324198083852792
 10
-41.203638224150424
 20
28.324198083852785
 10
-41.28509496533569
 20
28.347541432359474
 10
-41.366805273189954
 20
28.370489582364364
 10
-41.448765594991094
 20
28.393046489277957
 10
-41.530972522310535
 20
28.4152159031121
 10
-41.61342278052183
 20
28.437001383379414
 10
-41.69611321932753
 20
28.45840631254673
 10
-41.77904080418161
 20
28.47943390821748
 10
-41.86220260850167
 20
28.500087234192684
 10
-41.94559580658024
 20
28.520369210539474
 10
-42.02921766711704
 20
28.54028262277822
 10
-42.11306554730403
 20
28.559830130284716
 10
-42.197136887404554
 20
28.57901427399113
 10
-42.28142920577466
 20
28.597837483458974
 10
-42.36594009428185
 20
28.6163020833881
 10
-42.401046258394636
 20
28.56425915709137
 10
-42.436088492268034
 20
28.51217316299121
 10
-42.47106674306708
 20
28.46004417962034
 10
-42.505980958053236
 20
28.407872285576317
 10
-42.540831084584575
 20
28.355657559521397
 10
-42.49170757605772
 20
28.284454240519892
 10
-42.44233508184733
 20
28.213589122398762
 10
-42.39271236366319
 20
28.14306531481534
 10
-42.34283811404758
 20
28.072886035203418
 10
-42.29271095208881
 20
28.00305461548002
 10
-42.24232941876357
 20
27.933574509333724
 10
-42.1916919718657
 20
27.864449300160288
 10
-42.14079698047347
 20
27.79568270972126
 10
-42.08964271890001
 20
27.727278607611733
 10
-42.03822736006353
 20
27.659241021636753
 10
-41.98654896820421
 20
27.59157414921097
 10
-41.93460549086271
 20
27.524282369914182
 10
-41.88239475002209
 20
27.457370259357415
 10
-41.82991443229763
 20
27.390842604539536
 10
-41.877098203746726
 20
27.318650150286576
 10
-41.924157381469314
 20
27.246376416943814
 10
-41.971091825453826
 20
27.174021619541772
 10
-42.01790139605979
 20
27.101585973352126
 10
-42.06458595401829
 20
27.029069693887124
 10
-42.06458595401828
 20
27.029069693887138
 10
-42.14672926805886
 20
27.049868457370973
 10
-42.2291137354948
 20
27.070264327629044
 10
-42.311735928335175
 20
27.090261368647724
 10
-42.394592556424996
 20
27.10986343462655
 10
-42.47768045742215
 20
27.1290741851968
 10
-42.56099658774732
 20
27.14789709916295
 10
-42.644538014389354
 20
27.166335486945986
 10
-42.72830190746528
 20
27.18439250188122
 10
-42.81228553344816
 20
27.202071150502416
 10
-42.896486248988175
 20
27.219374301925594
 10
-42.980901495261925
 20
27.236304696431127
 10
-43.065528792793536
 20
27.25286495332955
 10
-43.15036573669852
 20
27.269057578185933
 10
-43.23540999230708
 20
27.284884969468227
 10
-43.26888064710668
 20
27.231775420387798
 10
-43.302286063188326
 20
27.178624812558233
 10
-43.33562619018496
 20
27.12543322611743
 10
-43.36890097782794
 20
27.072200741265092
 10
-43.40211037594719
 20
27.01892743826257
 10
-43.350796215917185
 20
26.949286295916732
 10
-43.29924370864324
 20
26.879990934277977
 10
-43.24745171314401
 20
26.811044500010098
 10
-43.195419022655976
 20
26.742450249652318
 10
-43.1431443605576
 20
26.674211556456118
 10
-43.090626375940545
 20
26.60633191781487
 10
-43.037863638787755
 20
26.5388149633534
 10
-42.98485463471268
 20
26.47166446375441
 10
-42.931597759207094
 20
26.40488434040983
 10
-42.87809131133716
 20
26.338478675998363
 10
-42.824333486818425
 20
26.27245172610617
 10
-42.770322370388705
 20
26.206807932025765
 10
-42.71605592738548
 20
26.14155193489091
 10
-42.66153199441806
 20
26.076688591330843
 10
-42.70644776685719
 20
26.003063649052955
 10
-42.751236478069494
 20
25.929361341849127
 10
-42.79589799479857
 20
25.855581889000216
 10
-42.84043218416641
 20
25.78172551001657
 10
-42.884838913673846
 20
25.70779242463743
 10
-42.884838913673846
 20
25.707792424637418
 10
-42.967589332218566
 20
25.726026481638
 10
-43.05056825758464
 20
25.74385034046203
 10
-43.13377238982874
 20
25.76126816974009
 10
-43.21719856025248
 20
25.778283924130758
 10
-43.30084372185744
 20
25.794901359843465
 10
-43.38470494072687
 20
25.81112404865485
 10
-43.46877938822202
 20
25.826955390600812
 10
-43.553064333897055
 20
25.842398625500326
 10
-43.6375571390501
 20
25.85745684344514
 10
-43.72225525083908
 20
25.87213299437125
 10
-43.80715619690067
 20
25.88642989681257
 10
-43.89225758041858
 20
25.90035024592398
 10
-43.97755707559432
 20
25.913896620850146
 10
-44.06305242347945
 20
25.927071491506737
 10
-44.094855188269015
 20
25.87294669970131
 10
-44.1265914689763
 20
25.818782897922738
 10
-44.15826121775089
 20
25.764580167836563
 10
-44.18986438684268
 20
25.71033859116703
 10
-44.22140092860194
 20
25.65605824969696
 10
-44.167945760204546
 20
25.588046657314308
 10
-44.11426311358836
 20
25.520388090944948
 10
-44.06035194618476
 20
25.453085731214937
 10
-44.00621115309188
 20
25.38614287061843
 10
-43.95183956321337
 20
25.31956292047796
 10
-43.89723593506278
 20
25.25334941850822
 10
-43.84239895219565
 20
25.187506037051644
 10
-43.78732721822566
 20
25.12203659206421
 10
-43.73201925137544
 20
25.056945052940975
 10
-43.6764734785047
 20
24.992235553284598
 10
-43.62068822854989
 20
24.927912402735735
 10
-43.56466172529884
 20
24.86398010000295
 10
-43.50839207941188
 20
24.800443347252738
 10
-43.45187727958526
 20
24.73730706604625
 10
-43.49448159990543
 20
24.66232086312009
 10
-43.536956514421995
 20
24.58726128427744
 10
-43.579301896762615
 20
24.51212855283732
 10
-43.6215176209403
 20
24.436922892336398
 10
-43.663603561353845
 20
24.361644526528327
 10
-43.66360356135383
 20
24.36164452652834
 10
-43.7468810287171
 20
24.377296236773155
 10
-43.830374135262126
 20
24.39253084073086
 10
-43.91407971228568
 20
24.40735260764339
 10
-43.997994715611426
 20
24.42176558880246
 10
-44.08211621653247
 20
24.435773633361805
 10
-44.166441393632994
 20
24.449380402614718
 10
-44.25096752538317
 20
24.462589382922733
 10
-44.33569198341584
 20
24.475403897454136
 10
-44.420612226406945
 20
24.487827116869227
 10
-44.50572579449187
 20
24.499862069070097
 10
-44.59103030415923
 20
24.511511648117445
 10
-44.67652344357108
 20
24.522778622403106
 10
-44.76220296826497
 20
24.533665642156187
 10
-44.84806669719922
 20
24.544175246350605
 10
-44.87817080485775
 20
24.48908757406066
 10
-44.90820724738876
 20
24.43396297831319
 10
-44.938175979504734
 20
24.37880154222237
 10
-44.968076956020276
 20
24.32360334895794
 10
-44.99791013185216
 20
24.268368481745057
 10
-44.94236566951045
 20
24.20205223614876
 10
-44.886604818045576
 20
24.13609592034209
 10
-44.83062663431028
 20
24.070502745836333
 10
-44.77443011633324
 20
24.005276037895285
 10
-44.71801419967626
 20
23.940419242612307
 10
-44.661377753475875
 20
23.875935934600896
 10
-44.60451957613373
 20
23.811829825368353
 10
-44.54743839061469
 20
23.74810477245222
 10
-44.49013283930576
 20
23.684764789410565
 10
-44.4326014783821
 20
23.621814056771004
 10
-44.3748427716177
 20
23.559256934059377
 10
-44.31685508356882
 20
23.49709797304811
 10
-44.25863667204638
 20
23.435341932387367
 10
-44.20018567977946
 20
23.373993793808932
 10
-44.240437331052306
 20
23.297718874542927
 10
-44.28055735713653
 20
23.221374639356327
 10
-44.32054563866612
 20
23.144961315390304
 10
-44.36040205666697
 20
23.068479129991562
 10
-44.400126492557355
 20
22.991928310711703
 10
-44.400126492557355
 20
22.991928310711696
 10
-44.483850443167874
 20
23.004982532181923
 10
-44.56777695670359
 20
23.017613142777886
 10
-44.65190299876685
 20
23.02982450822265
 10
-44.73622565264847
 20
23.04162077252171
 10
-44.82074211076636
 20
23.05300587404927
 10
-44.9054496669352
 20
23.063983560073236
 10
-44.99034570936695
 20
23.074557399907935
 10
-45.07542771431595
 20
23.08473079685604
 10
-45.16069324029451
 20
23.094506999078966
 10
-45.24613992279524
 20
23.103889109515606
 10
-45.33176546946458
 20
23.112880094953628
 10
-45.41756765567945
 20
23.12148279434359
 10
-45.5035443204849
 20
23.1296999264351
 10
-45.58969336285594
 20
23.137534096804035
 10
-45.61806968960352
 20
23.081536837794737
 10
-45.64637723563997
 20
23.02550477756458
 10
-45.6746159582845
 20
22.96943800059599
 10
-45.702785814960144
 20
22.91333659142372
 10
-45.73088676319378
 20
22.85720063463477
 10
-45.67330674258779
 20
22.792643892509474
 10
-45.61552163129677
 20
22.72845363574132
 10
-45.557530586507234
 20
22.66463310361988
 10
-45.4993327101478
 20
22.601185650961632
 10
-45.44092704546815
 20
22.53811475529688
 10
-45.382312573321855
 20
22.475424024679707
 10
-45.323488208119144
 20
22.413117206191647
 10
-45.26445279341149
 20
22.35119819521989
 10
-45.20520509706374
 20
22.289671045602667
 10
-45.14574380596325
 20
22.22853998074814
 10
-45.08606752020777
 20
22.167809405849784
 10
-45.026174746704164
 20
22.107483921340336
 10
-44.966063892099434
 20
22.047568337749954
 10
-44.90573325495222
 20
21.98806769216154
 10
-44.94359329630475
 20
21.91057784761394
 10
-44.98131962042252
 20
21.833022814200323
 10
-45.0189121150613
 20
21.755402822664255
 10
-45.05637066837498
 20
21.677718103942542
 10
-45.093695168916035
 20
21.599968889164593
 10
-45.09369516891604
 20
21.599968889164582
 10
-45.17778460525883
 20
21.610412992744052
 10
-45.26206333230369
 20
21.62042739067826
 10
-45.34652845289416
 20
21.630016540947842
 10
-45.431177180609915
 20
21.639184676263024
 10
-45.51600683170983
 20
21.647935820408364
 10
-45.60101481785713
 20
21.656273803001145
 10
-45.686198639532336
 20
21.664202272855395
 10
-45.771555880052816
 20
21.67172471011569
 10
-45.857084200129236
 20
21.678844437302182
 10
-45.94278133289892
 20
21.685564629388683
 10
-46.028645079383864
 20
21.691888323019633
 10
-46.11467330432806
 20
21.69781842495783
 10
-46.20086393237456
 20
21.703357719843176
 10
-46.28721494454775
 20
21.708508877332754
 10
-46.31383603812093
 20
21.651656205335666
 10
-46.340387301940225
 20
21.594770888022328
 10
-46.366868695972926
 20
21.53785301116167
 10
-46.39328018029166
 20
21.48090266057169
 10
-46.419621715074506
 20
21.423919922119374
 10
-46.36006184115543
 20
21.361185137943757
 10
-46.30030837340144
 20
21.298823040141883
 10
-46.24036057014821
 20
21.2368368926478
 10
-46.1802176380931
 20
21.175230076585105
 10
-46.1198787290993
 20
21.11400609755676
 10
-46.059342936723326
 20
21.053168593566888
 10
-45.99860929243428
 20
20.99272134364617
 10
-45.93767676148902
 20
20.932668277262938
 10
-45.8765442384222
 20
20.87301348461373
 10
-45.81521054210376
 20
20.81376122790139
 10
-45.75367441030956
 20
20.754915953725302
 10
-45.69193449374146
 20
20.69648230672788
 10
-45.62998934942407
 20
20.638465144665396
 10
-45.56783743339162
 20
20.58086955509882
 10
-45.60326923767898
 20
20.502239751689626
 10
-45.63856536204822
 20
20.423548949535007
 10
-45.67372570148549
 20
20.34479738275769
 10
-45.708750151380904
 20
20.265985285661184
 10
-45.74363860752892
 20
20.187112892729093
 10
-45.743638607528915
 20
20.187112892729104
 10
-45.82801217850514
 20
20.194936774422118
 10
-45.912561584833796
 20
20.202325271411333
 10
-45.9972840694024
 20
20.209282929622155
 10
-46.08217697877516
 20
20.215814066374662
 10
-46.16723775564831
 20
20.22192278697101
 10
-46.25246393203762
 20
20.227612999672946
 10
-46.337853123110335
 20
20.23288842926421
 10
-46.42340302158479
 20
20.237752629364476
 10
-46.50911139263315
 20
20.242208993638304
 10
-46.594976069230505
 20
20.246260766022832
 10
-46.68099494790176
 20
20.249911050081543
 10
-46.767165984823684
 20
20.253162817577337
 10
-46.85348719224514
 20
20.25601891634646
 10
-46.9399566351931
 20
20.258482077544496
 10
-46.96479674140312
 20
20.200828993848003
 10
-46.98956603637232
 20
20.143145452322106
 10
-47.01426448275473
 20
20.085431539939254
 10
-47.03889204331125
 20
20.027687343717677
 10
-47.06344868090963
 20
19.969912950721277
 10
-47.00196657400886
 20
19.909060816347367
 10
-46.940302557412856
 20
19.848587208813807
 10
-46.87845599132391
 20
19.788495413541476
 10
-46.8164261879756
 20
19.72878883469006
 10
-46.754212408665175
 20
19.669471002543748
 10
-46.691813860529024
 20
19.61054558153715
 10
-46.62922969303207
 20
19.552016378994157
 10
-46.566458994137626
 20
19.493887354662707
 10
-46.50350078611961
 20
19.43616263114065
 10
-46.44035402097325
 20
19.37884650530213
 10
-46.37701757537357
 20
19.321943460850612
 10
-46.313490245122864
 20
19.265458182144805
 10
-46.249770739019276
 20
19.20939556946753
 10
-46.18585767206633
 20
19.15376075593595
 10
-46.2188269613062
 20
19.074067062921735
 10
-46.251658739206135
 20
18.994316620295034
 10
-46.284352908084294
 20
18.91450966533124
 10
-46.31690937066819
 20
18.83464643547388
 10
-46.34932803009509
 20
18.75472716833391
 10
-46.34932803009509
 20
18.754727168333904
 10
-46.43390410972401
 20
18.75992325904022
 10
-46.51864239924636
 20
18.764678707190793
 10
-46.60354028426099
 20
18.768998142257892
 10
-46.68859524688367
 20
18.772885961994717
 10
-46.77380485872198
 20
18.77634634924942
 10
-46.8591667745319
 20
18.779383287147212
 10
-46.94467872647453
 20
18.782000572838076
 10
-47.030338518901345
 20
18.784201829978866
 10
-47.11614402360804
 20
18.785990520095403
 10
-47.20209317550394
 20
18.78736995294986
 10
-47.288183968651836
 20
18.788343296022248
 10
-47.37441445263853
 20
18.788913583200603
 10
-47.46078272924173
 20
18.789083722762403
 10
-47.547286949362935
 20
18.788856504719515
 10
-47.57032203701133
 20
18.73045878495863
 10
-47.59328540043724
 20
18.672032824321168
 10
-47.61617700501762
 20
18.61357871089896
 10
-47.638996816237615
 20
18.555096532826283
 10
-47.66174479969063
 20
18.496586378279726
 10
-47.598399939775845
 20
18.437675764217456
 10
-47.53488503029135
 20
18.379149151261863
 10
-47.47119953392509
 20
18.321009843142242
 10
-47.407342869112206
 20
18.26326126376106
 10
-47.343314407298614
 20
18.205906964668394
 10
-47.279113469967655
 20
18.148950633184267
 10
-47.21473932540291
 20
18.092396101242404
 10
-47.15019118515647
 20
18.03624735503957
 10
-47.08546820018744
 20
17.98050854558659
 10
-47.02056945663018
 20
17.925184000271926
 10
-46.955493971145614
 20
17.870278235565465
 10
-46.89024068580147
 20
17.81579597101037
 10
-46.824808462418574
 20
17.76174214467534
 10
-46.75919607630964
 20
17.70812193026772
 10
-46.78967095484397
 20
17.62744144614954
 10
-46.82000662364991
 20
17.546708516453393
 10
-46.850202992472084
 20
17.465923381377802
 10
-46.88025997146953
 20
17.385086281276593
 10
-46.91017747121602
 20
17.3041974566582
 10
-46.91017747121603
 20
17.30419745665819
 10
-46.99487423760287
 20
17.30676072949564
 10
-47.07971943149655
 20
17.308878528218603
 10
-47.164710583736486
 20
17.310555561367515
 10
-47.24984531442595
 20
17.311796302874157
 10
-47.33512132643313
 20
17.31260500908603
 10
-47.42053639952314
 20
17.312985734138408
 10
-47.50608838504486
 20
17.312942343873992
 10
-47.59177520110712
 20
17.312478528481183
 10
-47.67759482818801
 20
17.31159781399827
 10
-47.763545305128936
 20
17.310303572810454
 10
-47.84962472547118
 20
17.308599033249966
 10
-47.9358312340985
 20
17.306487288394862
 10
-48.02216302415384
 20
17.3039713041503
 10
-48.10861833420211
 20
17.301053926685277
 10
-48.12982611832927
 20
17.241968066882304
 10
-48.150961334640854
 20
17.18285621047681
 10
-48.17202395127019
 20
17.12371844659479
 10
-48.19301393646011
 20
17.064554864401284
 10
-48.213931258562916
 20
17.005365553100276
 10
-48.14878492769502
 20
16.948453451564067
 10
-48.083480571894924
 20
16.8919304539046
 10
-48.01801775685602
 20
16.835799878963424
 10
-47.952396007777644
 20
16.780065167073396
 10
-47.88661480686249
 20
16.724729887614586
 10
-47.82067359059723
 20
16.669797747225164
 10
-47.754571746792024
 20
16.615272598741576
 10
-47.6883086113505
 20
16.561158450953002
 10
-47.62188346473835
 20
16.507459479267407
 10
-47.55529552811314
 20
16.454180037401116
 10
-47.48854395907308
 20
16.401324670221022
 10
-47.42162784697475
 20
16.348898127888926
 10
-47.35454620776281
 20
16.296905381482095
 10
-47.28729797824394
 20
16.245351640292878
 10
-47.31524896359593
 20
16.163762418228448
 10
-47.3430591755075
 20
16.082125105358287
 10
-47.37072853123705
 20
16.00043994457166
 10
-47.39825694846206
 20
15.918707178900162
 10
-47.42564434527935
 20
15.836927051517048
 10
-47.42564434527935
 20
15.836927051517062
 10
-47.51037985977269
 20
15.836855026684713
 10
-47.595249875792234
 20
15.836333127146585
 10
-47.68025207180676
 20
15.83536613595605
 10
-47.76538420820939
 20
15.833958598895233
 10
-47.85064412135131
 20
15.832114841693244
 10
-47.936029718154614
 20
15.829838985573307
 10
-48.02153897123474
 20
15.827134961330893
 10
-48.10716991447189
 20
15.824006522115926
 10
-48.192920638980354
 20
15.820457255067938
 10
-48.27878928943089
 20
15.816490591932613
 10
-48.36477406068765
 20
15.81210981877118
 10
-48.45087319472606
 20
15.80731808485939
 10
-48.537084977802294
 20
15.802118410860727
 10
-48.62340773784881
 20
15.796513696347848
 10
-48.642767701293266
 20
15.736796858256154
 10
-48.662054323533724
 20
15.677056292986027
 10
-48.68126757549075
 20
15.61729209061139
 10
-48.70040742819553
 20
15.557504341241808
 10
-48.71947385278993
 20
15.497693135022349
 10
-48.652589075836616
 20
15.442834604794834
 10
-48.58555845146755
 20
15.388369904781246
 10
-48.51838164880169
 20
15.334302365724636
 10
-48.45105830026195
 20
15.280635441059943
 10
-48.3835879993087
 20
15.22737271454409
 10
-48.31597029797714
 20
15.174517908547468
 10
-48.24820470419623
 20
15.122074893081857
 10
-48.18029067886364
 20
15.070047695650619
 10
-48.1122276326477
 20
15.018440512019424
 10
-48.044014922482724
 20
14.967257718020512
 10
-47.97565184771912
 20
14.916503882520932
 10
-47.90713764588335
 20
14.866183781705626
 10
-47.838471487995896
 20
14.81630241485124
 10
-47.769652473386
 20
14.766865021795478
 10
-47.79505252478252
 20
14.684445994087792
 10
-47.820310375215776
 20
14.601983276871357
 10
-47.84542594953804
 20
14.519477115491197
 10
-47.87039917302485
 20
14.436927755421575
 10
-47.8952299713753
 20
14.354335442265292
 10
-47.895229971375294
 20
14.354335442265281
 10
-47.97992225783741
 20
14.351628189442517
 10
-48.06473498972358
 20
14.348467096547386
 10
-48.14966599537783
 20
14.34485701651893
 10
-48.23471317764983
 20
14.340802562591854
 10
-48.31987450846693
 20
14.336308125692021
 10
-48.40514802393319
 20
14.33137789014358
 10
-48.490531819891885
 20
14.326015847891986
 10
-48.57602404789674
 20
14.320225811417753
 10
-48.661622911544924
 20
14.314011425491335
 10
-48.74732666313149
 20
14.307376177898902
 10
-48.83313360058982
 20
14.300323409251636
 10
-48.919042064687766
 20
14.292856321976243
 10
-49.005050436452684
 20
14.28497798857226
 10
-49.09115713480214
 20
14.276691359210844
 10
-49.10865054804961
 20
14.216401315014526
 10
-49.126069917657546
 20
14.156089836018378
 10
-49.14341521736185
 20
14.095757013157115
 10
-49.160686421010126
 20
14.035402937397642
 10
-49.177883502561706
 20
13.975027699738906
 10
-49.109324986225
 20
13.922275812905093
 10
-49.04063294108693
 20
13.869922101617105
 10
-48.97180714001216
 20
13.8179699052972
 10
-48.902847323002746
 20
13.766422687141432
 10
-48.833753195170075
 20
13.715284041816522
 10
-48.76452442453123
 20
13.664557703823931
 10
-48.69516063961004
 20
13.614247556606783
 10
-48.625661426819725
 20
13.564357642486273
 10
-48.55602632760144
 20
13.51489217352664
 10
-48.48625483528833
 20
13.465855543442718
 10
-48.41634639166085
 20
13.417252340681607
 10
-48.346300383153
 20
13.369087362830752
 10
-48.276116136663056
 20
13.321365632529714
 10
-48.20579291491416
 20
13.274092415092326
 10
-48.22861745944591
 20
13.190923316827739
 10
-48.25129851306182
 20
13.107714972618167
 10
-48.2738360082807
 20
13.024467630027036
 10
-48.29622987804846
 20
12.941181536733792
 10
-48.318480055738334
 20
12.857856940533178
 10
-48.31848005573833
 20
12.857856940533171
 10
-48.40304717985183
 20
12.852517078812246
 10
-48.48772057676406
 20
12.84671985071334
 10
-48.572498226795254
 20
12.840470174366232
 10
-48.65737817728046
 20
12.833772725995221
 10
-48.74235853768524
 20
12.826631957474977
 10
-48.827437475195524
 20
12.819052112182508
 10
-48.91261321072463
 20
12.811037239351311
 10
-48.99788401528801
 20
12.802591207104161
 10
-49.08324820670366
 20
12.793717714316346
 10
-49.168704146581696
 20
12.78442030144032
 10
-49.25425023757135
 20
12.774702360405387
 10
-49.339884920838124
 20
12.764567143691076
 10
-49.4256066737468
 20
12.75401777266053
 10
-49.51141400772966
 20
12.743057245229295
 10
-49.527023947032625
 20
12.68225232165235
 10
-49.54255921189295
 20
12.621428276390953
 10
-49.5580197788873
 20
12.56058520115265
 10
-49.573405624704996
 20
12.499723187673677
 10
-49.588716726148
 20
12.438842327718824
 10
-49.51855079636468
 20
12.3882481183223
 10
-49.44826378557487
 20
12.338056044594369
 10
-49.37785557060868
 20
12.28826945140583
 10
-49.30732599929886
 20
12.23889180836343
 10
-49.236674888693074
 20
12.189926717566076
 10
-49.16590202311147
 20
12.141377922033413
 10
-49.095007152032096
 20
12.093249314882929
 10
-49.02398998778391
 20
12.045544949342972
 10
-48.95285020302446
 20
11.998269049701449
 10
-48.88158742797591
 20
11.951426023305135
 10
-48.81020124738881
 20
11.90502047374218
 10
-48.738691197198264
 20
11.859057215361164
 10
-48.66705676083152
 20
11.813541289305478
 10
-48.59529736511892
 20
11.76847798127124
 10
-48.61552432151316
 20
11.684639273180935
 10
-48.63560663585719
 20
11.60076580067732
 10
-48.655544248401625
 20
11.516857813302734
 10
-48.67533709982761
 20
11.43291556070218
 10
-48.694985131247
 20
11.348939292622628
 10
-48.694985131246995
 20
11.348939292622642
 10
-48.77934527978098
 20
11.340971987974903
 10
-48.8637974256763
 20
11.332544233115994
 10
-48.948339703183315
 20
11.323661006608477
 10
-49.032970306011514
 20
11.314327043142281
 10
-49.11768748299365
 20
11.304546851233987
 10
-49.20248953417066
 20
11.294324729208277
 10
-49.28737480724703
 20
11.28366477966931
 10
-49.37234169437266
 20
11.27257092263996
 10
-49.457388629213746
 20
11.261046907521937
 10
-49.54251408428049
 20
11.24909632400881
 10
-49.62771656848335
 20
11.23672261206654
 10
-49.71299462489352
 20
11.223929071080912
 10
-49.79834682868627
 20
11.210718868258953
 10
-49.88377178524869
 20
11.197095046360316
 10
-49.89748314899902
 20
11.135834068239275
 10
-49.91111927974631
 20
11.074556300048163
 10
-49.92468015693064
 20
11.013261834178627
 10
-49.9381657601056
 20
10.951950763047483
 10
-49.951576068938245
 20
10.890623179096591
 10
-49.87987060671377
 20
10.842235593767372
 10
-49.80805662841575
 20
10.794253715189226
 10
-49.73613411495889
 20
10.74668089044555
 10
-49.66410302215382
 20
10.699520592197153
 10
-49.5919632791615
 20
10.652776426490345
 10
-49.519714786813786
 20
10.606452141241814
 10
-49.44735741578535
 20
10.560551635477074
 10
-49.374891004599114
 20
10.515078969410393
 10
-49.30231535744576
 20
10.470038375466611
 10
-49.22963024179419
 20
10.42543427036064
 10
-49.15683538576679
 20
10.381271268367987
 10
-49.0839304752487
 20
10.337554195940802
 10
-49.01091515069592
 20
10.29428810784933
 10
-48.93778900360044
 20
10.251478305058399
 10
-48.955398803583215
 20
10.167051095677813
 10
-48.972862950313214
 20
10.082593637047925
 10
-48.99018139183072
 20
9.998106180448552
 10
-49.00735407660948
 20
9.913588977248756
 10
-49.024380953556935
 20
9.82904227890611
 10
-49.024380953556935
 20
9.829042278906101
 10
-49.10845251351603
 20
9.818455239184235
 10
-49.19260170639755
 20
9.807405110873855
 10
-49.27682682218694
 20
9.795896928153857
 10
-49.36112620271569
 20
9.783935479599304
 10
-49.44549823787783
 20
9.77152532600699
 10
-49.529941362213904
 20
9.758670816490914
 10
-49.61445405181808
 20
9.745376103056891
 10
-49.69903482153015
 20
9.731645153835535
 10
-49.783682222379866
 20
9.71748176512766
 10
-49.868394839255295
 20
9.702889572395168
 10
-49.95317128877061
 20
9.687872060312722
 10
-50.038010217312184
 20
9.672432571980421
 10
-50.12291029924423
 20
9.656574317385111
 10
-50.20787023525782
 20
9.640300381186881
 10
-50.21966975859662
 20
9.578642614561598
 10
-50.23139356315505
 20
9.516970405723935
 10
-50.24304163125652
 20
9.455283847660251
 10
-50.25461394533862
 20
9.393583033378544
 10
-50.26611048795319
 20
9.331868055908307
 10
-50.19293486369126
 20
9.285733906510135
 10
-50.11966339327099
 20
9.240008642450439
 10
-50.04629616171017
 20
9.19469560978712
 10
-49.972833232840095
 20
9.149798280875483
 10
-49.8992746480035
 20
9.105320262220618
 10
-49.825620424639936
 20
9.061265303010389
 10
-49.75187055474577
 20
9.01763730440629
 10
-49.67802500319415
 20
8.974440329680496
 10
-49.60408370589829
 20
8.931678615300196
 10
-49.53004656779881
 20
8.889356583075546
 10
-49.45591346065293
 20
8.847478853505399
 10
-49.38168422059973
 20
8.806050260476198
 10
-49.307358645471794
 20
8.765075867494872
 10
-49.23293649181799
 20
8.72456098566662
 10
-49.24791209904511
 20
8.639626952868186
 10
-49.26274118272703
 20
8.554667215248648
 10
-49.27742369874393
 20
8.469682025582216
 10
-49.291959603412025
 20
8.384671636718815
 10
-49.30634885348376
 20
8.299636301583359
 10
-49.30634885348376
 20
8.299636301583352
 10
-49.39005049106336
 20
8.286439769064536
 10
-49.47381532202165
 20
8.272777957588163
 10
-49.55764179373352
 20
8.258655952079222
 10
-49.64152839775653
 20
8.244078590365271
 10
-49.72547366660373
 20
8.229050481111043
 10
-49.809476170829754
 20
8.21357602001236
 10
-49.89353451639269
 20
8.197659404459905
 10
-49.97764734225908
 20
8.181304646853112
 10
-50.06181331822398
 20
8.164515586719235
 10
-50.14603114292234
 20
8.147295901771423
 10
-50.23029954201041
 20
8.129649118021847
 10
-50.31461726649927
 20
8.111578619050693
 10
-50.39898309122451
 20
8.093087654519165
 10
-50.48339581343823
 20
8.074179348003575
 10
-50.49327208108873
 20
8.01218444278116
 10
-50.503072217434564
 20
7.950177457175958
 10
-50.51279620769954
 20
7.88815848467909
 10
-50.5224440372223
 20
7.826127618799753
 10
-50.53201569145633
 20
7.764084953065076
 10
-50.45744069784742
 20
7.720248871407968
 10
-50.38278262072038
 20
7.676824458106581
 10
-50.3080416491138
 20
7.633815054956224
 10
-50.23321795481786
 20
7.591224130647424
 10
-50.158311691317124
 20
7.549055288654981
 10
-50.08332299264193
 20
7.507312275810846
 10
-50.0082519721181
 20
7.465998991638362
 10
-49.93309872100298
 20
7.425119498536672
 10
-49.85786330699433
 20
7.384678032916798
 10
-49.78254577259642
 20
7.34467901740632
 10
-49.707146133325416
 20
7.305127074257411
 10
-49.63166437573284
 20
7.266027040114325
 10
-49.556100455223444
 20
7.227383982322063
 10
-49.480454293638495
 20
7.189203216988048
 10
-49.49278122017716
 20
7.103844528963122
 10
-49.50496089463025
 20
7.018464705413042
 10
-49.51699328076056
 20
6.933064000361868
 10
-49.528878342769005
 20
6.847642667895782
 10
-49.5406160452949
 20
6.762200962162341
 10
-49.5406160452949
 20
6.762200962162355
 10
-49.62386678456643
 20
6.746407703639519
 10
-49.70716621653741
 20
6.730147425917421
 10
-49.790512947474205
 20
6.713425259747811
 10
-49.87390562011983
 20
6.696246087530459
 10
-49.957342911026004
 20
6.678614561339441
 10
-50.04082352814434
 20
6.660535119199864
 10
-50.12434620864555
 20
6.642011999826565
 10
-50.20790971693957
 20
6.623049256006064
 10
-50.29151284287368
 20
6.603650766777561
 10
-50.37515440008869
 20
6.583820248547501
 10
-50.45883322451577
 20
6.563561265254377
 10
-50.542548172999055
 20
6.5428772376850555
 10
-50.62629812203076
 20
6.521771452031275
 10
-50.71008196658756
 20
6.500247067763706
 10
-50.718025423898666
 20
6.437975000011083
 10
-50.725892411032916
 20
6.375693225392258
 10
-50.73368291612884
 20
6.313401837812666
 10
-50.74139692744029
 20
6.251100931192236
 10
-50.74903443333647
 20
6.188790599465255
 10
-50.673132216870556
 20
6.147294994127106
 10
-50.59715975990465
 20
6.106213441899373
 10
-50.521117355315255
 20
6.065549277081811
 10
-50.44500528268529
 20
6.025305961344423
 10
-50.36882380749261
 20
5.985487091645599
 10
-50.292573180228686
 20
5.946096408836555
 10
-50.21625363543916
 20
5.907137807029949
 10
-50.13986539067729
 20
5.8686153438217765
 10
-50.0634086453599
 20
5.830533251468444
 10
-49.9868835795138
 20
5.7928959491363505
 10
-49.91029035239905
 20
5.755708056359253
 10
-49.83362910099266
 20
5.718974407860081
 10
-49.756899938314675
 20
5.6827000699195755
 10
-49.68010295157438
 20
5.6468903585043915
 10
-49.68976927191928
 20
5.561189594270832
 10
-49.699287754095145
 20
5.475472284255328
 10
-49.70865836978236
 20
5.389738683486034
 10
-49.71788109110126
 20
5.303989047039573
 10
-49.72695589061218
 20
5.218223630040278
 10
-49.726955890612174
 20
5.218223630040269
 10
-49.80967519186208
 20
5.199848924471041
 10
-49.892428638025116
 20
5.181005911271761
 10
-49.97521499560752
 20
5.161699762057268
 10
-50.0580330598508
 20
5.141935399076134
 10
-50.1408816526257
 20
5.1217175133112045
 10
-50.22375962053081
 20
5.101050580823359
 10
-50.306665833171124
 20
5.079938877550914
 10
-50.38959918159535
 20
5.0583864927466635
 10
-50.47255857687376
 20
5.036397341209029
 10
-50.55554294880073
 20
5.013975174442375
 10
-50.6385512447085
 20
4.991123590863632
 10
-50.72158242838018
 20
4.967846045156963
 10
-50.80463547905157
 20
4.944145856865452
 10
-50.88770939049296
 20
4.920026218297553
 10
-50.89371235268273
 20
4.857537232218495
 10
-50.89963857980343
 20
4.795040922180585
 10
-50.905488062919765
 20
4.732537382412727
 10
-50.91126079321216
 20
4.6700267071547215
 10
-50.91695676197679
 20
4.607508990657132
 10
-50.839800753146235
 20
4.568394005956154
 10
-50.76258741478697
 20
4.529695058550648
 10
-50.6853171433301
 20
4.491415472019087
 10
-50.60799032588074
 20
4.453558697662014
 10
-50.53060733965325
 20
4.416128322441582
 10
-50.45316855135791
 20
4.37912807760924
 10
-50.375674316533264
 20
4.342561848099658
 10
-50.298124978818
 20
4.3064336827802245
 10
-50.220520869155074
 20
4.270747805658293
 10
-50.1428623049197
 20
4.235508628163823
 10
-50.06514958896175
 20
4.200720762643056
 10
-49.987383008551184
 20
4.1663890372203145
 10
-49.90956283421402
 20
4.132518512210783
 10
-49.83168931844321
 20
4.0991144982974905
 10
-49.838685681053704
 20
4.013154567809799
 10
-49.84553376243556
 20
3.9271826972903447
 10
-49.85223354221422
 20
3.8411991425246583
 10
-49.858785000456315
 20
3.755204159333031
 10
-49.865188117669824
 20
3.669198003569759
 10
-49.865188117669824
 20
3.6691980035697727
 10
-49.947295955316456
 20
3.6482596272950794
 10
-50.029423357056935
 20
3.6268521080169305
 10
-50.11156925083067
 20
3.6049806532100526
 10
-50.19373258554317
 20
3.58265022020986
 10
-50.27591232952399
 20
3.5598655343697434
 10
-50.358107469134495
 20
3.5366311054560593
 10
-50.440317007507595
 20
3.5129512424939064
 10
-50.52253996340362
 20
3.488830067246266
 10
-50.60477537016923
 20
3.4642715264834667
 10
-50.68702227478777
 20
3.439279403178452
 10
-50.76927973701096
 20
3.4138573267453562
 10
-50.85154682856332
 20
3.388008782423454
 10
-50.933822632411754
 20
3.3617371198957327
 10
-51.01610624209365
 20
3.3350455612200767
 10
-51.020162901683875
 20
3.272400110872828
 10
-51.02414263554902
 20
3.209749726559536
 10
-51.028045437688625
 20
3.147094502741408
 10
-51.031871302218235
 20
3.08443453388695
 10
-51.03562022336941
 20
3.0217699144718226
 10
-50.957285065629726
 20
2.985073391629513
 10
-50.878905544795224
 20
2.9487944877785157
 10
-50.80048216046808
 20
2.9129365125606768
 10
-50.72201540690113
 20
2.877502903568169
 10
-50.64350577268032
 20
2.8424972342967516
 10
-50.564953740379934
 20
2.807923222788364
 10
-50.48635978618746
 20
2.7737847410412644
 10
-50.407724379494596
 20
2.7400858252772156
 10
-50.32904798245026
 20
2.706830687168064
 10
-50.25033104947101
 20
2.674023726139557
 10
-50.17157402670354
 20
2.6416695428882733
 10
-50.09277735143288
 20
2.609772954269031
 10
-50.01394145142928
 20
2.5783390097359264
 10
-49.935066744225075
 20
2.547373009550622
 10
-49.93938638057219
 20
2.461237073489911
 10
-49.94355743608358
 20
2.37509381469883
 10
-49.94757989834943
 20
2.2889434894728273
 10
-49.951453755402014
 20
2.2027863541283743
 10
-49.95517899571574
 20
2.116622665002204
 10
-49.955178995715734
 20
2.1166226650021964
 10
-50.03659593572904
 20
2.0931408745487996
 10
-50.1180178400899
 20
2.069189559584102
 10
-50.19944379920804
 20
2.044773958404818
 10
-50.28087291666985
 20
2.0198990586373062
 10
-50.362304308261784
 20
1.9945696154340276
 10
-50.443737101088615
 20
1.9687901679039082
 10
-50.52517043277554
 20
1.9425650539901234
 10
-50.606603450743805
 20
1.9158984239783028
 10
-50.688035311551666
 20
1.888794252792439
 10
-50.7694651802934
 20
1.8612563512142706
 10
-50.85089223004981
 20
1.8332883761439123
 10
-50.93231564138492
 20
1.8048938400040064
 10
-51.013734601883876
 20
1.7760761193768422
 10
-51.0951483057281
 20
1.7468384629526001
 10
-51.09725473816262
 20
1.684097153764479
 10
-51.099284128636725
 20
1.6213533053764164
 10
-51.1012364740906
 20
1.5586070123905411
 10
-51.103111771580586
 20
1.4958583694126675
 10
-51.10491001827921
 20
1.4331074710521543
 10
-51.02547149583631
 20
1.3988649115843568
 10
-50.9460016196509
 20
1.3650411487843084
 10
-50.86650099201293
 20
1.3316394751553642
 10
-50.78697021384479
 20
1.298663311255678
 10
-50.707409884631296
 20
1.2661162136574908
 10
-50.6278206023439
 20
1.2340018835962645
 10
-50.54820296335838
 20
1.2023241763879386
 10
-50.468557562365305
 20
1.1710871117038664
 10
-50.388884992272466
 20
1.1402948848058663
 10
-50.30918584409814
 20
1.1099518788593137
 10
-50.22946070685424
 20
1.0800626784602474
 10
-50.1497101674178
 20
1.050632084533984
 10
-50.0699348103895
 20
1.0216651307885132
 10
-49.99013521793706
 20
0.99316710193647
 10
-49.991773949051606
 20
0.9069384912578764
 10
-49.993263943465706
 20
0.8207071822345744
 10
-49.994605196746306
 20
0.7344734314239807
 10
-49.995797704902856
 20
0.648237495390777
 10
-49.996841464387394
 20
0.5619996307061462
 10
-49.99684146438739
 20
0.5619996307061381
 10
-50.07748874113612
 20
0.5359971431897539
 10
-50.15812637768344
 20
0.5095252038888646
 10
-50.23875362778935
 20
0.482589076854459
 10
-50.31936975058835
 20
0.4551937751786331
 10
-50.399974010179186
 20
0.4273440792126161
 10
-50.48056567525454
 20
0.39904455301660696
 10
-50.56114401876618
 20
0.3702995592551793
 10
-50.64170831762106
 20
0.34111327272147857
 10
-50.722257852405036
 20
0.31148969264767723
 10
-50.80279190713102
 20
0.2814326539376248
 10
-50.883309769008896
 20
0.25094583743960164
 10
-50.963810728234925
 20
0.22003277936157553
 10
-51.04429407779849
 20
0.1886968799185121
 10
-51.124759113304606
 20
0.15694141128999062
 10
-51.12491328074607
 20
0.09416494142555354
 10
-51.12499036452492
 20
0.0313883295837886
 10
-51.12499036452492
 20
-0.03138832958377608
 10
-51.12491328074607
 20
-0.09416494142554102
 10
-51.124759113304606
 20
-0.15694141128997807
 10
-51.04429407779849
 20
-0.18869687991849962
 10
-50.963810728234925
 20
-0.22003277936156304
 10
-50.883309769008896
 20
-0.2509458374395892
 10
-50.80279190713102
 20
-0.28143265393761235
 10
-50.722257852405036
 20
-0.3114896926476648
 10
-50.64170831762106
 20
-0.34111327272146613
 10
-50.56114401876618
 20
-0.3702995592551669
 10
-50.48056567525454
 20
-0.39904455301659464
 10
-50.399974010179186
 20
-0.42734407921260376
 10
-50.31936975058835
 20
-0.45519377517862075
 10
-50.23875362778935
 20
-0.4825890768544467
 10
-50.15812637768344
 20
-0.5095252038888524
 10
-50.07748874113612
 20
-0.5359971431897417
 10
-49.99684146438739
 20
-0.5619996307061259
 10
-49.995797704902856
 20
-0.6482374953907567
 10
-49.9946051967463
 20
-0.7344734314239605
 10
-49.99326394346571
 20
-0.8207071822345542
 10
-49.991773949051606
 20
-0.9069384912578561
 10
-49.99013521793706
 20
-0.9931671019364497
 10
-49.99013521793706
 20
-0.9931671019364353
 10
-50.0699348103895
 20
-1.0216651307884785
 10
-50.1497101674178
 20
-1.0506320845339494
 10
-50.22946070685424
 20
-1.0800626784602128
 10
-50.30918584409814
 20
-1.1099518788592788
 10
-50.388884992272466
 20
-1.1402948848058316
 10
-50.468557562365305
 20
-1.1710871117038315
 10
-50.54820296335838
 20
-1.2023241763879036
 10
-50.6278206023439
 20
-1.2340018835962296
 10
-50.707409884631296
 20
-1.2661162136574557
 10
-50.78697021384479
 20
-1.298663311255643
 10
-50.86650099201293
 20
-1.331639475155329
 10
-50.9460016196509
 20
-1.3650411487842733
 10
-51.02547149583631
 20
-1.3988649115843217
 10
-51.10491001827921
 20
-1.433107471052119
 10
-51.103111771580586
 20
-1.4958583694126322
 10
-51.1012364740906
 20
-1.5586070123905058
 10
-51.099284128636725
 20
-1.6213533053763811
 10
-51.09725473816262
 20
-1.6840971537644438
 10
-51.0951483057281
 20
-1.7468384629525648
 10
-51.013734601883876
 20
-1.776076119376807
 10
-50.93231564138492
 20
-1.8048938400039714
 10
-50.85089223004981
 20
-1.8332883761438772
 10
-50.7694651802934
 20
-1.8612563512142355
 10
-50.688035311551666
 20
-1.888794252792404
 10
-50.606603450743805
 20
-1.915898423978268
 10
-50.52517043277554
 20
-1.9425650539900883
 10
-50.443737101088615
 20
-1.9687901679038733
 10
-50.362304308261784
 20
-1.994569615433993
 10
-50.28087291666985
 20
-2.019899058637271
 10
-50.19944379920804
 20
-2.0447739584047833
 10
-50.1180178400899
 20
-2.0691895595840673
 10
-50.03659593572904
 20
-2.093140874548765
 10
-49.955178995715734
 20
-2.116622665002162
 10
-49.951453755402014
 20
-2.2027863541283317
 10
-49.94757989834943
 20
-2.2889434894727847
 10
-49.94355743608358
 20
-2.375093814698788
 10
-49.93938638057219
 20
-2.461237073489869
 10
-49.935066744225075
 20
-2.54737300955058
 10
-49.935066744225075
 20
-2.547373009550588
 10
-50.01394145142928
 20
-2.578339009735892
 10
-50.09277735143288
 20
-2.6097729542689967
 10
-50.17157402670354
 20
-2.6416695428882386
 10
-50.25033104947101
 20
-2.6740237261395223
 10
-50.32904798245026
 20
-2.706830687168029
 10
-50.407724379494596
 20
-2.740085825277181
 10
-50.48635978618746
 20
-2.7737847410412297
 10
-50.564953740379934
 20
-2.8079232227883293
 10
-50.64350577268032
 20
-2.842497234296717
 10
-50.72201540690113
 20
-2.8775029035681343
 10
-50.80048216046808
 20
-2.9129365125606417
 10
-50.878905544795224
 20
-2.9487944877784806
 10
-50.957285065629726
 20
-2.985073391629478
 10
-51.03562022336941
 20
-3.021769914471787
 10
-51.031871302218235
 20
-3.084434533886915
 10
-51.028045437688625
 20
-3.147094502741373
 10
-51.02414263554902
 20
-3.209749726559501
 10
-51.020162901683875
 20
-3.272400110872793
 10
-51.01610624209365
 20
-3.335045561220041
 10
-50.933822632411754
 20
-3.3617371198956976
 10
-50.85154682856332
 20
-3.388008782423419
 10
-50.76927973701096
 20
-3.413857326745321
 10
-50.68702227478777
 20
-3.4392794031784173
 10
-50.60477537016923
 20
-3.464271526483432
 10
-50.52253996340362
 20
-3.4888300672462313
 10
-50.440317007507595
 20
-3.512951242493872
 10
-50.358107469134495
 20
-3.5366311054560247
 10
-50.27591232952399
 20
-3.5598655343697088
 10
-50.19373258554317
 20
-3.582650220209825
 10
-50.11156925083067
 20
-3.604980653210018
 10
-50.029423357056935
 20
-3.6268521080168963
 10
-49.947295955316456
 20
-3.6482596272950447
 10
-49.865188117669824
 20
-3.669198003569738
 10
-49.85878500045632
 20
-3.7552041593330117
 10
-49.85223354221421
 20
-3.8411991425246383
 10
-49.845533762435565
 20
-3.927182697290325
 10
-49.838685681053704
 20
-4.013154567809779
 10
-49.83168931844321
 20
-4.09911449829747
 10
-49.83168931844321
 20
-4.099114498297478
 10
-49.90956283421402
 20
-4.132518512210772
 10
-49.987383008551184
 20
-4.166389037220303
 10
-50.06514958896175
 20
-4.200720762643043
 10
-50.1428623049197
 20
-4.235508628163811
 10
-50.220520869155074
 20
-4.270747805658281
 10
-50.298124978818
 20
-4.306433682780212
 10
-50.375674316533264
 20
-4.342561848099646
 10
-50.45316855135791
 20
-4.379128077609228
 10
-50.53060733965325
 20
-4.41612832244157
 10
-50.60799032588074
 20
-4.453558697662002
 10
-50.6853171433301
 20
-4.491415472019074
 10
-50.76258741478697
 20
-4.529695058550636
 10
-50.839800753146235
 20
-4.568394005956142
 10
-50.91695676197679
 20
-4.60750899065712
 10
-50.91126079321216
 20
-4.67002670715471
 10
-50.905488062919765
 20
-4.732537382412715
 10
-50.89963857980343
 20
-4.795040922180573
 10
-50.89371235268273
 20
-4.857537232218483
 10
-50.88770939049296
 20
-4.920026218297542
 10
-50.80463547905157
 20
-4.94414585686544
 10
-50.72158242838018
 20
-4.967846045156951
 10
-50.6385512447085
 20
-4.991123590863619
 10
-50.55554294880073
 20
-5.013975174442363
 10
-50.47255857687376
 20
-5.036397341209017
 10
-50.38959918159535
 20
-5.058386492746652
 10
-50.306665833171124
 20
-5.0799388775509025
 10
-50.22375962053081
 20
-5.101050580823347
 10
-50.1408816526257
 20
-5.121717513311192
 10
-50.0580330598508
 20
-5.1419353990761225
 10
-49.97521499560752
 20
-5.161699762057256
 10
-49.892428638025116
 20
-5.1810059112717495
 10
-49.80967519186208
 20
-5.19984892447103
 10
-49.726955890612174
 20
-5.218223630040258
 10
-49.71788109110126
 20
-5.303989047039552
 10
-49.70865836978236
 20
-5.389738683486013
 10
-49.69928775409515
 20
-5.475472284255308
 10
-49.68976927191928
 20
-5.561189594270812
 10
-49.68010295157439
 20
-5.64689035850437
 10
-49.68010295157439
 20
-5.646890358504357
 10
-49.756899938314675
 20
-5.682700069919541
 10
-49.83362910099267
 20
-5.7189744078600455
 10
-49.91029035239906
 20
-5.755708056359218
 10
-49.98688357951381
 20
-5.792895949136316
 10
-50.06340864535991
 20
-5.83053325146841
 10
-50.1398653906773
 20
-5.868615343821741
 10
-50.216253635439166
 20
-5.9071378070299145
 10
-50.292573180228686
 20
-5.94609640883652
 10
-50.36882380749261
 20
-5.985487091645563
 10
-50.445005282685294
 20
-6.025305961344388
 10
-50.52111735531526
 20
-6.065549277081775
 10
-50.59715975990465
 20
-6.106213441899338
 10
-50.67313221687056
 20
-6.14729499412707
 10
-50.749034433336476
 20
-6.18879059946522
 10
-50.7413969274403
 20
-6.251100931192201
 10
-50.73368291612885
 20
-6.313401837812631
 10
-50.72589241103292
 20
-6.375693225392222
 10
-50.71802542389867
 20
-6.437975000011048
 10
-50.710081966587566
 20
-6.50024706776367
 10
-50.62629812203077
 20
-6.521771452031239
 10
-50.542548172999055
 20
-6.54287723768502
 10
-50.45883322451578
 20
-6.563561265254341
 10
-50.3751544000887
 20
-6.5838202485474655
 10
-50.29151284287368
 20
-6.603650766777525
 10
-50.20790971693957
 20
-6.62304925600603
 10
-50.124346208645555
 20
-6.64201199982653
 10
-50.040823528144344
 20
-6.660535119199828
 10
-49.95734291102601
 20
-6.678614561339407
 10
-49.873905620119835
 20
-6.696246087530424
 10
-49.79051294747421
 20
-6.713425259747776
 10
-49.707166216537416
 20
-6.7301474259173855
 10
-49.623866784566445
 20
-6.746407703639484
 10
-49.540616045294904
 20
-6.7622009621623205
 10
-49.52887834276902
 20
-6.847642667895762
 10
-49.51699328076056
 20
-6.933064000361847
 10
-49.50496089463027
 20
-7.018464705413022
 10
-49.492781220177164
 20
-7.103844528963101
 10
-49.48045429363851
 20
-7.189203216988028
 10
-49.4804542936385
 20
-7.189203216988036
 10
-49.556100455223444
 20
-7.227383982322052
 10
-49.631664375732846
 20
-7.266027040114314
 10
-49.70714613332542
 20
-7.3051270742574
 10
-49.78254577259643
 20
-7.344679017406309
 10
-49.85786330699433
 20
-7.384678032916787
 10
-49.933098721002985
 20
-7.42511949853666
 10
-50.00825197211811
 20
-7.465998991638351
 10
-50.08332299264194
 20
-7.507312275810834
 10
-50.15831169131713
 20
-7.54905528865497
 10
-50.23321795481787
 20
-7.591224130647412
 10
-50.3080416491138
 20
-7.633815054956212
 10
-50.382782620720384
 20
-7.676824458106569
 10
-50.457440697847424
 20
-7.720248871407956
 10
-50.53201569145633
 20
-7.764084953065065
 10
-50.52244403722231
 20
-7.826127618799742
 10
-50.512796207699544
 20
-7.88815848467908
 10
-50.50307221743457
 20
-7.950177457175947
 10
-50.49327208108874
 20
-8.012184442781148
 10
-50.48339581343823
 20
-8.074179348003563
 10
-50.398983091224515
 20
-8.093087654519152
 10
-50.314617266499276
 20
-8.11157861905068
 10
-50.23029954201041
 20
-8.129649118021836
 10
-50.14603114292235
 20
-8.147295901771411
 10
-50.06181331822399
 20
-8.164515586719224
 10
-49.97764734225909
 20
-8.1813046468531
 10
-49.8935345163927
 20
-8.197659404459895
 10
-49.80947617082976
 20
-8.213576020012349
 10
-49.72547366660373
 20
-8.229050481111031
 10
-49.64152839775654
 20
-8.24407859036526
 10
-49.557641793733524
 20
-8.258655952079211
 10
-49.47381532202166
 20
-8.27277795758815
 10
-49.39005049106336
 20
-8.286439769064526
 10
-49.30634885348377
 20
-8.299636301583341
 10
-49.29195960341203
 20
-8.384671636718796
 10
-49.27742369874393
 20
-8.469682025582195
 10
-49.26274118272704
 20
-8.55466721524863
 10
-49.24791209904512
 20
-8.639626952868166
 10
-49.232936491818
 20
-8.724560985666601
 10
-49.23293649181799
 20
-8.724560985666608
 10
-49.307358645471794
 20
-8.76507586749486
 10
-49.38168422059973
 20
-8.806050260476185
 10
-49.45591346065293
 20
-8.847478853505386
 10
-49.53004656779881
 20
-8.889356583075534
 10
-49.60408370589829
 20
-8.931678615300184
 10
-49.67802500319415
 20
-8.974440329680483
 10
-49.75187055474577
 20
-9.017637304406277
 10
-49.825620424639936
 20
-9.061265303010376
 10
-49.8992746480035
 20
-9.105320262220605
 10
-49.972833232840095
 20
-9.149798280875471
 10
-50.04629616171017
 20
-9.194695609787107
 10
-50.11966339327099
 20
-9.240008642450427
 10
-50.19293486369126
 20
-9.285733906510123
 10
-50.26611048795319
 20
-9.331868055908295
 10
-50.25461394533862
 20
-9.393583033378532
 10
-50.24304163125652
 20
-9.455283847660239
 10
-50.23139356315505
 20
-9.516970405723923
 10
-50.21966975859662
 20
-9.578642614561586
 10
-50.20787023525782
 20
-9.640300381186869
 10
-50.12291029924423
 20
-9.656574317385099
 10
-50.038010217312184
 20
-9.672432571980409
 10
-49.95317128877061
 20
-9.68787206031271
 10
-49.868394839255295
 20
-9.702889572395156
 10
-49.783682222379866
 20
-9.717481765127648
 10
-49.69903482153015
 20
-9.731645153835522
 10
-49.61445405181808
 20
-9.745376103056879
 10
-49.529941362213904
 20
-9.758670816490902
 10
-49.44549823787783
 20
-9.771525326006978
 10
-49.36112620271569
 20
-9.783935479599291
 10
-49.27682682218694
 20
-9.795896928153844
 10
-49.19260170639755
 20
-9.807405110873843
 10
-49.10845251351603
 20
-9.818455239184223
 10
-49.024380953556935
 20
-9.829042278906089
 10
-49.00735407660949
 20
-9.913588977248736
 10
-48.99018139183072
 20
-9.99810618044853
 10
-48.972862950313214
 20
-10.082593637047907
 10
-48.95539880358321
 20
-10.167051095677792
 10
-48.93778900360045
 20
-10.251478305058377
 10
-48.93778900360045
 20
-10.251478305058363
 10
-49.01091515069593
 20
-10.294288107849296
 10
-49.0839304752487
 20
-10.337554195940768
 10
-49.1568353857668
 20
-10.381271268367952
 10
-49.2296302417942
 20
-10.425434270360604
 10
-49.302315357445764
 20
-10.470038375466578
 10
-49.37489100459912
 20
-10.515078969410359
 10
-49.447357415785355
 20
-10.56055163547704
 10
-49.51971478681379
 20
-10.606452141241778
 10
-49.5919632791615
 20
-10.652776426490309
 10
-49.664103022153824
 20
-10.699520592197118
 10
-49.736134114958894
 20
-10.746680890445514
 10
-49.808056628415756
 20
-10.79425371518919
 10
-49.87987060671378
 20
-10.842235593767336
 10
-49.95157606893825
 20
-10.890623179096556
 10
-49.938165760105605
 20
-10.951950763047448
 10
-49.92468015693065
 20
-11.013261834178591
 10
-49.911119279746316
 20
-11.074556300048128
 10
-49.89748314899903
 20
-11.13583406823924
 10
-49.8837717852487
 20
-11.19709504636028
 10
-49.79834682868628
 20
-11.210718868258917
 10
-49.712994624893525
 20
-11.223929071080876
 10
-49.62771656848336
 20
-11.236722612066504
 10
-49.5425140842805
 20
-11.249096324008775
 10
-49.457388629213746
 20
-11.261046907521902
 10
-49.372341694372665
 20
-11.272570922639925
 10
-49.28737480724704
 20
-11.283664779669277
 10
-49.20248953417067
 20
-11.294324729208244
 10
-49.11768748299366
 20
-11.304546851233953
 10
-49.03297030601152
 20
-11.314327043142246
 10
-48.94833970318332
 20
-11.323661006608441
 10
-48.86379742567632
 20
-11.33254423311596
 10
-48.77934527978099
 20
-11.34097198797487
 10
-48.694985131247
 20
-11.348939292622607
 10
-48.675337099827615
 20
-11.432915560702162
 10
-48.65554424840162
 20
-11.516857813302712
 10
-48.635606635857194
 20
-11.600765800677303
 10
-48.61552432151316
 20
-11.684639273180913
 10
-48.595297365118924
 20
-11.76847798127122
 10
-48.59529736511892
 20
-11.768477981271229
 10
-48.66705676083152
 20
-11.813541289305466
 10
-48.738691197198264
 20
-11.859057215361151
 10
-48.81020124738881
 20
-11.905020473742168
 10
-48.88158742797591
 20
-11.951426023305123
 10
-48.95285020302446
 20
-11.998269049701435
 10
-49.02398998778391
 20
-12.04554494934296
 10
-49.095007152032096
 20
-12.093249314882916
 10
-49.16590202311147
 20
-12.141377922033401
 10
-49.236674888693074
 20
-12.189926717566063
 10
-49.30732599929886
 20
-12.238891808363416
 10
-49.37785557060868
 20
-12.288269451405817
 10
-49.44826378557487
 20
-12.338056044594357
 10
-49.51855079636468
 20
-12.388248118322288
 10
-49.588716726148
 20
-12.438842327718811
 10
-49.573405624704996
 20
-12.499723187673665
 10
-49.5580197788873
 20
-12.560585201152637
 10
-49.54255921189295
 20
-12.62142827639094
 10
-49.527023947032625
 20
-12.682252321652337
 10
-49.51141400772966
 20
-12.743057245229283
 10
-49.4256066737468
 20
-12.754017772660518
 10
-49.339884920838124
 20
-12.764567143691064
 10
-49.25425023757135
 20
-12.774702360405374
 10
-49.168704146581696
 20
-12.784420301440306
 10
-49.08324820670366
 20
-12.793717714316333
 10
-48.99788401528801
 20
-12.802591207104149
 10
-48.91261321072463
 20
-12.811037239351299
 10
-48.827437475195524
 20
-12.819052112182495
 10
-48.74235853768524
 20
-12.826631957474962
 10
-48.65737817728046
 20
-12.833772725995209
 10
-48.572498226795254
 20
-12.840470174366219
 10
-48.48772057676406
 20
-12.846719850713328
 10
-48.40304717985183
 20
-12.852517078812234
 10
-48.31848005573833
 20
-12.857856940533157
 10
-48.296229878048464
 20
-12.941181536733774
 10
-48.273836008280696
 20
-13.024467630027015
 10
-48.251298513061826
 20
-13.107714972618147
 10
-48.22861745944591
 20
-13.190923316827718
 10
-48.20579291491416
 20
-13.274092415092307
 10
-48.20579291491416
 20
-13.27409241509229
 10
-48.27611613666306
 20
-13.32136563252968
 10
-48.34630038315301
 20
-13.369087362830719
 10
-48.41634639166086
 20
-13.417252340681573
 10
-48.486254835288335
 20
-13.465855543442684
 10
-48.556026327601444
 20
-13.514892173526606
 10
-48.62566142681973
 20
-13.56435764248624
 10
-48.69516063961004
 20
-13.614247556606749
 10
-48.76452442453123
 20
-13.664557703823895
 10
-48.83375319517008
 20
-13.715284041816489
 10
-48.90284732300275
 20
-13.766422687141398
 10
-48.97180714001216
 20
-13.817969905297167
 10
-49.04063294108693
 20
-13.86992210161707
 10
-49.109324986225005
 20
-13.92227581290506
 10
-49.17788350256171
 20
-13.97502769973887
 10
-49.16068642101013
 20
-14.035402937397608
 10
-49.14341521736185
 20
-14.095757013157082
 10
-49.126069917657546
 20
-14.156089836018344
 10
-49.10865054804962
 20
-14.216401315014492
 10
-49.091157134802145
 20
-14.276691359210808
 10
-49.00505043645269
 20
-14.284977988572226
 10
-48.919042064687766
 20
-14.292856321976208
 10
-48.83313360058982
 20
-14.300323409251602
 10
-48.747326663131496
 20
-14.307376177898869
 10
-48.66162291154493
 20
-14.314011425491302
 10
-48.57602404789674
 20
-14.320225811417721
 10
-48.490531819891885
 20
-14.326015847891952
 10
-48.405148023933194
 20
-14.331377890143546
 10
-48.31987450846694
 20
-14.336308125691987
 10
-48.23471317764984
 20
-14.34080256259182
 10
-48.14966599537784
 20
-14.344857016518896
 10
-48.06473498972359
 20
-14.348467096547353
 10
-47.979922257837416
 20
-14.351628189442483
 10
-47.89522997137531
 20
-14.35433544226525
 10
-47.870399173024865
 20
-14.436927755421534
 10
-47.84542594953804
 20
-14.519477115491153
 10
-47.82031037521579
 20
-14.601983276871316
 10
-47.79505252478252
 20
-14.684445994087746
 10
-47.76965247338601
 20
-14.766865021795438
 10
-47.769652473386
 20
-14.766865021795445
 10
-47.838471487995896
 20
-14.816302414851208
 10
-47.90713764588336
 20
-14.866183781705592
 10
-47.97565184771913
 20
-14.916503882520898
 10
-48.04401492248273
 20
-14.967257718020479
 10
-48.11222763264771
 20
-15.01844051201939
 10
-48.18029067886365
 20
-15.070047695650587
 10
-48.24820470419623
 20
-15.122074893081823
 10
-48.315970297977145
 20
-15.174517908547434
 10
-48.3835879993087
 20
-15.227372714544057
 10
-48.451058300261955
 20
-15.280635441059909
 10
-48.51838164880169
 20
-15.334302365724602
 10
-48.585558451467556
 20
-15.388369904781213
 10
-48.65258907583662
 20
-15.4428346047948
 10
-48.71947385278993
 20
-15.497693135022315
 10
-48.70040742819553
 20
-15.557504341241772
 10
-48.68126757549076
 20
-15.617292090611356
 10
-48.66205432353373
 20
-15.677056292985993
 10
-48.642767701293266
 20
-15.736796858256119
 10
-48.62340773784881
 20
-15.796513696347814
 10
-48.5370849778023
 20
-15.802118410860693
 10
-48.450873194726064
 20
-15.807318084859356
 10
-48.36477406068765
 20
-15.812109818771146
 10
-48.2787892894309
 20
-15.81649059193258
 10
-48.192920638980354
 20
-15.820457255067904
 10
-48.107169914471896
 20
-15.824006522115893
 10
-48.021538971234754
 20
-15.82713496133086
 10
-47.93602971815462
 20
-15.829838985573272
 10
-47.850644121351316
 20
-15.83211484169321
 10
-47.7653842082094
 20
-15.8339585988952
 10
-47.68025207180677
 20
-15.835366135956017
 10
-47.59524987579224
 20
-15.83633312714655
 10
-47.51037985977269
 20
-15.836855026684681
 10
-47.42564434527935
 20
-15.836927051517028
 10
-47.39825694846208
 20
-15.918707178900146
 10
-47.37072853123705
 20
-16.00043994457164
 10
-47.343059175507506
 20
-16.082125105358273
 10
-47.315248963595934
 20
-16.163762418228426
 10
-47.28729797824394
 20
-16.24535164029286
 10
-47.28729797824394
 20
-16.245351640292867
 10
-47.35454620776281
 20
-16.29690538148208
 10
-47.42162784697476
 20
-16.348898127888916
 10
-47.488543959073084
 20
-16.401324670221012
 10
-47.55529552811315
 20
-16.454180037401105
 10
-47.62188346473836
 20
-16.507459479267393
 10
-47.68830861135051
 20
-16.56115845095299
 10
-47.75457174679203
 20
-16.615272598741566
 10
-47.82067359059724
 20
-16.669797747225154
 10
-47.88661480686249
 20
-16.724729887614576
 10
-47.95239600777765
 20
-16.780065167073385
 10
-48.01801775685602
 20
-16.83579987896341
 10
-48.08348057189493
 20
-16.89193045390459
 10
-48.14878492769502
 20
-16.948453451564056
 10
-48.21393125856292
 20
-17.005365553100262
 10
-48.19301393646011
 20
-17.064554864401273
 10
-48.1720239512702
 20
-17.12371844659478
 10
-48.15096133464086
 20
-17.1828562104768
 10
-48.12982611832927
 20
-17.241968066882293
 10
-48.10861833420212
 20
-17.301053926685263
 10
-48.02216302415384
 20
-17.303971304150288
 10
-47.93583123409851
 20
-17.30648728839485
 10
-47.84962472547118
 20
-17.30859903324995
 10
-47.76354530512894
 20
-17.310303572810444
 10
-47.67759482818801
 20
-17.311597813998258
 10
-47.591775201107126
 20
-17.312478528481172
 10
-47.50608838504487
 20
-17.31294234387398
 10
-47.420536399523144
 20
-17.312985734138397
 10
-47.33512132643314
 20
-17.312605009086017
 10
-47.249845314425954
 20
-17.311796302874146
 10
-47.16471058373649
 20
-17.310555561367504
 10
-47.07971943149656
 20
-17.308878528218592
 10
-46.99487423760287
 20
-17.306760729495625
 10
-46.91017747121603
 20
-17.30419745665818
 10
-46.88025997146954
 20
-17.38508628127657
 10
-46.850202992472084
 20
-17.46592338137778
 10
-46.820006623649924
 20
-17.546708516453375
 10
-46.78967095484398
 20
-17.62744144614952
 10
-46.75919607630966
 20
-17.7081219302677
 10
-46.75919607630965
 20
-17.708121930267687
 10
-46.82480846241859
 20
-17.761742144675303
 10
-46.89024068580149
 20
-17.81579597101034
 10
-46.95549397114562
 20
-17.87027823556543
 10
-47.02056945663019
 20
-17.925184000271894
 10
-47.08546820018745
 20
-17.980508545586556
 10
-47.15019118515649
 20
-18.036247355039535
 10
-47.21473932540292
 20
-18.09239610124237
 10
-47.27911346996767
 20
-18.14895063318423
 10
-47.34331440729863
 20
-18.205906964668362
 10
-47.40734286911222
 20
-18.263261263761024
 10
-47.471199533925095
 20
-18.321009843142207
 10
-47.53488503029136
 20
-18.379149151261828
 10
-47.59839993977586
 20
-18.43767576421742
 10
-47.661744799690645
 20
-18.49658637827969
 10
-47.63899681623763
 20
-18.555096532826248
 10
-47.61617700501763
 20
-18.613578710898924
 10
-47.59328540043725
 20
-18.672032824321132
 10
-47.570322037011344
 20
-18.730458784958593
 10
-47.54728694936295
 20
-18.78885650471948
 10
-47.46078272924174
 20
-18.789083722762367
 10
-47.37441445263855
 20
-18.788913583200568
 10
-47.28818396865184
 20
-18.788343296022212
 10
-47.202093175503954
 20
-18.787369952949824
 10
-47.11614402360805
 20
-18.78599052009537
 10
-47.03033851890136
 20
-18.78420182997883
 10
-46.944678726474535
 20
-18.782000572838044
 10
-46.859166774531914
 20
-18.779383287147184
 10
-46.77380485872199
 20
-18.776346349249383
 10
-46.688595246883686
 20
-18.772885961994685
 10
-46.603540284260994
 20
-18.768998142257857
 10
-46.518642399246374
 20
-18.76467870719076
 10
-46.433904109724025
 20
-18.759923259040185
 10
-46.349328030095094
 20
-18.754727168333872
 10
-46.316909370668206
 20
-18.834646435473843
 10
-46.28435290808431
 20
-18.9145096653312
 10
-46.25165873920616
 20
-18.994316620294995
 10
-46.218826961306206
 20
-19.074067062921692
 10
-46.18585767206634
 20
-19.153760755935913
 10
-46.18585767206634
 20
-19.15376075593592
 10
-46.24977073901929
 20
-19.2093955694675
 10
-46.31349024512288
 20
-19.265458182144773
 10
-46.37701757537358
 20
-19.321943460850584
 10
-46.44035402097327
 20
-19.3788465053021
 10
-46.503500786119616
 20
-19.43616263114062
 10
-46.56645899413763
 20
-19.493887354662675
 10
-46.62922969303208
 20
-19.552016378994125
 10
-46.69181386052904
 20
-19.61054558153712
 10
-46.75421240866519
 20
-19.669471002543716
 10
-46.816426187975615
 20
-19.72878883469003
 10
-46.878455991323925
 20
-19.788495413541444
 10
-46.94030255741287
 20
-19.848587208813775
 10
-47.001966574008875
 20
-19.90906081634734
 10
-47.063448680909644
 20
-19.96991295072125
 10
-47.038892043311265
 20
-20.027687343717645
 10
-47.01426448275475
 20
-20.085431539939222
 10
-46.98956603637233
 20
-20.143145452322074
 10
-46.964796741403134
 20
-20.20082899384797
 10
-46.93995663519311
 20
-20.258482077544468
 10
-46.853487192245154
 20
-20.25601891634643
 10
-46.7671659848237
 20
-20.253162817577305
 10
-46.68099494790177
 20
-20.24991105008151
 10
-46.59497606923052
 20
-20.2462607660228
 10
-46.509111392633166
 20
-20.242208993638272
 10
-46.423403021584804
 20
-20.237752629364447
 10
-46.33785312311034
 20
-20.23288842926418
 10
-46.25246393203763
 20
-20.227612999672914
 10
-46.167237755648316
 20
-20.22192278697098
 10
-46.08217697877517
 20
-20.215814066374634
 10
-45.997284069402404
 20
-20.209282929622127
 10
-45.91256158483381
 20
-20.2023252714113
 10
-45.828012178505155
 20
-20.194936774422086
 10
-45.74363860752893
 20
-20.187112892729075
 10
-45.70875015138091
 20
-20.265985285661166
 10
-45.673725701485495
 20
-20.34479738275767
 10
-45.63856536204823
 20
-20.423548949534993
 10
-45.60326923767898
 20
-20.502239751689608
 10
-45.567837433391624
 20
-20.580869555098804
 10
-45.56783743339162
 20
-20.580869555098808
 10
-45.62998934942408
 20
-20.638465144665382
 10
-45.69193449374147
 20
-20.69648230672787
 10
-45.75367441030956
 20
-20.75491595372529
 10
-45.81521054210377
 20
-20.81376122790138
 10
-45.8765442384222
 20
-20.87301348461372
 10
-45.93767676148903
 20
-20.932668277262927
 10
-45.99860929243429
 20
-20.99272134364616
 10
-46.05934293672333
 20
-21.053168593566877
 10
-46.1198787290993
 20
-21.11400609755675
 10
-46.180217638093104
 20
-21.175230076585095
 10
-46.24036057014822
 20
-21.23683689264779
 10
-46.30030837340145
 20
-21.298823040141873
 10
-46.360061841155435
 20
-21.361185137943746
 10
-46.41962171507451
 20
-21.42391992211936
 10
-46.39328018029167
 20
-21.480902660571676
 10
-46.36686869597293
 20
-21.53785301116166
 10
-46.34038730194023
 20
-21.594770888022317
 10
-46.31383603812094
 20
-21.65165620533565
 10
-46.287214944547756
 20
-21.70850887733274
 10
-46.20086393237457
 20
-21.703357719843165
 10
-46.114673304328065
 20
-21.69781842495782
 10
-46.02864507938387
 20
-21.691888323019622
 10
-45.942781332898925
 20
-21.685564629388672
 10
-45.857084200129236
 20
-21.67884443730217
 10
-45.77155588005282
 20
-21.67172471011568
 10
-45.68619863953234
 20
-21.664202272855384
 10
-45.601014817857134
 20
-21.656273803001135
 10
-45.51600683170983
 20
-21.647935820408353
 10
-45.43117718060992
 20
-21.639184676263014
 10
-45.34652845289416
 20
-21.63001654094783
 10
-45.2620633323037
 20
-21.62042739067825
 10
-45.177784605258836
 20
-21.61041299274404
 10
-45.09369516891604
 20
-21.599968889164572
 10
-45.056370668374996
 20
-21.677718103942524
 10
-45.0189121150613
 20
-21.75540282266423
 10
-44.98131962042253
 20
-21.83302281420031
 10
-44.943593296304755
 20
-21.910577847613922
 10
-44.90573325495223
 20
-21.988067692161522
 10
-44.90573325495224
 20
-21.988067692161508
 10
-44.96606389209944
 20
-22.047568337749926
 10
-45.02617474670418
 20
-22.107483921340307
 10
-45.08606752020779
 20
-22.167809405849752
 10
-45.145743805963264
 20
-22.228539980748106
 10
-45.20520509706376
 20
-22.289671045602635
 10
-45.264452793411515
 20
-22.35119819521986
 10
-45.323488208119166
 20
-22.413117206191615
 10
-45.382312573321876
 20
-22.47542402467968
 10
-45.44092704546817
 20
-22.53811475529685
 10
-45.49933271014781
 20
-22.6011856509616
 10
-45.55753058650725
 20
-22.66463310361985
 10
-45.615521631296794
 20
-22.72845363574129
 10
-45.673306742587805
 20
-22.792643892509442
 10
-45.730886763193794
 20
-22.857200634634737
 10
-45.702785814960166
 20
-22.91333659142369
 10
-45.67461595828451
 20
-22.969438000595957
 10
-45.64637723563998
 20
-23.02550477756455
 10
-45.618069689603544
 20
-23.081536837794705
 10
-45.589693362855954
 20
-23.137534096804004
 10
-45.50354432048491
 20
-23.12969992643507
 10
-45.41756765567947
 20
-23.121482794343557
 10
-45.33176546946459
 20
-23.112880094953596
 10
-45.24613992279525
 20
-23.103889109515574
 10
-45.160693240294535
 20
-23.094506999078934
 10
-45.07542771431597
 20
-23.08473079685601
 10
-44.99034570936697
 20
-23.074557399907903
 10
-44.90544966693522
 20
-23.063983560073208
 10
-44.82074211076638
 20
-23.053005874049237
 10
-44.736225652648486
 20
-23.04162077252168
 10
-44.65190299876687
 20
-23.029824508222617
 10
-44.567776956703604
 20
-23.017613142777858
 10
-44.483850443167896
 20
-23.004982532181895
 10
-44.400126492557376
 20
-22.991928310711664
 10
-44.360402056667
 20
-23.068479129991527
 10
-44.32054563866614
 20
-23.144961315390265
 10
-44.28055735713656
 20
-23.22137463935629
 10
-44.24043733105232
 20
-23.297718874542888
 10
-44.20018567977948
 20
-23.373993793808896
 10
-44.20018567977948
 20
-23.3739937938089
 10
-44.25863667204639
 20
-23.435341932387335
 10
-44.31685508356883
 20
-23.497097973048078
 10
-44.374842771617715
 20
-23.559256934059345
 10
-44.43260147838211
 20
-23.621814056770976
 10
-44.49013283930578
 20
-23.684764789410536
 10
-44.5474383906147
 20
-23.748104772452187
 10
-44.60451957613375
 20
-23.81182982536832
 10
-44.66137775347589
 20
-23.875935934600868
 10
-44.71801419967628
 20
-23.94041924261228
 10
-44.77443011633326
 20
-24.005276037895257
 10
-44.83062663431029
 20
-24.0705027458363
 10
-44.88660481804559
 20
-24.13609592034206
 10
-44.94236566951047
 20
-24.20205223614873
 10
-44.99791013185217
 20
-24.268368481745025
 10
-44.9680769560203
 20
-24.323603348957906
 10
-44.93817597950475
 20
-24.378801542222337
 10
-44.90820724738877
 20
-24.433962978313158
 10
-44.878170804857774
 20
-24.48908757406063
 10
-44.848066697199236
 20
-24.544175246350573
 10
-44.762202968264994
 20
-24.53366564215616
 10
-44.67652344357109
 20
-24.522778622403077
 10
-44.59103030415925
 20
-24.511511648117413
 10
-44.50572579449189
 20
-24.49986206907007
 10
-44.420612226406966
 20
-24.487827116869198
 10
-44.335691983415856
 20
-24.475403897454107
 10
-44.25096752538318
 20
-24.4625893829227
 10
-44.16644139363301
 20
-24.449380402614686
 10
-44.08211621653249
 20
-24.435773633361777
 10
-43.99799471561144
 20
-24.421765588802433
 10
-43.91407971228569
 20
-24.407352607643357
 10
-43.83037413526214
 20
-24.392530840730828
 10
-43.74688102871711
 20
-24.377296236773123
 10
-43.66360356135385
 20
-24.36164452652831
 10
-43.62151762094031
 20
-24.436922892336383
 10
-43.579301896762615
 20
-24.5121285528373
 10
-43.53695651442201
 20
-24.587261284277425
 10
-43.494481599905434
 20
-24.662320863120073
 10
-43.45187727958527
 20
-24.737307066046235
 10
-43.45187727958527
 20
-24.737307066046245
 10
-43.508392079411884
 20
-24.800443347252735
 10
-43.56466172529885
 20
-24.863980100002948
 10
-43.620688228549895
 20
-24.92791240273573
 10
-43.676473478504704
 20
-24.992235553284594
 10
-43.73201925137545
 20
-25.05694505294097
 10
-43.78732721822566
 20
-25.1220365920642
 10
-43.84239895219566
 20
-25.18750603705164
 10
-43.89723593506279
 20
-25.25334941850821
 10
-43.95183956321337
 20
-25.319562920477953
 10
-44.00621115309188
 20
-25.386142870618425
 10
-44.06035194618476
 20
-25.453085731214934
 10
-44.114263113588365
 20
-25.52038809094494
 10
-44.16794576020455
 20
-25.588046657314305
 10
-44.221400928601945
 20
-25.656058249696958
 10
-44.189864386842686
 20
-25.710338591167027
 10
-44.1582612177509
 20
-25.764580167836556
 10
-44.12659146897631
 20
-25.81878289792273
 10
-44.09485518826902
 20
-25.872946699701306
 10
-44.063052423479455
 20
-25.927071491506734
 10
-43.977557075594326
 20
-25.913896620850142
 10
-43.89225758041859
 20
-25.900350245923974
 10
-43.80715619690067
 20
-25.886429896812565
 10
-43.72225525083908
 20
-25.872132994371245
 10
-43.6375571390501
 20
-25.85745684344513
 10
-43.55306433389706
 20
-25.84239862550032
 10
-43.468779388222025
 20
-25.82695539060081
 10
-43.38470494072687
 20
-25.811124048654843
 10
-43.30084372185745
 20
-25.79490135984346
 10
-43.217198560252484
 20
-25.778283924130754
 10
-43.13377238982875
 20
-25.761268169740084
 10
-43.050568257584644
 20
-25.743850340462025
 10
-42.96758933221857
 20
-25.726026481637998
 10
-42.88483891367385
 20
-25.707792424637415
 10
-42.84043218416642
 20
-25.781725510016557
 10
-42.79589799479857
 20
-25.8555818890002
 10
-42.75123647806951
 20
-25.929361341849116
 10
-42.706447766857195
 20
-26.003063649052937
 10
-42.66153199441807
 20
-26.07668859133083
 10
-42.66153199441808
 20
-26.076688591330814
 10
-42.7160559273855
 20
-26.14155193489088
 10
-42.770322370388726
 20
-26.206807932025736
 10
-42.824333486818446
 20
-26.27245172610614
 10
-42.87809131133717
 20
-26.338478675998335
 10
-42.931597759207115
 20
-26.4048843404098
 10
-42.984854634712704
 20
-26.471664463754383
 10
-43.03786363878777
 20
-26.538814963353374
 10
-43.09062637594056
 20
-26.606331917814842
 10
-43.14314436055761
 20
-26.67421155645609
 10
-43.195419022656
 20
-26.74245024965229
 10
-43.247451713144024
 20
-26.81104450001007
 10
-43.29924370864325
 20
-26.87999093427795
 10
-43.3507962159172
 20
-26.949286295916703
 10
-43.4021103759472
 20
-27.01892743826254
 10
-43.36890097782796
 20
-27.072200741265064
 10
-43.335626190184975
 20
-27.1254332261174
 10
-43.30228606318834
 20
-27.178624812558205
 10
-43.2688806471067
 20
-27.23177542038777
 10
-43.2354099923071
 20
-27.284884969468198
 10
-43.15036573669853
 20
-27.269057578185905
 10
-43.06552879279355
 20
-27.25286495332952
 10
-42.98090149526194
 20
-27.236304696431098
 10
-42.8964862489882
 20
-27.219374301925566
 10
-42.812285533448176
 20
-27.202071150502388
 10
-42.728301907465294
 20
-27.18439250188119
 10
-42.64453801438937
 20
-27.16633548694596
 10
-42.56099658774734
 20
-27.147897099162922
 10
-42.477680457422174
 20
-27.12907418519677
 10
-42.39459255642501
 20
-27.109863434626522
 10
-42.311735928335196
 20
-27.090261368647695
 10
-42.22911373549482
 20
-27.070264327629015
 10
-42.14672926805888
 20
-27.049868457370945
 10
-42.06458595401829
 20
-27.02906969388711
 10
-42.017901396059806
 20
-27.101585973352112
 10
-41.97109182545383
 20
-27.17402161954175
 10
-41.92415738146933
 20
-27.2463764169438
 10
-41.87709820374673
 20
-27.318650150286558
 10
-41.82991443229764
 20
-27.390842604539518
 10
-41.829914432297635
 20
-27.390842604539525
 10
-41.88239475002209
 20
-27.457370259357404
 10
-41.934605490862715
 20
-27.524282369914168
 10
-41.98654896820422
 20
-27.59157414921096
 10
-42.03822736006354
 20
-27.659241021636742
 10
-42.08964271890001
 20
-27.727278607611723
 10
-42.14079698047347
 20
-27.795682709721248
 10
-42.19169197186571
 20
-27.864449300160278
 10
-42.242329418763575
 20
-27.93357450933371
 10
-42.29271095208882
 20
-28.00305461548001
 10
-42.34283811404758
 20
-28.072886035203407
 10
-42.3927123636632
 20
-28.143065314815328
 10
-42.44233508184734
 20
-28.21358912239875
 10
-42.49170757605773
 20
-28.28445424051988
 10
-42.54083108458458
 20
-28.355657559521386
 10
-42.50598095805324
 20
-28.407872285576307
 10
-42.471066743067084
 20
-28.46004417962033
 10
-42.43608849226804
 20
-28.5121731629912
 10
-42.40104625839464
 20
-28.56425915709136
 10
-42.365940094281854
 20
-28.61630208338809
 10
-42.281429205774664
 20
-28.597837483458964
 10
-42.19713688740456
 20
-28.57901427399112
 10
-42.11306554730404
 20
-28.559830130284706
 10
-42.02921766711704
 20
-28.54028262277821
 10
-41.94559580658025
 20
-28.520369210539464
 10
-41.862202608501676
 20
-28.500087234192677
 10
-41.77904080418162
 20
-28.47943390821747
 10
-41.69611321932753
 20
-28.45840631254672
 10
-41.61342278052183
 20
-28.437001383379403
 10
-41.53097252231054
 20
-28.415215903112088
 10
-41.4487655949911
 20
-28.393046489277946
 10
-41.36680527318996
 20
-28.37048958236435
 10
-41.28509496533569
 20
-28.347541432359463
 10
-41.20363822415043
 20
-28.324198083852774
 10
-41.154721002035636
 20
-28.39522740258665
 10
-41.10568133542794
 20
-28.466172239172778
 10
-41.05651937023134
 20
-28.537032382534434
 10
-41.007235252713656
 20
-28.607807621846845
 10
-40.95782912950615
 20
-28.67849774653786
 10
-40.95782912950615
 20
-28.67849774653786
 10
-41.00821506066963
 20
-28.746625351404145
 10
-41.05831958882785
 20
-28.8151288422373
 10
-41.10814517512153
 20
-28.884003506299976
 10
-41.15769413881491
 20
-28.953244837930477
 10
-41.20696866757886
 20
-29.022848523498677
 10
-41.255970826775865
 20
-29.092810427822165
 10
-41.304702567868084
 20
-29.163126581866198
 10
-41.35316573605154
 20
-29.233793171576107
 10
-41.40136207720531
 20
-29.304806527712067
 10
-41.44929324423268
 20
-29.376163116574062
 10
-41.49696080286046
 20
-29.44785953151956
 10
-41.54436623695451
 20
-29.519892485189395
 10
-41.59151095340185
 20
-29.592258802367873
 10
-41.638396286603644
 20
-29.664955413412503
 10
-41.60193914690688
 20
-29.716061048144603
 10
-41.56541928182563
 20
-29.767121878442286
 10
-41.528836746422805
 20
-29.818137827318505
 10
-41.49219159585575
 20
-29.869108817853892
 10
-41.45548388537626
 20
-29.920034773196864
 10
-41.37158812279702
 20
-29.89895082792882
 10
-41.28792197733589
 20
-29.877515244089004
 10
-41.204487928258345
 20
-29.85572577299465
 10
-41.12128853156695
 20
-29.833580063438248
 10
-41.03832642478282
 20
-29.81107565532419
 10
-40.95560433214183
 20
-29.78820997275402
 10
-40.87312507025239
 20
-29.76498031649786
 10
-40.79089155426881
 20
-29.741383855780157
 10
-40.70890680464164
 20
-29.717417619298228
 10
-40.627173954516074
 20
-29.69307848537901
 10
-40.54569625785995
 20
-29.66836317116566
 10
-40.46447709841606
 20
-29.643268220707768
 10
-40.383519999589126
 20
-29.617789991809108
 10
-40.302828635395485
 20
-29.59192464146165
 10
-40.25172607337751
 20
-29.661398283185864
 10
-40.200503753478365
 20
-29.73078367562099
 10
-40.14916182809593
 20
-29.80008061232998
 10
-40.097700449983876
 20
-29.869288887138957
 10
-40.04611977225132
 20
-29.93840829413784
 10
-40.04611977225133
 20
-29.938408294137833
 10
-40.09436257171956
 20
-30.008069939994755
 10
-40.14231241430035
 20
-30.07809853840115
 10
-40.18997190650939
 20
-30.148489455440433
 10
-40.237343506614536
 20
-30.219238259759173
 10
-40.28442953538172
 20
-30.290340707850092
 10
-40.33123218577799
 20
-30.361792730763522
 10
-40.37775353175799
 20
-30.433590422074822
 10
-40.42399553624175
 20
-30.50573002695959
 10
-40.46996005837671
 20
-30.578207932249477
 10
-40.51564886016416
 20
-30.65102065735884
 10
-40.56106361251968
 20
-30.724164845986888
 10
-40.60620590082778
 20
-30.79763725851264
 10
-40.65107723004372
 20
-30.8714347650103
 10
-40.69567902938863
 20
-30.945554338821907
 10
-40.65765014645453
 20
-30.995501440830186
 10
-40.61955996188908
 20
-31.045401809325927
 10
-40.58140853312281
 20
-31.095255369071776
 10
-40.54319591767859
 20
-31.14506204490095
 10
-40.50492217317155
 20
-31.19482176171737
 10
-40.42172270025224
 20
-31.171138868465775
 10
-40.33876366929233
 20
-31.14711164779695
 10
-40.25604762829173
 20
-31.122737929220687
 10
-40.17357720513888
 20
-31.09801544215812
 10
-40.09135511258771
 20
-31.072941809730168
 10
-40.00938415366642
 20
-31.04751454200776
 10
-39.927667227566644
 20
-31.0217310286628
 10
-39.84620733606931
 20
-30.99558853094994
 10
-39.765007590571045
 20
-30.96908417293936
 10
-39.684071219785054
 20
-30.942214931908396
 10
-39.603401578201606
 20
-30.914977627786115
 10
-39.523002155406274
 20
-30.887368911527766
 10
-39.442876586371256
 20
-30.85938525227631
 10
-39.36302866285274
 20
-30.83102292314405
 10
-39.309790199359924
 20
-30.89887367659713
 10
-39.25643478045569
 20
-30.966632498995253
 10
-39.20296256488435
 20
-31.034299188740786
 10
-39.149373711737674
 20
-31.10187354451019
 10
-39.0956683804545
 20
-31.169355365254678
 10
-39.095668380454484
 20
-31.169355365254678
 10
-39.14172137643469
 20
-31.240483658958908
 10
-39.187470145062136
 20
-31.311969616792307
 10
-39.23291743570587
 20
-31.38380868814209
 10
-39.27806584325912
 20
-31.455996520250128
 10
-39.32291781933772
 20
-31.528528943837316
 10
-39.3674756823917
 20
-31.60140196012318
 10
-39.411741626861776
 20
-31.67461172907238
 10
-39.455717731492996
 20
-31.74815455872334
 10
-39.49940596690253
 20
-31.8220268954747
 10
-39.542808202485105
 20
-31.896225315222416
 10
-39.585926212728545
 20
-31.970746515254465
 10
-39.628761683002224
 20
-32.045587306822156
 10
-39.6713162148737
 20
-32.1207446083176
 10
-39.71359133100141
 20
-32.19621543899545
 10
-39.67402749531817
 20
-32.2449556876845
 10
-39.634403841062074
 20
-32.29364731899455
 10
-39.59472042797572
 20
-32.34229025951071
 10
-39.55497731589186
 20
-32.39088443589153
 10
-39.515174564733215
 20
-32.439429774869055
 10
-39.432751871590526
 20
-32.41317084530359
 10
-39.35058021263646
 20
-32.38657523258999
 10
-39.268662202140355
 20
-32.35964084653038
 10
-39.187000537334185
 20
-32.3323654993712
 10
-39.10559800358028
 20
-32.30474689974938
 10
-39.02445747998743
 20
-32.27678264611406
 10
-38.943581945525715
 20
-32.24847021956426
 10
-38.86297448569864
 20
-32.2198069760344
 10
-38.78263829983885
 20
-32.19079013774978
 10
-38.70257670910399
 20
-32.161416783862435
 10
-38.62279316526147
 20
-32.13168384016388
 10
-38.543291260363745
 20
-32.10158806775497
 10
-38.46407473743386
 20
-32.07112605053375
 10
-38.38514750229956
 20
-32.04029418133837
 10
-38.32982464210699
 20
-32.10645640529842
 10
-38.27438774211955
 20
-32.172523105375
 10
-38.21883696727443
 20
-32.23849408500493
 10
-38.16317248284757
 20
-32.30436914790978
 10
-38.107394454453285
 20
-32.37014809809654
 10
-38.10739445445329
 20
-32.370148098096536
 10
-38.151213093646135
 20
-32.44267422761765
 10
-38.194716529341235
 20
-32.51554838683071
 10
-38.23790765110114
 20
-32.5887661128291
 10
-38.28078918793404
 20
-32.66232313566106
 10
-38.32336371993391
 20
-32.736215364309125
 10
-38.36563368879082
 20
-32.81043887403059
 10
-38.407601407308576
 20
-32.88498989489442
 10
-38.44926906804618
 20
-32.95986480137357
 10
-38.490638751184086
 20
-33.035060102871554
 10
-38.531712431701955
 20
-33.11057243507856
 10
-38.572491985943124
 20
-33.18639855206646
 10
-38.61297919763138
 20
-33.26253531904376
 10
-38.65317576339715
 20
-33.33897970570173
 10
-38.69308329786312
 20
-33.415728780091364
 10
-38.65202278488657
 20
-33.46321502241842
 10
-38.61090399426625
 20
-33.51065081053417
 10
-38.569726987999076
 20
-33.55803607291726
 10
-38.528491828169734
 20
-33.60537073812247
 10
-38.48719857695061
 20
-33.6526547347809
 10
-38.40563240221697
 20
-33.62384517272001
 10
-38.32432761104182
 20
-33.59470689749927
 10
-38.24328688143478
 20
-33.565237901235314
 10
-38.16251297736195
 20
-33.53543608111635
 10
-38.08200875409943
 20
-33.505299233512076
 10
-38.001777164051205
 20
-33.47482504757319
 10
-37.92182126308387
 20
-33.444011098262706
 10
-37.842144217438516
 20
-33.41285483875277
 10
-37.76274931128856
 20
-33.38135359211113
 10
-37.683639955023175
 20
-33.34950454219025
 10
-37.604819694347526
 20
-33.31730472361817
 10
-37.52629222030585
 20
-33.284751010774805
 10
-37.44806138035091
 20
-33.25184010561812
 10
-37.37013119060338
 20
-33.21856852420183
 10
-37.31277745500532
 20
-33.28297821099018
 10
-37.25531270555508
 20
-33.347288873479755
 10
-37.19773711322314
 20
-33.41150032033195
 10
-37.14005084930976
 20
-33.47561236050337
 10
-37.08225408544445
 20
-33.53962480324636
 10
-37.08225408544445
 20
-33.53962480324636
 10
-37.123795976146496
 20
-33.61347860423809
 10
-37.165011992144834
 20
-33.68767046378826
 10
-37.20590516040005
 20
-33.762196011014055
 10
-37.24647834139519
 20
-33.83705106290095
 10
-37.286734241206254
 20
-33.912231610650934
 10
-37.326675422401195
 20
-33.98773380735599
 10
-37.366304313909396
 20
-34.06355395683656
 10
-37.40562321998267
 20
-34.139688503507614
 10
-37.44463432835235
 20
-34.21613402315444
 10
-37.48333971767231
 20
-34.2928872145162
 10
-37.52174136432618
 20
-34.3699448915889
 10
-37.559841148666536
 20
-34.447303976570986
 10
-37.59764086074528
 20
-34.52496149338449
 10
-37.635142205587286
 20
-34.602914561713185
 10
-37.592624738711876
 20
-34.64910085780564
 10
-37.55005059150165
 20
-34.69523491166569
 10
-37.50741982814784
 20
-34.74131665373467
 10
-37.46473251292703
 20
-34.78734601453275
 10
-37.42198871020109
 20
-34.83332292465911
 10
-37.34135796388271
 20
-34.80199060149345
 10
-37.26099869762092
 20
-34.770337853164996
 10
-37.1809136505749
 20
-34.73836275604734
 10
-37.10110565077092
 20
-34.70606329430484
 10
-37.02157762063649
 20
-34.67343735417181
 10
-36.942332583014604
 20
-34.640482717736106
 10
-36.86337366771198
 20
-34.60719705617082
 10
-36.78470411864413
 20
-34.57357792234968
 10
-36.70632730164808
 20
-34.53962274277268
 10
-36.62824671304516
 20
-34.50532880871712
 10
-36.55046598904805
 20
-34.47069326651639
 10
-36.47298891612193
 20
-34.43571310685329
 10
-36.39581944242714
 20
-34.40038515293637
 10
-36.31896169049193
 20
-34.36470604740537
 10
-36.25963256552344
 20
-34.427300884809895
 10
-36.200195560044186
 20
-34.489793293299925
 10
-36.14065085089256
 20
-34.552183086946606
 10
-36.080998615227365
 20
-34.614470080126324
 10
-36.021239030527354
 20
-34.67665408752138
 10
-36.02123903052735
 20
-34.67665408752138
 10
-36.06046398364229
 20
-34.75176411120102
 10
-36.09935270611028
 20
-34.8272018952558
 10
-36.137908359361575
 20
-34.902963165055226
 10
-36.176133932586716
 20
-34.97904382856878
 10
-36.214032255225796
 20
-35.055439963096184
 10
-36.25160600824551
 20
-35.13214780328576
 10
-36.288857734351005
 20
-35.20916373028522
 10
-36.32578984725772
 20
-35.28648426189133
 10
-36.36240464013131
 20
-35.364106043583895
 10
-36.39870429328893
 20
-35.4420258403448
 10
-36.4346908812425
 20
-35.520240529176434
 10
-36.47036637915424
 20
-35.59874709224473
 10
-36.50573266876577
 20
-35.67754261058169
 10
-36.540791543854674
 20
-35.75662425829036
 10
-36.49685825598366
 20
-35.80146592588964
 10
-36.45286993992135
 20
-35.846253613776405
 10
-36.40882666199118
 20
-35.890987254421965
 10
-36.36472848859946
 20
-35.9356667803791
 10
-36.32057548623529
 20
-35.9802921242822
 10
-36.24095817337175
 20
-35.94646735201088
 10
-36.16162217442354
 20
-35.91233075256445
 10
-36.08257028704935
 20
-35.877880488434485
 10
-36.00380540059969
 20
-35.84311463271165
 10
-35.92533050182629
 20
-35.80803116353983
 10
-35.84714868108667
 20
-35.77262795808973
 10
-35.76926313909983
 20
-35.736902785997465
 10
-35.6916771943174
 20
-35.70085330220584
 10
-35.61439429098383
 20
-35.66447703913676
 10
-35.53741800797008
 20
-35.627771398112884
 10
-35.4607520684786
 20
-35.59073363993369
 10
-35.38440035073232
 20
-35.55336087449618
 10
-35.30836689977957
 20
-35.5156500493328
 10
-35.23265594056789
 20
-35.4775979369174
 10
-35.171408823325656
 20
-35.53831736847554
 10
-35.110057063281516
 20
-35.59893106559684
 10
-35.04860084297067
 20
-35.65943884794201
 10
-34.9870403452391
 20
-35.71984053548687
 10
-34.92537575324305
 20
-35.78013594852292
 10
-34.92537575324306
 20
-35.780135948522904
 10
-34.96224582116208
 20
-35.85642953079346
 10
-34.998769627772326
 20
-35.93304025816884
 10
-35.03495046591524
 20
-36.009963956406324
 10
-35.07079145059704
 20
-36.087196628418184
 10
-35.106295531884605
 20
-36.16473444139683
 10
-35.14146550654972
 20
-36.24257371518964
 10
-35.17630402861338
 20
-36.3207109117726
 10
-35.2108136189195
 20
-36.399142625693116
 10
-35.24499667384963
 20
-36.47786557537076
 10
-35.27885547327487
 20
-36.55687659515981
 10
-35.31239218782846
 20
-36.63617262809035
 10
-35.34560888557141
 20
-36.71575071921535
 10
-35.37850753811463
 20
-36.79560800950069
 10
-35.411090026253014
 20
-36.875741730202584
 10
-35.36578342000503
 20
-36.919195387891335
 10
-35.32042349094548
 20
-36.962593380609356
 10
-35.275010307465855
 20
-37.005935642923255
 10
-35.22954393803795
 20
-37.049222109483665
 10
-35.18402445121375
 20
-37.09245271502537
 10
-35.10549759641326
 20
-37.056168216931006
 10
-35.02726161723376
 20
-37.0195807913219
 10
-34.949319367126954
 20
-36.98268868858523
 10
-34.8716737939723
 20
-36.945490072602155
 10
-34.79432794595627
 20
-36.90798301538214
 10
-34.7172849779612
 20
-36.87016549123243
 10
-34.640548158521845
 20
-36.83203537040993
 10
-34.56412087741562
 20
-36.79359041219518
 10
-34.488006653962266
 20
-36.754828257319204
 10
-34.41220914612008
 20
-36.7157464196641
 10
-34.33673216047928
 20
-36.67634227714542
 10
-34.261579663268655
 20
-36.63661306167038
 10
-34.1867557925112
 20
-36.596555848048396
 10
-34.112264871486374
 20
-36.55616754170979
 10
-34.049159014600754
 20
-36.614952825293
 10
-33.98595185385723
 20
-36.67362917120827
 10
-33.92264357731123
 20
-36.732196404880355
 10
-33.85923437331901
 20
-36.790654352058645
 10
-33.79572443053714
 20
-36.8490028388177
 10
-33.79572443053714
 20
-36.8490028388177
 10
-33.83020394385073
 20
-36.92640617056566
 10
-33.86432750017918
 20
-37.004115725330735
 10
-33.89809852058952
 20
-37.082127433296264
 10
-33.93152024289006
 20
-37.16043739618426
 10
-33.96459573492046
 20
-37.23904187478779
 10
-33.997327906551895
 20
-37.317937277713604
 10
-34.029719520553634
 20
-37.39712015118879
 10
-34.061773202459314
 20
-37.47658716980592
 10
-34.093491449548004
 20
-37.55633512809906
 10
-34.12487663903915
 20
-37.63636093285746
 10
-34.15593103558736
 20
-37.71666159609629
 10
-34.18665679815172
 20
-37.79723422861431
 10
-34.21705598630502
 20
-37.87807603407718
 10
-34.24713056603993
 20
-37.95918430357288
 10
-34.20049447263044
 20
-38.0012079127437
 10
-34.15380681337549
 20
-38.04317422553783
 10
-34.10706765866846
 20
-38.085083178680485
 10
-34.06027707898039
 20
-38.12693470898339
 10
-34.01343514485984
 20
-38.16872875334484
 10
-33.93607471778284
 20
-38.13001963233596
 10
-33.859014446629125
 20
-38.091016776535476
 10
-33.782257237882845
 20
-38.05171852591886
 10
-33.70580609510059
 20
-38.01212313693408
 10
-33.629664124954566
 20
-37.972228777321384
 10
-33.55383454379983
 20
-37.93203352048426
 10
-33.478320684824816
 20
-37.89153533936083
 10
-33.40312600585329
 20
-37.85073209973708
 10
-33.328254097875565
 20
-37.80962155293565
 10
-33.25370869439847
 20
-37.76820132780319
 10
-33.17949368171737
 20
-37.72646892190805
 10
-33.10561311022982
 20
-37.68442169184557
 10
-33.032071206930176
 20
-37.64205684253209
 10
-32.95887238924738
 20
-37.599371415348244
 10
-32.89396884355929
 20
-37.65616567999125
 10
-32.82896743096222
 20
-37.71284790912536
 10
-32.763868344849925
 20
-37.76941793410829
 10
-32.69867177890671
 20
-37.82587558663157
 10
-32.63337792710694
 20
-37.88222069872104
 10
-32.633377927106935
 20
-37.882220698721056
 10
-32.66543352911277
 20
-37.960658897221975
 10
-32.69712382282253
 20
-38.0393921004013
 10
-32.72845235421912
 20
-38.11841634680573
 10
-32.75942248078058
 20
-38.197727840738324
 10
-32.790037385151415
 20
-38.277322940210276
 10
-32.8203000874871
 20
-38.357198146062146
 10
-32.850213456632346
 20
-38.43735009211341
 10
-32.87978022027049
 20
-38.51777553621895
 10
-32.90900297416218
 20
-38.59847135212838
 10
-32.93788419057538
 20
-38.679434522058415
 10
-32.966426225995164
 20
-38.76066212989999
 10
-32.99463132819005
 20
-38.842151354992765
 10
-33.022501642702196
 20
-38.92389946640747
 10
-33.050039218820054
 20
-39.005903817684526
 10
-33.002118755657484
 20
-39.0464567232096
 10
-32.9541485335022
 20
-39.086950756382564
 10
-32.90612862468135
 20
-39.127385856148464
 10
-32.85805910159704
 20
-39.16776196154123
 10
-32.80994003672617
 20
-39.20807901168372
 10
-32.7338208785896
 20
-39.16698271633491
 10
-32.65801086629715
 20
-39.12560216308708
 10
-32.582512956553586
 20
-39.08393578310996
 10
-32.507330205686834
 20
-39.041981927105084
 10
-32.432465775849394
 20
-38.99973886031608
 10
-32.357922941757394
 20
-38.95720475710658
 10
-32.28370509802828
 20
-38.91437769505692
 10
-32.20981576718697
 20
-38.871255648523274
 10
-32.13625860842034
 20
-38.827836481595334
 10
-32.06303742717176
 20
-38.78411794037825
 10
-31.99015618568202
 20
-38.74009764451411
 10
-31.917619014598944
 20
-38.6957730778437
 10
-31.845430225798943
 20
-38.651141578094354
 10
-31.773594326586817
 20
-38.606200325459255
 10
-31.706955882084976
 20
-38.66094862637902
 10
-31.640223102303008
 20
-38.715581902336055
 10
-31.573396185785867
 20
-38.770099990784175
 10
-31.506475331358544
 20
-38.824502729519864
 10
-31.439460738125558
 20
-38.87878995668283
 10
-31.43946073812555
 20
-38.87878995668283
 10
-31.46906141709898
 20
-38.95818713804552
 10
-31.498287789877566
 20
-39.037867820349916
 10
-31.527143523929595
 20
-39.11782815433855
 10
-31.5556320931547
 20
-39.19806445056762
 10
-31.583756791923232
 20
-39.27857316778982
 10
-31.611520747753133
 20
-39.35935090246475
 10
-31.638926932789165
 20
-39.440394379260816
 10
-31.665978174225494
 20
-39.52170044243177
 10
-31.692677163793114
 20
-39.60326604796727
 10
-31.719026466416754
 20
-39.685088256430944
 10
-31.745028528132202
 20
-39.767164226410685
 10
-31.770685683342844
 20
-39.84949120851584
 10
-31.796000161484514
 20
-39.93206653986421
 10
-31.820974093158924
 20
-40.01488763900892
 10
-31.77181562019649
 20
-40.053930608571214
 10
-31.722609243232682
 20
-40.09291318676118
 10
-31.67335503645849
 20
-40.13183531480276
 10
-31.624053074137002
 20
-40.17069693401107
 10
-31.574703430603336
 20
-40.20949798579244
 10
-31.499899181776627
 20
-40.16605427411527
 10
-31.425412769636228
 20
-40.12233605643284
 10
-31.351247198247094
 20
-40.078341856626864
 10
-31.27740557375171
 20
-40.034070121248035
 10
-31.20389111072368
 20
-39.989519214721625
 10
-31.130707139072122
 20
-39.94468741413758
 10
-31.057857111559432
 20
-39.89957290357827
 10
-30.985344612003885
 20
-39.85417376792977
 10
-30.913173364248824
 20
-39.80848798611513
 10
-30.841347241992707
 20
-39.76251342367855
 10
-30.76987027958851
 20
-39.716247824638636
 10
-30.698746683938197
 20
-39.66968880251589
 10
-30.62798084762876
 20
-39.6228338304242
 10
-30.557577363480338
 20
-39.5756802300973
 10
-30.48926848855602
 20
-39.62832960184854
 10
-30.420868901243725
 20
-39.68086107046245
 10
-30.352378805047525
 20
-39.733274479646184
 10
-30.283798403740743
 20
-39.785569673458106
 10
-30.21512790136542
 20
-39.83774649630836
 10
-30.215127901365445
 20
-39.837746496308334
 10
-30.2422450205613
 20
-39.91802584888759
 10
-30.268979197780588
 20
-39.99857692440303
 10
-30.295334218428984
 20
-40.0793959895169
 10
-30.321313669466914
 20
-40.16047946460782
 10
-30.34692095380349
 20
-40.24182391259593
 10
-30.37215930329345
 20
-40.32342602885255
 10
-30.397031790506244
 20
-40.405282632063745
 10
-30.42154133941175
 20
-40.48739065593507
 10
-30.445690735107217
 20
-40.5697471416411
 10
-30.469482632692753
 20
-40.65234923093613
 10
-30.49291956538847
 20
-40.735194159853876
 10
-30.516003951974234
 20
-40.81827925293323
 10
-30.538738103622737
 20
-40.901601917915215
 10
-30.561124230187723
 20
-40.985159640863095
 10
-30.51077530507317
 20
-41.02265490291111
 10
-30.46038037729262
 20
-41.060088312991326
 10
-30.409939522829088
 20
-41.09745981466345
 10
-30.35945281773486
 20
-41.13476935158055
 10
-30.30892033813133
 20
-41.17201686748913
 10
-30.23550336689406
 20
-41.12626776846889
 10
-30.162412615698827
 20
-41.080254180903985
 10
-30.089651133064535
 20
-41.033974722816126
 10
-30.017222071943237
 20
-40.98742793810808
 10
-29.945128696219736
 20
-40.940612291969046
 10
-29.87337438777468
 20
-40.89352616588211
 10
-29.801962654175096
 20
-40.846167852188444
 10
-29.73089713706547
 20
-40.798535548156764
 10
-29.660181621343085
 20
-40.75062734949877
 10
-29.589820045213894
 20
-40.70244124326261
 10
-29.5198165112401
 20
-40.65397510002599
 10
-29.450175298507894
 20
-40.605226665297856
 10
-29.38090087606531
 20
-40.556193550023245
 10
-29.31199791780457
 20
-40.50687322006748
 10
-29.242084696882614
 20
-40.55737272778334
 10
-29.172084474223198
 20
-40.607751568250926
 10
-29.101997458092644
 20
-40.658009591581944
 10
-29.031823857015475
 20
-40.708146648247535
 10
-28.961563879773845
 20
-40.75816258907875
 10
-28.961563879773838
 20
-40.75816258907876
 10
-28.986171205130617
 20
-40.83924644778573
 10
-29.01038732320076
 20
-40.92058998854897
 10
-29.034216133665158
 20
-41.002189597562165
 10
-29.057661333074886
 20
-41.08404180848949
 10
-29.080726429585727
 20
-41.16614329174364
 10
-29.103414756262612
 20
-41.24849084480467
 10
-29.125729483127156
 20
-41.33108138345399
 10
-29.147673628096193
 20
-41.41391193381546
 10
-29.169250066938837
 20
-41.49697962511102
 10
-29.190461542361927
 20
-41.580281683050785
 10
-29.21131067231918
 20
-41.66381542378825
 10
-29.231799957626933
 20
-41.74757824838022
 10
-29.251931788958814
 20
-41.83156763769876
 10
-29.271708453282706
 20
-41.91578114774933
 10
-29.22021778534934
 20
-41.95169242803863
 10
-29.168683060589967
 20
-41.98754045560245
 10
-29.117104356706133
 20
-42.02332517639085
 10
-29.065481751465697
 20
-42.05904653644938
 10
-29.013815322702733
 20
-42.09470448191911
 10
-28.941856655233018
 20
-42.04669425485444
 10
-28.87023227556424
 20
-41.99842981258128
 10
-28.798945273720015
 20
-41.94990986859834
 10
-28.727998846411683
 20
-41.9011330655691
 10
-28.657396303677643
 20
-41.85209797093156
 10
-28.587141076098334
 20
-41.802803072127695
 10
-28.517236722652054
 20
-41.75324677140958
 10
-28.447686939286466
 20
-41.70342738017259
 10
-28.378495568291125
 20
-41.653343112759345
 10
-28.30966660856954
 20
-41.60299207966935
 10
-28.241204226924157
 20
-41.55237228009946
 10
-28.173112770485673
 20
-41.50148159372817
 10
-28.10539678043964
 20
-41.45031777164291
 10
-28.038061007228674
 20
-41.39887842629222
 10
-27.96661107683504
 20
-41.447179214960435
 10
-27.895077939523034
 20
-41.49535668900721
 10
-27.823461808119735
 20
-41.54341070509381
 10
-27.751762895699123
 20
-41.591341120248785
 10
-27.6799814155815
 20
-41.63914779186844
 10
-27.679981415581494
 20
-41.639147791868446
 10
-27.702055141101155
 20
-41.720957713306554
 10
-27.723729772491893
 20
-41.80301502469538
 10
-27.745009319937125
 20
-41.88531623525623
 10
-27.76589758600241
 20
-41.96785799529221
 10
-27.786398180696278
 20
-42.05063708592979
 10
-27.806514535069326
 20
-42.13365040985598
 10
-27.82624991352855
 20
-42.21689498293132
 10
-27.845607425018105
 20
-42.300367926574985
 10
-27.86459003319684
 20
-42.38406646083357
 10
-27.883200565724934
 20
-42.467987898057004
 10
-27.901441722757014
 20
-42.55212963711498
 10
-27.919316084726493
 20
-42.63648915809649
 10
-27.936826119495127
 20
-42.72106401744179
 10
-27.95397418893245
 20
-42.805851843462925
 10
-27.90139159207603
 20
-42.84014440014913
 10
-27.84876692685572
 20
-42.87437236454508
 10
-27.796100272616425
 20
-42.90853568504352
 10
-27.743391708766367
 20
-42.94263431013465
 10
-27.690641314776975
 20
-42.976668188406215
 10
-27.620210566438214
 20
-42.92644328009112
 10
-27.55012185025743
 20
-42.87597467584049
 10
-27.48037829477356
 20
-42.82526118587466
 10
-27.41098313736461
 20
-42.774301552930964
 10
-27.34193973102034
 20
-42.72309444808207
 10
-27.273251551702092
 20
-42.67163846619223
 10
-27.20492220635638
 20
-42.61993212097008
 10
-27.13695544165843
 20
-42.56797383957127
 10
-27.069355153572918
 20
-42.51576195669685
 10
-27.002125397832216
 20
-42.46329470812565
 10
-26.935270401447923
 20
-42.410570223609355
 10
-26.868794575389643
 20
-42.35758651904725
 10
-26.80270252858716
 20
-42.304341487844844
 10
-26.736999083437738
 20
-42.250832891343684
 10
-26.664081566765567
 20
-42.29688823307068
 10
-26.591084718491427
 20
-42.342817732102
 10
-26.518008755797258
 20
-42.388621251787136
 10
-26.444853896100376
 20
-42.43429865585037
 10
-26.371620357052844
 20
-42.47984980839123
 10
-26.371620357052837
 20
-42.47984980839122
 10
-26.39113912783155
 20
-42.562306646745085
 10
-26.410251303736846
 20
-42.644998343610325
 10
-26.428961001575075
 20
-42.727921534612946
 10
-26.447272126247547
 20
-42.81107298993564
 10
-26.465188386123085
 20
-42.89444960453265
 10
-26.482713306918637
 20
-42.97804838929443
 10
-26.499850244268472
 20
-43.0618664630476
 10
-26.516602395136356
 20
-43.145901045291495
 10
-26.532972808203745
 20
-43.23014944958681
 10
-26.548964393348566
 20
-43.314609077523365
 10
-26.56457993031412
 20
-43.399277413203514
 10
-26.579822076654526
 20
-43.4841520181863
 10
-26.594693375032143
 20
-43.56923052684412
 10
-26.609196259933206
 20
-43.65451064209009
 10
-26.5555726044202
 20
-43.68715129933934
 10
-26.501908909703843
 20
-43.71972608722246
 10
-26.448205256695644
 20
-43.752234956624754
 10
-26.39446172636736
 20
-43.78467785853092
 10
-26.340678399750885
 20
-43.81705474402516
 10
-26.2718437077434
 20
-43.764663743814694
 10
-26.203358461356917
 20
-43.712039802701746
 10
-26.13522582461901
 20
-43.65918182877929
 10
-26.067449072442418
 20
-43.60608866607483
 10
-26.000031597524455
 20
-43.5527590905814
 10
-25.93297691784461
 20
-43.499191805944804
 10
-25.8662886848281
 20
-43.44538543876822
 10
-25.799970692253073
 20
-43.39133853348916
 10
-25.73402688599022
 20
-43.33704954677819
 10
-25.668461374677115
 20
-43.28251684140025
 10
-25.60327844144515
 20
-43.22773867947116
 10
-25.538482556835515
 20
-43.1727132150305
 10
-25.47407839306338
 20
-43.117438485839855
 10
-25.410070839815287
 20
-43.06191240429956
 10
-25.335756279852657
 20
-43.10567774351665
 10
-25.26136634035266
 20
-43.149314833708516
 10
-25.186901242641994
 20
-43.192823545045066
 10
-25.112361208270965
 20
-43.236203748078154
 10
-25.037746459012837
 20
-43.27945531374199
 10
-25.03774645901283
 20
-43.279455313742
 10
-25.05469139190047
 20
-43.3624792973459
 10
-25.071222622524473
 20
-43.44572538081138
 10
-25.08734437033139
 20
-43.52919032942399
 10
-25.10306063878053
 20
-43.61287103637061
 10
-25.118375231013413
 20
-43.69676451343723
 10
-25.13329176400243
 20
-43.78086788260949
 10
-25.14781368136276
 20
-43.86517836846744
 10
-25.161944264984935
 20
-43.94969329128053
 10
-25.175686645623596
 20
-44.034410060722514
 10
-25.189043812559312
 20
-44.1193261701369
 10
-25.202018622434853
 20
-44.20443919129268
 10
-25.214613807353988
 20
-44.28974676957795
 10
-25.22683198231986
 20
-44.375246619585894
 10
-25.238675652080172
 20
-44.4609365210529
 10
-25.18406281533406
 20
-44.49189370113738
 10
-25.12941200728048
 20
-44.52278379850419
 10
-25.074723310319264
 20
-44.55360676657875
 10
-25.01999680690738
 20
-44.58436255888767
 10
-24.965232579558783
 20
-44.61505112905887
 10
-24.898060537001474
 20
-44.56054472186213
 10
-24.831245015462112
 20
-44.50581635415123
 10
-24.76478921139594
 20
-44.450865032948144
 10
-24.698696434082144
 20
-44.39568970468886
 10
-24.632970112643388
 20
-44.34028925147093
 10
-24.567613803673876
 20
-44.2846624869759
 10
-24.502631199545025
 20
-44.22880815203008
 10
-24.438026137467652
 20
-44.17272490976108
 10
-24.373802609401107
 20
-44.11641134030201
 10
-24.309964772913315
 20
-44.05986593498783
 10
-24.246516963111798
 20
-44.00308708997982
 10
-24.183463705784398
 20
-43.94607309924369
 10
-24.120809731911578
 20
-43.88882214679545
 10
-24.058559993738726
 20
-43.8313322981138
 10
-23.98292028502287
 20
-43.872765294681834
 10
-23.90720922175908
 20
-43.914067759967736
 10
-23.831427029204704
 20
-43.95523957108745
 10
-23.755573932828685
 20
-43.99628060554563
 10
-23.679650158310956
 20
-44.037190741236024
 10
-23.67965015831095
 20
-44.037190741236024
 10
-23.694004860179316
 20
-44.120701549747835
 10
-23.70793915262405
 20
-44.20442148460419
 10
-23.721457353649857
 20
-44.2883474438795
 10
-23.73456356140096
 20
-44.37247644677052
 10
-23.74726167011228
 20
-44.45680562478586
 10
-23.75955538451246
 20
-44.54133221379064
 10
-23.771448232866124
 20
-44.62605354680341
 10
-23.782943578815544
 20
-44.71096704745619
 10
-23.794044632159753
 20
-44.79607022404175
 10
-23.804754458690013
 20
-44.88136066408233
 10
-23.815075989184944
 20
-44.966836029362696
 10
-23.825012027654857
 20
-45.05249405137798
 10
-23.834565258913795
 20
-45.13833252715306
 10
-23.843738255547777
 20
-45.22434931539565
 10
-23.788189071960993
 20
-45.25359306924296
 10
-23.732604021697416
 20
-45.282768591919286
 10
-23.676983188565483
 20
-45.31187583943515
 10
-23.621326656427584
 20
-45.34091476790409
 10
-23.565634509199946
 20
-45.369885333542605
 10
-23.500190100705748
 20
-45.31331625078831
 10
-23.435108943715385
 20
-45.25653640264065
 10
-23.3703942640194
 20
-45.19954489601122
 10
-23.306049402061923
 20
-45.14234078076377
 10
-23.24207782007349
 20
-45.084923046181835
 10
-23.17848310982227
 20
-45.02729061713041
 10
-23.115269001053736
 20
-44.969442349877134
 10
-23.052439370699133
 20
-44.91137702753301
 10
-22.98999825294448
 20
-44.85309335506733
 10
-22.927949850265904
 20
-44.794589953844635
 10
-22.86629854555311
 20
-44.73586535562325
 10
-22.805048915462173
 20
-44.676917995945495
 10
-22.744205745161953
 20
-44.617746206838646
 10
-22.68377404466569
 20
-44.55834820873134
 10
-22.606882363729675
 20
-44.59740877890203
 10
-22.52992342226608
 20
-44.63633666181428
 10
-22.452897449244972
 20
-44.67513174164894
 10
-22.37580467383582
 20
-44.71379390298196
 10
-22.29864532540687
 20
-44.75232303078478
 10
-22.298645325406902
 20
-44.752323030784765
 10
-22.310395909009024
 20
-44.83623987289073
 10
-22.32171978274648
 20
-44.92035266550793
 10
-22.332621359004744
 20
-45.00465844250061
 10
-22.343104826648265
 20
-45.08915435195912
 10
-22.35317416723794
 20
-45.173837647889755
 10
-22.362833169674577
 20
-45.25870568271127
 10
-22.37208544345888
 20
-45.34375590046081
 10
-22.38093443073075
 20
-45.42898583062544
 10
-22.38938341722834
 20
-45.51439308252753
 10
-22.397435542287663
 20
-45.59997534020197
 10
-22.40509380798784
 20
-45.685730357711364
 10
-22.412361087533014
 20
-45.771655954852484
 10
-22.41924013295077
 20
-45.85775001321319
 10
-22.425733582176605
 20
-45.944010472544036
 10
-22.36930179199668
 20
-45.97151250871102
 10
-22.312836274469333
 20
-45.998945231262915
 10
-22.25633711473052
 20
-46.02630859883799
 10
-22.19980439796694
 20
-46.0536025701791
 10
-22.143238209415877
 20
-46.08082710413372
 10
-22.079584748223347
 20
-46.02225007275598
 10
-22.016300917598173
 20
-45.963473675007556
 10
-21.953389969545448
 20
-45.90449711855371
 10
-21.890855272442582
 20
-45.84531955760513
 10
-21.82870031827851
 20
-45.78594008960914
 10
-21.76692873052055
 20
-45.7263577516543
 10
-21.70554427267995
 20
-45.66657151655607
 10
-21.644550857657695
 20
-45.60658028858608
 10
-21.58395255796367
 20
-45.54638289880272
 10
-21.523753616916565
 20
-45.48597809993381
 10
-21.463958460948124
 20
-45.425364560755156
 10
-21.40457171315502
 20
-45.364540859899215
 10
-21.345598208265166
 20
-45.30350547901817
 10
-21.287043009212795
 20
-45.2422567952122
 10
-21.208973743791958
 20
-45.27890715040661
 10
-21.130841376934114
 20
-45.31542279073261
 10
-21.052646141100528
 20
-45.351803607548014
 10
-20.974388268939492
 20
-45.38804949261175
 10
-20.896067993285673
 20
-45.42416033808421
 10
-20.89606799328566
 20
-45.42416033808421
 10
-20.905203090690797
 20
-45.50840202965926
 10
-20.91390559060448
 20
-45.5928263063428
 10
-20.922179995524235
 20
-45.677430340658425
 10
-20.930030580982294
 20
-45.762211412349096
 10
-20.93746141201361
 20
-45.8471669005754
 10
-20.944476358025675
 20
-45.93229427687106
 10
-20.951079106263276
 20
-46.01759109876459
 10
-20.957273174033922
 20
-46.10305500398813
 10
-20.963061919836125
 20
-46.18868370520648
 10
-20.968448553513557
 20
-46.27447498520772
 10
-20.973436145541505
 20
-46.36042669250508
 10
-20.978027635538336
 20
-46.446536737306225
 10
-20.982225840082737
 20
-46.532803087811395
 10
-20.986033459907674
 20
-46.61922376680714
 10
-20.928773657247024
 20
-46.64495747884998
 10
-20.871482299197343
 20
-46.67062086189011
 10
-20.81415947213976
 20
-46.6962138772335
 10
-20.756805262502855
 20
-46.721736486292265
 10
-20.699419756762516
 20
-46.74718865058465
 10
-20.637618823484363
 20
-46.686660340078184
 10
-20.57619354224339
 20
-46.625944255097814
 10
-20.515147188113133
 20
-46.56503970482897
 10
-20.45448315414559
 20
-46.503945948647555
 10
-20.394204958709818
 20
-46.44266219303784
 10
-20.334316253466817
 20
-46.38118758824349
 10
-20.274820832052658
 20
-46.31952122462152
 10
-20.215722639552588
 20
-46.257662128664265
 10
-20.157025782860465
 20
-46.19560925865005
 10
-20.098734542032407
 20
-46.13336149987665
 10
-20.040853382759902
 20
-46.07091765942521
 10
-19.983386970107688
 20
-46.00827646039342
 10
-19.926340183685447
 20
-45.945436535527286
 10
-19.869718134450327
 20
-45.88239642016855
 10
-19.790546811516936
 20
-45.91660110353506
 10
-19.711316607283678
 20
-45.95066917475112
 10
-19.632027757478124
 20
-45.98460053245661
 10
-19.55268049800231
 20
-46.01839507569815
 10
-19.473275064932082
 20
-46.05205270392944
 10
-19.47327506493207
 20
-46.052052703929434
 10
-19.479785838523465
 20
-46.13653774657764
 10
-19.485858545506744
 20
-46.221191832292284
 10
-19.491497774135635
 20
-46.3060122749917
 10
-19.496707882473817
 20
-46.39099648870317
 10
-19.50149301509768
 20
-46.47614198027706
 10
-19.505857118177943
 20
-46.56144634280819
 10
-19.50980395313636
 20
-46.64690724967931
 10
-19.513337109045242
 20
-46.73252244915306
 10
-19.51646001391436
 20
-46.81828975944948
 10
-19.5191759449897
 20
-46.90420706425485
 10
-19.521488038172265
 20
-46.990272308614486
 10
-19.52339929665071
 20
-47.076483495168645
 10
-19.52491259883
 20
-47.16283868069557
 10
-19.526030705627768
 20
-47.24933597293068
 10
-19.467998285647397
 20
-47.273276465144974
 10
-19.409936512764197
 20
-47.29714568100768
 10
-19.351845474520886
 20
-47.32094358452994
 10
-19.293725258504317
 20
-47.34467013983044
 10
-19.23557595234533
 20
-47.368325311135436
 10
-19.17568733539315
 20
-47.305904278731504
 10
-19.11618002852888
 20
-47.24330724541012
 10
-19.057057326726095
 20
-47.18053362254522
 10
-18.998322644428807
 20
-47.117582775394396
 10
-18.93997952298242
 20
-47.054454020246546
 10
-18.88203163870885
 20
-46.991146621322564
 10
-18.824482811698903
 20
-46.92765978740099
 10
-18.76733701540546
 20
-46.86399266813671
 10
-18.710598387133217
 20
-46.80014435003575
 10
-18.654271239535024
 20
-46.73611385204426
 10
-18.59836007324186
 20
-46.671900120702816
 10
-18.54286959077337
 20
-46.60750202480963
 10
-18.487804711900285
 20
-46.54291834952725
 10
-18.433170590658182
 20
-46.47814778985598
 10
-18.352973803353976
 20
-46.5098737105725
 10
-18.2727224118509
 20
-46.541461254019964
 10
-18.19241665491477
 20
-46.57291032621839
 10
-18.112056771473167
 20
-46.604220833599754
 10
-18.031643000614704
 20
-46.635392683008284
 10
-18.031643000614693
 20
-46.635392683008284
 10
-18.03552315163939
 20
-46.720039342907256
 10
-18.03896019074046
 20
-46.80484134029237
 10
-18.041958787488984
 20
-46.88979613307532
 10
-18.044523378263964
 20
-46.97490127206945
 10
-18.046658183173594
 20
-47.06015439422685
 10
-18.04836722133419
 20
-47.14555321653198
 10
-18.049654324705497
 20
-47.23109553047271
 10
-18.050523150652463
 20
-47.316779197020544
 10
-18.050977193379723
 20
-47.40260214206151
 10
-18.051019794365068
 20
-47.488562352227504
 10
-18.050654151901405
 20
-47.574657871083936
 10
-18.049883329842327
 20
-47.66088679563596
 10
-18.048710265634384
 20
-47.747247273119825
 10
-18.04713777770887
 20
-47.833737498050404
 10
-17.98838888302714
 20
-47.855861609556094
 10
-17.92961286632583
 20
-47.87791356631659
 10
-17.87080981622454
 20
-47.899893335083036
 10
-17.811979821383666
 20
-47.92180088271538
 10
-17.753122970504222
 20
-47.9436361761825
 10
-17.695204608247074
 20
-47.87938281019855
 10
-17.637672845235688
 20
-47.814965387123124
 10
-17.58053099315599
 20
-47.75038342108811
 10
-17.52378248454076
 20
-47.685636383846884
 10
-17.46743088028572
 20
-47.62072370215441
 10
-17.41147987781711
 20
-47.555644754920586
 10
-17.355933319984775
 20
-47.490398870111015
 10
-17.300795204765173
 20
-47.42498532136571
 10
-17.246069695871252
 20
-47.3594033243022
 10
-17.191761134380403
 20
-47.29365203246409
 10
-17.137874051509005
 20
-47.227730532870524
 10
-17.084413182682226
 20
-47.161637841114626
 10
-17.031383483072304
 20
-47.095372895950774
 10
-16.97879014480702
 20
-47.02893455330031
 10
-16.897645478344298
 20
-47.05815101858753
 10
-16.81645053760972
 20
-47.08722747535817
 10
-16.735205564176397
 20
-47.116163837103294
 10
-16.653910799766265
 20
-47.14496001773072
 10
-16.57256648624943
 20
-47.17361593156541
 10
-16.57256648624942
 20
-47.173615931565415
 10
-16.573812260911897
 20
-47.258342318538524
 10
-16.57461030701741
 20
-47.34321018713848
 10
-16.574965370936873
 20
-47.428217141729675
 10
-16.57488196307271
 20
-47.513360872280906
 10
-16.57436437498223
 20
-47.598639148132115
 10
-16.573416694839107
 20
-47.68404981236605
 10
-16.57204282143392
 20
-47.769590776712334
 10
-16.57024647688598
 20
-47.85526001692065
 10
-16.56803121821437
 20
-47.941055568549636
 10
-16.56540044789601
 20
-48.02697552312456
 10
-16.562357423521604
 20
-48.11301802462368
 10
-16.55890526664556
 20
-48.199181266258094
 10
-16.55504697091424
 20
-48.28546348751442
 10
-16.550785409545952
 20
-48.37186297143372
 10
-16.49137687592424
 20
-48.3921492985818
 10
-16.431943477404978
 20
-48.412362662396134
 10
-16.37248530359895
 20
-48.43250303240001
 10
-16.313002444154307
 20
-48.45257037822674
 10
-16.253494988756422
 20
-48.472564669619764
 10
-16.19760291346919
 20
-48.40654113103764
 10
-16.14210235257577
 20
-48.34036563790467
 10
-16.086996631270594
 20
-48.27403780758072
 10
-16.03228919685447
 20
-48.207557218826
 10
-15.977983626328484
 20
-48.140923409416125
 10
-15.924083634646191
 20
-48.07413587355086
 10
-15.870593083698745
 20
-48.007194059033
 10
-15.817515992118421
 20
-47.940097364190414
 10
-15.76485654599829
 20
-47.87284513451096
 10
-15.712619110640562
 20
-47.8054366589546
 10
-15.660808243463359
 20
-47.737871165902305
 10
-15.60942870821617
 20
-47.67014781869443
 10
-15.558485490678914
 20
-47.602265710703904
 10
-15.507983816048537
 20
-47.53422385987991
 10
-15.425969772651449
 20
-47.56090260469458
 10
-15.343909833546645
 20
-47.58743984519434
 10
-15.26180424288079
 20
-47.61383550242499
 10
-15.179653244936363
 20
-47.640089497853516
 10
-15.097457084130951
 20
-47.66620175336843
 10
-15.097457084130982
 20
-47.666201753368426
 10
-15.09606727722471
 20
-47.750925900108236
 10
-15.094225558276596
 20
-47.835777535741286
 10
-15.091936745865588
 20
-47.92075441340223
 10
-15.089205420054004
 20
-48.00585436445018
 10
-15.086035939696469
 20
-48.091075292770924
 10
-15.082432458068961
 20
-48.17641516963219
 10
-15.078398937021072
 20
-48.261872029025575
 10
-15.07393915982556
 20
-48.34744396343735
 10
-15.069056742874766
 20
-48.433129119999165
 10
-15.063755146353088
 20
-48.51892569697603
 10
-15.05803768399748
 20
-48.6048319405546
 10
-15.051907532043296
 20
-48.69084614189987
 10
-15.045367737440536
 20
-48.776966634452045
 10
-15.03842122541487
 20
-48.86319179143941
 10
-14.978410526772613
 20
-48.881620708518525
 10
-14.918377244410024
 20
-48.89997592426268
 10
-14.85832146884237
 20
-48.918257410996745
 10
-14.798243290618831
 20
-48.9364651411568
 10
-14.738142800322374
 20
-48.95459908729011
 10
-14.684331083978169
 20
-48.886869249619345
 10
-14.63091541841093
 20
-48.81899970694455
 10
-14.577899139106695
 20
-48.75099018022379
 10
-14.525285704799245
 20
-48.68284035563161
 10
-14.473078705134528
 20
-48.61454988241145
 10
-14.421281868999426
 20
-48.54611837054231
 10
-14.369899073590284
 20
-48.47754538819833
 10
-14.318934354307412
 20
-48.40883045897736
 10
-14.268391915574234
 20
-48.33997305887077
 10
-14.21827614269463
 20
-48.270972612942735
 10
-14.168591614879471
 20
-48.2018284916826
 10
-14.119343119593927
 20
-48.13254000698734
 10
-14.070535668402188
 20
-48.063106407725506
 10
-14.022174514515326
 20
-47.99352687482424
 10
-13.939370437474064
 20
-48.017642089203775
 10
-13.85652488769036
 20
-48.04161444036636
 10
-13.773638111648244
 20
-48.06544385698889
 10
-13.690710355954394
 20
-48.08913026817353
 10
-13.60774186733742
 20
-48.1126736034479
 10
-13.607741867337413
 20
-48.112673603447895
 10
-13.603717823410813
 20
-48.19731354481427
 10
-13.59923812115321
 20
-48.28206685900298
 10
-13.59430764668992
 20
-48.36693145009268
 10
-13.588931045312235
 20
-48.45190529293081
 10
-13.583112738955194
 20
-48.53698642797684
 10
-13.576856941979047
 20
-48.62217295664617
 10
-13.570167675459567
 20
-48.70746303709434
 10
-13.563048780162887
 20
-48.79285488038959
 10
-13.555503928355991
 20
-48.87834674702915
 10
-13.547536634583228
 20
-48.9639369437608
 10
-13.539150265521993
 20
-49.049623820676345
 10
-13.530348049015775
 20
-49.13540576854781
 10
-13.521133082370486
 20
-49.2212812163813
 10
-13.511508339989195
 20
-49.307248629166104
 10
-13.450953532801599
 20
-49.323802307389194
 10
-13.390378444919184
 20
-49.34028161757737
 10
-13.32978316767412
 20
-49.35668653488391
 10
-13.26916779242903
 20
-49.373017034574296
 10
-13.208532410576833
 20
-49.38927309202618
 10
-13.156853112535842
 20
-49.319902479510446
 10
-13.105574018501429
 20
-49.25040454669309
 10
-13.054698471024356
 20
-49.180779118400295
 10
-13.004229936925292
 20
-49.11102598852456
 10
-12.954172015022282
 20
-49.041144918116494
 10
-12.904528444528086
 20
-48.97113563331161
 10
-12.8553031141933
 20
-48.90099782307321
 10
-12.806500072282285
 20
-48.830731136729995
 10
-12.7581235374813
 20
-48.76033518128378
 10
-12.710177910853409
 20
-48.68980951845921
 10
-12.662667788972126
 20
-48.61915366146293
 10
-12.615597978386752
 20
-48.548367071414305
 10
-12.56897351159738
 20
-48.47744915340416
 10
-12.522799664747062
 20
-48.40639925212998
 10
-12.43928566165835
 20
-48.42792760616194
 10
-12.355734648914666
 20
-48.44931187628581
 10
-12.272146875098949
 20
-48.470551998878655
 10
-12.188522588903506
 20
-48.49164791074632
 10
-12.10486203912928
 20
-48.5125995491238
 10
-12.104862039129271
 20
-48.512599549123806
 10
-12.098207651184957
 20
-48.59707340143985
 10
-12.09109429944048
 20
-48.68164640082645
 10
-12.083526932840522
 20
-48.76631660433392
 10
-12.075510257411327
 20
-48.851082132257226
 10
-12.06704875389041
 20
-48.93594116352528
 10
-12.058146693645176
 20
-49.020891931537854
 10
-12.048808153087442
 20
-49.10593272039635
 10
-12.03903702676103
 20
-49.19106186148164
 10
-12.028837039254876
 20
-49.27627773033937
 10
-12.01821175607319
 20
-49.36157874383824
 10
-12.007164593576773
 20
-49.44696335757133
 10
-11.995698828094506
 20
-49.53243006347457
 10
-11.983817604291781
 20
-49.617977387639776
 10
-11.971523942871514
 20
-49.70360388830225
 10
-11.910483610003663
 20
-49.71826631305474
 10
-11.849425319086766
 20
-49.73285377501863
 10
-11.788349162181547
 20
-49.74736625219966
 10
-11.727255231375672
 20
-49.76180372271661
 10
-11.666143618783604
 20
-49.776166164801346
 10
-11.616646735429027
 20
-49.70522188902803
 10
-11.567553822139105
 20
-49.63416280082965
 10
-11.51886822529564
 20
-49.562988829070015
 10
-11.47059341645224
 20
-49.49169987555895
 10
-11.422733000117441
 20
-49.420295813385394
 10
-11.375290722212423
 20
-49.34877648510634
 10
-11.328270479279926
 20
-49.27714170077516
 10
-11.281676328531917
 20
-49.205391235790636
 10
-11.235512498836203
 20
-49.13352482854524
 10
-11.189783402757264
 20
-49.061542177848075
 10
-11.144493649784385
 20
-48.989442940094065
 10
-11.09964806090097
 20
-48.91722672614627
 10
-11.055251684674388
 20
-48.844893097893326
 10
-11.011309815075352
 20
-48.77244156443703
 10
-10.927166680343511
 20
-48.79136223082925
 10
-10.842991034848621
 20
-48.81013773201416
 10
-10.758783129032041
 20
-48.828768012130475
 10
-10.674543213431107
 20
-48.84725301574892
 10
-10.590271538678403
 20
-48.8655926878725
 10
-10.590271538678394
 20
-48.8655926878725
 10
-10.580993244406931
 20
-48.94981872814176
 10
-10.571253124883986
 20
-49.03412959381141
 10
-10.561056187085812
 20
-49.1185234967831
 10
-10.550407193220838
 20
-49.202998704617805
 10
-10.539310678494221
 20
-49.287553536475656
 10
-10.527770967148259
 20
-49.372186359449884
 10
-10.515792186987143
 20
-49.456895585247764
 10
-10.503378282564661
 20
-49.54167966717707
 10
-10.490533027188404
 20
-49.626537097403435
 10
-10.477260033873057
 20
-49.71146640444804
 10
-10.463562765357697
 20
-49.79646615089935
 10
-10.449444543286983
 20
-49.88153493131619
 10
-10.434908556643514
 20
-49.96667137030195
 10
-10.41995786950772
 20
-50.051874120732826
 10
-10.358491063539434
 20
-50.06463110706573
 10
-10.297008639541131
 20
-50.077312608378016
 10
-10.23551069021302
 20
-50.08991860554911
 10
-10.173997308278727
 20
-50.10244907957232
 10
-10.112468586485143
 20
-50.114904011554806
 10
-10.065202002854917
 20
-50.042454706528844
 10
-10.018342764532484
 20
-49.96990320802799
 10
-9.971894218493254
 20
-49.89724954902249
 10
-9.925859837665302
 20
-49.82449373933449
 10
-9.8802432287605
 20
-49.75163576421405
 10
-9.835048140784522
 20
-49.67867558279193
 10
-9.790278474302594
 20
-49.605613126395355
 10
-9.74593829154921
 20
-49.532448296710456
 10
-9.702031827482546
 20
-49.45918096377346
 10
-9.658563501899653
 20
-49.38581096376934
 10
-9.615537932746191
 20
-49.31233809661367
 10
-9.57295995077567
 20
-49.23876212328968
 10
-9.530834615738586
 20
-49.16508276290768
 10
-9.489167234311726
 20
-49.09129968944868
 10
-9.40447637098531
 20
-49.10759436367841
 10
-9.319757527239831
 20
-49.12374293183956
 10
-9.235010955132783
 20
-49.13974534588654
 10
-9.150236906804157
 20
-49.155601558208595
 10
-9.065435634475696
 20
-49.17131152162995
 10
-9.065435634475687
 20
-49.171311521629946
 10
-9.053542410027557
 20
-49.25520826659812
 10
-9.041184945662726
 20
-49.33917543323341
 10
-9.0283683015451
 20
-49.423211390018686
 10
-9.015097291458156
 20
-49.50731455345696
 10
-9.001376500687181
 20
-49.59148338456566
 10
-8.987210302165934
 20
-49.675716385711254
 10
-8.972602871097605
 20
-49.76001209774341
 10
-8.957558198229842
 20
-49.84436909739316
 10
-8.94208010193846
 20
-49.92878599490484
 10
-8.926172239253258
 20
-50.01326143187568
 10
-8.909838115941625
 20
-50.09779407928016
 10
-8.893081095750507
 20
-50.182382635659614
 10
-8.875904408894577
 20
-50.26702582545968
 10
-8.858311159867485
 20
-50.35172239750064
 10
-8.796477345963773
 20
-50.36256160385357
 10
-8.734630269158501
 20
-50.37332487598074
 10
-8.672770022701691
 20
-50.3840121976538
 10
-8.610896699863222
 20
-50.39462355275892
 10
-8.549010393932685
 20
-50.40515892529683
 10
-8.504019837393813
 20
-50.331274681041776
 10
-8.459439607325585
 20
-50.257300961127605
 10
-8.41527304805906
 20
-50.18323790259906
 10
-8.371523630536917
 20
-50.109085623281146
 10
-8.328194960185128
 20
-50.03484422059928
 10
-8.285290785466929
 20
-49.960513770297574
 10
-8.242815007196489
 20
-49.88609432504349
 10
-8.200771688700875
 20
-49.811585912905656
 10
-8.159165066931598
 20
-49.736988535689804
 10
-8.11799956464239
 20
-49.66230216711518
 10
-8.077279803767738
 20
-49.58752675081167
 10
-8.03701062015781
 20
-49.512662198113844
 10
-7.997197079851251
 20
-49.437708385625456
 10
-7.957844497097053
 20
-49.362665152522126
 10
-7.872687838116659
 20
-49.37631807054441
 10
-7.787507756130435
 20
-49.38982408298503
 10
-7.702304504568163
 20
-49.403183149660606
 10
-7.6170783369285555
 20
-49.4163952308249
 10
-7.531829506778512
 20
-49.429460287169036
 10
-7.5318295067785055
 20
-49.429460287169036
 10
-7.517332858080248
 20
-49.51294657215373
 10
-7.502370003922211
 20
-49.59648880694388
 10
-7.486946052760566
 20
-49.680085518181926
 10
-7.471065865296816
 20
-49.76373527284486
 10
-7.45473407246041
 20
-49.84743667529629
 10
-7.437955091646042
 20
-49.93118836462473
 10
-7.420733141416651
 20
-50.014989012233926
 10
-7.40307225485296
 20
-50.09883731965507
 10
-7.384976291704982
 20
-50.18273201655571
 10
-7.36644894947968
 20
-50.26667185892327
 10
-7.347493773581154
 20
-50.350655627404
 10
-7.328114166604427
 20
-50.43468212578085
 10
-7.3083133968712355
 20
-50.518750179575676
 10
-7.288094606285039
 20
-50.60285863476331
 10
-7.225953604667374
 20
-50.61176957490416
 10
-7.163801708107614
 20
-50.620604205075566
 10
-7.101639010315373
 20
-50.6293625119571
 10
-7.039465605016548
 20
-50.6380444823434
 10
-6.9772815859531825
 20
-50.646650103144225
 10
-6.934610581963445
 20
-50.57140239789466
 10
-6.892352488642846
 20
-50.49607802136366
 10
-6.85051064444266
 20
-50.42067721453791
 10
-6.809088514962268
 20
-50.34520020313126
 10
-6.76808970085372
 20
-50.26964719665026
 10
-6.727517946411417
 20
-50.19401838737908
 10
-6.687377148924689
 20
-50.118313949274466
 10
-6.6476713688821665
 20
-50.0425340367604
 10
-6.608404841129713
 20
-49.96667878341034
 10
-6.569581987099029
 20
-49.89074830050328
 10
-6.531207428241983
 20
-49.8147426754379
 10
-6.493286000827052
 20
-49.73866196998593
 10
-6.455822772279944
 20
-49.66250621836391
 10
-6.418823059280678
 20
-49.58627542509768
 10
-6.333282988214114
 20
-49.59727337859611
 10
-6.247724074215197
 20
-49.60812376912144
 10
-6.162146571840823
 20
-49.61882656439138
 10
-6.076550735703182
 20
-49.62938173256267
 10
-5.99093682046902
 20
-49.63978924223136
 10
-5.990936820469055
 20
-49.63978924223136
 10
-5.973850772092035
 20
-49.722784299643735
 10
-5.956297003735829
 20
-49.80582078087207
 10
-5.938280667206774
 20
-49.88889737214379
 10
-5.919806665421984
 20
-49.97201279229618
 10
-5.9008796704749455
 20
-50.05516579038921
 10
-5.881504139947739
 20
-50.1383551435501
 10
-5.861684331681871
 20
-50.22157965502195
 10
-5.841424317189394
 20
-50.304838152392314
 10
-5.820727993860454
 20
-50.38812948598092
 10
-5.799599096102086
 20
-50.47145252736888
 10
-5.778041205525147
 20
-50.55480616805387
 10
-5.756057760280954
 20
-50.63818931821769
 10
-5.733652063636402
 20
-50.72160090559468
 10
-5.710827291865183
 20
-50.80503987443064
 10
-5.648439219939318
 20
-50.81201392760033
 10
-5.586042631570975
 20
-50.81891136888187
 10
-5.523637620838701
 20
-50.825732187875616
 10
-5.461224281833742
 20
-50.83247637429746
 10
-5.3988027086599
 20
-50.83914391797885
 10
-5.358492538659794
 20
-50.76260554902981
 10
-5.3185974640629174
 20
-50.686003387351526
 10
-5.279120814211021
 20
-50.609337777639496
 10
-5.24006604600745
 20
-50.53260905327805
 10
-5.201436751846923
 20
-50.45581753565218
 10
-5.163236668232655
 20
-50.378963533400075
 10
-5.1254696851587545
 20
-50.30204734159951
 10
-5.088139856347156
 20
-50.2250692408804
 10
-5.051251410441139
 20
-50.14802949645471
 10
-5.0148087632729155
 20
-50.07092835705354
 10
-4.978816531340794
 20
-49.993766053759785
 10
-4.943279546652764
 20
-49.9165427987226
 10
-4.908202873119205
 20
-49.83925878373822
 10
-4.873591824707607
 20
-49.76191417867828
 10
-4.787751096049113
 20
-49.77024652784313
 10
-4.701896122761064
 20
-49.7784307994011
 10
-4.616027160281197
 20
-49.7864669690022
 10
-4.530144464088866
 20
-49.794355012736986
 10
-4.444248289704286
 20
-49.80209490713679
 10
-4.444248289704278
 20
-49.80209490713679
 10
-4.4245893712968165
 20
-49.88451844461897
 10
-4.404461670879633
 20
-49.96696883985273
 10
-4.383870378625193
 20
-50.049444939921464
 10
-4.3628204349229645
 20
-50.13194561676223
 10
-4.341316548510524
 20
-50.21446976534158
 10
-4.319363212844915
 20
-50.29701630200843
 10
-4.2969647209270265
 20
-50.37958416300306
 10
-4.274125178761312
 20
-50.46217230310359
 10
-4.250848517607581
 20
-50.544779694394194
 10
-4.227138505160139
 20
-50.62740532514136
 10
-4.2029987557716275
 20
-50.71004819876655
 10
-4.178432739823462
 20
-50.792707332904776
 10
-4.153443792332004
 20
-50.87538175854019
 10
-4.128035120868336
 20
-50.95807051921096
 10
-4.065460335064591
 20
-50.96310093846347
 10
-4.002879419557091
 20
-50.96805451802616
 10
-3.940292468702305
 20
-50.97293125043024
 10
-3.8776995768657967
 20
-50.97773112832283
 10
-3.815100838422092
 20
-50.982454144466914
 10
-3.7771904998977006
 20
-50.904699157747196
 10
-3.739697039932635
 20
-50.82689331856577
 10
-3.702623775538203
 20
-50.74903707499349
 10
-3.6659741515773745
 20
-50.67113086776262
 10
-3.629751748712138
 20
-50.59317512982568
 10
-3.5939602920396885
 20
-50.51517028587629
 10
-3.5586036604955966
 20
-50.43711675182779
 10
-3.523685897113389
 20
-50.35901493424453
 10
-3.489211220242819
 20
-50.28086522972041
 10
-3.4551840358445833
 20
-50.202668024198
 10
-3.421608950997256
 20
-50.124423692220866
 10
-3.3884907887736953
 20
-50.04613259611033
 10
-3.355834604669936
 20
-49.96779508505676
 10
-3.3236457048000276
 20
-49.889411494113304
 10
-3.237587363910642
 20
-49.895070177934876
 10
-3.151519390475262
 20
-49.90058041277133
 10
-3.0654420405653444
 20
-49.905942182228515
 10
-2.9793555702802426
 20
-49.91115547035392
 10
-2.8932602357464465
 20
-49.91622026163689
 10
-2.8932602357464376
 20
-49.91622026163688
 10
-2.871047466042442
 20
-49.99799253973957
 10
-2.848365305814508
 20
-50.07977708354634
 10
-2.8252189785800716
 20
-50.16157290211191
 10
-2.8016134574214475
 20
-50.24337902156445
 10
-2.777553483164903
 20
-50.3251944838461
 10
-2.7530435807953144
 20
-50.40701834557585
 10
-2.7280880743197513
 20
-50.488849677020305
 10
-2.702691100262776
 20
-50.570687561159346
 10
-2.6768566199506196
 20
-50.652531092835986
 10
-2.650588430719861
 20
-50.73437937798089
 10
-2.6238901761682687
 20
-50.81623153290346
 10
-2.5967653555499903
 20
-50.89808668364227
 10
-2.5692173324044387
 20
-50.97994396536875
 10
-2.5412493424969704
 20
-51.06180252183876
 10
-2.4785483798792813
 20
-51.06488444056833
 10
-2.4158436802266543
 20
-51.06788936614385
 10
-2.3531353380821924
 20
-51.07081729403465
 10
-2.2904234479944896
 20
-51.073668219826125
 10
-2.22770810451749
 20
-51.07644213921979
 10
-2.1922342732729363
 20
-50.99754575765732
 10
-2.157178700440722
 20
-50.91861151309717
 10
-2.1225446874927156
 20
-50.83963995655202
 10
-2.088335663918835
 20
-50.76063163567573
 10
-2.054555195184273
 20
-50.68158709456948
 10
-2.0212069913764172
 20
-50.60250687357147
 10
-1.9882949166196817
 20
-50.52339150902821
 10
-1.9558229993478098
 20
-50.44424153304519
 10
-1.923795443536049
 20
-50.365057473214556
 10
-1.892216641011093
 20
-50.285839852316954
 10
-1.861091184974739
 20
-50.206589187994304
 10
-1.8304238848986947
 20
-50.127305992389545
 10
-1.8002197829737903
 20
-50.0479907717494
 10
-1.7704841723273073
 20
-49.96864402598432
 10
-1.6842914750938527
 20
-49.97162357005149
 10
-1.5980937667168276
 20
-49.974454437370106
 10
-1.5118913036536792
 20
-49.9771366195177
 10
-1.4256843423760017
 20
-49.979670108514156
 10
-1.3394731393687707
 20
-49.982054896821815
 10
-1.339473139368763
 20
-49.982054896821815
 10
-1.3147280077883319
 20
-50.063096806147136
 10
-1.2895133312747644
 20
-50.144136377262754
 10
-1.2638343616370489
 20
-50.22517278215339
 10
-1.237696099839213
 20
-50.30620520208049
 10
-1.2111033142097676
 20
-50.387232826888656
 10
-1.1840605568837959
 20
-50.46825485437961
 10
-1.1565721786913472
 20
-50.549270489745716
 10
-1.128642342675274
 20
-50.63027894505577
 10
-1.1002750363959017
 20
-50.71127943878732
 10
-1.0714740831584022
 20
-50.79227119540018
 10
-1.0422431522807285
 20
-50.87325344494658
 10
-1.0125857685044561
 20
-50.95422542271415
 10
-0.9825053206380441
 20
-51.0351863688983
 10
-0.9520050695107264
 20
-51.1161355283009
 10
-0.8892385892109479
 20
-51.117265964950214
 10
-0.8264707681603888
 20
-51.11831932946717
 10
-0.7637017009973225
 20
-51.11929562026353
 10
-0.7009314823619018
 20
-51.1201948358673
 10
-0.6381602068960156
 20
-51.121016974922696
 10
-0.6051572015719868
 20
-51.041055525671204
 10
-0.57257342987531
 20
-50.96106923951604
 10
-0.5404121745444556
 20
-50.881058769878685
 10
-0.5086768463784745
 20
-50.80102477080475
 10
-0.4773709921964115
 20
-50.720967897017694
 10
-0.44649830348657477
 20
-50.64088880397757
 10
-0.4160626258239296
 20
-50.56078814794517
 10
-0.38606796914518804
 20
-50.48066658605232
 10
-0.35651851898401654
 20
-50.40052477637904
 10
-0.3274186487842997
 20
-50.32036337803828
 10
-0.2987729334274276
 20
-50.24018305126951
 10
-0.2705861641311075
 20
-50.15998445754187
 10
-0.24286336490296934
 20
-50.079768259668604
 10
-0.21560981076276853
 20
-49.99953512193391
 10
-0.12936614305315086
 20
-49.99983264373024
 10
-0.04312209045034454
 20
-49.99998140484969
 10
0.04312209045031834
 20
-49.999981404849706
 10
0.12936614305312433
 20
-49.99983264373024
 10
0.21560981076274233
 20
-49.99953512193392
 10
0.2156098107627501
 20
-49.99953512193391
 10
0.2428633649029509
 20
-50.079768259668604
 10
0.27058616413108905
 20
-50.15998445754187
 10
0.2987729334274092
 20
-50.24018305126951
 10
0.3274186487842812
 20
-50.32036337803828
 10
0.356518518983998
 20
-50.40052477637904
 10
0.3860679691451695
 20
-50.48066658605232
 10
0.41606262582391107
 20
-50.56078814794517
 10
0.4464983034865561
 20
-50.64088880397757
 10
0.47737099219639284
 20
-50.720967897017694
 10
0.5086768463784559
 20
-50.80102477080475
 10
0.5404121745444368
 20
-50.881058769878685
 10
0.5725734298752913
 20
-50.96106923951604
 10
0.6051572015719682
 20
-51.041055525671204
 10
0.6381602068959967
 20
-51.121016974922696
 10
0.7009314823618831
 20
-51.1201948358673
 10
0.7637017009973036
 20
-51.11929562026353
 10
0.8264707681603699
 20
-51.11831932946717
 10
0.8892385892109291
 20
-51.117265964950214
 10
0.9520050695107075
 20
-51.1161355283009
 10
0.9825053206380252
 20
-51.0351863688983
 10
1.0125857685044375
 20
-50.95422542271415
 10
1.0422431522807096
 20
-50.87325344494658
 10
1.0714740831583836
 20
-50.79227119540018
 10
1.100275036395883
 20
-50.71127943878732
 10
1.1286423426752554
 20
-50.63027894505577
 10
1.1565721786913286
 20
-50.549270489745716
 10
1.1840605568837774
 20
-50.46825485437961
 10
1.211103314209749
 20
-50.387232826888656
 10
1.2376960998391944
 20
-50.30620520208049
 10
1.2638343616370304
 20
-50.22517278215339
 10
1.2895133312747462
 20
-50.144136377262754
 10
1.3147280077883132
 20
-50.063096806147136
 10
1.3394731393687445
 20
-49.982054896821815
 10
1.425684342375975
 20
-49.97967010851416
 10
1.511891303653653
 20
-49.977136619517694
 10
1.5980937667168014
 20
-49.97445443737011
 10
1.6842914750938263
 20
-49.9716235700515
 10
1.7704841723272813
 20
-49.968644025984325
 10
1.770484172327289
 20
-49.96864402598432
 10
1.8002197829737716
 20
-50.0479907717494
 10
1.830423884898676
 20
-50.127305992389545
 10
1.8610911849747203
 20
-50.206589187994304
 10
1.8922166410110748
 20
-50.285839852316954
 10
1.9237954435360303
 20
-50.365057473214556
 10
1.9558229993477916
 20
-50.44424153304519
 10
1.988294916619663
 20
-50.52339150902821
 10
2.021206991376399
 20
-50.60250687357147
 10
2.0545551951842542
 20
-50.68158709456948
 10
2.088335663918816
 20
-50.76063163567573
 10
2.122544687492697
 20
-50.83963995655202
 10
2.157178700440703
 20
-50.91861151309717
 10
2.1922342732729176
 20
-50.99754575765732
 10
2.2277081045174714
 20
-51.07644213921979
 10
2.2904234479944705
 20
-51.073668219826125
 10
2.3531353380821733
 20
-51.07081729403465
 10
2.415843680226635
 20
-51.06788936614385
 10
2.4785483798792622
 20
-51.06488444056833
 10
2.541249342496952
 20
-51.06180252183876
 10
2.56921733240442
 20
-50.97994396536875
 10
2.5967653555499712
 20
-50.89808668364227
 10
2.62389017616825
 20
-50.81623153290346
 10
2.6505884307198424
 20
-50.73437937798089
 10
2.676856619950601
 20
-50.652531092835986
 10
2.702691100262758
 20
-50.570687561159346
 10
2.7280880743197327
 20
-50.488849677020305
 10
2.753043580795296
 20
-50.40701834557585
 10
2.7775534831648843
 20
-50.3251944838461
 10
2.8016134574214293
 20
-50.24337902156445
 10
2.825218978580053
 20
-50.16157290211191
 10
2.8483653058144895
 20
-50.07977708354634
 10
2.8710474660424232
 20
-49.99799253973957
 10
2.8932602357464194
 20
-49.91622026163688
 10
2.979355570280216
 20
-49.91115547035392
 10
3.0654420405653173
 20
-49.90594218222851
 10
3.1515193904752357
 20
-49.90058041277134
 10
3.237587363910615
 20
-49.89507017793487
 10
3.323645704800001
 20
-49.8894114941133
 10
3.3236457047999646
 20
-49.889411494113304
 10
3.355834604669872
 20
-49.967795085056764
 10
3.3884907887736317
 20
-50.04613259611033
 10
3.4216089509971925
 20
-50.124423692220866
 10
3.4551840358445194
 20
-50.202668024198005
 10
3.4892112202427557
 20
-50.28086522972042
 10
3.5236858971133254
 20
-50.35901493424453
 10
3.5586036604955322
 20
-50.43711675182779
 10
3.5939602920396245
 20
-50.515170285876295
 10
3.6297517487120734
 20
-50.59317512982569
 10
3.66597415157731
 20
-50.67113086776263
 10
3.702623775538139
 20
-50.749037074993495
 10
3.7396970399325706
 20
-50.82689331856578
 10
3.7771904998976362
 20
-50.904699157747196
 10
3.815100838422027
 20
-50.98245414446692
 10
3.877699576865732
 20
-50.97773112832284
 10
3.9402924687022405
 20
-50.97293125043025
 10
4.002879419557027
 20
-50.968054518026165
 10
4.065460335064526
 20
-50.96310093846348
 10
4.1280351208682715
 20
-50.95807051921097
 10
4.15344379233194
 20
-50.87538175854019
 10
4.178432739823398
 20
-50.79270733290478
 10
4.202998755771564
 20
-50.71004819876656
 10
4.227138505160075
 20
-50.62740532514137
 10
4.250848517607516
 20
-50.5447796943942
 10
4.274125178761248
 20
-50.4621723031036
 10
4.296964720926963
 20
-50.37958416300306
 10
4.319363212844852
 20
-50.29701630200843
 10
4.341316548510461
 20
-50.21446976534159
 10
4.362820434922901
 20
-50.13194561676224
 10
4.38387037862513
 20
-50.049444939921464
 10
4.40446167087957
 20
-49.96696883985273
 10
4.4245893712967534
 20
-49.884518444618976
 10
4.444248289704216
 20
-49.802094907136805
 10
4.530144464088796
 20
-49.794355012737
 10
4.616027160281126
 20
-49.7864669690022
 10
4.701896122760994
 20
-49.77843079940112
 10
4.787751096049042
 20
-49.770246527843135
 10
4.873591824707537
 20
-49.761914178678296
 10
4.873591824707545
 20
-49.76191417867829
 10
4.908202873119142
 20
-49.839258783738224
 10
4.943279546652702
 20
-49.91654279872261
 10
4.978816531340731
 20
-49.99376605375979
 10
5.014808763272852
 20
-50.070928357053546
 10
5.0512514104410755
 20
-50.14802949645472
 10
5.088139856347093
 20
-50.2250692408804
 10
5.125469685158691
 20
-50.30204734159951
 10
5.163236668232592
 20
-50.378963533400075
 10
5.20143675184686
 20
-50.45581753565219
 10
5.240066046007386
 20
-50.53260905327806
 10
5.279120814210958
 20
-50.6093377776395
 10
5.318597464062853
 20
-50.68600338735153
 10
5.35849253865973
 20
-50.762605549029814
 10
5.3988027086598365
 20
-50.83914391797886
 10
5.461224281833678
 20
-50.832476374297464
 10
5.523637620838637
 20
-50.82573218787562
 10
5.586042631570911
 20
-50.81891136888188
 10
5.648439219939254
 20
-50.81201392760034
 10
5.710827291865119
 20
-50.80503987443065
 10
5.733652063636338
 20
-50.721600905594684
 10
5.756057760280891
 20
-50.6381893182177
 10
5.778041205525084
 20
-50.55480616805388
 10
5.799599096102022
 20
-50.47145252736889
 10
5.820727993860391
 20
-50.388129485980926
 10
5.841424317189331
 20
-50.304838152392314
 10
5.861684331681808
 20
-50.22157965502196
 10
5.881504139947676
 20
-50.1383551435501
 10
5.9008796704748825
 20
-50.05516579038922
 10
5.919806665421921
 20
-49.972012792296184
 10
5.938280667206711
 20
-49.888897372143795
 10
5.9562970037357665
 20
-49.805820780872075
 10
5.973850772091972
 20
-49.72278429964374
 10
5.990936820468993
 20
-49.639789242231366
 10
6.076550735703155
 20
-49.62938173256267
 10
6.162146571840795
 20
-49.61882656439137
 10
6.2477240742151725
 20
-49.60812376912144
 10
6.333282988214087
 20
-49.5972733785961
 10
6.418823059280652
 20
-49.58627542509769
 10
6.41882305928066
 20
-49.58627542509768
 10
6.455822772279926
 20
-49.66250621836391
 10
6.493286000827034
 20
-49.73866196998593
 10
6.531207428241965
 20
-49.8147426754379
 10
6.56958198709901
 20
-49.89074830050328
 10
6.608404841129694
 20
-49.96667878341034
 10
6.647671368882148
 20
-50.0425340367604
 10
6.687377148924671
 20
-50.118313949274466
 10
6.727517946411399
 20
-50.19401838737908
 10
6.768089700853701
 20
-50.26964719665026
 10
6.80908851496225
 20
-50.34520020313126
 10
6.850510644442641
 20
-50.42067721453791
 10
6.892352488642828
 20
-50.49607802136366
 10
6.934610581963426
 20
-50.57140239789466
 10
6.977281585953164
 20
-50.646650103144225
 10
7.039465605016529
 20
-50.6380444823434
 10
7.101639010315354
 20
-50.6293625119571
 10
7.163801708107595
 20
-50.620604205075566
 10
7.225953604667355
 20
-50.61176957490416
 10
7.2880946062850205
 20
-50.60285863476331
 10
7.308313396871217
 20
-50.518750179575676
 10
7.32811416660441
 20
-50.43468212578085
 10
7.347493773581135
 20
-50.350655627404
 10
7.366448949479661
 20
-50.26667185892327
 10
7.384976291704963
 20
-50.18273201655571
 10
7.403072254852941
 20
-50.09883731965507
 10
7.420733141416633
 20
-50.014989012233926
 10
7.437955091646024
 20
-49.93118836462473
 10
7.454734072460392
 20
-49.84743667529629
 10
7.471065865296797
 20
-49.76373527284486
 10
7.486946052760548
 20
-49.680085518181926
 10
7.502370003922193
 20
-49.59648880694388
 10
7.51733285808023
 20
-49.51294657215373
 10
7.531829506778488
 20
-49.429460287169036
 10
7.617078336928531
 20
-49.4163952308249
 10
7.702304504568136
 20
-49.4031831496606
 10
7.7875077561304105
 20
-49.389824082985044
 10
7.872687838116634
 20
-49.37631807054441
 10
7.957844497097028
 20
-49.362665152522126
 10
7.957844497097035
 20
-49.36266515252212
 10
7.997197079851231
 20
-49.437708385625456
 10
8.037010620157792
 20
-49.512662198113844
 10
8.077279803767718
 20
-49.58752675081167
 10
8.117999564642373
 20
-49.66230216711518
 10
8.159165066931578
 20
-49.736988535689804
 10
8.200771688700858
 20
-49.811585912905656
 10
8.242815007196471
 20
-49.88609432504349
 10
8.28529078546691
 20
-49.960513770297574
 10
8.32819496018511
 20
-50.03484422059928
 10
8.371523630536897
 20
-50.109085623281146
 10
8.415273048059042
 20
-50.18323790259906
 10
8.459439607325566
 20
-50.257300961127605
 10
8.504019837393795
 20
-50.331274681041776
 10
8.549010393932667
 20
-50.40515892529683
 10
8.610896699863204
 20
-50.39462355275892
 10
8.672770022701673
 20
-50.3840121976538
 10
8.734630269158483
 20
-50.37332487598074
 10
8.796477345963755
 20
-50.36256160385357
 10
8.858311159867467
 20
-50.35172239750064
 10
8.87590440889456
 20
-50.26702582545968
 10
8.893081095750487
 20
-50.182382635659614
 10
8.909838115941607
 20
-50.09779407928016
 10
8.926172239253239
 20
-50.01326143187568
 10
8.942080101938442
 20
-49.92878599490484
 10
8.957558198229822
 20
-49.84436909739316
 10
8.972602871097587
 20
-49.76001209774341
 10
8.987210302165916
 20
-49.675716385711254
 10
9.001376500687162
 20
-49.59148338456566
 10
9.015097291458138
 20
-49.50731455345696
 10
9.02836830154508
 20
-49.423211390018686
 10
9.041184945662708
 20
-49.33917543323341
 10
9.053542410027537
 20
-49.25520826659812
 10
9.06543563447567
 20
-49.17131152162995
 10
9.150236906804132
 20
-49.155601558208595
 10
9.235010955132758
 20
-49.13974534588654
 10
9.319757527239807
 20
-49.12374293183956
 10
9.404476370985284
 20
-49.10759436367841
 10
9.489167234311699
 20
-49.09129968944869
 10
9.489167234311708
 20
-49.09129968944868
 10
9.530834615738566
 20
-49.16508276290768
 10
9.572959950775651
 20
-49.23876212328968
 10
9.615537932746173
 20
-49.31233809661367
 10
9.658563501899636
 20
-49.38581096376934
 10
9.702031827482529
 20
-49.45918096377346
 10
9.745938291549193
 20
-49.53244829671045
 10
9.790278474302577
 20
-49.605613126395355
 10
9.835048140784505
 20
-49.67867558279193
 10
9.880243228760483
 20
-49.75163576421405
 10
9.925859837665282
 20
-49.82449373933449
 10
9.971894218493237
 20
-49.89724954902249
 10
10.018342764532465
 20
-49.96990320802799
 10
10.0652020028549
 20
-50.042454706528844
 10
10.112468586485123
 20
-50.114904011554806
 10
10.17399730827871
 20
-50.10244907957232
 10
10.235510690213003
 20
-50.08991860554911
 10
10.297008639541113
 20
-50.077312608378016
 10
10.358491063539416
 20
-50.06463110706573
 10
10.4199578695077
 20
-50.051874120732826
 10
10.434908556643496
 20
-49.96667137030195
 10
10.449444543286964
 20
-49.88153493131619
 10
10.463562765357679
 20
-49.79646615089935
 10
10.477260033873037
 20
-49.71146640444804
 10
10.490533027188386
 20
-49.626537097403435
 10
10.503378282564643
 20
-49.54167966717707
 10
10.515792186987126
 20
-49.456895585247764
 10
10.527770967148241
 20
-49.37218635944989
 10
10.539310678494203
 20
-49.287553536475656
 10
10.55040719322082
 20
-49.202998704617805
 10
10.561056187085795
 20
-49.1185234967831
 10
10.571253124883967
 20
-49.03412959381141
 10
10.580993244406912
 20
-48.94981872814176
 10
10.590271538678376
 20
-48.8655926878725
 10
10.674543213431082
 20
-48.847253015748926
 10
10.758783129032013
 20
-48.82876801213047
 10
10.842991034848595
 20
-48.81013773201417
 10
10.927166680343486
 20
-48.79136223082924
 10
11.011309815075327
 20
-48.77244156443704
 10
11.011309815075291
 20
-48.772441564437045
 10
11.055251684674328
 20
-48.84489309789333
 10
11.09964806090091
 20
-48.91722672614628
 10
11.144493649784325
 20
-48.98944294009408
 10
11.189783402757202
 20
-49.06154217784809
 10
11.23551249883614
 20
-49.13352482854525
 10
11.281676328531855
 20
-49.20539123579064
 10
11.328270479279862
 20
-49.277141700775175
 10
11.375290722212362
 20
-49.348776485106356
 10
11.422733000117379
 20
-49.42029581338541
 10
11.470593416452179
 20
-49.491699875558965
 10
11.518868225295577
 20
-49.56298882907002
 10
11.567553822139043
 20
-49.63416280082966
 10
11.616646735428965
 20
-49.70522188902804
 10
11.666143618783542
 20
-49.77616616480136
 10
11.72725523137561
 20
-49.761803722716614
 10
11.788349162181483
 20
-49.747366252199676
 10
11.849425319086702
 20
-49.73285377501865
 10
11.9104836100036
 20
-49.71826631305475
 10
11.971523942871451
 20
-49.70360388830226
 10
11.983817604291719
 20
-49.61797738763978
 10
11.995698828094444
 20
-49.53243006347458
 10
12.00716459357671
 20
-49.446963357571335
 10
12.018211756073129
 20
-49.36157874383825
 10
12.028837039254814
 20
-49.27627773033939
 10
12.039037026760969
 20
-49.19106186148166
 10
12.048808153087382
 20
-49.10593272039637
 10
12.058146693645114
 20
-49.02089193153786
 10
12.067048753890347
 20
-48.935941163525285
 10
12.075510257411265
 20
-48.85108213225724
 10
12.083526932840462
 20
-48.76631660433394
 10
12.09109429944042
 20
-48.681646400826466
 10
12.098207651184897
 20
-48.59707340143986
 10
12.10486203912921
 20
-48.51259954912382
 10
12.188522588903439
 20
-48.491647910746345
 10
12.27214687509888
 20
-48.47055199887866
 10
12.355734648914598
 20
-48.44931187628583
 10
12.439285661658282
 20
-48.427927606161944
 10
12.522799664746994
 20
-48.40639925213
 10
12.522799664747003
 20
-48.40639925213
 10
12.568973511597322
 20
-48.47744915340418
 10
12.615597978386694
 20
-48.548367071414326
 10
12.662667788972067
 20
-48.61915366146295
 10
12.71017791085335
 20
-48.68980951845922
 10
12.758123537481241
 20
-48.7603351812838
 10
12.806500072282226
 20
-48.830731136730016
 10
12.85530311419324
 20
-48.90099782307323
 10
12.904528444528026
 20
-48.971135633311626
 10
12.954172015022223
 20
-49.041144918116515
 10
13.004229936925233
 20
-49.11102598852458
 10
13.054698471024297
 20
-49.18077911840031
 10
13.105574018501368
 20
-49.250404546693105
 10
13.156853112535783
 20
-49.31990247951047
 10
13.208532410576773
 20
-49.389273092026194
 10
13.269167792428972
 20
-49.37301703457431
 10
13.32978316767406
 20
-49.356686534883934
 10
13.390378444919124
 20
-49.34028161757739
 10
13.45095353280154
 20
-49.32380230738921
 10
13.511508339989135
 20
-49.30724862916612
 10
13.521133082370428
 20
-49.22128121638132
 10
13.530348049015714
 20
-49.13540576854783
 10
13.539150265521934
 20
-49.04962382067636
 10
13.54753663458317
 20
-48.96393694376082
 10
13.555503928355932
 20
-48.87834674702917
 10
13.56304878016283
 20
-48.792854880389605
 10
13.570167675459508
 20
-48.707463037094364
 10
13.576856941978988
 20
-48.62217295664619
 10
13.583112738955135
 20
-48.53698642797686
 10
13.588931045312176
 20
-48.451905292930824
 10
13.594307646689861
 20
-48.3669314500927
 10
13.599238121153151
 20
-48.282066859003
 10
13.603717823410756
 20
-48.19731354481429
 10
13.607741867337355
 20
-48.11267360344792
 10
13.690710355954328
 20
-48.08913026817354
 10
13.773638111648177
 20
-48.06544385698891
 10
13.856524887690295
 20
-48.04161444036638
 10
13.939370437473999
 20
-48.0176420892038
 10
14.02217451451526
 20
-47.99352687482426
 10
14.022174514515267
 20
-47.993526874824255
 10
14.07053566840213
 20
-48.06310640772552
 10
14.119343119593868
 20
-48.132540006987355
 10
14.168591614879412
 20
-48.20182849168261
 10
14.218276142694572
 20
-48.27097261294276
 10
14.268391915574176
 20
-48.33997305887078
 10
14.318934354307354
 20
-48.40883045897738
 10
14.369899073590224
 20
-48.47754538819834
 10
14.421281868999365
 20
-48.546118370542324
 10
14.47307870513447
 20
-48.61454988241147
 10
14.525285704799186
 20
-48.682840355631626
 10
14.577899139106636
 20
-48.75099018022381
 10
14.63091541841087
 20
-48.81899970694457
 10
14.68433108397811
 20
-48.886869249619366
 10
14.738142800322313
 20
-48.95459908729013
 10
14.798243290618773
 20
-48.936465141156816
 10
14.85832146884231
 20
-48.91825741099676
 10
14.918377244409966
 20
-48.89997592426269
 10
14.978410526772555
 20
-48.88162070851854
 10
15.03842122541481
 20
-48.86319179143943
 10
15.045367737440477
 20
-48.776966634452066
 10
15.051907532043236
 20
-48.69084614189988
 10
15.058037683997421
 20
-48.60483194055462
 10
15.06375514635303
 20
-48.51892569697604
 10
15.069056742874707
 20
-48.43312911999918
 10
15.0739391598255
 20
-48.347443963437364
 10
15.078398937021012
 20
-48.2618720290256
 10
15.082432458068903
 20
-48.17641516963221
 10
15.08603593969641
 20
-48.09107529277094
 10
15.089205420053945
 20
-48.0058543644502
 10
15.09193674586553
 20
-47.92075441340224
 10
15.094225558276538
 20
-47.8357775357413
 10
15.096067277224652
 20
-47.750925900108264
 10
15.097457084130923
 20
-47.66620175336844
 10
15.179653244936341
 20
-47.64008949785353
 10
15.261804242880764
 20
-47.61383550242499
 10
15.343909833546622
 20
-47.58743984519436
 10
15.425969772651422
 20
-47.56090260469458
 10
15.507983816048514
 20
-47.534223859879916
 10
15.507983816048519
 20
-47.534223859879916
 10
15.558485490678896
 20
-47.602265710703904
 10
15.609428708216152
 20
-47.67014781869444
 10
15.660808243463341
 20
-47.73787116590231
 10
15.712619110640544
 20
-47.805436658954605
 10
15.764856545998272
 20
-47.87284513451097
 10
15.817515992118405
 20
-47.94009736419042
 10
15.870593083698727
 20
-48.007194059033
 10
15.924083634646172
 20
-48.074135873550865
 10
15.977983626328466
 20
-48.140923409416125
 10
16.03228919685445
 20
-48.207557218826
 10
16.086996631270576
 20
-48.274037807580726
 10
16.14210235257575
 20
-48.34036563790467
 10
16.197602913469172
 20
-48.40654113103765
 10
16.253494988756405
 20
-48.472564669619764
 10
16.313002444154293
 20
-48.452570378226746
 10
16.372485303598932
 20
-48.432503032400014
 10
16.43194347740496
 20
-48.41236266239614
 10
16.491376875924225
 20
-48.392149298581806
 10
16.550785409545934
 20
-48.37186297143372
 10
16.555046970914223
 20
-48.28546348751443
 10
16.558905266645542
 20
-48.199181266258094
 10
16.562357423521586
 20
-48.113018024623685
 10
16.565400447895996
 20
-48.02697552312456
 10
16.56803121821435
 20
-47.941055568549636
 10
16.570246476885963
 20
-47.85526001692066
 10
16.572042821433904
 20
-47.769590776712334
 10
16.573416694839093
 20
-47.684049812366055
 10
16.574364374982213
 20
-47.59863914813212
 10
16.57488196307269
 20
-47.51336087228091
 10
16.574965370936855
 20
-47.42821714172968
 10
16.57461030701739
 20
-47.34321018713849
 10
16.57381226091188
 20
-47.258342318538524
 10
16.572566486249404
 20
-47.17361593156542
 10
16.65391079976624
 20
-47.14496001773073
 10
16.73520556417637
 20
-47.116163837103294
 10
16.8164505376097
 20
-47.08722747535818
 10
16.897645478344273
 20
-47.05815101858753
 10
16.978790144806997
 20
-47.02893455330032
 10
16.978790144807004
 20
-47.02893455330032
 10
17.031383483072286
 20
-47.09537289595078
 10
17.08441318268221
 20
-47.16163784111463
 10
17.137874051508987
 20
-47.22773053287054
 10
17.19176113438039
 20
-47.293652032464095
 10
17.24606969587124
 20
-47.359403324302214
 10
17.300795204765155
 20
-47.42498532136572
 10
17.355933319984757
 20
-47.49039887011103
 10
17.411479877817097
 20
-47.5556447549206
 10
17.4674308802857
 20
-47.62072370215442
 10
17.523782484540742
 20
-47.68563638384689
 10
17.58053099315597
 20
-47.75038342108812
 10
17.637672845235674
 20
-47.81496538712314
 10
17.695204608247057
 20
-47.879382810198564
 10
17.753122970504204
 20
-47.94363617618251
 10
17.81197982138365
 20
-47.921800882715395
 10
17.870809816224522
 20
-47.89989333508305
 10
17.92961286632581
 20
-47.87791356631661
 10
17.988388883027127
 20
-47.85586160955611
 10
18.04713777770885
 20
-47.83373749805041
 10
18.048710265634366
 20
-47.74724727311984
 10
18.049883329842313
 20
-47.660886795635975
 10
18.050654151901394
 20
-47.57465787108394
 10
18.05101979436505
 20
-47.48856235222751
 10
18.050977193379705
 20
-47.402602142061525
 10
18.05052315065245
 20
-47.31677919702056
 10
18.04965432470548
 20
-47.23109553047272
 10
18.04836722133417
 20
-47.14555321653199
 10
18.04665818317358
 20
-47.06015439422686
 10
18.04452337826395
 20
-46.97490127206946
 10
18.041958787488966
 20
-46.889796133075336
 10
18.038960190740443
 20
-46.80484134029238
 10
18.03552315163937
 20
-46.72003934290726
 10
18.031643000614675
 20
-46.63539268300829
 10
18.112056771473142
 20
-46.60422083359976
 10
18.192416654914744
 20
-46.5729103262184
 10
18.27272241185088
 20
-46.54146125401998
 10
18.35297380335395
 20
-46.509873710572506
 10
18.433170590658158
 20
-46.478147789855996
 10
18.433170590658165
 20
-46.47814778985598
 10
18.48780471190027
 20
-46.542918349527255
 10
18.542869590773357
 20
-46.60750202480963
 10
18.598360073241846
 20
-46.67190012070282
 10
18.65427123953501
 20
-46.73611385204427
 10
18.7105983871332
 20
-46.80014435003576
 10
18.76733701540544
 20
-46.86399266813671
 10
18.824482811698886
 20
-46.927659787401
 10
18.882031638708835
 20
-46.99114662132257
 10
18.9399795229824
 20
-47.05445402024655
 10
18.99832264442879
 20
-47.1175827753944
 10
19.057057326726078
 20
-47.18053362254523
 10
19.116180028528863
 20
-47.24330724541012
 10
19.175687335393132
 20
-47.30590427873151
 10
19.23557595234531
 20
-47.36832531113544
 10
19.2937252585043
 20
-47.34467013983045
 10
19.351845474520868
 20
-47.32094358452995
 10
19.40993651276418
 20
-47.297145681007684
 10
19.46799828564738
 20
-47.27327646514498
 10
19.52603070562775
 20
-47.24933597293069
 10
19.52491259882998
 20
-47.16283868069558
 10
19.52339929665069
 20
-47.076483495168645
 10
19.521488038172247
 20
-46.99027230861449
 10
19.519175944989684
 20
-46.904207064254855
 10
19.516460013914344
 20
-46.818289759449485
 10
19.513337109045228
 20
-46.732522449153066
 10
19.50980395313634
 20
-46.646907249679316
 10
19.505857118177925
 20
-46.56144634280819
 10
19.50149301509766
 20
-46.47614198027707
 10
19.496707882473803
 20
-46.39099648870318
 10
19.49149777413562
 20
-46.30601227499171
 10
19.48585854550673
 20
-46.221191832292284
 10
19.47978583852345
 20
-46.136537746577645
 10
19.473275064932054
 20
-46.05205270392945
 10
19.55268049800229
 20
-46.018395075698166
 10
19.632027757478095
 20
-45.98460053245662
 10
19.71131660728366
 20
-45.950669174751134
 10
19.79054681151691
 20
-45.91660110353506
 10
19.869718134450302
 20
-45.88239642016856
 10
19.86971813445027
 20
-45.88239642016857
 10
19.926340183685383
 20
-45.94543653552731
 10
19.98338697010763
 20
-46.00827646039344
 10
20.040853382759845
 20
-46.070917659425234
 10
20.098734542032346
 20
-46.13336149987667
 10
20.15702578286041
 20
-46.19560925865007
 10
20.215722639552528
 20
-46.257662128664286
 10
20.2748208320526
 20
-46.31952122462154
 10
20.334316253466756
 20
-46.38118758824351
 10
20.394204958709757
 20
-46.44266219303786
 10
20.454483154145528
 20
-46.503945948647576
 10
20.515147188113076
 20
-46.56503970482899
 10
20.57619354224333
 20
-46.625944255097835
 10
20.637618823484306
 20
-46.686660340078205
 10
20.69941975676246
 20
-46.74718865058467
 10
20.756805262502795
 20
-46.721736486292286
 10
20.814159472139703
 20
-46.69621387723352
 10
20.871482299197286
 20
-46.67062086189013
 10
20.928773657246964
 20
-46.64495747885
 10
20.986033459907617
 20
-46.61922376680716
 10
20.98222584008268
 20
-46.532803087811416
 10
20.978027635538275
 20
-46.446536737306246
 10
20.97343614554145
 20
-46.3604266925051
 10
20.968448553513497
 20
-46.27447498520774
 10
20.963061919836065
 20
-46.1886837052065
 10
20.957273174033862
 20
-46.10305500398815
 10
20.95107910626322
 20
-46.01759109876461
 10
20.944476358025614
 20
-45.9322942768711
 10
20.937461412013555
 20
-45.847166900575424
 10
20.930030580982233
 20
-45.76221141234912
 10
20.92217999552418
 20
-45.67743034065845
 10
20.913905590604422
 20
-45.59282630634282
 10
20.90520309069074
 20
-45.50840202965928
 10
20.8960679932856
 20
-45.42416033808423
 10
20.974388268939425
 20
-45.38804949261178
 10
21.05264614110046
 20
-45.35180360754804
 10
21.13084137693405
 20
-45.31542279073265
 10
21.20897374379189
 20
-45.278907150406646
 10
21.28704300921273
 20
-45.24225679521223
 10
21.287043009212738
 20
-45.24225679521223
 10
21.345598208265105
 20
-45.30350547901819
 10
21.404571713154958
 20
-45.364540859899236
 10
21.463958460948064
 20
-45.425364560755185
 10
21.523753616916505
 20
-45.48597809993384
 10
21.58395255796361
 20
-45.54638289880275
 10
21.644550857657634
 20
-45.6065802885861
 10
21.705544272679894
 20
-45.6665715165561
 10
21.766928730520494
 20
-45.72635775165433
 10
21.828700318278454
 20
-45.78594008960917
 10
21.890855272442526
 20
-45.84531955760516
 10
21.95338996954539
 20
-45.90449711855373
 10
22.016300917598112
 20
-45.963473675007585
 10
22.079584748223287
 20
-46.02225007275601
 10
22.143238209415816
 20
-46.080827104133746
 10
22.19980439796688
 20
-46.05360257017913
 10
22.25633711473046
 20
-46.02630859883802
 10
22.312836274469273
 20
-45.998945231262944
 10
22.36930179199662
 20
-45.97151250871105
 10
22.425733582176544
 20
-45.944010472544065
 10
22.41924013295071
 20
-45.85775001321322
 10
22.412361087532954
 20
-45.77165595485251
 10
22.405093807987782
 20
-45.685730357711385
 10
22.397435542287607
 20
-45.599975340202
 10
22.389383417228284
 20
-45.51439308252756
 10
22.380934430730694
 20
-45.42898583062547
 10
22.372085443458822
 20
-45.34375590046084
 10
22.362833169674516
 20
-45.258705682711295
 10
22.353174167237878
 20
-45.17383764788978
 10
22.343104826648204
 20
-45.089154351959145
 10
22.332621359004683
 20
-45.00465844250064
 10
22.32171978274642
 20
-44.92035266550796
 10
22.310395909008964
 20
-44.83623987289075
 10
22.298645325406845
 20
-44.752323030784794
 10
22.375804673835795
 20
-44.713793902981976
 10
22.452897449244944
 20
-44.675131741648954
 10
22.52992342226606
 20
-44.636336661814305
 10
22.606882363729646
 20
-44.59740877890204
 10
22.683774044665665
 20
-44.558348208731346
 10
22.68377404466567
 20
-44.558348208731346
 10
22.74420574516194
 20
-44.61774620683866
 10
22.80504891546216
 20
-44.6769179959455
 10
22.866298545553093
 20
-44.735865355623254
 10
22.927949850265886
 20
-44.79458995384465
 10
22.989998252944464
 20
-44.85309335506734
 10
23.052439370699116
 20
-44.911377027533014
 10
23.115269001053722
 20
-44.96944234987715
 10
23.178483109822253
 20
-45.027290617130426
 10
23.242077820073472
 20
-45.08492304618184
 10
23.306049402061905
 20
-45.14234078076378
 10
23.37039426401938
 20
-45.199544896011226
 10
23.435108943715367
 20
-45.256536402640656
 10
23.50019010070573
 20
-45.313316250788326
 10
23.56563450919993
 20
-45.36988533354262
 10
23.62132665642757
 20
-45.3409147679041
 10
23.676983188565465
 20
-45.31187583943516
 10
23.732604021697398
 20
-45.28276859191929
 10
23.78818907196098
 20
-45.253593069242974
 10
23.843738255547763
 20
-45.22434931539566
 10
23.834565258913777
 20
-45.138332527153075
 10
23.82501202765484
 20
-45.052494051377984
 10
23.815075989184926
 20
-44.9668360293627
 10
23.804754458689995
 20
-44.881360664082344
 10
23.794044632159736
 20
-44.796070224041756
 10
23.782943578815527
 20
-44.7109670474562
 10
23.77144823286611
 20
-44.626053546803426
 10
23.759555384512442
 20
-44.541332213790646
 10
23.747261670112263
 20
-44.456805624785865
 10
23.734563561400943
 20
-44.372476446770534
 10
23.72145735364984
 20
-44.28834744387951
 10
23.707939152624036
 20
-44.2044214846042
 10
23.6940048601793
 20
-44.12070154974785
 10
23.67965015831093
 20
-44.03719074123603
 10
23.755573932828664
 20
-43.99628060554564
 10
23.83142702920468
 20
-43.95523957108745
 10
23.907209221759057
 20
-43.91406775996775
 10
23.982920285022843
 20
-43.87276529468185
 10
24.058559993738704
 20
-43.83133229811382
 10
24.05855999373871
 20
-43.83133229811381
 10
24.120809731911564
 20
-43.88882214679545
 10
24.18346370578438
 20
-43.9460730992437
 10
24.24651696311178
 20
-44.00308708997983
 10
24.309964772913297
 20
-44.05986593498784
 10
24.37380260940109
 20
-44.116411340302015
 10
24.438026137467638
 20
-44.17272490976108
 10
24.502631199545007
 20
-44.22880815203009
 10
24.567613803673858
 20
-44.2846624869759
 10
24.63297011264337
 20
-44.34028925147093
 10
24.69869643408213
 20
-44.39568970468887
 10
24.76478921139592
 20
-44.450865032948144
 10
24.831245015462095
 20
-44.505816354151236
 10
24.898060537001456
 20
-44.560544721862136
 10
24.96523257955877
 20
-44.61505112905888
 10
25.01999680690736
 20
-44.584362558887676
 10
25.074723310319246
 20
-44.55360676657876
 10
25.12941200728046
 20
-44.5227837985042
 10
25.18406281533404
 20
-44.491893701137386
 10
25.238675652080158
 20
-44.46093652105291
 10
25.226831982319844
 20
-44.3752466195859
 10
25.21461380735397
 20
-44.28974676957796
 10
25.202018622434835
 20
-44.20443919129268
 10
25.189043812559298
 20
-44.11932617013691
 10
25.17568664562358
 20
-44.034410060722514
 10
25.161944264984918
 20
-43.94969329128053
 10
25.14781368136274
 20
-43.86517836846745
 10
25.133291764002415
 20
-43.78086788260949
 10
25.118375231013395
 20
-43.69676451343724
 10
25.103060638780512
 20
-43.61287103637062
 10
25.087344370331373
 20
-43.529190329424
 10
25.071222622524456
 20
-43.44572538081139
 10
25.054691391900455
 20
-43.3624792973459
 10
25.037746459012816
 20
-43.279455313742005
 10
25.112361208270944
 20
-43.23620374807817
 10
25.18690124264197
 20
-43.19282354504507
 10
25.26136634035264
 20
-43.14931483370853
 10
25.335756279852635
 20
-43.10567774351666
 10
25.410070839815265
 20
-43.06191240429958
 10
25.41007083981527
 20
-43.06191240429958
 10
25.474078393063365
 20
-43.11743848583987
 10
25.5384825568355
 20
-43.17271321503051
 10
25.60327844144513
 20
-43.227738679471166
 10
25.668461374677097
 20
-43.282516841400266
 10
25.734026885990204
 20
-43.3370495467782
 10
25.79997069225306
 20
-43.391338533489176
 10
25.866288684828085
 20
-43.44538543876823
 10
25.93297691784459
 20
-43.49919180594481
 10
26.000031597524437
 20
-43.552759090581404
 10
26.0674490724424
 20
-43.60608866607484
 10
26.135225824618992
 20
-43.6591818287793
 10
26.2033584613569
 20
-43.71203980270176
 10
26.271843707743386
 20
-43.76466374381471
 10
26.340678399750868
 20
-43.817054744025164
 10
26.394461726367343
 20
-43.784677858530934
 10
26.448205256695626
 20
-43.75223495662476
 10
26.501908909703825
 20
-43.71972608722247
 10
26.55557260442018
 20
-43.687151299339355
 10
26.60919625993319
 20
-43.654510642090095
 10
26.59469337503213
 20
-43.56923052684414
 10
26.57982207665451
 20
-43.484152018186315
 10
26.564579930314103
 20
-43.39927741320353
 10
26.548964393348548
 20
-43.31460907752337
 10
26.532972808203727
 20
-43.23014944958682
 10
26.51660239513634
 20
-43.1459010452915
 10
26.49985024426846
 20
-43.06186646304761
 10
26.482713306918622
 20
-42.97804838929444
 10
26.465188386123067
 20
-42.89444960453267
 10
26.44727212624753
 20
-42.81107298993565
 10
26.428961001575058
 20
-42.72792153461295
 10
26.410251303736832
 20
-42.64499834361034
 10
26.391139127831536
 20
-42.5623066467451
 10
26.37162035705282
 20
-42.479849808391236
 10
26.444853896100355
 20
-42.43429865585039
 10
26.51800875579723
 20
-42.38862125178715
 10
26.591084718491405
 20
-42.34281773210202
 10
26.664081566765542
 20
-42.29688823307069
 10
26.736999083437716
 20
-42.250832891343705
 10
26.736999083437688
 20
-42.25083289134372
 10
26.802702528587112
 20
-42.304341487844866
 10
26.868794575389593
 20
-42.357586519047274
 10
26.935270401447873
 20
-42.41057022360939
 10
27.002125397832167
 20
-42.46329470812568
 10
27.069355153572868
 20
-42.51576195669688
 10
27.13695544165838
 20
-42.56797383957131
 10
27.20492220635633
 20
-42.61993212097011
 10
27.27325155170204
 20
-42.67163846619226
 10
27.34193973102029
 20
-42.72309444808211
 10
27.410983137364557
 20
-42.77430155293099
 10
27.480378294773505
 20
-42.825261185874695
 10
27.55012185025738
 20
-42.875974675840524
 10
27.620210566438164
 20
-42.926443280091156
 10
27.690641314776922
 20
-42.97666818840625
 10
27.743391708766318
 20
-42.94263431013468
 10
27.796100272616375
 20
-42.90853568504355
 10
27.84876692685567
 20
-42.87437236454512
 10
27.90139159207598
 20
-42.84014440014916
 10
27.953974188932396
 20
-42.80585184346296
 10
27.936826119495077
 20
-42.721064017441826
 10
27.919316084726443
 20
-42.63648915809652
 10
27.90144172275696
 20
-42.552129637115016
 10
27.88320056572488
 20
-42.46798789805703
 10
27.86459003319679
 20
-42.38406646083361
 10
27.845607425018052
 20
-42.30036792657502
 10
27.8262499135285
 20
-42.21689498293136
 10
27.806514535069276
 20
-42.13365040985602
 10
27.786398180696228
 20
-42.05063708592982
 10
27.76589758600236
 20
-41.967857995292256
 10
27.745009319937076
 20
-41.88531623525626
 10
27.723729772491843
 20
-41.80301502469541
 10
27.702055141101106
 20
-41.72095771330659
 10
27.679981415581445
 20
-41.63914779186848
 10
27.751762895699066
 20
-41.59134112024882
 10
27.823461808119674
 20
-41.54341070509385
 10
27.89507793952298
 20
-41.49535668900725
 10
27.96661107683498
 20
-41.447179214960464
 10
28.038061007228617
 20
-41.39887842629226
 10
28.038061007228617
 20
-41.39887842629224
 10
28.105396780439584
 20
-41.45031777164294
 10
28.173112770485616
 20
-41.5014815937282
 10
28.2412042269241
 20
-41.55237228009949
 10
28.309666608569483
 20
-41.60299207966938
 10
28.37849556829107
 20
-41.65334311275938
 10
28.44768693928641
 20
-41.70342738017263
 10
28.517236722651997
 20
-41.753246771409614
 10
28.587141076098277
 20
-41.80280307212772
 10
28.65739630367759
 20
-41.85209797093159
 10
28.727998846411626
 20
-41.901133065569134
 10
28.79894527371996
 20
-41.949909868598375
 10
28.870232275564184
 20
-41.99842981258131
 10
28.94185665523296
 20
-42.04669425485447
 10
29.013815322702676
 20
-42.09470448191914
 10
29.06548175146564
 20
-42.05904653644941
 10
29.117104356706076
 20
-42.02332517639088
 10
29.16868306058991
 20
-41.98754045560248
 10
29.220217785349284
 20
-41.95169242803866
 10
29.27170845328265
 20
-41.91578114774936
 10
29.251931788958757
 20
-41.8315676376988
 10
29.231799957626876
 20
-41.74757824838025
 10
29.211310672319122
 20
-41.663815423788286
 10
29.19046154236187
 20
-41.58028168305082
 10
29.169250066938783
 20
-41.496979625111045
 10
29.147673628096136
 20
-41.41391193381549
 10
29.1257294831271
 20
-41.33108138345403
 10
29.103414756262556
 20
-41.24849084480471
 10
29.08072642958567
 20
-41.16614329174367
 10
29.05766133307483
 20
-41.084041808489516
 10
29.0342161336651
 20
-41.00218959756219
 10
29.010387323200703
 20
-40.920589988549
 10
28.98617120513056
 20
-40.83924644778577
 10
28.96156387977378
 20
-40.75816258907879
 10
29.031823857015414
 20
-40.70814664824758
 10
29.10199745809258
 20
-40.65800959158199
 10
29.172084474223144
 20
-40.60775156825097
 10
29.242084696882554
 20
-40.557372727783374
 10
29.311997917804515
 20
-40.506873220067526
 10
29.311997917804522
 20
-40.50687322006752
 10
29.38090087606526
 20
-40.55619355002329
 10
29.450175298507844
 20
-40.6052266652979
 10
29.51981651124005
 20
-40.653975100026024
 10
29.589820045213845
 20
-40.70244124326265
 10
29.660181621343032
 20
-40.750627349498814
 10
29.73089713706542
 20
-40.7985355481568
 10
29.801962654175046
 20
-40.84616785218848
 10
29.87337438777463
 20
-40.89352616588214
 10
29.945128696219687
 20
-40.94061229196909
 10
30.017222071943188
 20
-40.98742793810812
 10
30.089651133064486
 20
-41.03397472281616
 10
30.162412615698777
 20
-41.08025418090402
 10
30.23550336689401
 20
-41.12626776846893
 10
30.308920338131276
 20
-41.17201686748916
 10
30.359452817734805
 20
-41.134769351580594
 10
30.40993952282904
 20
-41.09745981466349
 10
30.46038037729257
 20
-41.06008831299136
 10
30.510775305073118
 20
-41.02265490291115
 10
30.561124230187676
 20
-40.98515964086313
 10
30.538738103622688
 20
-40.90160191791525
 10
30.516003951974184
 20
-40.818279252933266
 10
30.49291956538842
 20
-40.73519415985391
 10
30.469482632692703
 20
-40.652349230936174
 10
30.445690735107167
 20
-40.569747141641145
 10
30.4215413394117
 20
-40.48739065593511
 10
30.397031790506194
 20
-40.40528263206378
 10
30.3721593032934
 20
-40.3234260288526
 10
30.346920953803437
 20
-40.241823912595976
 10
30.321313669466864
 20
-40.16047946460785
 10
30.295334218428934
 20
-40.07939598951693
 10
30.26897919778054
 20
-39.998576924403075
 10
30.24224502056125
 20
-39.91802584888763
 10
30.215127901365396
 20
-39.83774649630837
 10
30.283798403740725
 20
-39.78556967345813
 10
30.3523788050475
 20
-39.733274479646184
 10
30.42086890124371
 20
-39.68086107046247
 10
30.489268488555997
 20
-39.628329601848556
 10
30.557577363480316
 20
-39.57568023009731
 10
30.55757736348032
 20
-39.575680230097305
 10
30.627980847628745
 20
-39.622833830424206
 10
30.69874668393818
 20
-39.6696888025159
 10
30.769870279588492
 20
-39.71624782463864
 10
30.84134724199269
 20
-39.76251342367855
 10
30.913173364248806
 20
-39.80848798611514
 10
30.985344612003868
 20
-39.85417376792978
 10
31.057857111559414
 20
-39.899572903578274
 10
31.130707139072104
 20
-39.94468741413759
 10
31.203891110723664
 20
-39.98951921472163
 10
31.277405573751697
 20
-40.03407012124804
 10
31.351247198247076
 20
-40.078341856626864
 10
31.42541276963621
 20
-40.12233605643285
 10
31.49989918177661
 20
-40.166054274115275
 10
31.57470343060332
 20
-40.209497985792446
 10
31.624053074136985
 20
-40.170696934011076
 10
31.673355036458474
 20
-40.131835314802764
 10
31.722609243232668
 20
-40.09291318676119
 10
31.771815620196474
 20
-40.05393060857122
 10
31.82097409315891
 20
-40.014887639008926
 10
31.796000161484496
 20
-39.932066539864216
 10
31.770685683342826
 20
-39.84949120851585
 10
31.745028528132185
 20
-39.767164226410685
 10
31.71902646641674
 20
-39.68508825643095
 10
31.692677163793096
 20
-39.603266047967274
 10
31.665978174225476
 20
-39.52170044243178
 10
31.638926932789147
 20
-39.44039437926082
 10
31.611520747753115
 20
-39.359350902464755
 10
31.583756791923214
 20
-39.27857316778983
 10
31.55563209315468
 20
-39.19806445056762
 10
31.527143523929578
 20
-39.117828154338554
 10
31.498287789877548
 20
-39.03786782034992
 10
31.469061417098967
 20
-38.958187138045524
 10
31.439460738125533
 20
-38.87878995668284
 10
31.506475331358526
 20
-38.82450272951988
 10
31.573396185785843
 20
-38.77009999078419
 10
31.64022310230299
 20
-38.71558190233607
 10
31.70695588208495
 20
-38.660948626379025
 10
31.773594326586796
 20
-38.60620032545927
 10
31.773594326586803
 20
-38.60620032545926
 10
31.84543022579893
 20
-38.65114157809437
 10
31.91761901459893
 20
-38.69577307784371
 10
31.990156185682007
 20
-38.740097644514115
 10
32.06303742717174
 20
-38.784117940378266
 10
32.13625860842033
 20
-38.82783648159534
 10
32.20981576718695
 20
-38.87125564852329
 10
32.28370509802826
 20
-38.91437769505692
 10
32.35792294175737
 20
-38.95720475710659
 10
32.43246577584938
 20
-38.99973886031609
 10
32.50733020568681
 20
-39.04198192710509
 10
32.582512956553565
 20
-39.083935783109965
 10
32.65801086629713
 20
-39.125602163087095
 10
32.73382087858958
 20
-39.166982716334914
 10
32.809940036726154
 20
-39.208079011683736
 10
32.85805910159703
 20
-39.16776196154124
 10
32.90612862468134
 20
-39.12738585614847
 10
32.954148533502185
 20
-39.08695075638257
 10
33.00211875565747
 20
-39.04645672320961
 10
33.05003921882004
 20
-39.00590381768454
 10
33.02250164270218
 20
-38.92389946640749
 10
32.99463132819004
 20
-38.84215135499278
 10
32.96642622599514
 20
-38.7606621299
 10
32.93788419057536
 20
-38.67943452205842
 10
32.90900297416216
 20
-38.59847135212839
 10
32.87978022027047
 20
-38.517775536218956
 10
32.850213456632325
 20
-38.43735009211343
 10
32.820300087487084
 20
-38.35719814606216
 10
32.7900373851514
 20
-38.2773229402103
 10
32.759422480780565
 20
-38.19772784073834
 10
32.72845235421911
 20
-38.11841634680574
 10
32.69712382282252
 20
-38.039392100401315
 10
32.665433529112754
 20
-37.96065889722199
 10
32.63337792710692
 20
-37.88222069872106
 10
32.698671778906686
 20
-37.82587558663159
 10
32.7638683448499
 20
-37.76941793410831
 10
32.82896743096221
 20
-37.71284790912539
 10
32.893968843559264
 20
-37.65616567999127
 10
32.95887238924736
 20
-37.599371415348266
 10
32.95887238924737
 20
-37.59937141534826
 10
33.032071206930155
 20
-37.64205684253211
 10
33.1056131102298
 20
-37.684421691845586
 10
33.179493681717354
 20
-37.726468921908065
 10
33.253708694398455
 20
-37.768201327803204
 10
33.32825409787555
 20
-37.80962155293567
 10
33.403126005853274
 20
-37.850732099737094
 10
33.4783206848248
 20
-37.89153533936084
 10
33.553834543799816
 20
-37.932033520484275
 10
33.62966412495455
 20
-37.9722287773214
 10
33.70580609510057
 20
-38.0121231369341
 10
33.78225723788283
 20
-38.05171852591887
 10
33.85901444662911
 20
-38.0910167765355
 10
33.93607471778282
 20
-38.13001963233598
 10
34.01343514485983
 20
-38.16872875334486
 10
34.06027707898038
 20
-38.126934708983406
 10
34.10706765866845
 20
-38.0850831786805
 10
34.153806813375475
 20
-38.04317422553785
 10
34.200494472630425
 20
-38.001207912743716
 10
34.247130566039914
 20
-37.959184303572904
 10
34.217055986305006
 20
-37.8780760340772
 10
34.18665679815171
 20
-37.79723422861433
 10
34.155931035587344
 20
-37.7166615960963
 10
34.12487663903913
 20
-37.63636093285748
 10
34.09349144954799
 20
-37.55633512809907
 10
34.0617732024593
 20
-37.47658716980593
 10
34.02971952055362
 20
-37.3971201511888
 10
33.99732790655188
 20
-37.31793727771362
 10
33.964595734920444
 20
-37.2390418747878
 10
33.931520242890045
 20
-37.16043739618427
 10
33.89809852058951
 20
-37.08212743329628
 10
33.86432750017916
 20
-37.00411572533075
 10
33.830203943850705
 20
-36.92640617056568
 10
33.79572443053713
 20
-36.84900283881771
 10
33.859234373319
 20
-36.790654352058674
 10
33.922643577311206
 20
-36.732196404880376
 10
33.985951853857216
 20
-36.6736291712083
 10
34.04915901460074
 20
-36.61495282529302
 10
34.11226487148635
 20
-36.55616754170981
 10
34.11226487148633
 20
-36.55616754170984
 10
34.18675579251115
 20
-36.59655584804843
 10
34.26157966326861
 20
-36.636613061670424
 10
34.33673216047924
 20
-36.676342277145466
 10
34.412209146120034
 20
-36.71574641966414
 10
34.488006653962216
 20
-36.754828257319254
 10
34.564120877415576
 20
-36.79359041219522
 10
34.6405481585218
 20
-36.832035370409976
 10
34.71728497796115
 20
-36.87016549123248
 10
34.79432794595622
 20
-36.907983015382186
 10
34.871673793972256
 20
-36.945490072602205
 10
34.949319367126904
 20
-36.98268868858527
 10
35.02726161723371
 20
-37.01958079132194
 10
35.10549759641321
 20
-37.056168216931056
 10
35.1840244512137
 20
-37.092452715025416
 10
35.22954393803791
 20
-37.049222109483715
 10
35.27501030746581
 20
-37.0059356429233
 10
35.32042349094544
 20
-36.9625933806094
 10
35.36578342000499
 20
-36.919195387891385
 10
35.411090026252964
 20
-36.875741730202634
 10
35.37850753811458
 20
-36.79560800950074
 10
35.34560888557136
 20
-36.71575071921539
 10
35.31239218782841
 20
-36.63617262809039
 10
35.278855473274824
 20
-36.556876595159856
 10
35.24499667384958
 20
-36.4778655753708
 10
35.21081361891945
 20
-36.399142625693166
 10
35.17630402861334
 20
-36.32071091177264
 10
35.14146550654968
 20
-36.242573715189685
 10
35.106295531884555
 20
-36.16473444139688
 10
35.070791450597
 20
-36.087196628418226
 10
35.034950465915195
 20
-36.00996395640637
 10
34.99876962777228
 20
-35.93304025816888
 10
34.96224582116203
 20
-35.85642953079351
 10
34.92537575324302
 20
-35.780135948522954
 10
34.98704034523907
 20
-35.71984053548691
 10
35.048600842970636
 20
-35.659438847942035
 10
35.110057063281495
 20
-35.59893106559687
 10
35.17140882332562
 20
-35.538317368475575
 10
35.23265594056786
 20
-35.477597936917434
 10
35.23265594056786
 20
-35.477597936917434
 10
35.30836689977954
 20
-35.515650049332834
 10
35.38440035073229
 20
-35.55336087449621
 10
35.46075206847857
 20
-35.59073363993372
 10
35.537418007970054
 20
-35.62777139811292
 10
35.6143942909838
 20
-35.6644770391368
 10
35.69167719431737
 20
-35.70085330220588
 10
35.76926313909979
 20
-35.7369027859975
 10
35.847148681086644
 20
-35.772627958089764
 10
35.92533050182626
 20
-35.808031163539866
 10
36.00380540059966
 20
-35.84311463271168
 10
36.08257028704932
 20
-35.87788048843451
 10
36.16162217442351
 20
-35.912330752564486
 10
36.24095817337172
 20
-35.946467352010906
 10
36.32057548623526
 20
-35.980292124282236
 10
36.36472848859943
 20
-35.93566678037913
 10
36.40882666199115
 20
-35.890987254421994
 10
36.45286993992132
 20
-35.84625361377643
 10
36.49685825598363
 20
-35.801465925889666
 10
36.540791543854645
 20
-35.756624258290394
 10
36.505732668765745
 20
-35.67754261058172
 10
36.470366379154214
 20
-35.598747092244764
 10
36.434690881242474
 20
-35.52024052917646
 10
36.3987042932889
 20
-35.44202584034483
 10
36.36240464013128
 20
-35.36410604358393
 10
36.32578984725769
 20
-35.28648426189137
 10
36.288857734350984
 20
-35.209163730285255
 10
36.25160600824548
 20
-35.1321478032858
 10
36.21403225522577
 20
-35.05543996309622
 10
36.17613393258669
 20
-34.97904382856881
 10
36.137908359361546
 20
-34.902963165055255
 10
36.09935270611025
 20
-34.827201895255826
 10
36.060463983642265
 20
-34.751764111201055
 10
36.02123903052732
 20
-34.67665408752141
 10
36.08099861522734
 20
-34.61447008012636
 10
36.14065085089253
 20
-34.55218308694664
 10
36.20019556004415
 20
-34.489793293299975
 10
36.2596325655234
 20
-34.42730088480993
 10
36.318961690491896
 20
-34.36470604740541
 10
36.3189616904919
 20
-34.3647060474054
 10
36.39581944242711
 20
-34.400385152936394
 10
36.4729889161219
 20
-34.43571310685332
 10
36.55046598904802
 20
-34.47069326651642
 10
36.62824671304513
 20
-34.505328808717145
 10
36.70632730164805
 20
-34.53962274277271
 10
36.7847041186441
 20
-34.573577922349706
 10
36.863373667711954
 20
-34.60719705617085
 10
36.942332583014576
 20
-34.640482717736134
 10
37.021577620636464
 20
-34.67343735417184
 10
37.10110565077089
 20
-34.70606329430487
 10
37.18091365057487
 20
-34.738362756047366
 10
37.26099869762089
 20
-34.770337853165024
 10
37.34135796388268
 20
-34.80199060149348
 10
37.42198871020106
 20
-34.833322924659136
 10
37.464732512927
 20
-34.78734601453278
 10
37.50741982814781
 20
-34.7413166537347
 10
37.55005059150162
 20
-34.69523491166572
 10
37.59262473871185
 20
-34.64910085780567
 10
37.63514220558726
 20
-34.60291456171321
 10
37.59764086074525
 20
-34.52496149338452
 10
37.55984114866651
 20
-34.447303976571014
 10
37.521741364326154
 20
-34.36994489158893
 10
37.48333971767228
 20
-34.29288721451623
 10
37.44463432835232
 20
-34.21613402315447
 10
37.405623219982644
 20
-34.13968850350764
 10
37.36630431390937
 20
-34.063553956836586
 10
37.326675422401166
 20
-33.987733807356015
 10
37.286734241206226
 20
-33.91223161065096
 10
37.24647834139516
 20
-33.837051062900976
 10
37.20590516040002
 20
-33.76219601101408
 10
37.165011992144805
 20
-33.68767046378829
 10
37.12379597614647
 20
-33.61347860423811
 10
37.08225408544442
 20
-33.53962480324639
 10
37.14005084930972
 20
-33.475612360503405
 10
37.197737113223106
 20
-33.41150032033198
 10
37.25531270555505
 20
-33.34728887347979
 10
37.31277745500528
 20
-33.28297821099021
 10
37.370131190603345
 20
-33.218568524201864
 10
37.37013119060335
 20
-33.21856852420186
 10
37.44806138035088
 20
-33.25184010561815
 10
37.52629222030582
 20
-33.28475101077483
 10
37.6048196943475
 20
-33.3173047236182
 10
37.683639955023146
 20
-33.34950454219028
 10
37.76274931128853
 20
-33.38135359211116
 10
37.84214421743849
 20
-33.41285483875279
 10
37.92182126308384
 20
-33.444011098262735
 10
38.00177716405118
 20
-33.47482504757322
 10
38.0820087540994
 20
-33.505299233512105
 10
38.16251297736192
 20
-33.53543608111638
 10
38.24328688143475
 20
-33.56523790123534
 10
38.32432761104179
 20
-33.5947068974993
 10
38.40563240221695
 20
-33.62384517272004
 10
38.48719857695058
 20
-33.65265473478093
 10
38.528491828169706
 20
-33.605370738122495
 10
38.56972698799905
 20
-33.55803607291729
 10
38.61090399426622
 20
-33.5106508105342
 10
38.65202278488654
 20
-33.463215022418446
 10
38.69308329786309
 20
-33.41572878009139
 10
38.65317576339713
 20
-33.33897970570176
 10
38.612979197631354
 20
-33.262535319043785
 10
38.572491985943095
 20
-33.186398552066485
 10
38.531712431701926
 20
-33.11057243507859
 10
38.49063875118406
 20
-33.03506010287158
 10
38.44926906804615
 20
-32.9598648013736
 10
38.40760140730855
 20
-32.884989894894446
 10
38.365633688790794
 20
-32.81043887403062
 10
38.32336371993388
 20
-32.73621536430915
 10
38.28078918793401
 20
-32.66232313566109
 10
38.23790765110111
 20
-32.58876611282913
 10
38.19471652934121
 20
-32.51554838683074
 10
38.151213093646106
 20
-32.44267422761768
 10
38.107394454453264
 20
-32.370148098096564
 10
38.16317248284756
 20
-32.30436914790981
 10
38.218836967274406
 20
-32.238494085004945
 10
38.27438774211954
 20
-32.17252310537502
 10
38.32982464210697
 20
-32.10645640529844
 10
38.385147502299546
 20
-32.04029418133839
 10
38.38514750229955
 20
-32.04029418133839
 10
38.464074737433855
 20
-32.07112605053376
 10
38.54329126036374
 20
-32.10158806775499
 10
38.62279316526146
 20
-32.131683840163895
 10
38.70257670910398
 20
-32.16141678386246
 10
38.78263829983884
 20
-32.190790137749794
 10
38.862974485698636
 20
-32.21980697603441
 10
38.94358194552571
 20
-32.248470219564275
 10
39.02445747998742
 20
-32.27678264611408
 10
39.105598003580276
 20
-32.3047468997494
 10
39.18700053733418
 20
-32.33236549937122
 10
39.26866220214035
 20
-32.3596408465304
 10
39.350580212636444
 20
-32.386575232590005
 10
39.43275187159052
 20
-32.413170845303604
 10
39.51517456473321
 20
-32.439429774869076
 10
39.554977315891854
 20
-32.39088443589154
 10
39.594720427975716
 20
-32.342290259510726
 10
39.63440384106207
 20
-32.293647318994566
 10
39.674027495318164
 20
-32.24495568768452
 10
39.7135913310014
 20
-32.19621543899547
 10
39.67131621487369
 20
-32.120744608317615
 10
39.62876168300221
 20
-32.04558730682217
 10
39.58592621272854
 20
-31.97074651525448
 10
39.5428082024851
 20
-31.896225315222438
 10
39.49940596690252
 20
-31.822026895474714
 10
39.45571773149298
 20
-31.74815455872336
 10
39.41174162686177
 20
-31.6746117290724
 10
39.36747568239169
 20
-31.601401960123194
 10
39.322917819337704
 20
-31.528528943837333
 10
39.278065843259114
 20
-31.455996520250146
 10
39.232917435705865
 20
-31.383808688142103
 10
39.18747014506213
 20
-31.311969616792325
 10
39.14172137643468
 20
-31.240483658958922
 10
39.09566838045448
 20
-31.169355365254695
 10
39.14937371173766
 20
-31.101873544510216
 10
39.202962564884324
 20
-31.0342991887408
 10
39.25643478045568
 20
-30.966632498995274
 10
39.3097901993599
 20
-30.898873676597148
 10
39.36302866285272
 20
-30.831022923144072
 10
39.36302866285269
 20
-30.8310229231441
 10
39.44287658637122
 20
-30.85938525227636
 10
39.52300215540624
 20
-30.887368911527815
 10
39.60340157820156
 20
-30.914977627786165
 10
39.68407121978502
 20
-30.942214931908445
 10
39.765007590571
 20
-30.96908417293941
 10
39.84620733606927
 20
-30.99558853094999
 10
39.9276672275666
 20
-31.021731028662852
 10
40.00938415366638
 20
-31.047514542007814
 10
40.09135511258767
 20
-31.072941809730217
 10
40.17357720513884
 20
-31.098015442158168
 10
40.2560476282917
 20
-31.122737929220737
 10
40.33876366929229
 20
-31.147111647797004
 10
40.421722700252204
 20
-31.171138868465825
 10
40.50492217317151
 20
-31.194821761717424
 10
40.54319591767855
 20
-31.145062044901003
 10
40.581408533122776
 20
-31.095255369071825
 10
40.619559961889045
 20
-31.045401809325977
 10
40.65765014645449
 20
-30.99550144083024
 10
40.695679029388586
 20
-30.94555433882196
 10
40.65107723004368
 20
-30.87143476501035
 10
40.606205900827746
 20
-30.797637258512694
 10
40.561063612519646
 20
-30.724164845986937
 10
40.51564886016412
 20
-30.651020657358888
 10
40.469960058376664
 20
-30.578207932249526
 10
40.42399553624171
 20
-30.505730026959643
 10
40.37775353175796
 20
-30.433590422074875
 10
40.33123218577795
 20
-30.36179273076357
 10
40.28442953538169
 20
-30.29034070785014
 10
40.2373435066145
 20
-30.219238259759223
 10
40.18997190650935
 20
-30.148489455440483
 10
40.142312414300314
 20
-30.0780985384012
 10
40.09436257171952
 20
-30.008069939994805
 10
40.046119772251295
 20
-29.938408294137883
 10
40.09770044998385
 20
-29.869288887139003
 10
40.14916182809589
 20
-29.80008061233002
 10
40.20050375347834
 20
-29.730783675621037
 10
40.25172607337748
 20
-29.661398283185907
 10
40.302828635395464
 20
-29.591924641461695
 10
40.30282863539546
 20
-29.59192464146168
 10
40.3835199995891
 20
-29.61778999180914
 10
40.46447709841604
 20
-29.643268220707803
 10
40.545696257859916
 20
-29.668363171165694
 10
40.62717395451605
 20
-29.693078485379043
 10
40.708906804641614
 20
-29.71741761929826
 10
40.79089155426878
 20
-29.74138385578019
 10
40.87312507025237
 20
-29.76498031649789
 10
40.9556043321418
 20
-29.788209972754057
 10
41.03832642478279
 20
-29.81107565532422
 10
41.12128853156692
 20
-29.83358006343828
 10
41.20448792825832
 20
-29.85572577299468
 10
41.28792197733586
 20
-29.87751524408904
 10
41.37158812279699
 20
-29.898950827928857
 10
41.45548388537623
 20
-29.9200347731969
 10
41.49219159585572
 20
-29.869108817853927
 10
41.528836746422776
 20
-29.81813782731854
 10
41.565419281825605
 20
-29.76712187844232
 10
41.60193914690685
 20
-29.71606104814464
 10
41.638396286603616
 20
-29.66495541341254
 10
41.59151095340182
 20
-29.59225880236791
 10
41.54436623695448
 20
-29.51989248518943
 10
41.49696080286043
 20
-29.44785953151959
 10
41.44929324423265
 20
-29.376163116574094
 10
41.401362077205285
 20
-29.3048065277121
 10
41.35316573605151
 20
-29.233793171576142
 10
41.30470256786806
 20
-29.16312658186623
 10
41.25597082677584
 20
-29.092810427822197
 10
41.206968667578835
 20
-29.02284852349871
 10
41.15769413881489
 20
-28.95324483793051
 10
41.10814517512151
 20
-28.88400350630001
 10
41.05831958882783
 20
-28.815128842237336
 10
41.0082150606696
 20
-28.746625351404177
 10
40.95782912950612
 20
-28.6784977465379
 10
41.00723525271363
 20
-28.607807621846884
 10
41.05651937023131
 20
-28.537032382534466
 10
41.10568133542792
 20
-28.466172239172817
 10
41.1547210020356
 20
-28.39522740258668
 10
41.2036382241504
 20
-28.324198083852814
 10
41.20363822415041
 20
-28.32419808385281
 10
41.28509496533567
 20
-28.347541432359495
 10
41.36680527318994
 20
-28.370489582364385
 10
41.44876559499108
 20
-28.393046489277978
 10
41.53097252231052
 20
-28.41521590311212
 10
41.61342278052181
 20
-28.437001383379435
 10
41.69611321932751
 20
-28.458406312546753
 10
41.77904080418159
 20
-28.4794339082175
 10
41.862202608501654
 20
-28.500087234192705
 10
41.94559580658023
 20
-28.5203692105395
 10
42.02921766711702
 20
-28.540282622778243
 10
42.11306554730402
 20
-28.55983013028474
 10
42.19713688740454
 20
-28.579014273991152
 10
42.28142920577464
 20
-28.597837483458996
 10
42.36594009428183
 20
-28.61630208338812
 10
42.40104625839462
 20
-28.564259157091396
 10
42.43608849226802
 20
-28.512173162991232
 10
42.47106674306706
 20
-28.46004417962036
 10
42.50598095805322
 20
-28.407872285576342
 10
42.54083108458456
 20
-28.35565755952142
 10
42.491707576057706
 20
-28.28445424051992
 10
42.44233508184732
 20
-28.213589122398783
 10
42.39271236366318
 20
-28.143065314815363
 10
42.34283811404756
 20
-28.07288603520344
 10
42.2927109520888
 20
-28.003054615480046
 10
42.24232941876355
 20
-27.933574509333745
 10
42.19169197186568
 20
-27.86444930016031
 10
42.140796980473446
 20
-27.79568270972128
 10
42.08964271889999
 20
-27.727278607611755
 10
42.038227360063516
 20
-27.659241021636774
 10
41.9865489682042
 20
-27.59157414921099
 10
41.934605490862694
 20
-27.524282369914204
 10
41.882394750022065
 20
-27.457370259357436
 10
41.82991443229761
 20
-27.39084260453956
 10
41.87709820374671
 20
-27.318650150286597
 10
41.9241573814693
 20
-27.246376416943836
 10
41.971091825453804
 20
-27.174021619541794
 10
42.01790139605977
 20
-27.101585973352147
 10
42.06458595401827
 20
-27.02906969388715
 10
42.06458595401827
 20
-27.02906969388714
 10
42.146729268058856
 20
-27.049868457370977
 10
42.22911373549479
 20
-27.07026432762905
 10
42.31173592833517
 20
-27.090261368647727
 10
42.39459255642499
 20
-27.109863434626558
 10
42.477680457422146
 20
-27.129074185196803
 10
42.56099658774732
 20
-27.147897099162957
 10
42.64453801438935
 20
-27.166335486945993
 10
42.72830190746527
 20
-27.184392501881227
 10
42.812285533448154
 20
-27.20207115050242
 10
42.896486248988175
 20
-27.219374301925598
 10
42.98090149526192
 20
-27.236304696431134
 10
43.06552879279353
 20
-27.252864953329553
 10
43.15036573669851
 20
-27.26905757818594
 10
43.235409992307076
 20
-27.284884969468234
 10
43.26888064710668
 20
-27.2317754203878
 10
43.30228606318832
 20
-27.178624812558237
 10
43.33562619018495
 20
-27.125433226117433
 10
43.36890097782794
 20
-27.072200741265096
 10
43.40211037594718
 20
-27.018927438262576
 10
43.35079621591718
 20
-26.94928629591674
 10
43.29924370864323
 20
-26.87999093427798
 10
43.247451713144
 20
-26.811044500010105
 10
43.195419022655976
 20
-26.74245024965232
 10
43.14314436055759
 20
-26.67421155645612
 10
43.09062637594054
 20
-26.606331917814877
 10
43.03786363878775
 20
-26.538814963353406
 10
42.98485463471268
 20
-26.47166446375442
 10
42.93159775920709
 20
-26.404884340409833
 10
42.87809131133715
 20
-26.33847867599837
 10
42.82433348681842
 20
-26.272451726106173
 10
42.7703223703887
 20
-26.20680793202577
 10
42.716055927385476
 20
-26.141551934890913
 10
42.661531994418056
 20
-26.076688591330846
 10
42.70644776685718
 20
-26.003063649052958
 10
42.75123647806949
 20
-25.929361341849138
 10
42.795897994798565
 20
-25.855581889000224
 10
42.8404321841664
 20
-25.781725510016575
 10
42.88483891367384
 20
-25.707792424637436
 10
42.88483891367384
 20
-25.707792424637425
 10
42.96758933221856
 20
-25.72602648163801
 10
43.05056825758464
 20
-25.743850340462036
 10
43.13377238982874
 20
-25.761268169740095
 10
43.21719856025248
 20
-25.778283924130765
 10
43.30084372185743
 20
-25.79490135984347
 10
43.38470494072686
 20
-25.811124048654854
 10
43.46877938822201
 20
-25.82695539060082
 10
43.55306433389705
 20
-25.84239862550033
 10
43.637557139050095
 20
-25.857456843445142
 10
43.722255250839076
 20
-25.872132994371256
 10
43.807156196900664
 20
-25.886429896812576
 10
43.89225758041857
 20
-25.900350245923985
 10
43.97755707559432
 20
-25.913896620850153
 10
44.06305242347945
 20
-25.927071491506744
 10
44.09485518826901
 20
-25.872946699701316
 10
44.1265914689763
 20
-25.818782897922745
 10
44.15826121775089
 20
-25.76458016783657
 10
44.18986438684267
 20
-25.710338591167037
 10
44.22140092860194
 20
-25.65605824969697
 10
44.167945760204546
 20
-25.588046657314315
 10
44.11426311358835
 20
-25.52038809094495
 10
44.06035194618475
 20
-25.453085731214944
 10
44.006211153091876
 20
-25.386142870618436
 10
43.95183956321336
 20
-25.319562920477964
 10
43.897235935062774
 20
-25.253349418508222
 10
43.842398952195644
 20
-25.18750603705165
 10
43.787327218225656
 20
-25.122036592064212
 10
43.732019251375434
 20
-25.056945052940982
 10
43.6764734785047
 20
-24.992235553284605
 10
43.62068822854989
 20
-24.92791240273574
 10
43.56466172529884
 20
-24.86398010000296
 10
43.50839207941187
 20
-24.800443347252745
 10
43.451877279585254
 20
-24.737307066046256
 10
43.49448159990542
 20
-24.662320863120097
 10
43.53695651442199
 20
-24.587261284277442
 10
43.57930189676261
 20
-24.51212855283733
 10
43.621517620940296
 20
-24.436922892336405
 10
43.66360356135384
 20
-24.361644526528334
 10
43.663603561353845
 20
-24.361644526528327
 10
43.74688102871711
 20
-24.37729623677314
 10
43.83037413526213
 20
-24.392530840730846
 10
43.914079712285684
 20
-24.407352607643375
 10
43.99799471561143
 20
-24.421765588802447
 10
44.082116216532484
 20
-24.43577363336179
 10
44.166441393633
 20
-24.449380402614704
 10
44.250967525383174
 20
-24.46258938292272
 10
44.33569198341585
 20
-24.475403897454125
 10
44.42061222640696
 20
-24.487827116869212
 10
44.50572579449188
 20
-24.499862069070083
 10
44.59103030415924
 20
-24.51151164811743
 10
44.676523443571085
 20
-24.52277862240309
 10
44.76220296826499
 20
-24.533665642156173
 10
44.848066697199236
 20
-24.54417524635059
 10
44.87817080485777
 20
-24.489087574060648
 10
44.908207247388766
 20
-24.433962978313176
 10
44.93817597950474
 20
-24.378801542222355
 10
44.96807695602029
 20
-24.323603348957924
 10
44.99791013185217
 20
-24.268368481745043
 10
44.942365669510465
 20
-24.202052236148745
 10
44.88660481804558
 20
-24.136095920342076
 10
44.830626634310285
 20
-24.07050274583632
 10
44.77443011633325
 20
-24.00527603789527
 10
44.718014199676276
 20
-23.940419242612293
 10
44.66137775347588
 20
-23.875935934600886
 10
44.60451957613374
 20
-23.81182982536834
 10
44.547438390614694
 20
-23.748104772452205
 10
44.49013283930577
 20
-23.68476478941055
 10
44.432601478382104
 20
-23.62181405677099
 10
44.37484277161771
 20
-23.559256934059363
 10
44.316855083568825
 20
-23.497097973048096
 10
44.25863667204639
 20
-23.435341932387352
 10
44.20018567977947
 20
-23.373993793808918
 10
44.24043733105231
 20
-23.297718874542912
 10
44.280557357136544
 20
-23.221374639356313
 10
44.32054563866613
 20
-23.14496131539029
 10
44.360402056666985
 20
-23.068479129991548
 10
44.40012649255736
 20
-22.99192831071169
 10
44.40012649255735
 20
-22.99192831071172
 10
44.48385044316786
 20
-23.00498253218195
 10
44.567776956703575
 20
-23.01761314277791
 10
44.65190299876684
 20
-23.029824508222674
 10
44.73622565264846
 20
-23.041620772521735
 10
44.82074211076635
 20
-23.053005874049294
 10
44.90544966693519
 20
-23.06398356007326
 10
44.99034570936694
 20
-23.07455739990796
 10
45.07542771431594
 20
-23.084730796856068
 10
45.160693240294506
 20
-23.09450699907899
 10
45.24613992279522
 20
-23.10388910951563
 10
45.331765469464564
 20
-23.112880094953653
 10
45.41756765567944
 20
-23.121482794343613
 10
45.50354432048488
 20
-23.129699926435126
 10
45.589693362855925
 20
-23.13753409680406
 10
45.618069689603516
 20
-23.08153683779476
 10
45.64637723563995
 20
-23.025504777564606
 10
45.674615958284484
 20
-22.969438000596014
 10
45.70278581496014
 20
-22.913336591423747
 10
45.730886763193766
 20
-22.857200634634793
 10
45.67330674258778
 20
-22.7926438925095
 10
45.615521631296765
 20
-22.728453635741346
 10
45.55753058650722
 20
-22.664633103619906
 10
45.49933271014778
 20
-22.601185650961657
 10
45.44092704546814
 20
-22.538114755296906
 10
45.38231257332185
 20
-22.475424024679736
 10
45.32348820811914
 20
-22.41311720619167
 10
45.264452793411486
 20
-22.351198195219915
 10
45.20520509706373
 20
-22.28967104560269
 10
45.145743805963235
 20
-22.228539980748163
 10
45.08606752020776
 20
-22.16780940584981
 10
45.02617474670415
 20
-22.10748392134036
 10
44.96606389209942
 20
-22.04756833774998
 10
44.90573325495221
 20
-21.988067692161565
 10
44.94359329630474
 20
-21.910577847613965
 10
44.981319620422504
 20
-21.833022814200348
 10
45.01891211506128
 20
-21.75540282266428
 10
45.056370668374974
 20
-21.677718103942567
 10
45.09369516891603
 20
-21.599968889164618
 10
45.09369516891603
 20
-21.59996888916461
 10
45.177784605258815
 20
-21.610412992744077
 10
45.262063332303676
 20
-21.620427390678287
 10
45.34652845289415
 20
-21.63001654094787
 10
45.4311771806099
 20
-21.639184676263053
 10
45.51600683170982
 20
-21.647935820408392
 10
45.60101481785711
 20
-21.656273803001174
 10
45.68619863953233
 20
-21.664202272855423
 10
45.77155588005281
 20
-21.67172471011572
 10
45.85708420012922
 20
-21.67884443730221
 10
45.9427813328989
 20
-21.68556462938871
 10
46.02864507938386
 20
-21.69188832301966
 10
46.11467330432805
 20
-21.69781842495786
 10
46.200863932374546
 20
-21.703357719843204
 10
46.28721494454774
 20
-21.708508877332783
 10
46.313836038120925
 20
-21.651656205335694
 10
46.34038730194021
 20
-21.594770888022357
 10
46.36686869597291
 20
-21.537853011161697
 10
46.393280180291654
 20
-21.48090266057172
 10
46.4196217150745
 20
-21.423919922119403
 10
46.360061841155414
 20
-21.361185137943785
 10
46.300308373401435
 20
-21.29882304014191
 10
46.240360570148205
 20
-21.23683689264783
 10
46.18021763809308
 20
-21.175230076585134
 10
46.119878729099284
 20
-21.11400609755679
 10
46.05934293672332
 20
-21.053168593566916
 10
45.998609292434274
 20
-20.9927213436462
 10
45.93767676148901
 20
-20.932668277262966
 10
45.876544238422184
 20
-20.873013484613757
 10
45.81521054210375
 20
-20.81376122790142
 10
45.75367441030954
 20
-20.75491595372533
 10
45.69193449374145
 20
-20.69648230672791
 10
45.62998934942406
 20
-20.63846514466542
 10
45.5678374333916
 20
-20.580869555098847
 10
45.603269237678965
 20
-20.502239751689654
 10
45.638565362048205
 20
-20.423548949535036
 10
45.67372570148547
 20
-20.34479738275772
 10
45.7087501513809
 20
-20.265985285661213
 10
45.74363860752891
 20
-20.187112892729118
 10
45.743638607528915
 20
-20.18711289272911
 10
45.82801217850514
 20
-20.19493677442212
 10
45.912561584833796
 20
-20.20232527141134
 10
45.9972840694024
 20
-20.209282929622162
 10
46.08217697877516
 20
-20.21581406637467
 10
46.16723775564831
 20
-20.221922786971017
 10
46.25246393203762
 20
-20.22761299967295
 10
46.337853123110335
 20
-20.232888429264218
 10
46.42340302158479
 20
-20.237752629364483
 10
46.50911139263315
 20
-20.24220899363831
 10
46.594976069230505
 20
-20.24626076602284
 10
46.68099494790176
 20
-20.249911050081547
 10
46.767165984823684
 20
-20.253162817577344
 10
46.85348719224514
 20
-20.256018916346466
 10
46.9399566351931
 20
-20.258482077544503
 10
46.96479674140312
 20
-20.20082899384801
 10
46.98956603637232
 20
-20.143145452322113
 10
47.01426448275473
 20
-20.08543153993926
 10
47.03889204331125
 20
-20.027687343717684
 10
47.06344868090963
 20
-19.969912950721284
 10
47.00196657400886
 20
-19.909060816347374
 10
46.940302557412856
 20
-19.848587208813814
 10
46.87845599132391
 20
-19.78849541354148
 10
46.8164261879756
 20
-19.728788834690068
 10
46.754212408665175
 20
-19.669471002543755
 10
46.691813860529024
 20
-19.610545581537156
 10
46.62922969303207
 20
-19.552016378994164
 10
46.566458994137626
 20
-19.49388735466271
 10
46.50350078611961
 20
-19.436162631140657
 10
46.44035402097325
 20
-19.378846505302135
 10
46.37701757537357
 20
-19.32194346085062
 10
46.313490245122864
 20
-19.265458182144812
 10
46.249770739019276
 20
-19.209395569467535
 10
46.18585767206633
 20
-19.153760755935956
 10
46.2188269613062
 20
-19.074067062921742
 10
46.251658739206135
 20
-18.99431662029504
 10
46.284352908084294
 20
-18.91450966533125
 10
46.31690937066819
 20
-18.834646435473886
 10
46.34932803009509
 20
-18.75472716833392
 10
46.34932803009509
 20
-18.75472716833391
 10
46.43390410972401
 20
-18.759923259040225
 10
46.51864239924636
 20
-18.7646787071908
 10
46.60354028426099
 20
-18.768998142257896
 10
46.68859524688367
 20
-18.772885961994724
 10
46.77380485872198
 20
-18.776346349249422
 10
46.8591667745319
 20
-18.77938328714722
 10
46.94467872647453
 20
-18.782000572838083
 10
47.030338518901345
 20
-18.78420182997887
 10
47.11614402360804
 20
-18.78599052009541
 10
47.20209317550394
 20
-18.787369952949867
 10
47.288183968651836
 20
-18.78834329602225
 10
47.37441445263853
 20
-18.78891358320061
 10
47.46078272924173
 20
-18.789083722762406
 10
47.547286949362935
 20
-18.788856504719522
 10
47.57032203701133
 20
-18.730458784958632
 10
47.59328540043724
 20
-18.67203282432117
 10
47.61617700501762
 20
-18.613578710898963
 10
47.638996816237615
 20
-18.555096532826287
 10
47.66174479969063
 20
-18.496586378279734
 10
47.598399939775845
 20
-18.43767576421746
 10
47.53488503029135
 20
-18.37914915126187
 10
47.47119953392509
 20
-18.321009843142246
 10
47.407342869112206
 20
-18.263261263761066
 10
47.343314407298614
 20
-18.2059069646684
 10
47.279113469967655
 20
-18.14895063318427
 10
47.21473932540291
 20
-18.09239610124241
 10
47.15019118515647
 20
-18.036247355039578
 10
47.08546820018744
 20
-17.980508545586595
 10
47.02056945663018
 20
-17.925184000271933
 10
46.955493971145614
 20
-17.87027823556547
 10
46.89024068580147
 20
-17.815795971010377
 10
46.824808462418574
 20
-17.761742144675342
 10
46.75919607630964
 20
-17.708121930267726
 10
46.78967095484397
 20
-17.627441446149547
 10
46.82000662364991
 20
-17.5467085164534
 10
46.850202992472084
 20
-17.46592338137781
 10
46.88025997146953
 20
-17.385086281276596
 10
46.91017747121602
 20
-17.30419745665821
 10
46.91017747121603
 20
-17.304197456658198
 10
46.99487423760287
 20
-17.306760729495643
 10
47.07971943149655
 20
-17.30887852821861
 10
47.164710583736486
 20
-17.310555561367522
 10
47.24984531442595
 20
-17.311796302874164
 10
47.33512132643313
 20
-17.312605009086035
 10
47.42053639952314
 20
-17.31298573413841
 10
47.50608838504486
 20
-17.312942343873996
 10
47.59177520110712
 20
-17.31247852848119
 10
47.67759482818801
 20
-17.311597813998272
 10
47.763545305128936
 20
-17.310303572810458
 10
47.84962472547118
 20
-17.30859903324997
 10
47.9358312340985
 20
-17.30648728839487
 10
48.02216302415384
 20
-17.303971304150306
 10
48.10861833420211
 20
-17.30105392668528
 10
48.12982611832927
 20
-17.24196806688231
 10
48.150961334640854
 20
-17.182856210476817
 10
48.17202395127019
 20
-17.123718446594797
 10
48.19301393646011
 20
-17.06455486440129
 10
48.213931258562916
 20
-17.00536555310028
 10
48.14878492769502
 20
-16.948453451564074
 10
48.083480571894924
 20
-16.891930453904607
 10
48.01801775685602
 20
-16.835799878963428
 10
47.952396007777644
 20
-16.7800651670734
 10
47.88661480686249
 20
-16.72472988761459
 10
47.82067359059723
 20
-16.66979774722517
 10
47.754571746792024
 20
-16.61527259874158
 10
47.6883086113505
 20
-16.561158450953005
 10
47.62188346473835
 20
-16.50745947926741
 10
47.55529552811314
 20
-16.454180037401123
 10
47.48854395907308
 20
-16.40132467022103
 10
47.42162784697475
 20
-16.348898127888933
 10
47.35454620776281
 20
-16.296905381482098
 10
47.28729797824394
 20
-16.245351640292885
 10
47.31524896359593
 20
-16.16376241822845
 10
47.3430591755075
 20
-16.082125105358294
 10
47.37072853123705
 20
-16.000439944571667
 10
47.39825694846206
 20
-15.918707178900169
 10
47.42564434527935
 20
-15.836927051517051
 10
47.42564434527935
 20
-15.836927051517044
 10
47.51037985977269
 20
-15.836855026684697
 10
47.595249875792234
 20
-15.836333127146567
 10
47.68025207180676
 20
-15.835366135956034
 10
47.76538420820939
 20
-15.833958598895215
 10
47.85064412135131
 20
-15.832114841693226
 10
47.936029718154614
 20
-15.82983898557329
 10
48.02153897123474
 20
-15.827134961330875
 10
48.10716991447189
 20
-15.82400652211591
 10
48.192920638980354
 20
-15.82045725506792
 10
48.27878928943089
 20
-15.816490591932595
 10
48.36477406068765
 20
-15.812109818771164
 10
48.45087319472606
 20
-15.807318084859373
 10
48.537084977802294
 20
-15.80211841086071
 10
48.62340773784881
 20
-15.796513696347832
 10
48.642767701293266
 20
-15.736796858256136
 10
48.662054323533724
 20
-15.677056292986009
 10
48.68126757549075
 20
-15.617292090611372
 10
48.70040742819553
 20
-15.55750434124179
 10
48.71947385278993
 20
-15.497693135022333
 10
48.652589075836616
 20
-15.442834604794816
 10
48.58555845146755
 20
-15.38836990478123
 10
48.51838164880169
 20
-15.33430236572462
 10
48.45105830026195
 20
-15.280635441059925
 10
48.3835879993087
 20
-15.227372714544073
 10
48.31597029797714
 20
-15.174517908547452
 10
48.24820470419623
 20
-15.12207489308184
 10
48.18029067886364
 20
-15.0700476956506
 10
48.1122276326477
 20
-15.018440512019406
 10
48.044014922482724
 20
-14.967257718020498
 10
47.97565184771912
 20
-14.916503882520916
 10
47.90713764588335
 20
-14.866183781705608
 10
47.838471487995896
 20
-14.816302414851224
 10
47.769652473386
 20
-14.76686502179546
 10
47.79505252478252
 20
-14.684445994087774
 10
47.820310375215776
 20
-14.60198327687134
 10
47.84542594953803
 20
-14.51947711549118
 10
47.87039917302485
 20
-14.436927755421559
 10
47.8952299713753
 20
-14.354335442265276
 10
47.89522997137529
 20
-14.35433544226531
 10
47.9799222578374
 20
-14.351628189442543
 10
48.064734989723576
 20
-14.348467096547415
 10
48.14966599537782
 20
-14.344857016518958
 10
48.234713177649816
 20
-14.340802562591882
 10
48.319874508466924
 20
-14.33630812569205
 10
48.40514802393317
 20
-14.331377890143607
 10
48.49053181989187
 20
-14.326015847892013
 10
48.57602404789672
 20
-14.320225811417782
 10
48.66162291154491
 20
-14.314011425491364
 10
48.74732666313148
 20
-14.30737617789893
 10
48.833133600589804
 20
-14.300323409251664
 10
48.91904206468775
 20
-14.29285632197627
 10
49.00505043645267
 20
-14.284977988572289
 10
49.091157134802124
 20
-14.276691359210872
 10
49.108650548049596
 20
-14.216401315014554
 10
49.12606991765753
 20
-14.156089836018406
 10
49.143415217361834
 20
-14.095757013157144
 10
49.16068642101011
 20
-14.03540293739767
 10
49.17788350256169
 20
-13.975027699738934
 10
49.10932498622498
 20
-13.922275812905122
 10
49.04063294108692
 20
-13.869922101617135
 10
48.971807140012146
 20
-13.817969905297229
 10
48.90284732300274
 20
-13.76642268714146
 10
48.83375319517006
 20
-13.71528404181655
 10
48.76452442453122
 20
-13.66455770382396
 10
48.69516063961002
 20
-13.61424755660681
 10
48.62566142681971
 20
-13.5643576424863
 10
48.55602632760143
 20
-13.514892173526668
 10
48.486254835288314
 20
-13.465855543442746
 10
48.416346391660845
 20
-13.417252340681635
 10
48.34630038315299
 20
-13.369087362830781
 10
48.27611613666305
 20
-13.32136563252974
 10
48.205792914914156
 20
-13.274092415092355
 10
48.22861745944589
 20
-13.190923316827766
 10
48.25129851306181
 20
-13.107714972618194
 10
48.273836008280696
 20
-13.024467630027065
 10
48.29622987804845
 20
-12.94118153673382
 10
48.31848005573832
 20
-12.857856940533207
 10
48.31848005573833
 20
-12.857856940533198
 10
48.403047179851825
 20
-12.852517078812275
 10
48.487720576764055
 20
-12.846719850713367
 10
48.57249822679525
 20
-12.84047017436626
 10
48.65737817728045
 20
-12.83377272599525
 10
48.742358537685234
 20
-12.826631957475003
 10
48.82743747519552
 20
-12.819052112182536
 10
48.91261321072463
 20
-12.81103723935134
 10
48.997884015288
 20
-12.80259120710419
 10
49.08324820670365
 20
-12.793717714316374
 10
49.16870414658169
 20
-12.784420301440347
 10
49.25425023757135
 20
-12.774702360405415
 10
49.33988492083812
 20
-12.764567143691105
 10
49.4256066737468
 20
-12.754017772660559
 10
49.51141400772966
 20
-12.743057245229323
 10
49.52702394703262
 20
-12.682252321652378
 10
49.54255921189294
 20
-12.621428276390981
 10
49.55801977888729
 20
-12.560585201152678
 10
49.57340562470499
 20
-12.499723187673705
 10
49.588716726148
 20
-12.438842327718852
 10
49.51855079636468
 20
-12.388248118322329
 10
49.448263785574866
 20
-12.338056044594397
 10
49.37785557060868
 20
-12.288269451405858
 10
49.307325999298854
 20
-12.238891808363457
 10
49.23667488869307
 20
-12.189926717566104
 10
49.165902023111464
 20
-12.141377922033442
 10
49.095007152032096
 20
-12.093249314882957
 10
49.0239899877839
 20
-12.045544949343
 10
48.952850203024454
 20
-11.998269049701475
 10
48.8815874279759
 20
-11.951426023305164
 10
48.810201247388804
 20
-11.905020473742209
 10
48.73869119719826
 20
-11.85905721536119
 10
48.667056760831514
 20
-11.813541289305507
 10
48.59529736511892
 20
-11.76847798127127
 10
48.615524321513156
 20
-11.684639273180961
 10
48.63560663585718
 20
-11.60076580067735
 10
48.65554424840162
 20
-11.516857813302762
 10
48.6753370998276
 20
-11.432915560702208
 10
48.694985131246995
 20
-11.348939292622655
 10
48.694985131246995
 20
-11.348939292622648
 10
48.779345279780976
 20
-11.340971987974909
 10
48.8637974256763
 20
-11.332544233116
 10
48.94833970318331
 20
-11.323661006608482
 10
49.03297030601151
 20
-11.314327043142287
 10
49.11768748299365
 20
-11.304546851233992
 10
49.20248953417065
 20
-11.294324729208283
 10
49.28737480724703
 20
-11.283664779669317
 10
49.37234169437265
 20
-11.272570922639966
 10
49.45738862921374
 20
-11.261046907521942
 10
49.54251408428049
 20
-11.249096324008816
 10
49.62771656848334
 20
-11.236722612066545
 10
49.71299462489352
 20
-11.223929071080917
 10
49.79834682868627
 20
-11.210718868258958
 10
49.88377178524869
 20
-11.197095046360321
 10
49.89748314899902
 20
-11.13583406823928
 10
49.9111192797463
 20
-11.074556300048169
 10
49.924680156930634
 20
-11.013261834178632
 10
49.9381657601056
 20
-10.951950763047488
 10
49.951576068938245
 20
-10.890623179096597
 10
49.87987060671377
 20
-10.842235593767377
 10
49.80805662841575
 20
-10.794253715189232
 10
49.73613411495888
 20
-10.746680890445555
 10
49.66410302215382
 20
-10.699520592197159
 10
49.59196327916149
 20
-10.65277642649035
 10
49.51971478681378
 20
-10.60645214124182
 10
49.44735741578535
 20
-10.560551635477081
 10
49.37489100459911
 20
-10.515078969410398
 10
49.30231535744576
 20
-10.470038375466617
 10
49.22963024179418
 20
-10.425434270360645
 10
49.15683538576678
 20
-10.381271268367993
 10
49.0839304752487
 20
-10.337554195940807
 10
49.010915150695915
 20
-10.294288107849335
 10
48.93778900360044
 20
-10.251478305058404
 10
48.95539880358321
 20
-10.167051095677818
 10
48.97286295031321
 20
-10.08259363704793
 10
48.99018139183072
 20
-9.998106180448557
 10
49.007354076609474
 20
-9.913588977248763
 10
49.024380953556935
 20
-9.829042278906115
 10
49.024380953556935
 20
-9.829042278906106
 10
49.10845251351603
 20
-9.81845523918424
 10
49.19260170639755
 20
-9.807405110873862
 10
49.27682682218694
 20
-9.795896928153862
 10
49.36112620271569
 20
-9.78393547959931
 10
49.44549823787783
 20
-9.771525326006998
 10
49.529941362213904
 20
-9.75867081649092
 10
49.61445405181808
 20
-9.745376103056898
 10
49.69903482153015
 20
-9.73164515383554
 10
49.783682222379866
 20
-9.717481765127667
 10
49.868394839255295
 20
-9.702889572395176
 10
49.95317128877061
 20
-9.687872060312728
 10
50.038010217312184
 20
-9.672432571980426
 10
50.12291029924423
 20
-9.656574317385116
 10
50.20787023525782
 20
-9.640300381186886
 10
50.21966975859662
 20
-9.578642614561604
 10
50.23139356315505
 20
-9.51697040572394
 10
50.24304163125652
 20
-9.455283847660256
 10
50.25461394533862
 20
-9.39358303337855
 10
50.26611048795319
 20
-9.331868055908313
 10
50.19293486369126
 20
-9.28573390651014
 10
50.11966339327099
 20
-9.240008642450444
 10
50.04629616171017
 20
-9.194695609787125
 10
49.972833232840095
 20
-9.14979828087549
 10
49.8992746480035
 20
-9.105320262220625
 10
49.825620424639936
 20
-9.061265303010394
 10
49.75187055474577
 20
-9.017637304406296
 10
49.67802500319415
 20
-8.974440329680501
 10
49.60408370589829
 20
-8.931678615300203
 10
49.53004656779881
 20
-8.889356583075552
 10
49.45591346065293
 20
-8.847478853505404
 10
49.38168422059973
 20
-8.806050260476205
 10
49.307358645471794
 20
-8.765075867494877
 10
49.23293649181799
 20
-8.724560985666626
 10
49.24791209904511
 20
-8.639626952868191
 10
49.26274118272703
 20
-8.554667215248653
 10
49.27742369874393
 20
-8.46968202558222
 10
49.291959603412025
 20
-8.38467163671882
 10
49.30634885348376
 20
-8.299636301583366
 10
49.30634885348376
 20
-8.299636301583359
 10
49.39005049106336
 20
-8.286439769064543
 10
49.47381532202165
 20
-8.27277795758817
 10
49.55764179373352
 20
-8.258655952079229
 10
49.64152839775653
 20
-8.244078590365278
 10
49.72547366660373
 20
-8.22905048111105
 10
49.809476170829754
 20
-8.213576020012367
 10
49.89353451639269
 20
-8.197659404459912
 10
49.97764734225908
 20
-8.18130464685312
 10
50.06181331822398
 20
-8.164515586719242
 10
50.14603114292234
 20
-8.14729590177143
 10
50.23029954201041
 20
-8.129649118021854
 10
50.31461726649927
 20
-8.1115786190507
 10
50.39898309122451
 20
-8.093087654519172
 10
50.48339581343823
 20
-8.074179348003582
 10
50.49327208108873
 20
-8.012184442781168
 10
50.503072217434564
 20
-7.950177457175965
 10
50.51279620769954
 20
-7.8881584846790975
 10
50.5224440372223
 20
-7.82612761879976
 10
50.53201569145633
 20
-7.764084953065083
 10
50.45744069784742
 20
-7.720248871407975
 10
50.38278262072038
 20
-7.676824458106588
 10
50.3080416491138
 20
-7.633815054956231
 10
50.23321795481786
 20
-7.591224130647431
 10
50.158311691317124
 20
-7.549055288654988
 10
50.08332299264193
 20
-7.507312275810853
 10
50.0082519721181
 20
-7.465998991638369
 10
49.93309872100298
 20
-7.425119498536678
 10
49.85786330699433
 20
-7.384678032916805
 10
49.78254577259642
 20
-7.344679017406327
 10
49.707146133325416
 20
-7.305127074257418
 10
49.63166437573284
 20
-7.2660270401143325
 10
49.556100455223444
 20
-7.2273839823220705
 10
49.480454293638495
 20
-7.189203216988054
 10
49.49278122017716
 20
-7.103844528963128
 10
49.50496089463025
 20
-7.018464705413049
 10
49.51699328076056
 20
-6.933064000361875
 10
49.528878342769005
 20
-6.847642667895788
 10
49.5406160452949
 20
-6.762200962162348
 10
49.54061604529489
 20
-6.762200962162383
 10
49.623866784566424
 20
-6.746407703639547
 10
49.7071662165374
 20
-6.7301474259174485
 10
49.790512947474205
 20
-6.713425259747838
 10
49.87390562011983
 20
-6.696246087530487
 10
49.957342911026
 20
-6.67861456133947
 10
50.04082352814433
 20
-6.660535119199891
 10
50.12434620864554
 20
-6.642011999826593
 10
50.20790971693956
 20
-6.623049256006093
 10
50.29151284287367
 20
-6.603650766777589
 10
50.37515440008868
 20
-6.5838202485475295
 10
50.45883322451577
 20
-6.563561265254405
 10
50.54254817299905
 20
-6.542877237685084
 10
50.626298122030754
 20
-6.521771452031303
 10
50.71008196658756
 20
-6.500247067763734
 10
50.718025423898666
 20
-6.437975000011112
 10
50.72589241103291
 20
-6.375693225392286
 10
50.733682916128835
 20
-6.313401837812695
 10
50.74139692744029
 20
-6.251100931192265
 10
50.74903443333647
 20
-6.188790599465284
 10
50.67313221687055
 20
-6.147294994127134
 10
50.59715975990464
 20
-6.106213441899402
 10
50.521117355315255
 20
-6.065549277081839
 10
50.44500528268528
 20
-6.0253059613444515
 10
50.3688238074926
 20
-5.985487091645627
 10
50.29257318022868
 20
-5.946096408836583
 10
50.21625363543915
 20
-5.907137807029978
 10
50.139865390677286
 20
-5.868615343821804
 10
50.06340864535989
 20
-5.830533251468473
 10
49.9868835795138
 20
-5.792895949136379
 10
49.91029035239905
 20
-5.75570805635928
 10
49.83362910099265
 20
-5.718974407860109
 10
49.75689993831467
 20
-5.682700069919604
 10
49.680102951574376
 20
-5.646890358504419
 10
49.689769271919275
 20
-5.561189594270861
 10
49.69928775409514
 20
-5.475472284255355
 10
49.70865836978236
 20
-5.389738683486062
 10
49.717881091101255
 20
-5.3039890470396
 10
49.726955890612174
 20
-5.218223630040306
 10
49.726955890612174
 20
-5.218223630040297
 10
49.80967519186206
 20
-5.19984892447107
 10
49.89242863802511
 20
-5.181005911271789
 10
49.975214995607516
 20
-5.161699762057297
 10
50.05803305985079
 20
-5.141935399076163
 10
50.1408816526257
 20
-5.121717513311233
 10
50.2237596205308
 20
-5.1010505808233875
 10
50.30666583317112
 20
-5.079938877550943
 10
50.38959918159535
 20
-5.058386492746693
 10
50.47255857687376
 20
-5.0363973412090575
 10
50.55554294880072
 20
-5.013975174442404
 10
50.638551244708495
 20
-4.99112359086366
 10
50.72158242838018
 20
-4.967846045156992
 10
50.80463547905157
 20
-4.944145856865481
 10
50.88770939049295
 20
-4.920026218297583
 10
50.893712352682726
 20
-4.857537232218524
 10
50.89963857980342
 20
-4.795040922180615
 10
50.90548806291976
 20
-4.732537382412756
 10
50.91126079321215
 20
-4.670026707154751
 10
50.916956761976785
 20
-4.607508990657161
 10
50.839800753146235
 20
-4.568394005956183
 10
50.76258741478697
 20
-4.529695058550677
 10
50.685317143330096
 20
-4.491415472019115
 10
50.607990325880735
 20
-4.453558697662043
 10
50.53060733965325
 20
-4.416128322441611
 10
50.45316855135791
 20
-4.379128077609269
 10
50.37567431653326
 20
-4.342561848099687
 10
50.298124978817995
 20
-4.306433682780253
 10
50.220520869155074
 20
-4.2707478056583215
 10
50.142862304919696
 20
-4.235508628163852
 10
50.065149588961745
 20
-4.200720762643084
 10
49.98738300855118
 20
-4.166389037220343
 10
49.90956283421402
 20
-4.132518512210812
 10
49.83168931844321
 20
-4.099114498297519
 10
49.838685681053704
 20
-4.013154567809828
 10
49.84553376243555
 20
-3.927182697290373
 10
49.852233542214215
 20
-3.8411991425246867
 10
49.858785000456315
 20
-3.7552041593330596
 10
49.86518811766982
 20
-3.6691980035697873
 10
49.865188117669824
 20
-3.669198003569779
 10
49.947295955316456
 20
-3.6482596272950856
 10
50.029423357056935
 20
-3.6268521080169367
 10
50.11156925083067
 20
-3.604980653210059
 10
50.19373258554317
 20
-3.582650220209866
 10
50.27591232952399
 20
-3.5598655343697496
 10
50.358107469134495
 20
-3.536631105456066
 10
50.440317007507595
 20
-3.512951242493913
 10
50.52253996340362
 20
-3.488830067246272
 10
50.60477537016923
 20
-3.4642715264834734
 10
50.68702227478777
 20
-3.439279403178458
 10
50.76927973701096
 20
-3.4138573267453625
 10
50.85154682856332
 20
-3.388008782423461
 10
50.933822632411754
 20
-3.3617371198957393
 10
51.01610624209365
 20
-3.335045561220083
 10
51.020162901683875
 20
-3.2724001108728342
 10
51.02414263554902
 20
-3.2097497265595423
 10
51.028045437688625
 20
-3.1470945027414143
 10
51.031871302218235
 20
-3.0844345338869563
 10
51.03562022336941
 20
-3.021769914471829
 10
50.957285065629726
 20
-2.98507339162952
 10
50.878905544795224
 20
-2.9487944877785224
 10
50.80048216046808
 20
-2.912936512560683
 10
50.72201540690113
 20
-2.877502903568175
 10
50.64350577268032
 20
-2.8424972342967583
 10
50.564953740379934
 20
-2.80792322278837
 10
50.48635978618746
 20
-2.773784741041271
 10
50.407724379494596
 20
-2.740085825277222
 10
50.32904798245026
 20
-2.70683068716807
 10
50.25033104947101
 20
-2.674023726139563
 10
50.17157402670354
 20
-2.6416695428882795
 10
50.09277735143288
 20
-2.609772954269037
 10
50.01394145142928
 20
-2.5783390097359327
 10
49.935066744225075
 20
-2.547373009550629
 10
49.93938638057219
 20
-2.4612370734899174
 10
49.94355743608358
 20
-2.375093814698836
 10
49.94757989834943
 20
-2.2889434894728335
 10
49.951453755402014
 20
-2.2027863541283805
 10
49.95517899571574
 20
-2.11662266500221
 10
49.955178995715734
 20
-2.1166226650022026
 10
50.03659593572904
 20
-2.0931408745488054
 10
50.1180178400899
 20
-2.069189559584108
 10
50.19944379920804
 20
-2.0447739584048237
 10
50.28087291666985
 20
-2.019899058637312
 10
50.362304308261784
 20
-1.9945696154340338
 10
50.443737101088615
 20
-1.9687901679039144
 10
50.52517043277554
 20
-1.9425650539901294
 10
50.606603450743805
 20
-1.915898423978309
 10
50.688035311551666
 20
-1.888794252792445
 10
50.7694651802934
 20
-1.8612563512142768
 10
50.85089223004981
 20
-1.8332883761439185
 10
50.93231564138492
 20
-1.8048938400040127
 10
51.013734601883876
 20
-1.7760761193768484
 10
51.0951483057281
 20
-1.7468384629526064
 10
51.09725473816262
 20
-1.6840971537644853
 10
51.099284128636725
 20
-1.6213533053764226
 10
51.1012364740906
 20
-1.5586070123905473
 10
51.103111771580586
 20
-1.4958583694126737
 10
51.10491001827921
 20
-1.4331074710521605
 10
51.02547149583631
 20
-1.398864911584363
 10
50.9460016196509
 20
-1.3650411487843146
 10
50.86650099201293
 20
-1.3316394751553704
 10
50.78697021384479
 20
-1.2986633112556842
 10
50.707409884631296
 20
-1.2661162136574968
 10
50.6278206023439
 20
-1.2340018835962707
 10
50.54820296335838
 20
-1.2023241763879446
 10
50.468557562365305
 20
-1.1710871117038726
 10
50.388884992272466
 20
-1.1402948848058725
 10
50.30918584409814
 20
-1.1099518788593197
 10
50.22946070685424
 20
-1.0800626784602534
 10
50.1497101674178
 20
-1.0506320845339903
 10
50.0699348103895
 20
-1.0216651307885192
 10
49.99013521793706
 20
-0.993167101936476
 10
49.991773949051606
 20
-0.9069384912578826
 10
49.993263943465706
 20
-0.8207071822345804
 10
49.994605196746306
 20
-0.7344734314239869
 10
49.995797704902856
 20
-0.648237495390783
 10
49.996841464387394
 20
-0.5619996307061522
  0
CIRCLE
  5
93
330
17
100
AcDbEntity
  8
CIRCULAR_SPLINE_OUTER
100
AcDbCircle
 10
0.0
 20
0.0
 30
0.0
 40
56.125
  0
TEXT
  5
94
330
17
100
AcDbEntity
  8
TEXT
100
AcDbText
 10
-56.125
 20
61.125
 30
0.0
 40
5.0
  1
Circular spline (fixed)  m=0.5 z=202
 11
-56.125
 21
61.125
 31
0.0
100
AcDbText
  0
ENDSEC
  0
SECTION
  2
OBJECTS
  0
DICTIONARY
  5
A
330
0
100
AcDbDictionary
281
1
  3
ACAD_COLOR
350
B
  3
ACAD_GROUP
350
C
  3
ACAD_LAYOUT
350
D
  3
ACAD_MATERIAL
350
E
  3
ACAD_MLEADERSTYLE
350
F
  3
ACAD_MLINESTYLE
350
10
  3
ACAD_PLOTSETTINGS
350
11
  3
ACAD_PLOTSTYLENAME
350
12
  3
ACAD_SCALELIST
350
14
  3
ACAD_TABLESTYLE
350
15
  3
ACAD_VISUALSTYLE
350
16
  3
EZDXF_META
350
2D
  0
DICTIONARY
  5
B
330
A
100
AcDbDictionary
281
1
  0
DICTIONARY
  5
C
330
A
100
AcDbDictionary
281
1
  0
DICTIONARY
  5
D
330
A
100
AcDbDictionary
281
1
  3
Model
350
1A
  3
Layout1
350
1E
  0
DICTIONARY
  5
E
330
A
100
AcDbDictionary
281
1
  3
ByBlock
350
1F
  3
ByLayer
350
20
  3
Global
350
21
  0
DICTIONARY
  5
F
330
A
100
AcDbDictionary
281
1
  3
Standard
350
2C
  0
DICTIONARY
  5
10
330
A
100
AcDbDictionary
281
1
  3
Standard
350
22
  0
DICTIONARY
  5
11
330
A
100
AcDbDictionary
281
1
  0
ACDBDICTIONARYWDFLT
  5
12
330
A
100
AcDbDictionary
281
1
  3
Normal
350
13
100
AcDbDictionaryWithDefault
340
13
  0
ACDBPLACEHOLDER
  5
13
330
12
  0
DICTIONARY
  5
14
330
A
100
AcDbDictionary
281
1
  0
DICTIONARY
  5
15
330
A
100
AcDbDictionary
281
1
  0
DICTIONARY
  5
16
330
A
100
AcDbDictionary
281
1
  3
2dWireframe
350
5A
  3
Basic
350
5B
  3
Brighten
350
5C
  3
ColorChange
350
5D
  3
Conceptual
350
5E
  3
Dim
350
5F
  3
EdgeColorOff
350
60
  3
Facepattern
350
61
  3
Flat
350
62
  3
FlatWithEdges
350
63
  3
Gouraud
350
64
  3
GouraudWithEdges
350
65
  3
Hidden
350
66
  3
JitterOff
350
67
  3
Linepattern
350
68
  3
Modeling
350
69
  3
OverhangOff
350
6A
  3
Realistic
350
6B
  3
Shaded
350
6C
  3
Shaded with edges
350
6D
  3
Shades of Gray
350
6E
  3
Sketchy
350
6F
  3
Thicken
350
70
  3
Wireframe
350
71
  3
X-Ray
350
72
  0
LAYOUT
  5
1A
330
D
100
AcDbPlotSettings
  1

  4
A3
  6

 40
7.5
 41
20.0
 42
7.5
 43
20.0
 44
420.0
 45
297.0
 46
0.0
 47
0.0
 48
0.0
 49
0.0
140
0.0
141
0.0
142
1.0
143
1.0
 70
1024
 72
1
 73
0
 74
5
  7

 75
16
 76
0
 77
2
 78
300
147
1.0
148
0.0
149
0.0
100
AcDbLayout
  1
Model
 70
1
 71
0
 10
0.0
 20
0.0
 11
420.0
 21
297.0
 12
0.0
 22
0.0
 32
0.0
 14
1e+20
 24
1e+20
 34
1e+20
 15
-1e+20
 25
-1e+20
 35
-1e+20
146
0.0
 13
0.0
 23
0.0
 33
0.0
 16
1.0
 26
0.0
 36
0.0
 17
0.0
 27
1.0
 37
0.0
 76
1
330
17
  0
LAYOUT
  5
1E
330
D
100
AcDbPlotSettings
  1

  4
A3
  6

 40
7.5
 41
20.0
 42
7.5
 43
20.0
 44
420.0
 45
297.0
 46
0.0
 47
0.0
 48
0.0
 49
0.0
140
0.0
141
0.0
142
1.0
143
1.0
 70
0
 72
1
 73
0
 74
5
  7

 75
16
 76
0
 77
2
 78
300
147
1.0
148
0.0
149
0.0
100
AcDbLayout
  1
Layout1
 70
1
 71
1
 10
0.0
 20
0.0
 11
420.0
 21
297.0
 12
0.0
 22
0.0
 32
0.0
 14
1e+20
 24
1e+20
 34
1e+20
 15
-1e+20
 25
-1e+20
 35
-1e+20
146
0.0
 13
0.0
 23
0.0
 33
0.0
 16
1.0
 26
0.0
 36
0.0
 17
0.0
 27
1.0
 37
0.0
 76
1
330
1B
  0
MATERIAL
  5
1F
102
{ACAD_REACTORS
330
E
102
}
330
E
100
AcDbMaterial
  1
ByBlock
  2

 70
0
 40
1.0
 71
1
 41
1.0
 91
-1023410177
 42
1.0
 72
1
  3

 73
1
 74
1
 75
1
 44
0.5
 73
0
 45
1.0
 46
1.0
 77
1
  4

 78
1
 79
1
170
1
 48
1.0
171
1
  6

172
1
173
1
174
1
140
1.0
141
1.0
175
1
  7

176
1
177
1
178
1
143
1.0
179
1
  8

270
1
271
1
272
1
145
1.0
146
1.0
273
1
  9

274
1
275
1
276
1
 42
1.0
 72
1
  3

 73
1
 74
1
 75
1
 94
63
  0
MATERIAL
  5
20
102
{ACAD_REACTORS
330
E
102
}
330
E
100
AcDbMaterial
  1
ByLayer
  2

 70
0
 40
1.0
 71
1
 41
1.0
 91
-1023410177
 42
1.0
 72
1
  3

 73
1
 74
1
 75
1
 44
0.5
 73
0
 45
1.0
 46
1.0
 77
1
  4

 78
1
 79
1
170
1
 48
1.0
171
1
  6

172
1
173
1
174
1
140
1.0
141
1.0
175
1
  7

176
1
177
1
178
1
143
1.0
179
1
  8

270
1
271
1
272
1
145
1.0
146
1.0
273
1
  9

274
1
275
1
276
1
 42
1.0
 72
1
  3

 73
1
 74
1
 75
1
 94
63
  0
MATERIAL
  5
21
102
{ACAD_REACTORS
330
E
102
}
330
E
100
AcDbMaterial
  1
Global
  2

 70
0
 40
1.0
 71
1
 41
1.0
 91
-1023410177
 42
1.0
 72
1
  3

 73
1
 74
1
 75
1
 44
0.5
 73
0
 45
1.0
 46
1.0
 77
1
  4

 78
1
 79
1
170
1
 48
1.0
171
1
  6

172
1
173
1
174
1
140
1.0
141
1.0
175
1
  7

176
1
177
1
178
1
143
1.0
179
1
  8

270
1
271
1
272
1
145
1.0
146
1.0
273
1
  9

274
1
275
1
276
1
 42
1.0
 72
1
  3

 73
1
 74
1
 75
1
 94
63
  0
MLINESTYLE
  5
22
102
{ACAD_REACTORS
330
10
102
}
330
10
100
AcDbMlineStyle
  2
Standard
 70
0
  3

 62
256
 51
90.0
 52
90.0
 71
2
 49
0.5
 62
256
  6
BYLAYER
 49
-0.5
 62
256
  6
BYLAYER
  0
MLEADERSTYLE
  5
2C
102
{ACAD_REACTORS
330
F
102
}
330
F
100
AcDbMLeaderStyle
179
2
170
2
171
1
172
0
 90
2
 40
0.0
 41
0.0
173
1
 91
-1056964608
 92
-2
290
1
 42
2.0
291
1
 43
8.0
  3
Standard
 44
4.0
300

342
29
174
1
175
1
176
0
178
1
 93
-1056964608
 45
4.0
292
0
297
0
 46
4.0
 94
-1056964608
 47
1.0
 49
1.0
140
1.0
294
1
141
0.0
177
0
142
1.0
295
0
296
0
143
3.75
271
0
272
9
273
9
  0
DICTIONARY
  5
2D
330
A
100
AcDbDictionary
280
1
281
1
  3
CREATED_BY_EZDXF
350
2E
  3
WRITTEN_BY_EZDXF
350
97
  0
DICTIONARYVAR
  5
2E
330
2D
100
DictionaryVariables
280
0
  1
1.4.4 @ 2026-07-27T12:01:51.679808+00:00
  0
VISUALSTYLE
  5
5A
102
{ACAD_REACTORS
330
16
102
}
330
16
100
AcDbVisualStyle
  2
2dWireframe
 70
4
 90
0
 40
0.6
 62
7
290
0
291
0
  0
VISUALSTYLE
  5
5B
102
{ACAD_REACTORS
330
16
102
}
330
16
100
AcDbVisualStyle
  2
Basic
 70
7
 90
1
 40
0.6
 62
7
290
0
291
1
  0
VISUALSTYLE
  5
5C
102
{ACAD_REACTORS
330
16
102
}
330
16
100
AcDbVisualStyle
  2
Brighten
 70
12
 90
2
 40
0.6
 62
7
290
0
291
1
  0
VISUALSTYLE
  5
5D
102
{ACAD_REACTORS
330
16
102
}
330
16
100
AcDbVisualStyle
  2
ColorChange
 70
16
 90
2
 40
0.6
 62
8
290
0
291
1
  0
VISUALSTYLE
  5
5E
102
{ACAD_REACTORS
330
16
102
}
330
16
100
AcDbVisualStyle
  2
Conceptual
 70
9
 90
3
 40
0.6
 62
7
290
0
291
0
  0
VISUALSTYLE
  5
5F
102
{ACAD_REACTORS
330
16
102
}
330
16
100
AcDbVisualStyle
  2
Dim
 70
11
 90
2
 40
0.6
 62
7
290
0
291
1
  0
VISUALSTYLE
  5
60
102
{ACAD_REACTORS
330
16
102
}
330
16
100
AcDbVisualStyle
  2
EdgeColorOff
 70
22
 90
2
 40
0.6
 62
7
290
0
291
1
  0
VISUALSTYLE
  5
61
102
{ACAD_REACTORS
330
16
102
}
330
16
100
AcDbVisualStyle
  2
Facepattern
 70
15
 90
2
 40
0.6
 62
7
290
0
291
1
  0
VISUALSTYLE
  5
62
102
{ACAD_REACTORS
330
16
102
}
330
16
100
AcDbVisualStyle
  2
Flat
 70
0
 90
2
 40
0.6
 62
7
290
0
291
1
  0
VISUALSTYLE
  5
63
102
{ACAD_REACTORS
330
16
102
}
330
16
100
AcDbVisualStyle
  2
FlatWithEdges
 70
1
 90
2
 40
0.6
 62
7
290
0
291
1
  0
VISUALSTYLE
  5
64
102
{ACAD_REACTORS
330
16
102
}
330
16
100
AcDbVisualStyle
  2
Gouraud
 70
2
 90
2
 40
0.6
 62
7
290
0
291
1
  0
VISUALSTYLE
  5
65
102
{ACAD_REACTORS
330
16
102
}
330
16
100
AcDbVisualStyle
  2
GouraudWithEdges
 70
3
 90
2
 40
0.6
 62
7
290
0
291
1
  0
VISUALSTYLE
  5
66
102
{ACAD_REACTORS
330
16
102
}
330
16
100
AcDbVisualStyle
  2
Hidden
 70
6
 90
1
 40
0.6
 62
7
290
0
291
0
  0
VISUALSTYLE
  5
67
102
{ACAD_REACTORS
330
16
102
}
330
16
100
AcDbVisualStyle
  2
JitterOff
 70
20
 90
2
 40
0.6
 62
7
290
0
291
1
  0
VISUALSTYLE
  5
68
102
{ACAD_REACTORS
330
16
102
}
330
16
100
AcDbVisualStyle
  2
Linepattern
 70
14
 90
2
 40
0.6
 62
7
290
0
291
1
  0
VISUALSTYLE
  5
69
102
{ACAD_REACTORS
330
16
102
}
330
16
100
AcDbVisualStyle
  2
Modeling
 70
10
 90
2
 40
0.6
 62
7
290
0
291
0
  0
VISUALSTYLE
  5
6A
102
{ACAD_REACTORS
330
16
102
}
330
16
100
AcDbVisualStyle
  2
OverhangOff
 70
21
 90
2
 40
0.6
 62
7
290
0
291
1
  0
VISUALSTYLE
  5
6B
102
{ACAD_REACTORS
330
16
102
}
330
16
100
AcDbVisualStyle
  2
Realistic
 70
8
 90
2
 40
0.6
 62
7
290
0
291
0
  0
VISUALSTYLE
  5
6C
102
{ACAD_REACTORS
330
16
102
}
330
16
100
AcDbVisualStyle
  2
Shaded
 70
27
 90
2
 40
0.6
 62
7
290
0
291
0
  0
VISUALSTYLE
  5
6D
102
{ACAD_REACTORS
330
16
102
}
330
16
100
AcDbVisualStyle
  2
Shaded with edges
 70
26
 90
2
 40
0.6
 62
7
290
0
291
0
  0
VISUALSTYLE
  5
6E
102
{ACAD_REACTORS
330
16
102
}
330
16
100
AcDbVisualStyle
  2
Shades of Gray
 70
23
 90
2
 40
0.6
 62
7
290
0
291
0
  0
VISUALSTYLE
  5
6F
102
{ACAD_REACTORS
330
16
102
}
330
16
100
AcDbVisualStyle
  2
Sketchy
 70
24
 90
1
 40
0.6
 62
7
290
0
291
0
  0
VISUALSTYLE
  5
70
102
{ACAD_REACTORS
330
16
102
}
330
16
100
AcDbVisualStyle
  2
Thicken
 70
13
 90
2
 40
0.6
 62
7
290
0
291
1
  0
VISUALSTYLE
  5
71
102
{ACAD_REACTORS
330
16
102
}
330
16
100
AcDbVisualStyle
  2
Wireframe
 70
5
 90
0
 40
0.6
 62
7
290
0
291
0
  0
VISUALSTYLE
  5
72
102
{ACAD_REACTORS
330
16
102
}
330
16
100
AcDbVisualStyle
  2
X-Ray
 70
25
 90
2
 40
0.5
 62
7
290
0
291
0
  0
DICTIONARYVAR
  5
97
330
2D
100
DictionaryVariables
280
0
  1
1.4.4 @ 2026-07-27T12:01:52.212170+00:00
  0
ENDSEC
  0
EOF
