  0
SECTION
  2
HEADER
  9
$ACADVER
  1
AC1024
  9
$ACADMAINTVER
 70
6
  9
$DWGCODEPAGE
  3
ANSI_1252
  9
$LASTSAVEDBY
  1
ezdxf
  9
$INSBASE
 10
0.0
 20
0.0
 30
0.0
  9
$EXTMIN
 10
1e+20
 20
1e+20
 30
1e+20
  9
$EXTMAX
 10
-1e+20
 20
-1e+20
 30
-1e+20
  9
$LIMMIN
 10
0.0
 20
0.0
  9
$LIMMAX
 10
420.0
 20
297.0
  9
$ORTHOMODE
 70
0
  9
$REGENMODE
 70
1
  9
$FILLMODE
 70
1
  9
$QTEXTMODE
 70
0
  9
$MIRRTEXT
 70
1
  9
$LTSCALE
 40
1.0
  9
$ATTMODE
 70
1
  9
$TEXTSIZE
 40
2.5
  9
$TRACEWID
 40
1.0
  9
$TEXTSTYLE
  7
OpenSans
  9
$CLAYER
  8
0
  9
$CELTYPE
  6
ByLayer
  9
$CECOLOR
 62
256
  9
$CELTSCALE
 40
1.0
  9
$DISPSILH
 70
0
  9
$DIMSCALE
 40
1.0
  9
$DIMASZ
 40
0.175
  9
$DIMEXO
 40
0.125
  9
$DIMDLI
 40
3.75
  9
$DIMRND
 40
0.0
  9
$DIMDLE
 40
0.0
  9
$DIMEXE
 40
0.375
  9
$DIMTP
 40
0.0
  9
$DIMTM
 40
0.0
  9
$DIMTXT
 40
0.25
  9
$DIMCEN
 40
2.5
  9
$DIMTSZ
 40
0.0
  9
$DIMTOL
 70
0
  9
$DIMLIM
 70
0
  9
$DIMTIH
 70
0
  9
$DIMTOH
 70
0
  9
$DIMSE1
 70
0
  9
$DIMSE2
 70
0
  9
$DIMTAD
 70
1
  9
$DIMZIN
 70
12
  9
$DIMBLK
  1
ARCHTICK
  9
$DIMASO
 70
1
  9
$DIMSHO
 70
1
  9
$DIMPOST
  1

  9
$DIMAPOST
  1

  9
$DIMALT
 70
0
  9
$DIMALTD
 70
3
  9
$DIMALTF
 40
0.03937007874
  9
$DIMLFAC
 40
100.0
  9
$DIMTOFL
 70
1
  9
$DIMTVP
 40
0.0
  9
$DIMTIX
 70
0
  9
$DIMSOXD
 70
0
  9
$DIMSAH
 70
0
  9
$DIMBLK1
  1

  9
$DIMBLK2
  1

  9
$DIMSTYLE
  2
EZDXF
  9
$DIMCLRD
 70
0
  9
$DIMCLRE
 70
0
  9
$DIMCLRT
 70
0
  9
$DIMTFAC
 40
0.5
  9
$DIMGAP
 40
0.1
  9
$DIMJUST
 70
0
  9
$DIMSD1
 70
0
  9
$DIMSD2
 70
0
  9
$DIMTOLJ
 70
0
  9
$DIMTZIN
 70
8
  9
$DIMALTZ
 70
0
  9
$DIMALTTZ
 70
0
  9
$DIMUPT
 70
1
  9
$DIMDEC
 70
2
  9
$DIMTDEC
 70
2
  9
$DIMALTU
 70
2
  9
$DIMALTTD
 70
3
  9
$DIMTXSTY
  7
OpenSansCondensed-Light
  9
$DIMAUNIT
 70
0
  9
$DIMADEC
 70
2
  9
$DIMALTRND
 40
0.0
  9
$DIMAZIN
 70
3
  9
$DIMDSEP
 70
46
  9
$DIMATFIT
 70
3
  9
$DIMFRAC
 70
0
  9
$DIMLDRBLK
  1

  9
$DIMLUNIT
 70
2
  9
$DIMLWD
 70
-2
  9
$DIMLWE
 70
-2
  9
$DIMTMOVE
 70
2
  9
$DIMFXL
 40
1.0
  9
$DIMFXLON
 70
0
  9
$DIMJOGANG
 40
0.785398163397
  9
$DIMTFILL
 70
0
  9
$DIMTFILLCLR
 70
0
  9
$DIMARCSYM
 70
0
  9
$DIMLTYPE
  6

  9
$DIMLTEX1
  6

  9
$DIMLTEX2
  6

  9
$DIMTXTDIRECTION
 70
0
  9
$LUNITS
 70
2
  9
$LUPREC
 70
4
  9
$SKETCHINC
 40
1.0
  9
$FILLETRAD
 40
10.0
  9
$AUNITS
 70
0
  9
$AUPREC
 70
2
  9
$MENU
  1
.
  9
$ELEVATION
 40
0.0
  9
$PELEVATION
 40
0.0
  9
$THICKNESS
 40
0.0
  9
$LIMCHECK
 70
0
  9
$CHAMFERA
 40
0.0
  9
$CHAMFERB
 40
0.0
  9
$CHAMFERC
 40
0.0
  9
$CHAMFERD
 40
0.0
  9
$SKPOLY
 70
0
  9
$TDCREATE
 40
2461248.590763889
  9
$TDUCREATE
 40
2458532.153996898
  9
$TDUPDATE
 40
2461248.590763889
  9
$TDUUPDATE
 40
2458532.1544311
  9
$TDINDWG
 40
0.0
  9
$TDUSRTIMER
 40
0.0
  9
$USRTIMER
 70
1
  9
$ANGBASE
 50
0.0
  9
$ANGDIR
 70
0
  9
$PDMODE
 70
0
  9
$PDSIZE
 40
0.0
  9
$PLINEWID
 40
0.0
  9
$SPLFRAME
 70
0
  9
$SPLINETYPE
 70
6
  9
$SPLINESEGS
 70
8
  9
$HANDSEED
  5
98
  9
$SURFTAB1
 70
6
  9
$SURFTAB2
 70
6
  9
$SURFTYPE
 70
6
  9
$SURFU
 70
6
  9
$SURFV
 70
6
  9
$UCSBASE
  2

  9
$UCSNAME
  2

  9
$UCSORG
 10
0.0
 20
0.0
 30
0.0
  9
$UCSXDIR
 10
1.0
 20
0.0
 30
0.0
  9
$UCSYDIR
 10
0.0
 20
1.0
 30
0.0
  9
$UCSORTHOREF
  2

  9
$UCSORTHOVIEW
 70
0
  9
$UCSORGTOP
 10
0.0
 20
0.0
 30
0.0
  9
$UCSORGBOTTOM
 10
0.0
 20
0.0
 30
0.0
  9
$UCSORGLEFT
 10
0.0
 20
0.0
 30
0.0
  9
$UCSORGRIGHT
 10
0.0
 20
0.0
 30
0.0
  9
$UCSORGFRONT
 10
0.0
 20
0.0
 30
0.0
  9
$UCSORGBACK
 10
0.0
 20
0.0
 30
0.0
  9
$PUCSBASE
  2

  9
$PUCSNAME
  2

  9
$PUCSORG
 10
0.0
 20
0.0
 30
0.0
  9
$PUCSXDIR
 10
1.0
 20
0.0
 30
0.0
  9
$PUCSYDIR
 10
0.0
 20
1.0
 30
0.0
  9
$PUCSORTHOREF
  2

  9
$PUCSORTHOVIEW
 70
0
  9
$PUCSORGTOP
 10
0.0
 20
0.0
 30
0.0
  9
$PUCSORGBOTTOM
 10
0.0
 20
0.0
 30
0.0
  9
$PUCSORGLEFT
 10
0.0
 20
0.0
 30
0.0
  9
$PUCSORGRIGHT
 10
0.0
 20
0.0
 30
0.0
  9
$PUCSORGFRONT
 10
0.0
 20
0.0
 30
0.0
  9
$PUCSORGBACK
 10
0.0
 20
0.0
 30
0.0
  9
$USERI1
 70
0
  9
$USERI2
 70
0
  9
$USERI3
 70
0
  9
$USERI4
 70
0
  9
$USERI5
 70
0
  9
$USERR1
 40
0.0
  9
$USERR2
 40
0.0
  9
$USERR3
 40
0.0
  9
$USERR4
 40
0.0
  9
$USERR5
 40
0.0
  9
$WORLDVIEW
 70
1
  9
$SHADEDGE
 70
3
  9
$SHADEDIF
 70
70
  9
$TILEMODE
 70
1
  9
$MAXACTVP
 70
64
  9
$PINSBASE
 10
0.0
 20
0.0
 30
0.0
  9
$PLIMCHECK
 70
0
  9
$PEXTMIN
 10
1e+20
 20
1e+20
 30
1e+20
  9
$PEXTMAX
 10
-1e+20
 20
-1e+20
 30
-1e+20
  9
$PLIMMIN
 10
0.0
 20
0.0
  9
$PLIMMAX
 10
420.0
 20
297.0
  9
$UNITMODE
 70
0
  9
$VISRETAIN
 70
1
  9
$PLINEGEN
 70
0
  9
$PSLTSCALE
 70
1
  9
$TREEDEPTH
 70
3020
  9
$CMLSTYLE
  2
Standard
  9
$CMLJUST
 70
0
  9
$CMLSCALE
 40
20.0
  9
$PROXYGRAPHICS
 70
1
  9
$MEASUREMENT
 70
1
  9
$CELWEIGHT
370
-1
  9
$ENDCAPS
280
0
  9
$JOINSTYLE
280
0
  9
$LWDISPLAY
290
0
  9
$INSUNITS
 70
4
  9
$HYPERLINKBASE
  1

  9
$STYLESHEET
  1

  9
$XEDIT
290
1
  9
$CEPSNTYPE
380
0
  9
$PSTYLEMODE
290
1
  9
$FINGERPRINTGUID
  2
{26EC8D85-6AA8-4B99-8635-172FE07A4DED}
  9
$VERSIONGUID
  2
{F7DCD175-49A2-4EDA-A7BE-595B98193C55}
  9
$EXTNAMES
290
1
  9
$PSVPSCALE
 40
0.0
  9
$OLESTARTUP
290
0
  9
$SORTENTS
280
127
  9
$INDEXCTL
280
0
  9
$HIDETEXT
280
1
  9
$XCLIPFRAME
280
1
  9
$HALOGAP
280
0
  9
$OBSCOLOR
 70
257
  9
$OBSLTYPE
280
0
  9
$INTERSECTIONDISPLAY
280
0
  9
$INTERSECTIONCOLOR
 70
257
  9
$DIMASSOC
280
2
  9
$PROJECTNAME
  1

  9
$CAMERADISPLAY
290
0
  9
$LENSLENGTH
 40
50.0
  9
$CAMERAHEIGHT
 40
0.0
  9
$STEPSPERSEC
 40
24.0
  9
$STEPSIZE
 40
100.0
  9
$3DDWFPREC
 40
2.0
  9
$PSOLWIDTH
 40
0.005
  9
$PSOLHEIGHT
 40
0.08
  9
$LOFTANG1
 40
1.570796326795
  9
$LOFTANG2
 40
1.570796326795
  9
$LOFTMAG1
 40
0.0
  9
$LOFTMAG2
 40
0.0
  9
$LOFTPARAM
 70
7
  9
$LOFTNORMALS
280
1
  9
$LATITUDE
 40
37.795
  9
$LONGITUDE
 40
-122.394
  9
$NORTHDIRECTION
 40
0.0
  9
$TIMEZONE
 70
-8000
  9
$LIGHTGLYPHDISPLAY
280
1
  9
$TILEMODELIGHTSYNCH
280
1
  9
$CMATERIAL
347
20
  9
$SOLIDHIST
280
0
  9
$SHOWHIST
280
1
  9
$DWFFRAME
280
2
  9
$DGNFRAME
280
2
  9
$REALWORLDSCALE
290
1
  9
$INTERFERECOLOR
 62
256
  9
$CSHADOW
280
0
  9
$SHADOWPLANELOCATION
 40
0.0
  0
ENDSEC
  0
SECTION
  2
CLASSES
  0
CLASS
  1
ACDBDICTIONARYWDFLT
  2
AcDbDictionaryWithDefault
  3
ObjectDBX Classes
 90
0
 91
0
280
0
281
0
  0
CLASS
  1
SUN
  2
AcDbSun
  3
SCENEOE
 90
1153
 91
0
280
0
281
0
  0
CLASS
  1
VISUALSTYLE
  2
AcDbVisualStyle
  3
ObjectDBX Classes
 90
4095
 91
0
280
0
281
0
  0
CLASS
  1
MATERIAL
  2
AcDbMaterial
  3
ObjectDBX Classes
 90
1153
 91
0
280
0
281
0
  0
CLASS
  1
SCALE
  2
AcDbScale
  3
ObjectDBX Classes
 90
1153
 91
0
280
0
281
0
  0
CLASS
  1
TABLESTYLE
  2
AcDbTableStyle
  3
ObjectDBX Classes
 90
4095
 91
0
280
0
281
0
  0
CLASS
  1
MLEADERSTYLE
  2
AcDbMLeaderStyle
  3
ACDB_MLEADERSTYLE_CLASS
 90
4095
 91
0
280
0
281
0
  0
CLASS
  1
DICTIONARYVAR
  2
AcDbDictionaryVar
  3
ObjectDBX Classes
 90
0
 91
0
280
0
281
0
  0
CLASS
  1
CELLSTYLEMAP
  2
AcDbCellStyleMap
  3
ObjectDBX Classes
 90
1152
 91
0
280
0
281
0
  0
CLASS
  1
MENTALRAYRENDERSETTINGS
  2
AcDbMentalRayRenderSettings
  3
SCENEOE
 90
1024
 91
0
280
0
281
0
  0
CLASS
  1
ACDBDETAILVIEWSTYLE
  2
AcDbDetailViewStyle
  3
ObjectDBX Classes
 90
1025
 91
0
280
0
281
0
  0
CLASS
  1
ACDBSECTIONVIEWSTYLE
  2
AcDbSectionViewStyle
  3
ObjectDBX Classes
 90
1025
 91
0
280
0
281
0
  0
CLASS
  1
RASTERVARIABLES
  2
AcDbRasterVariables
  3
ISM
 90
0
 91
0
280
0
281
0
  0
CLASS
  1
ACDBPLACEHOLDER
  2
AcDbPlaceHolder
  3
ObjectDBX Classes
 90
0
 91
0
280
0
281
0
  0
CLASS
  1
LAYOUT
  2
AcDbLayout
  3
ObjectDBX Classes
 90
0
 91
0
280
0
281
0
  0
ENDSEC
  0
SECTION
  2
TABLES
  0
TABLE
  2
VPORT
  5
8
330
0
100
AcDbSymbolTable
 70
1
  0
VPORT
  5
23
330
8
100
AcDbSymbolTableRecord
100
AcDbViewportTableRecord
  2
*Active
 70
0
 10
0.0
 20
0.0
 11
1.0
 21
1.0
 12
0.0
 22
0.0
 13
0.0
 23
0.0
 14
0.5
 24
0.5
 15
0.5
 25
0.5
 16
0.0
 26
0.0
 36
1.0
 17
0.0
 27
0.0
 37
0.0
 40
1000.0
 41
1.34
 42
50.0
 43
0.0
 44
0.0
 50
0.0
 51
0.0
 71
0
 72
1000
 73
1
 74
3
 75
0
 76
0
 77
0
 78
0
281
0
 65
0
146
0.0
  0
ENDTAB
  0
TABLE
  2
LTYPE
  5
2
330
0
100
AcDbSymbolTable
 70
21
  0
LTYPE
  5
24
330
2
100
AcDbSymbolTableRecord
100
AcDbLinetypeTableRecord
  2
ByBlock
 70
0
  3

 72
65
 73
0
 40
0.0
  0
LTYPE
  5
25
330
2
100
AcDbSymbolTableRecord
100
AcDbLinetypeTableRecord
  2
ByLayer
 70
0
  3

 72
65
 73
0
 40
0.0
  0
LTYPE
  5
26
330
2
100
AcDbSymbolTableRecord
100
AcDbLinetypeTableRecord
  2
Continuous
 70
0
  3

 72
65
 73
0
 40
0.0
  0
LTYPE
  5
2F
330
2
100
AcDbSymbolTableRecord
100
AcDbLinetypeTableRecord
  2
CENTER
 70
0
  3
Center ____ _ ____ _ ____ _ ____ _ ____ _ ____
 72
65
 73
4
 40
5.08
 49
3.175
 74
0
 49
-0.635
 74
0
 49
0.635
 74
0
 49
-0.635
 74
0
  0
LTYPE
  5
30
330
2
100
AcDbSymbolTableRecord
100
AcDbLinetypeTableRecord
  2
CENTERX2
 70
0
  3
Center (2x) ________  __  ________  __  ________
 72
65
 73
4
 40
8.89
 49
6.35
 74
0
 49
-0.635
 74
0
 49
1.27
 74
0
 49
-0.635
 74
0
  0
LTYPE
  5
31
330
2
100
AcDbSymbolTableRecord
100
AcDbLinetypeTableRecord
  2
CENTER2
 70
0
  3
Center (.5x) ____ _ ____ _ ____ _ ____ _ ____
 72
65
 73
4
 40
2.54
 49
1.587
 74
0
 49
-0.318
 74
0
 49
0.318
 74
0
 49
-0.318
 74
0
  0
LTYPE
  5
32
330
2
100
AcDbSymbolTableRecord
100
AcDbLinetypeTableRecord
  2
DASHED
 70
0
  3
Dashed __ __ __ __ __ __ __ __ __ __ __ __ __ _
 72
65
 73
2
 40
1.524
 49
1.27
 74
0
 49
-0.254
 74
0
  0
LTYPE
  5
33
330
2
100
AcDbSymbolTableRecord
100
AcDbLinetypeTableRecord
  2
DASHEDX2
 70
0
  3
Dashed (2x) ____  ____  ____  ____  ____  ____
 72
65
 73
2
 40
3.048
 49
2.54
 74
0
 49
-0.508
 74
0
  0
LTYPE
  5
34
330
2
100
AcDbSymbolTableRecord
100
AcDbLinetypeTableRecord
  2
DASHED2
 70
0
  3
Dashed (.5x) _ _ _ _ _ _ _ _ _ _ _ _ _ _
 72
65
 73
2
 40
0.762
 49
0.635
 74
0
 49
-0.127
 74
0
  0
LTYPE
  5
35
330
2
100
AcDbSymbolTableRecord
100
AcDbLinetypeTableRecord
  2
PHANTOM
 70
0
  3
Phantom ______  __  __  ______  __  __  ______
 72
65
 73
6
 40
6.35
 49
3.175
 74
0
 49
-0.635
 74
0
 49
0.635
 74
0
 49
-0.635
 74
0
 49
0.635
 74
0
 49
-0.635
 74
0
  0
LTYPE
  5
36
330
2
100
AcDbSymbolTableRecord
100
AcDbLinetypeTableRecord
  2
PHANTOMX2
 70
0
  3
Phantom (2x)____________    ____    ____    ____________
 72
65
 73
6
 40
10.795
 49
6.35
 74
0
 49
-0.635
 74
0
 49
1.27
 74
0
 49
-0.635
 74
0
 49
1.27
 74
0
 49
-0.635
 74
0
  0
LTYPE
  5
37
330
2
100
AcDbSymbolTableRecord
100
AcDbLinetypeTableRecord
  2
PHANTOM2
 70
0
  3
Phantom (.5x) ___ _ _ ___ _ _ ___ _ _ ___ _ _ ___
 72
65
 73
6
 40
3.175
 49
1.587
 74
0
 49
-0.318
 74
0
 49
0.318
 74
0
 49
-0.318
 74
0
 49
0.318
 74
0
 49
-0.318
 74
0
  0
LTYPE
  5
38
330
2
100
AcDbSymbolTableRecord
100
AcDbLinetypeTableRecord
  2
DASHDOT
 70
0
  3
Dash dot __ . __ . __ . __ . __ . __ . __ . __
 72
65
 73
4
 40
3.556
 49
2.54
 74
0
 49
-0.508
 74
0
 49
0.0
 74
0
 49
-0.508
 74
0
  0
LTYPE
  5
39
330
2
100
AcDbSymbolTableRecord
100
AcDbLinetypeTableRecord
  2
DASHDOTX2
 70
0
  3
Dash dot (2x) ____  .  ____  .  ____  .  ____
 72
65
 73
4
 40
6.096
 49
5.08
 74
0
 49
-0.508
 74
0
 49
0.0
 74
0
 49
-0.508
 74
0
  0
LTYPE
  5
3A
330
2
100
AcDbSymbolTableRecord
100
AcDbLinetypeTableRecord
  2
DASHDOT2
 70
0
  3
Dash dot (.5x) _ . _ . _ . _ . _ . _ . _ . _
 72
65
 73
4
 40
1.778
 49
1.27
 74
0
 49
-0.254
 74
0
 49
0.0
 74
0
 49
-0.254
 74
0
  0
LTYPE
  5
3B
330
2
100
AcDbSymbolTableRecord
100
AcDbLinetypeTableRecord
  2
DOT
 70
0
  3
Dot .  .  .  .  .  .  .  .  .  .  .  .  .  .  .  .
 72
65
 73
2
 40
0.508
 49
0.0
 74
0
 49
-0.508
 74
0
  0
LTYPE
  5
3C
330
2
100
AcDbSymbolTableRecord
100
AcDbLinetypeTableRecord
  2
DOTX2
 70
0
  3
Dot (2x) .    .    .    .    .    .    .    . 
 72
65
 73
2
 40
1.016
 49
0.0
 74
0
 49
-1.016
 74
0
  0
LTYPE
  5
3D
330
2
100
AcDbSymbolTableRecord
100
AcDbLinetypeTableRecord
  2
DOT2
 70
0
  3
Dot (.5) . . . . . . . . . . . . . . . . . . . 
 72
65
 73
2
 40
0.254
 49
0.0
 74
0
 49
-0.254
 74
0
  0
LTYPE
  5
3E
330
2
100
AcDbSymbolTableRecord
100
AcDbLinetypeTableRecord
  2
DIVIDE
 70
0
  3
Divide __ . . __ . . __ . . __ . . __ . . __
 72
65
 73
6
 40
4.064
 49
2.54
 74
0
 49
-0.508
 74
0
 49
0.0
 74
0
 49
-0.508
 74
0
 49
0.0
 74
0
 49
-0.508
 74
0
  0
LTYPE
  5
3F
330
2
100
AcDbSymbolTableRecord
100
AcDbLinetypeTableRecord
  2
DIVIDEX2
 70
0
  3
Divide (2x) ____  . .  ____  . .  ____  . .  ____
 72
65
 73
6
 40
6.604
 49
5.08
 74
0
 49
-0.508
 74
0
 49
0.0
 74
0
 49
-0.508
 74
0
 49
0.0
 74
0
 49
-0.508
 74
0
  0
LTYPE
  5
40
330
2
100
AcDbSymbolTableRecord
100
AcDbLinetypeTableRecord
  2
DIVIDE2
 70
0
  3
Divide(.5x) _ . _ . _ . _ . _ . _ . _ . _
 72
65
 73
6
 40
2.032
 49
1.27
 74
0
 49
-0.254
 74
0
 49
0.0
 74
0
 49
-0.254
 74
0
 49
0.0
 74
0
 49
-0.254
 74
0
  0
ENDTAB
  0
TABLE
  2
LAYER
  5
1
330
0
100
AcDbSymbolTable
 70
10
  0
LAYER
  5
27
330
1
100
AcDbSymbolTableRecord
100
AcDbLayerTableRecord
  2
0
 70
0
 62
7
  6
Continuous
370
-3
390
13
347
21
  0
LAYER
  5
28
330
1
100
AcDbSymbolTableRecord
100
AcDbLayerTableRecord
  2
Defpoints
 70
0
 62
7
  6
Continuous
290
0
370
-3
390
13
347
21
  0
LAYER
  5
8A
330
1
100
AcDbSymbolTableRecord
100
AcDbLayerTableRecord
  2
FLEXSPLINE_CYLINDRICAL
 70
0
 62
5
  6
Continuous
370
-3
390
13
347
21
  0
LAYER
  5
8B
330
1
100
AcDbSymbolTableRecord
100
AcDbLayerTableRecord
  2
FLEXSPLINE_INNER_BORE
 70
0
 62
5
  6
Continuous
370
-3
390
13
347
21
  0
LAYER
  5
8C
330
1
100
AcDbSymbolTableRecord
100
AcDbLayerTableRecord
  2
FLEXSPLINE_DEFORMED
 70
0
 62
3
  6
Continuous
370
-3
390
13
347
21
  0
LAYER
  5
8D
330
1
100
AcDbSymbolTableRecord
100
AcDbLayerTableRecord
  2
CIRCULAR_SPLINE_TEETH
 70
0
 62
1
  6
Continuous
370
-3
390
13
347
21
  0
LAYER
  5
8E
330
1
100
AcDbSymbolTableRecord
100
AcDbLayerTableRecord
  2
CIRCULAR_SPLINE_OUTER
 70
0
 62
1
  6
Continuous
370
-3
390
13
347
21
  0
LAYER
  5
8F
330
1
100
AcDbSymbolTableRecord
100
AcDbLayerTableRecord
  2
WAVE_GENERATOR_CAM
 70
0
 62
6
  6
Continuous
370
-3
390
13
347
21
  0
LAYER
  5
90
330
1
100
AcDbSymbolTableRecord
100
AcDbLayerTableRecord
  2
WAVE_GENERATOR_BORE
 70
0
 62
6
  6
Continuous
370
-3
390
13
347
21
  0
LAYER
  5
91
330
1
100
AcDbSymbolTableRecord
100
AcDbLayerTableRecord
  2
TEXT
 70
0
 62
7
  6
Continuous
370
-3
390
13
347
21
  0
ENDTAB
  0
TABLE
  2
STYLE
  5
5
330
0
100
AcDbSymbolTable
 70
26
  0
STYLE
  5
29
330
5
100
AcDbSymbolTableRecord
100
AcDbTextStyleTableRecord
  2
Standard
 70
0
 40
0.0
 41
1.0
 50
0.0
 71
0
 42
2.5
  3
txt
  4

  0
STYLE
  5
41
330
5
100
AcDbSymbolTableRecord
100
AcDbTextStyleTableRecord
  2
OpenSans-Light
 70
0
 40
0.0
 41
1.0
 50
0.0
 71
0
 42
2.5
  3
OpenSans-Light.ttf
  4

  0
STYLE
  5
42
330
5
100
AcDbSymbolTableRecord
100
AcDbTextStyleTableRecord
  2
OpenSans-Light-Italic
 70
0
 40
0.0
 41
1.0
 50
0.0
 71
0
 42
2.5
  3
OpenSans-LightItalic.ttf
  4

  0
STYLE
  5
43
330
5
100
AcDbSymbolTableRecord
100
AcDbTextStyleTableRecord
  2
OpenSans
 70
0
 40
0.0
 41
1.0
 50
0.0
 71
0
 42
2.5
  3
OpenSans-Regular.ttf
  4

  0
STYLE
  5
44
330
5
100
AcDbSymbolTableRecord
100
AcDbTextStyleTableRecord
  2
OpenSans-Italic
 70
0
 40
0.0
 41
1.0
 50
0.0
 71
0
 42
2.5
  3
OpenSans-Italic.ttf
  4

  0
STYLE
  5
45
330
5
100
AcDbSymbolTableRecord
100
AcDbTextStyleTableRecord
  2
OpenSans-SemiBold
 70
0
 40
0.0
 41
1.0
 50
0.0
 71
0
 42
2.5
  3
OpenSans-SemiBold.ttf
  4

  0
STYLE
  5
46
330
5
100
AcDbSymbolTableRecord
100
AcDbTextStyleTableRecord
  2
OpenSans-SemiBoldItalic
 70
0
 40
0.0
 41
1.0
 50
0.0
 71
0
 42
2.5
  3
OpenSans-SemiBoldItalic.ttf
  4

  0
STYLE
  5
47
330
5
100
AcDbSymbolTableRecord
100
AcDbTextStyleTableRecord
  2
OpenSans-Bold
 70
0
 40
0.0
 41
1.0
 50
0.0
 71
0
 42
2.5
  3
OpenSans-Bold.ttf
  4

  0
STYLE
  5
48
330
5
100
AcDbSymbolTableRecord
100
AcDbTextStyleTableRecord
  2
OpenSans-BoldItalic
 70
0
 40
0.0
 41
1.0
 50
0.0
 71
0
 42
2.5
  3
OpenSans-BoldItalic.ttf
  4

  0
STYLE
  5
49
330
5
100
AcDbSymbolTableRecord
100
AcDbTextStyleTableRecord
  2
OpenSans-ExtraBold
 70
0
 40
0.0
 41
1.0
 50
0.0
 71
0
 42
2.5
  3
OpenSans-ExtraBold.ttf
  4

  0
STYLE
  5
4A
330
5
100
AcDbSymbolTableRecord
100
AcDbTextStyleTableRecord
  2
OpenSans-ExtraBoldItalic
 70
0
 40
0.0
 41
1.0
 50
0.0
 71
0
 42
2.5
  3
OpenSans-ExtraBoldItalic.ttf
  4

  0
STYLE
  5
4B
330
5
100
AcDbSymbolTableRecord
100
AcDbTextStyleTableRecord
  2
OpenSansCondensed-Bold
 70
0
 40
0.0
 41
1.0
 50
0.0
 71
0
 42
2.5
  3
OpenSansCondensed-Bold.ttf
  4

  0
STYLE
  5
4C
330
5
100
AcDbSymbolTableRecord
100
AcDbTextStyleTableRecord
  2
OpenSansCondensed-Light
 70
0
 40
0.0
 41
1.0
 50
0.0
 71
0
 42
2.5
  3
OpenSansCondensed-Light.ttf
  4

  0
STYLE
  5
4D
330
5
100
AcDbSymbolTableRecord
100
AcDbTextStyleTableRecord
  2
OpenSansCondensed-Italic
 70
0
 40
0.0
 41
1.0
 50
0.0
 71
0
 42
2.5
  3
OpenSansCondensed-LightItalic.ttf
  4

  0
STYLE
  5
4E
330
5
100
AcDbSymbolTableRecord
100
AcDbTextStyleTableRecord
  2
LiberationSans
 70
0
 40
0.0
 41
1.0
 50
0.0
 71
0
 42
2.5
  3
LiberationSans-Regular.ttf
  4

  0
STYLE
  5
4F
330
5
100
AcDbSymbolTableRecord
100
AcDbTextStyleTableRecord
  2
LiberationSans-Bold
 70
0
 40
0.0
 41
1.0
 50
0.0
 71
0
 42
2.5
  3
LiberationSans-Bold.ttf
  4

  0
STYLE
  5
50
330
5
100
AcDbSymbolTableRecord
100
AcDbTextStyleTableRecord
  2
LiberationSans-BoldItalic
 70
0
 40
0.0
 41
1.0
 50
0.0
 71
0
 42
2.5
  3
LiberationSans-BoldItalic.ttf
  4

  0
STYLE
  5
51
330
5
100
AcDbSymbolTableRecord
100
AcDbTextStyleTableRecord
  2
LiberationSans-Italic
 70
0
 40
0.0
 41
1.0
 50
0.0
 71
0
 42
2.5
  3
LiberationSans-Italic.ttf
  4

  0
STYLE
  5
52
330
5
100
AcDbSymbolTableRecord
100
AcDbTextStyleTableRecord
  2
LiberationSerif
 70
0
 40
0.0
 41
1.0
 50
0.0
 71
0
 42
2.5
  3
LiberationSerif-Regular.ttf
  4

  0
STYLE
  5
53
330
5
100
AcDbSymbolTableRecord
100
AcDbTextStyleTableRecord
  2
LiberationSerif-Bold
 70
0
 40
0.0
 41
1.0
 50
0.0
 71
0
 42
2.5
  3
LiberationSerif-Bold.ttf
  4

  0
STYLE
  5
54
330
5
100
AcDbSymbolTableRecord
100
AcDbTextStyleTableRecord
  2
LiberationSerif-BoldItalic
 70
0
 40
0.0
 41
1.0
 50
0.0
 71
0
 42
2.5
  3
LiberationSerif-BoldItalic.ttf
  4

  0
STYLE
  5
55
330
5
100
AcDbSymbolTableRecord
100
AcDbTextStyleTableRecord
  2
LiberationSerif-Italic
 70
0
 40
0.0
 41
1.0
 50
0.0
 71
0
 42
2.5
  3
LiberationSerif-Italic.ttf
  4

  0
STYLE
  5
56
330
5
100
AcDbSymbolTableRecord
100
AcDbTextStyleTableRecord
  2
LiberationMono
 70
0
 40
0.0
 41
1.0
 50
0.0
 71
0
 42
2.5
  3
LiberationMono-Regular.ttf
  4

  0
STYLE
  5
57
330
5
100
AcDbSymbolTableRecord
100
AcDbTextStyleTableRecord
  2
LiberationMono-Bold
 70
0
 40
0.0
 41
1.0
 50
0.0
 71
0
 42
2.5
  3
LiberationMono-Bold.ttf
  4

  0
STYLE
  5
58
330
5
100
AcDbSymbolTableRecord
100
AcDbTextStyleTableRecord
  2
LiberationMono-BoldItalic
 70
0
 40
0.0
 41
1.0
 50
0.0
 71
0
 42
2.5
  3
LiberationMono-BoldItalic.ttf
  4

  0
STYLE
  5
59
330
5
100
AcDbSymbolTableRecord
100
AcDbTextStyleTableRecord
  2
LiberationMono-Italic
 70
0
 40
0.0
 41
1.0
 50
0.0
 71
0
 42
2.5
  3
LiberationMono-Italic.ttf
  4

  0
ENDTAB
  0
TABLE
  2
VIEW
  5
7
330
0
100
AcDbSymbolTable
 70
0
  0
ENDTAB
  0
TABLE
  2
UCS
  5
6
330
0
100
AcDbSymbolTable
 70
0
  0
ENDTAB
  0
TABLE
  2
APPID
  5
3
330
0
100
AcDbSymbolTable
 70
3
  0
APPID
  5
2A
330
3
100
AcDbSymbolTableRecord
100
AcDbRegAppTableRecord
  2
ACAD
 70
0
  0
APPID
  5
95
330
3
100
AcDbSymbolTableRecord
100
AcDbRegAppTableRecord
  2
HATCHBACKGROUNDCOLOR
 70
0
  0
APPID
  5
96
330
3
100
AcDbSymbolTableRecord
100
AcDbRegAppTableRecord
  2
EZDXF
 70
0
  0
ENDTAB
  0
TABLE
  2
DIMSTYLE
  5
4
330
0
100
AcDbSymbolTable
 70
12
100
AcDbDimStyleTable
  0
DIMSTYLE
105
2B
330
4
100
AcDbSymbolTableRecord
100
AcDbDimStyleTableRecord
  2
Standard
 70
0
 40
1.0
 41
2.5
 42
0.625
 43
3.75
 44
1.25
 45
0.0
 46
0.0
 47
0.0
 48
0.0
 49
2.5
140
2.5
141
2.5
142
0.0
143
0.03937007874
144
1.0
145
0.0
146
1.0
147
0.625
148
0.0
 69
0
 70
0
 71
0
 72
0
 73
0
 74
0
 75
0
 76
0
 77
1
 78
8
 79
3
170
0
171
3
172
1
173
0
174
0
175
0
176
0
177
0
178
0
179
2
271
2
272
2
273
2
274
3
275
0
276
0
277
2
278
44
279
0
280
0
281
0
282
0
283
0
284
8
285
0
286
0
288
0
289
3
290
0
371
-2
372
-2
  0
DIMSTYLE
105
73
330
4
100
AcDbSymbolTableRecord
100
AcDbDimStyleTableRecord
  2
EZDXF
 70
0
 40
1.0
 41
0.175
 42
0.125
 43
3.75
 44
0.375
 45
0.0
 46
0.0
 47
0.0
 48
0.0
 49
2.5
140
0.25
141
2.5
142
0.0
143
0.03937007874
144
100.0
145
0.0
146
0.5
147
0.1
148
0.0
 69
0
 70
0
 71
0
 72
0
 73
0
 74
0
 75
0
 76
0
 77
1
 78
12
 79
3
170
0
171
3
172
1
173
0
174
0
175
0
176
0
177
0
178
0
179
2
271
2
272
2
273
2
274
3
275
0
276
0
277
2
278
46
279
2
280
0
281
0
282
0
283
0
284
8
285
0
286
0
288
1
289
3
290
0
340
4C
342
74
371
-2
372
-2
  0
DIMSTYLE
105
7C
330
4
100
AcDbSymbolTableRecord
100
AcDbDimStyleTableRecord
  2
EZ_M_100_H25_CM
 70
0
 40
1.0
 41
0.25
 42
0.125
 43
3.75
 44
0.375
 45
0.0
 46
0.0
 47
0.0
 48
0.0
 49
2.5
140
0.25
141
2.5
142
0.125
143
0.03937007874
144
100.0
145
0.0
146
0.5
147
0.1
148
0.0
 69
0
 70
0
 71
0
 72
0
 73
0
 74
0
 75
0
 76
0
 77
1
 78
12
 79
3
170
0
171
3
172
1
173
0
174
0
175
0
176
0
177
0
178
0
179
2
271
2
272
2
273
2
274
3
275
0
276
0
277
2
278
46
279
2
280
0
281
0
282
0
283
0
284
8
285
0
286
0
288
1
289
3
290
0
340
4C
371
-2
372
-2
  0
DIMSTYLE
105
7D
330
4
100
AcDbSymbolTableRecord
100
AcDbDimStyleTableRecord
  2
EZ_M_50_H25_CM
 70
0
 40
1.0
 41
0.125
 42
0.0625
 43
3.75
 44
0.1875
 45
0.0
 46
0.0
 47
0.0
 48
0.0
 49
2.5
140
0.125
141
2.5
142
0.0625
143
0.03937007874
144
100.0
145
0.0
146
0.5
147
0.05
148
0.0
 69
0
 70
0
 71
0
 72
0
 73
0
 74
0
 75
0
 76
0
 77
1
 78
12
 79
3
170
0
171
3
172
1
173
0
174
0
175
0
176
0
177
0
178
0
179
2
271
2
272
2
273
2
274
3
275
0
276
0
277
2
278
46
279
2
280
0
281
0
282
0
283
0
284
8
285
0
286
0
288
1
289
3
290
0
340
4C
371
-2
372
-2
  0
DIMSTYLE
105
7E
330
4
100
AcDbSymbolTableRecord
100
AcDbDimStyleTableRecord
  2
EZ_M_25_H25_CM
 70
0
 40
1.0
 41
0.0625
 42
0.03125
 43
3.75
 44
0.09375
 45
0.0
 46
0.0
 47
0.0
 48
0.0
 49
2.5
140
0.0625
141
2.5
142
0.03125
143
0.03937007874
144
100.0
145
0.0
146
0.5
147
0.025
148
0.0
 69
0
 70
0
 71
0
 72
0
 73
0
 74
0
 75
0
 76
0
 77
1
 78
12
 79
3
170
0
171
3
172
1
173
0
174
0
175
0
176
0
177
0
178
0
179
2
271
2
272
2
273
2
274
3
275
0
276
0
277
2
278
46
279
2
280
0
281
0
282
0
283
0
284
8
285
0
286
0
288
1
289
3
290
0
340
4C
371
-2
372
-2
  0
DIMSTYLE
105
7F
330
4
100
AcDbSymbolTableRecord
100
AcDbDimStyleTableRecord
  2
EZ_M_20_H25_CM
 70
0
 40
1.0
 41
0.05
 42
0.025
 43
3.75
 44
0.07500000000000001
 45
0.0
 46
0.0
 47
0.0
 48
0.0
 49
2.5
140
0.05
141
2.5
142
0.025
143
0.03937007874
144
100.0
145
0.0
146
0.5
147
0.020000000000000004
148
0.0
 69
0
 70
0
 71
0
 72
0
 73
0
 74
0
 75
0
 76
0
 77
1
 78
12
 79
3
170
0
171
3
172
1
173
0
174
0
175
0
176
0
177
0
178
0
179
2
271
2
272
2
273
2
274
3
275
0
276
0
277
2
278
46
279
2
280
0
281
0
282
0
283
0
284
8
285
0
286
0
288
1
289
3
290
0
340
4C
371
-2
372
-2
  0
DIMSTYLE
105
80
330
4
100
AcDbSymbolTableRecord
100
AcDbDimStyleTableRecord
  2
EZ_M_10_H25_CM
 70
0
 40
1.0
 41
0.025
 42
0.0125
 43
3.75
 44
0.037500000000000006
 45
0.0
 46
0.0
 47
0.0
 48
0.0
 49
2.5
140
0.025
141
2.5
142
0.0125
143
0.03937007874
144
100.0
145
0.0
146
0.5
147
0.010000000000000002
148
0.0
 69
0
 70
0
 71
0
 72
0
 73
0
 74
0
 75
0
 76
0
 77
1
 78
12
 79
3
170
0
171
3
172
1
173
0
174
0
175
0
176
0
177
0
178
0
179
2
271
2
272
2
273
2
274
3
275
0
276
0
277
2
278
46
279
2
280
0
281
0
282
0
283
0
284
8
285
0
286
0
288
1
289
3
290
0
340
4C
371
-2
372
-2
  0
DIMSTYLE
105
81
330
4
100
AcDbSymbolTableRecord
100
AcDbDimStyleTableRecord
  2
EZ_M_5_H25_CM
 70
0
 40
1.0
 41
0.0125
 42
0.00625
 43
3.75
 44
0.018750000000000003
 45
0.0
 46
0.0
 47
0.0
 48
0.0
 49
2.5
140
0.0125
141
2.5
142
0.00625
143
0.03937007874
144
100.0
145
0.0
146
0.5
147
0.005000000000000001
148
0.0
 69
0
 70
0
 71
0
 72
0
 73
0
 74
0
 75
0
 76
0
 77
1
 78
12
 79
3
170
0
171
3
172
1
173
0
174
0
175
0
176
0
177
0
178
0
179
2
271
2
272
2
273
2
274
3
275
0
276
0
277
2
278
46
279
2
280
0
281
0
282
0
283
0
284
8
285
0
286
0
288
1
289
3
290
0
340
4C
371
-2
372
-2
  0
DIMSTYLE
105
82
330
4
100
AcDbSymbolTableRecord
100
AcDbDimStyleTableRecord
  2
EZ_M_1_H25_CM
 70
0
 40
1.0
 41
0.0025
 42
0.00125
 43
3.75
 44
0.00375
 45
0.0
 46
0.0
 47
0.0
 48
0.0
 49
2.5
140
0.0025
141
2.5
142
0.00125
143
0.03937007874
144
100.0
145
0.0
146
0.5
147
0.001
148
0.0
 69
0
 70
0
 71
0
 72
0
 73
0
 74
0
 75
0
 76
0
 77
1
 78
12
 79
3
170
0
171
3
172
1
173
0
174
0
175
0
176
0
177
0
178
0
179
2
271
2
272
2
273
2
274
3
275
0
276
0
277
2
278
46
279
2
280
0
281
0
282
0
283
0
284
8
285
0
286
0
288
1
289
3
290
0
340
4C
371
-2
372
-2
  0
DIMSTYLE
105
83
330
4
100
AcDbSymbolTableRecord
100
AcDbDimStyleTableRecord
  2
EZ_RADIUS
 70
0
 40
1.0
 41
0.25
 42
0.125
 43
3.75
 44
0.375
 45
0.0
 46
0.0
 47
0.0
 48
0.0
 49
2.5
140
0.25
141
0.0
142
0.0
143
0.03937007874
144
100.0
145
0.0
146
0.5
147
0.1
148
0.0
 69
0
 70
0
 71
0
 72
0
 73
0
 74
0
 75
0
 76
0
 77
1
 78
12
 79
3
170
0
171
3
172
0
173
0
174
0
175
0
176
0
177
0
178
0
179
2
271
2
272
2
273
2
274
3
275
0
276
0
277
2
278
46
279
1
280
0
281
0
282
0
283
0
284
8
285
0
286
0
288
1
289
3
290
0
340
4C
342
84
371
-2
372
-2
  0
DIMSTYLE
105
88
330
4
100
AcDbSymbolTableRecord
100
AcDbDimStyleTableRecord
  2
EZ_RADIUS_INSIDE
 70
0
 40
1.0
 41
0.25
 42
0.125
 43
3.75
 44
0.375
 45
0.0
 46
0.0
 47
0.0
 48
0.0
 49
2.5
140
0.25
141
0.0
142
0.0
143
0.03937007874
144
100.0
145
0.0
146
0.5
147
0.1
148
0.0
 69
0
 70
0
 71
0
 72
0
 73
0
 74
0
 75
0
 76
0
 77
0
 78
12
 79
3
170
0
171
3
172
0
173
0
174
1
175
0
176
0
177
0
178
0
179
2
271
2
272
2
273
2
274
3
275
0
276
0
277
2
278
46
279
0
280
0
281
0
282
0
283
0
284
8
285
0
286
0
288
1
289
0
290
0
340
4C
342
84
371
-2
372
-2
  0
DIMSTYLE
105
89
330
4
100
AcDbSymbolTableRecord
100
AcDbDimStyleTableRecord
  2
EZ_CURVED
 70
0
 40
1.0
 41
0.25
 42
0.125
 43
3.75
 44
0.375
 45
0.0
 46
0.0
 47
0.0
 48
0.0
 49
2.5
140
0.25
141
2.5
142
0.0
143
0.03937007874
144
100.0
145
0.0
146
0.5
147
0.1
148
0.0
 69
0
 70
0
 71
0
 72
0
 73
0
 74
0
 75
0
 76
0
 77
1
 78
12
 79
2
 90
2
170
0
171
3
172
1
173
0
174
0
175
0
176
0
177
0
178
0
179
2
271
2
272
2
273
2
274
3
275
0
276
0
277
2
278
46
279
2
280
0
281
0
282
0
283
0
284
8
285
0
286
0
288
1
289
3
290
0
340
4C
371
-2
372
-2
  0
ENDTAB
  0
TABLE
  2
BLOCK_RECORD
  5
9
330
0
100
AcDbSymbolTable
 70
5
  0
BLOCK_RECORD
  5
17
330
9
100
AcDbSymbolTableRecord
100
AcDbBlockTableRecord
  2
*Model_Space
340
1A
 70
0
280
1
281
0
  0
BLOCK_RECORD
  5
1B
330
9
100
AcDbSymbolTableRecord
100
AcDbBlockTableRecord
  2
*Paper_Space
340
1E
 70
0
280
1
281
0
  0
BLOCK_RECORD
  5
74
330
9
100
AcDbSymbolTableRecord
100
AcDbBlockTableRecord
  2
_ARCHTICK
340
0
 70
0
280
1
281
0
  0
BLOCK_RECORD
  5
78
330
9
100
AcDbSymbolTableRecord
100
AcDbBlockTableRecord
  2
_CLOSEDFILLED
340
0
 70
0
280
1
281
0
  0
BLOCK_RECORD
  5
84
330
9
100
AcDbSymbolTableRecord
100
AcDbBlockTableRecord
  2
_CLOSEDBLANK
340
0
 70
0
280
1
281
0
  0
ENDTAB
  0
ENDSEC
  0
SECTION
  2
BLOCKS
  0
BLOCK
  5
18
330
17
100
AcDbEntity
  8
0
100
AcDbBlockBegin
  2
*Model_Space
 70
0
 10
0.0
 20
0.0
 30
0.0
  3
*Model_Space
  1

  0
ENDBLK
  5
19
330
17
100
AcDbEntity
  8
0
100
AcDbBlockEnd
  0
BLOCK
  5
1C
330
1B
100
AcDbEntity
  8
0
100
AcDbBlockBegin
  2
*Paper_Space
 70
0
 10
0.0
 20
0.0
 30
0.0
  3
*Paper_Space
  1

  0
ENDBLK
  5
1D
330
1B
100
AcDbEntity
  8
0
100
AcDbBlockEnd
  0
BLOCK
  5
75
330
74
100
AcDbEntity
  8
0
100
AcDbBlockBegin
  2
_ARCHTICK
 70
0
 10
0.0
 20
0.0
 30
0.0
  3
_ARCHTICK
  1

  0
LWPOLYLINE
  5
77
330
74
100
AcDbEntity
  8
0
  6
BYBLOCK
 62
0
100
AcDbPolyline
 90
2
 70
0
 43
0.15
 10
-0.5
 20
-0.5
 10
0.5
 20
0.5
  0
ENDBLK
  5
76
330
74
100
AcDbEntity
  8
0
100
AcDbBlockEnd
  0
BLOCK
  5
79
330
78
100
AcDbEntity
  8
0
100
AcDbBlockBegin
  2
_CLOSEDFILLED
 70
0
 10
0.0
 20
0.0
 30
0.0
  3
_CLOSEDFILLED
  1

  0
SOLID
  5
7B
330
78
100
AcDbEntity
  8
0
  6
BYBLOCK
 62
0
100
AcDbTrace
 10
-1.0
 20
0.16439898372402537
 30
0.0
 11
0.0
 21
0.0
 31
0.0
 12
-1.0
 22
-0.16439898372402537
 32
0.0
 13
-1.0
 23
-0.16439898372402537
 33
0.0
  0
ENDBLK
  5
7A
330
78
100
AcDbEntity
  8
0
100
AcDbBlockEnd
  0
BLOCK
  5
85
330
84
100
AcDbEntity
  8
0
100
AcDbBlockBegin
  2
_CLOSEDBLANK
 70
0
 10
0.0
 20
0.0
 30
0.0
  3
_CLOSEDBLANK
  1

  0
LWPOLYLINE
  5
87
330
84
100
AcDbEntity
  8
0
  6
BYBLOCK
 62
0
100
AcDbPolyline
 90
3
 70
1
 10
-1.0
 20
0.16439898372402537
 10
0.0
 20
0.0
 10
-1.0
 20
-0.16439898372402537
  0
ENDBLK
  5
86
330
84
100
AcDbEntity
  8
0
100
AcDbBlockEnd
  0
ENDSEC
  0
SECTION
  2
ENTITIES
  0
LWPOLYLINE
  5
92
330
17
100
AcDbEntity
  8
FLEXSPLINE_CYLINDRICAL
100
AcDbPolyline
 90
7600
 70
1
 10
49.356892925349534
 20
-1.3370660999294812
 10
49.437923160821335
 20
-1.3130512831861294
 10
49.51895213858999
 20
-1.2885530225614825
 10
49.59997900029249
 20
-1.2635771348222853
 10
49.68100289828228
 20
-1.23812914349391
 10
49.76202299478545
 20
-1.2122143013359767
 10
49.84303846114358
 20
-1.1858376105153494
 10
49.924048477132544
 20
-1.159003840769987
 10
50.00505223034733
 20
-1.1317175458130049
 10
50.08604891564535
 20
-1.1039830781893194
 10
50.16703773464117
 20
-1.0758046027669184
 10
50.24801789524673
 20
-1.047186109019356
 10
50.32898861125215
 20
-1.0181314222345692
 10
50.409949101942374
 20
-0.9886442137673113
 10
50.49089859174625
 20
-0.9587280104370557
 10
50.49672343003801
 20
-0.5752589245291643
 10
50.49963593317137
 20
-0.19175666128465985
 10
50.49963593317137
 20
0.19175666128465965
 10
50.49672343003801
 20
0.5752589245291642
 10
50.49089859174625
 20
0.9587280104370557
 10
50.409949101942374
 20
0.9886442137673113
 10
50.32898861125215
 20
1.0181314222345692
 10
50.24801789524673
 20
1.047186109019356
 10
50.16703773464117
 20
1.0758046027669184
 10
50.08604891564535
 20
1.1039830781893194
 10
50.00505223034733
 20
1.1317175458130049
 10
49.924048477132544
 20
1.159003840769987
 10
49.84303846114358
 20
1.1858376105153494
 10
49.76202299478545
 20
1.2122143013359767
 10
49.68100289828228
 20
1.23812914349391
 10
49.59997900029249
 20
1.2635771348222853
 10
49.51895213858999
 20
1.2885530225614825
 10
49.437923160821335
 20
1.3130512831861294
 10
49.356892925349534
 20
1.3370660999294812
 10
49.3624657248816
 20
1.1124758693513623
 10
49.36701656967845
 20
0.8878626071040225
 10
49.370545365523604
 20
0.6632309633722447
 10
49.373052039360154
 20
0.4385855887213645
 10
49.374536539292244
 20
0.2139311340009895
 10
49.45477246761126
 20
0.24047932208639922
 10
49.53499195350844
 20
0.26751067599732137
 10
49.61519432175341
 20
0.29501935487540143
 10
49.695378898615964
 20
0.32299981129557076
 10
49.77554501172877
 20
0.35144676877501513
 10
49.85569198996417
 20
0.3803552015863483
 10
49.93581916332384
 20
0.40972031658132635
 10
50.01592586283924
 20
0.43953753677555807
 10
50.0960114204818
 20
0.46980248648170564
 10
50.17607516908171
 20
0.500510977809
 10
50.25611644225416
 20
0.5316589983723639
 10
50.3361345743324
 20
0.5632427000759594
 10
50.41612890030665
 20
0.5952583888537734
 10
50.49609875576855
 20
0.6277025152653258
 10
50.48987566478287
 20
1.0111653449199651
 10
50.48074063357505
 20
1.3945698568821894
 10
50.46869418899658
 20
1.7778939387778832
 10
50.45373702581101
 20
2.161115482871635
 10
50.435870006653964
 20
2.5442123873417715
 10
50.354020769881394
 20
2.57157114390987
 10
50.27217401270503
 20
2.5985007717518487
 10
50.190330621093416
 20
2.6249977701497844
 10
50.10849149069641
 20
2.6510584940833697
 10
50.026657527491125
 20
2.676679144847664
 10
49.9448296484872
 20
2.7018557598177653
 10
49.863008782497744
 20
2.7265842012586896
 10
49.7811958709848
 20
2.7508601440633784
 10
49.699391868988116
 20
2.7746790622839566
 10
49.61759774614817
 20
2.7980362142999056
 10
49.53581448783633
 20
2.820926626441419
 10
49.454043096406295
 20
2.84334507485591
 10
49.372284592584485
 20
2.865286065368756
 10
49.2905400170194
 20
2.8867438110452683
 10
49.3031646163353
 20
2.6624394480518787
 10
49.31476848863116
 20
2.4380799643800297
 10
49.32535139367116
 20
2.213670004960508
 10
49.33491311235667
 20
1.9892142157691028
 10
49.343453446730706
 20
1.7647172437304204
 10
49.42281588472268
 20
1.7937726033014492
 10
49.50214671180083
 20
1.8233103738158718
 10
49.581445436533734
 20
1.8533246960879446
 10
49.6607115597725
 20
1.883810004267543
 10
49.73994457521989
 20
1.9147610033559088
 10
49.819143969941294
 20
1.9461726490249205
 10
49.89830922482544
 20
1.978040129446307
 10
49.97743981500043
 20
2.0103588488813333
 10
50.05653521021099
 20
2.043124412818515
 10
50.13559487516134
 20
2.076332614477243
 10
50.21461826982755
 20
2.1099794225206585
 10
50.29360484974295
 20
2.144060969842628
 10
50.37255406625933
 20
2.1785735433114755
 10
50.45146536678678
 20
2.2135135743685836
 10
50.43320048796315
 20
2.5965917162531302
 10
50.41202693758707
 20
2.979520102968755
 10
50.387945936816536
 20
3.3622766496012693
 10
50.36095887449302
 20
3.744839281147146
 10
50.33106730706149
 20
4.127185933786665
 10
50.24839909863514
 20
4.151960243802936
 10
50.165746847840495
 20
4.176305714728209
 10
50.08311155016913
 20
4.200218875400897
 10
50.000494215321815
 20
4.223696110732331
 10
49.917895868148825
 20
4.246733652349433
 10
49.835317549676354
 20
4.2693275683865854
 10
49.75276031822861
 20
4.29147375232525
 10
49.67022525065798
 20
4.313167910764586
 10
49.587713443696394
 20
4.334405549988524
 10
49.505226015443775
 20
4.355181961173392
 10
49.422764107012036
 20
4.375492204054853
 10
49.340328884345425
 20
4.395331088842666
 10
49.257921540242904
 20
4.414693156135042
 10
49.175543296611494
 20
4.433572654540358
 10
49.19520723675588
 20
4.209775520457377
 10
49.21385268492974
 20
3.985891231084155
 10
49.23147925511502
 20
3.761924421513494
 10
49.248086582387536
 20
3.53787972854662
 10
49.26367432292457
 20
3.313761790597184
 10
49.34208494944476
 20
3.345295647521832
 10
49.42044882775527
 20
3.377310684426395
 10
49.49876565070867
 20
3.409801029580051
 10
49.57703509422993
 20
3.442761104200442
 10
49.65525681859155
 20
3.476185599998388
 10
49.73343046955823
 20
3.510069459023177
 10
49.81155567941803
 20
3.5444078555152037
 10
49.889632067913645
 20
3.5791961795168286
 10
49.96765924308642
 20
3.614430022029272
 10
50.0456368020429
 20
3.6501051615336726
 10
50.12356433165295
 20
3.686217551719829
 10
50.201441409187304
 20
3.722763310287681
 10
50.27926760290077
 20
3.759738708704301
 10
50.35704247256723
 20
3.797140162814672
 10
50.32675383113588
 20
4.17945556505267
 10
50.29356265732947
 20
4.561529922435513
 10
50.25747086540729
 20
4.943341199304079
 10
50.21848053691816
 20
5.32486737517209
 10
50.17659392058033
 20
5.706086445996107
 10
50.09318832404127
 20
5.728251860207605
 10
50.00981214742115
 20
5.749989148175633
 10
49.92646649475217
 20
5.771294871720559
 10
49.84315248878952
 20
5.7921654492530115
 10
49.75987127224527
 20
5.812597146450702
 10
49.67662400913479
 20
5.832586066087571
 10
49.59341188624894
 20
5.852128136914171
 10
49.51023611476772
 20
5.871219101472944
 10
49.427097932032936
 20
5.889854502714378
 10
49.34399860350051
 20
5.908029669258693
 10
49.26093942489674
 20
5.925739699122462
 10
49.1779217246058
 20
5.942979441699488
 10
49.09494686632204
 20
5.959743477748589
 10
49.01201625200511
 20
5.9760260970971295
 10
49.03870012704312
 20
5.752957052676544
 10
49.064368750288736
 20
5.529768904365681
 10
49.089021590322595
 20
5.3064662728450855
 10
49.11265813675513
 20
5.083053781165458
 10
49.1352779002372
 20
4.859536054651938
 10
49.21265933346385
 20
4.893517288820549
 10
49.28997892731982
 20
4.92797799713905
 10
49.36723655924475
 20
4.962912301126231
 10
49.44443208055733
 20
4.998314614573078
 10
49.52156531843507
 20
5.034179621138643
 10
49.59863607769155
 20
5.070502254241199
 10
49.675644142377024
 20
5.1072776789522525
 10
49.75258927722411
 20
5.144501275644733
 10
49.82947122895756
 20
5.182168625183712
 10
49.90628972748381
 20
5.220275495478205
 10
49.98304448697427
 20
5.25881782923789
 10
50.05973520685427
 20
5.297791732800141
 10
50.13636157270769
 20
5.33719346591039
 10
50.212923257106674
 20
5.37701943235435
 10
50.170640744299924
 20
5.758194795801289
 10
50.12546470274449
 20
6.139038062589008
 10
50.07739773791189
 20
6.519527268059991
 10
50.02644262200399
 20
6.899640467976768
 10
49.97260229379318
 20
7.279355739787517
 10
49.88854162039549
 20
7.2988903836064765
 10
49.8045238001701
 20
7.317998036538409
 10
49.72055004460024
 20
7.336675296778707
 10
49.63662158838753
 20
7.3549186197718885
 10
49.55273969097807
 20
7.372724308931781
 10
49.4689056382277
 20
7.390088505517979
 10
49.38512074422272
 20
7.40700717756795
 10
49.30138635327543
 20
7.423476107769019
 10
49.217703842116414
 20
7.439490880136805
 10
49.13407462230874
 20
7.4550468653455
 10
49.050500142914366
 20
7.470139204530261
 10
48.966981893446444
 20
7.484762791351955
 10
48.88352140714889
 20
7.498912252078146
 10
48.800120264650445
 20
7.5125819233904405
 10
48.833797740818994
 20
7.29046111084764
 10
48.86646420730423
 20
7.068189363355688
 10
48.898118987809916
 20
6.845771282622817
 10
48.92876142698482
 20
6.623211473386806
 10
48.95839089043627
 20
6.400514543319648
 10
49.034666764237166
 20
6.436909619356701
 10
49.11086576853437
 20
6.473781990530521
 10
49.186987965475566
 20
6.51112577741086
 10
49.26303338191985
 20
6.548935391874968
 10
49.33900201212034
 20
6.587205514776703
 10
49.414893820132086
 20
6.6259310759034395
 10
49.49070874198068
 20
6.665107235929282
 10
49.566446687620854
 20
6.704729370116739
 10
49.64210754271067
 20
6.744793053555895
 10
49.717691170223056
 20
6.785294047760198
 10
49.793197411913035
 20
6.826228288463263
 10
49.86862608965714
 20
6.867591874482473
 10
49.94397700667862
 20
6.909381057532801
 10
50.01924994867104
 20
6.951592232889718
 10
49.965015292224194
 20
7.331251383481734
 10
49.90789896621858
 20
7.710487713349774
 10
49.847904264766655
 20
8.089279350514392
 10
49.785034647987516
 20
8.467604448643241
 10
49.71929374180743
 20
8.845441188311025
 10
49.63466094928701
 20
8.862325783402442
 10
49.55008440090131
 20
8.87878494435173
 10
49.465565414389026
 20
8.894815309086477
 10
49.38110533517973
 20
8.910413373583136
 10
49.29670553821064
 20
8.925575482639736
 10
49.21236742990905
 20
8.940297819809636
 10
49.12809245035983
 20
8.954576396396282
 10
49.043882075680976
 20
8.968407039393856
 10
48.959737820633116
 20
8.981785378241153
 10
48.87566124149347
 20
8.994706830234927
 10
48.791653939229576
 20
9.007166584424024
 10
48.70771756301362
 20
9.019159583775721
 10
48.623853814125944
 20
9.03068050536955
 10
48.54006445030448
 20
9.041723738330372
 10
48.580702292000524
 20
8.820770364090366
 10
48.62033436386683
 20
8.599634372796906
 10
48.658959845397725
 20
8.378320342644582
 10
48.69657793692703
 20
8.156832855513931
 10
48.73318785964465
 20
7.935176496876588
 10
48.808282898941236
 20
7.973949497236063
 10
48.88328611446206
 20
8.013197142686511
 10
48.95819775300147
 20
8.052913558650927
 10
49.0330180169325
 20
8.09309316060763
 10
49.107747067589536
 20
8.13373063185464
 10
49.18238502830457
 20
8.174820903552115
 10
49.25693198714169
 20
8.216359136752597
 10
49.331387999366534
 20
8.25834070617223
 10
49.4057530896834
 20
8.300761185492952
 10
49.48002725426689
 20
8.343616334015529
 10
49.55421046261183
 20
8.386902084508453
 10
49.62830265922171
 20
8.430614532119106
 10
49.702303765153395
 20
8.474749924231112
 10
49.7762136794333
 20
8.519304651167126
 10
49.710080402404444
 20
8.89707291115939
 10
49.64108015886669
 20
9.274328043635927
 10
49.56921692832251
 20
9.65104829088037
 10
49.494494855393555
 20
10.02721192602518
 10
49.4169182495816
 20
10.402797254304726
 10
49.33179686028682
 20
10.417015137611749
 10
49.24674505058301
 20
10.430809563373677
 10
49.16176424316391
 20
10.444177212568245
 10
49.07685589285922
 20
10.4571146251619
 10
48.99202148874038
 20
10.469618190944114
 10
48.907262556418196
 20
10.48168413952838
 10
48.82258066055493
 20
10.493308529420482
 10
48.73797740761746
 20
10.504487236039717
 10
48.653454448901634
 20
10.51521593856127
 10
48.56901348386293
 20
10.525490105427028
 10
48.48465626379455
 20
10.53530497834736
 10
48.4003845959001
 20
10.544655554586633
 10
48.316200347817464
 20
10.553536567289424
 10
48.23210545265906
 20
10.561942463561108
 10
48.27966355523912
 20
10.342374581928246
 10
48.32622212041641
 20
10.122592581358614
 10
48.37178018428554
 20
9.90260101201503
 10
48.4163368036546
 20
9.68240442839903
 10
48.45989105606464
 20
9.462007389256579
 10
48.533731151119476
 20
9.503120049668246
 10
48.60746455874543
 20
9.544704236707686
 10
48.68109171014001
 20
9.586754086448643
 10
48.75461298299046
 20
9.62926402348175
 10
48.82802870555318
 20
9.672228738796138
 10
48.901339160315445
 20
9.715643169927077
 10
48.974544587292854
 20
9.759502483081
 10
49.0476451870075
 20
9.803802056992284
 10
49.12064112318547
 20
9.848537468302972
 10
49.19353252520686
 20
9.893704478286196
 10
49.26631949033634
 20
9.939299020759192
 10
49.33900208575922
 20
9.985317191052967
 10
49.411580350443806
 20
10.031755235923166
 10
49.48405429684907
 20
10.078609544301944
 10
49.40608766479826
 20
10.454114102030362
 10
49.32527159863823
 20
10.829015731846207
 10
49.2416107593342
 20
11.203292811768426
 10
49.15510997192009
 20
11.576923755836097
 10
49.06577422522027
 20
11.949887015353362
 10
48.98024824368553
 20
11.961424155541712
 10
48.89480510853137
 20
11.972540232683471
 10
48.80944634600252
 20
11.983231974082004
 10
48.72417351889307
 20
11.99349596710838
 10
48.638988228939176
 20
12.003328650106354
 10
48.55389211942951
 20
12.01272630247047
 10
48.468886878059635
 20
12.021685033798637
 10
48.38397424005994
 20
12.03020077200572
 10
48.299155991631835
 20
12.038269250267431
 10
48.21443397373188
 20
12.045885992642893
 10
48.12981008625063
 20
12.053046298199853
 10
48.04528629263968
 20
12.059745223436861
 10
47.96086462505125
 20
12.065977562761296
 10
47.876547190064535
 20
12.071737826739076
 10
47.930978619423115
 20
11.85377212470378
 10
47.98441773022863
 20
11.635561013157934
 10
48.03686341612726
 20
11.417109009742129
 10
48.08831459133214
 20
11.198420637084153
 10
48.138770190645836
 20
10.979500422705367
 10
48.21128247019992
 20
11.022912169936992
 10
48.283673303959624
 20
11.066791859993335
 10
48.35594330710007
 20
11.111133645385879
 10
48.42809303224995
 20
11.155931965319828
 10
48.50012297426379
 20
11.201181523714768
 10
48.57203357450529
 20
11.246877269477134
 10
48.64382522470478
 20
11.293014378737615
 10
48.71549827044284
 20
11.339588238809451
 10
48.787053014305826
 20
11.386594433660111
 10
48.8584897187516
 20
11.434028730718211
 10
48.92980860871873
 20
11.481887068862555
 10
49.001009874007984
 20
11.530165547461213
 10
49.07209367146072
 20
11.57886041634585
 10
49.143060126956115
 20
11.627968066621815
 10
49.05333708353616
 20
12.000838344423117
 10
48.96078495045412
 20
12.373016488932068
 10
48.86540906553814
 20
12.744481035241202
 10
48.76721492947269
 20
13.115210559598948
 10
48.666208205481354
 20
13.48518368064519
 10
48.58036203552476
 20
13.494028691950394
 10
48.494611896978974
 20
13.502455450245908
 10
48.40895941813348
 20
13.510460732390474
 10
48.32340626820452
 20
13.518041176527639
 10
48.23795416001221
 20
13.525193273070368
 10
48.1526048529014
 20
13.531913354866045
 10
48.06736015593534
 20
13.538197586444051
 10
47.98222193139548
 20
13.544041952233494
 10
47.89719209862605
 20
13.549442243621437
 10
47.81227263826791
 20
13.554394044701459
 10
47.727465596933975
 20
13.558892716537935
 10
47.64277309238613
 20
13.562933379742242
 10
47.55819731928547
 20
13.566510895121846
 10
47.473740555599
 20
13.569619842120623
 10
47.53499159448691
 20
13.353471425515481
 10
47.59525851297007
 20
13.137046551015573
 10
47.654540063338054
 20
12.920349699280886
 10
47.712835018280614
 20
12.703385356602181
 10
47.77014217091302
 20
12.4861580148081
 10
47.84125507410096
 20
12.531826006706327
 10
47.91223189298134
 20
12.577957895823147
 10
47.98307342609981
 20
12.624547856878543
 10
48.05378040048115
 20
12.671590349180125
 10
48.1243534770896
 20
12.719080094804527
 10
48.19479325572979
 20
12.767012059014167
 10
48.26510027946012
 20
12.815381432624564
 10
48.33527503857865
 20
12.864183616079996
 10
48.405317974233355
 20
12.913414205031438
 10
48.475229481700886
 20
12.963068977240027
 10
48.54500991337171
 20
13.013143880653976
 10
48.61465958147474
 20
13.063635022527869
 10
48.68417876056957
 20
13.11453865947036
 10
48.75356768983141
 20
13.165851188321529
 10
48.65217678085378
 20
13.535719208248702
 10
48.54797991863112
 20
13.904806572555735
 10
48.44098311258673
 20
14.273091994592036
 10
48.33119253362712
 20
14.640554233958033
 10
48.21861451378616
 20
15.007172097730173
 10
48.13253287521312
 20
15.01331625119395
 10
48.046560358309705
 20
15.019045374450155
 10
47.96069869180325
 20
15.024356297093766
 10
47.874949649684815
 20
15.029245711358556
 10
47.7893150541681
 20
15.033710163190234
 10
47.70379677891791
 20
15.037746042508067
 10
47.61839675257985
 20
15.041349572558053
 10
47.533116962648606
 20
15.044516798246416
 10
47.44795945971701
 20
15.047243573324979
 10
47.36292636215561
 20
15.049525546279732
 10
47.2780198612799
 20
15.051358144749752
 10
47.193242227072105
 20
15.05273655827461
 10
47.1085958145363
 20
15.053655719133621
 10
47.024083070779255
 20
15.054110280998055
 10
47.09209327181604
 20
14.839992462214344
 10
47.159128521804405
 20
14.62556740998221
 10
47.22518743290869
 20
14.410839563559179
 10
47.29026863750643
 20
14.195813368471544
 10
47.35437078821668
 20
13.980493276422338
 10
47.42401413518857
 20
14.028372444192726
 10
47.49350689363854
 20
14.076711005765038
 10
47.56285004469464
 20
14.1255031638166
 10
47.632044489060284
 20
14.17474340322542
 10
47.70109105315714
 20
14.22442646943386
 10
47.76999049463878
 20
14.274547349028994
 10
47.8387435073558
 20
14.325101252257262
 10
47.907350725839855
 20
14.376083597233176
 10
47.97581272936519
 20
14.427489995637785
 10
48.04413004563711
 20
14.479316239731588
 10
48.11230315415025
 20
14.53155829053109
 10
48.180332489253544
 20
14.584212267019058
 10
48.24821844295388
 20
14.63727443627541
 10
48.315961367486395
 20
14.690741204430841
 10
48.203002653537176
 20
15.057241951402926
 10
48.087263891897074
 20
15.42287429083993
 10
47.968751757653955
 20
15.787617135355488
 10
47.84747308584644
 20
16.151449448863733
 10
47.72343487106973
 20
16.514350247792542
 10
47.637202716064756
 20
16.51778747987721
 10
47.55109266529831
 20
16.520813314141137
 10
47.46510654622953
 20
16.52342463604434
 10
47.37924623587357
 20
16.52561819517518
 10
47.29351366403945
 20
16.527390596420855
 10
47.2079108168628
 20
16.52873829033521
 10
47.122439740668284
 20
16.529657562608076
 10
47.03710254620234
 20
16.53014452252599
 10
46.9519014132828
 20
16.530195090297376
 10
46.866838595919255
 20
16.52980498309506
 10
46.78191642796726
 20
16.528969699645188
 10
46.697137329389136
 20
16.527684503162867
 10
46.61250381320788
 20
16.52594440240049
 10
46.528018493255
 20
16.523744130532897
 10
46.6027207385832
 20
16.311868218007
 10
46.67645816437832
 20
16.099654599681344
 10
46.749229244049026
 20
15.887107669029978
 10
46.82103247101035
 20
15.674231826427542
 10
46.891866358714836
 20
15.461031479058162
 10
46.95997141989537
 20
15.511074571742645
 10
47.027911536952296
 20
15.561572101446158
 10
47.09568787262784
 20
15.612518304524638
 10
47.163301500415145
 20
15.663907696869247
 10
47.23075341137773
 20
15.715735052473686
 10
47.29804452027042
 20
15.767995384197322
 10
47.365175671051226
 20
15.820683926444419
 10
47.43214764185921
 20
15.873796119521497
 10
47.49896114952319
 20
15.927327595470421
 10
47.5656168536564
 20
15.981274165203574
 10
47.632115360384404
 20
16.03563180679175
 10
47.6984572257475
 20
16.09039665477599
 10
47.764642958812985
 20
16.14556499039142
 10
47.83067302452839
 20
16.201133232606068
 10
47.70625798222057
 20
16.563905014633974
 10
47.57909154134745
 20
16.92572149422525
 10
47.449181036073966
 20
17.286561804068462
 10
47.31653395882547
 20
17.646405133151532
 10
47.181157959855675
 20
18.005230727962008
 10
47.09486038914483
 20
18.00595764653449
 10
47.00869778473926
 20
18.006277205673033
 10
46.922672071026454
 20
18.006186349776378
 10
46.83678522619325
 20
18.00568188899524
 10
46.7510392857395
 20
18.00476049050886
 10
46.6654363463116
 20
18.003418669008557
 10
46.57997856989376
 20
18.00165277629355
 10
46.49466818840119
 20
17.99945898987037
 10
46.40950750872543
 20
17.996833300430293
 10
46.32449891829073
 20
17.99377149805962
 10
46.239644891189435
 20
17.990269157013774
 10
46.15494799497578
 20
17.986321618858035
 10
46.070410898211605
 20
17.98192397374364
 10
45.98603637887365
 20
17.97707103954672
 10
46.067356946396046
 20
17.767646129224204
 10
46.14772377806107
 20
17.557853374025456
 10
46.22713521002832
 20
17.347697117305206
 10
46.305589598237134
 20
17.1371817099438
 10
46.38308531844058
 20
16.926311510257104
 10
46.44958488235679
 20
16.978469141364975
 10
46.51590530932765
 20
17.031075804234515
 10
46.58204794256206
 20
17.084125774588284
 10
46.648014027283494
 20
17.137613604742754
 10
46.71380471821925
 20
17.191534102400407
 10
46.779421086322664
 20
17.245882311614597
 10
46.84486412482629
 20
17.300653495650494
 10
46.91013475470863
 20
17.355843121506478
 10
46.9752338296457
 20
17.411446845895885
 10
47.04016214050766
 20
17.46746050251711
 10
47.10492041945284
 20
17.523880090464388
 10
47.16950934366417
 20
17.580701763651785
 10
47.23392953876698
 20
17.637921821139596
 10
47.29818158196231
 20
17.695536698267226
 10
47.16243299392184
 20
18.05422150340006
 10
47.023964371739865
 20
18.411865053962885
 10
46.88278370142042
 20
18.768446723312714
 10
46.73889912538151
 20
19.123945946049222
 10
46.59231894198548
 20
19.478342219200826
 10
46.50604112085221
 20
19.476358106880244
 10
46.41991099489554
 20
19.473971075527114
 10
46.33393058353212
 20
19.471178131494405
 10
46.248101964168285
 20
19.46797614864317
 10
46.162427275985905
 20
19.464361859733803
 10
46.076908724073
 20
19.460331847034663
 10
45.99154858393973
 20
19.4558825320547
 10
45.906349206467404
 20
19.451010164292764
 10
45.8213130233447
 20
19.4457108088797
 10
45.736442553054374
 20
19.439980332969952
 10
45.65174040748398
 20
19.433814390715906
 10
45.567209299245775
 20
19.427208406630317
 10
45.48285204980692
 20
19.420157557108695
 10
45.39867159854781
 20
19.412656749842586
 10
45.486530234682206
 20
19.205889518825774
 10
45.57344715985709
 20
18.998724666874725
 10
45.659420574624995
 20
18.791166482938504
 10
45.74444869907205
 20
18.583219264109367
 10
45.828529772854765
 20
18.374887315533773
 10
45.89335821246567
 20
18.4291080117802
 10
45.95799349909599
 20
18.483771891390795
 10
46.02243715509577
 20
18.538873275103914
 10
46.08669059618989
 20
18.59440675703755
 10
46.15075513962987
 20
18.65036718372712
 10
46.21463201151066
 20
18.706749635310914
 10
46.278322353359115
 20
18.763549408589565
 10
46.34182722808434
 20
18.82076200172687
 10
46.40514762536705
 20
18.878383100393904
 10
46.46828446655384
 20
18.936408565186724
 10
46.53123860911323
 20
18.994834420171426
 10
46.59401085070251
 20
19.0536568424307
 10
46.65660193288763
 20
19.112872152502415
 10
46.719012544553486
 20
19.17247680561523
 10
46.572064378247646
 20
19.526720655254866
 10
46.42243022656938
 20
19.87983832578367
 10
46.27011871948064
 20
20.231809451583093
 10
46.11513864135647
 20
20.582613733160134
 10
45.95749893047837
 20
20.932230938318046
 10
45.87132600471569
 20
20.927537753183717
 10
45.785313357243616
 20
20.922446487050674
 10
45.699463100515075
 20
20.91695421118047
 10
45.613777409105694
 20
20.91105786622964
 10
45.52825852376829
 20
20.904754253764082
 10
45.44290875585634
 20
20.898040027002082
 10
45.3577304921603
 20
20.89091168069388
 10
45.27272620020754
 20
20.883365540031917
 10
45.18789843408408
 20
20.875397748469858
 10
45.103249840845784
 20
20.867004254308913
 10
45.018783167597746
 20
20.85818079588724
 10
44.93450126933327
 20
20.84892288518055
 10
44.850407117640344
 20
20.839225789588916
 10
44.76650381040223
 20
20.82908451164482
 10
44.86081380928208
 20
20.625179014227406
 10
44.95419505145528
 20
20.420846512221615
 10
45.046645603643164
 20
20.216091235938165
 10
45.1381635518352
 20
20.010917424440503
 10
45.22874700132859
 20
19.805329325457045
 10
45.291840338791125
 20
19.86155957756098
 10
45.35472669785653
 20
19.918226727263104
 10
45.41740777851358
 20
19.975325145922316
 10
45.47988516559143
 20
20.032849474793082
 10
45.54216033756588
 20
20.09079460432962
 10
45.604234674463434
 20
20.149155655610432
 10
45.666109464978746
 20
20.207927963613137
 10
45.72778591290255
 20
20.267107062109687
 10
45.78926514294353
 20
20.32668866998665
 10
45.85054820601549
 20
20.38666867882282
 10
45.91163608405095
 20
20.447043141579904
 10
45.97252969439432
 20
20.507808262282012
 10
46.033229893820334
 20
20.568960386575736
 10
46.09373748221793
 20
20.630495993077275
 10
45.93573475774559
 20
20.979949291312497
 10
45.7750827474132
 20
21.328192597298873
 10
45.611790716623865
 20
21.67520582654072
 10
45.445868083040565
 20
22.02096896548549
 10
45.27732441604297
 20
22.36546207267802
 10
45.191341427924826
 20
22.358064446337057
 10
45.10553114303597
 20
22.350273969889095
 10
45.01989576478085
 20
22.342087782394593
 10
44.934437562758404
 20
22.333502894324756
 10
44.849158877080974
 20
22.32451617920746
 10
44.764062123086504
 20
22.315124364513807
 10
44.679149796490265
 20
22.305324021694545
 10
44.59442447903054
 20
22.295111555262334
 10
44.50988884467012
 20
22.284483190799595
 10
44.42554566642561
 20
22.273434961752827
 10
44.341397823908665
 20
22.26196269485173
 10
44.25744831167601
 20
22.250061993964074
 10
44.17370024850393
 20
22.237728222165035
 10
44.0901568877213
 20
22.224956481759904
 10
44.19082517676387
 20
22.024113948050037
 10
44.29057857992343
 20
21.822815447499625
 10
44.38941503199796
 20
21.62106514760623
 10
44.48733248676921
 20
21.41886722522106
 10
44.58432891704492
 20
21.216225866462473
 10
44.64562488685235
 20
21.274410181953844
 10
44.7067002571088
 20
21.333024678112245
 10
44.76755690376409
 20
21.392063782471915
 10
44.828196579187626
 20
21.451522188712218
 10
44.888620921620365
 20
21.511394836248662
 10
44.94883146365849
 20
21.571676891914905
 10
45.00882963989267
 20
21.63236373346933
 10
45.06861679380723
 20
21.693450934699687
 10
45.12819418402891
 20
21.75493425193298
 10
45.18756299000158
 20
21.816809611785246
 10
45.24672431715271
 20
21.87907310000908
 10
45.305679201608534
 20
21.941720951316142
 10
45.36442861450705
 20
22.004749540068183
 10
45.422973465951806
 20
22.06815537174411
 10
45.25407211292611
 20
22.412473250359568
 10
45.08256078807804
 20
22.755498517704435
 10
44.90844938310802
 20
23.097211390226857
 10
44.73174793967286
 20
23.437592160065705
 10
44.552466648806565
 20
23.77662119618721
 10
44.466758453161376
 20
23.766526429203694
 10
44.381235215246924
 20
23.756044430700506
 10
44.29589922724469
 20
23.745172410360432
 10
44.210752851537066
 20
23.733907451419647
 10
44.12579852528656
 20
23.72224650245346
 10
44.041038765431914
 20
23.71018636841536
 10
43.956476174150225
 20
23.697723700840196
 10
43.87211344484287
 20
23.684854987109148
 10
43.78795336871047
 20
23.671576538658265
 10
43.70399884199383
 20
23.657884477993875
 10
43.62025287396922
 20
23.643774724355715
 10
43.536718595801624
 20
23.62924297784209
 10
43.45339927037771
 20
23.614284701779344
 10
43.37029830326134
 20
23.598895103079002
 10
43.477225535019194
 20
23.40131374040944
 10
43.58325265459955
 20
23.203247898631385
 10
43.68837746691522
 20
23.004701678316437
 10
43.79259779555952
 20
22.8056791899815
 10
43.89591148285139
 20
22.606184554003697
 10
43.955349593281866
 20
22.666265511987795
 10
44.01455370071264
 20
22.726769509171383
 10
44.07352585520322
 20
22.78769103476338
 10
44.13226797493391
 20
22.849024840104757
 10
44.19078185629408
 20
22.91076591856651
 10
44.2490691829371
 20
22.97290948750717
 10
44.30713153393387
 20
23.035450972027515
 10
44.36497039113646
 20
23.098385990299217
 10
44.42258714584755
 20
23.161710340277693
 10
44.47998310487713
 20
23.22541998763619
 10
44.53715949605667
 20
23.28951105478105
 10
44.5941174732717
 20
23.353979810827397
 10
44.65085812106506
 20
23.418822662430195
 10
44.70738245885682
 20
23.484036145379726
 10
44.527749162521516
 20
23.82287880419923
 10
44.34554778412856
 20
24.160347508377654
 10
44.16078883191384
 20
24.496422794830966
 10
43.97348296161806
 20
24.83108528083874
 10
43.78364097587227
 20
25.164315665162036
 10
43.69829215634146
 20
25.15153371985221
 10
43.61314036651188
 20
25.13837054376082
 10
43.52818798507996
 20
25.124823419946658
 10
43.44343746488013
 20
25.11088950728936
 10
43.3588913377199
 20
25.096565832423067
 10
43.27455221965487
 20
25.081849280936783
 10
43.190422816755984
 20
25.066736587753983
 10
43.10650593142956
 20
25.05122432659088
 10
43.022804469359585
 20
25.03530889837735
 10
42.93932144715271
 20
25.018986518506157
 10
42.85606000078011
 20
25.002253202754286
 10
42.773023394924905
 20
24.98510475169406
 10
42.69021503336408
 20
24.967536733380136
 10
42.60763847053563
 20
24.9495444640605
 10
42.72071912074049
 20
24.755419261381906
 10
42.83291532077543
 20
24.560781545449267
 10
42.94422474783435
 20
24.36563534586144
 10
43.05464509747003
 20
24.169984702744443
 10
43.16417408364189
 20
23.973833666667854
 10
43.22169567645648
 20
24.035751974492804
 10
43.27897009375533
 20
24.098085762561098
 10
43.33599955768453
 20
24.160829587194808
 10
43.392786150342225
 20
24.22397826257631
 10
43.4493318244934
 20
24.28752684097302
 10
43.50563841318702
 20
24.351470594988243
 10
43.56170763841588
 20
24.415805001580004
 10
43.617541118937424
 20
24.48052572762825
 10
43.6731403773572
 20
24.54562861686373
 10
43.72850684656161
 20
24.61110967799827
 10
43.783641875574446
 20
24.676965073918698
 10
43.83854673490179
 20
24.74319111182552
 10
43.89322262142103
 20
24.80978423421311
 10
43.94767066286265
 20
24.876741010601894
 10
43.75748269959381
 20
25.209774052830152
 10
43.56477107841902
 20
25.54135315297421
 10
43.36954691373921
 20
25.871459187625547
 10
43.171821464863086
 20
26.200073118332835
 10
42.97160613535782
 20
26.52717599269999
 10
42.88670092092198
 20
26.511719483300702
 10
42.80200461371334
 20
26.4958881200867
 10
42.71751967659577
 20
26.479679262174084
 10
42.63324865043513
 20
26.46309014688981
 10
42.549194159185305
 20
26.446117881861184
 10
42.46535891543705
 20
26.428759436386283
 10
42.38174572648454
 20
26.411011631999436
 10
42.298357500973474
 20
26.39287113213323
 10
42.21519725620357
 20
26.374334430763216
 10
42.13226812617035
 20
26.355397839903517
 10
42.04957337044506
 20
26.33605747580035
 10
41.9671163840071
 20
26.316309243644355
 10
41.884900708164665
 20
26.29614882059232
 10
41.80293004272203
 20
26.275571636850973
 10
41.92205251442454
 20
26.085094172301375
 10
42.04030707081025
 20
25.894076666140876
 10
42.15769126364645
 20
25.702523073018874
 10
42.27420266271962
 20
25.510437358683394
 10
42.38983885588574
 20
25.317823499899028
 10
42.44538716421698
 20
25.3815180516705
 10
42.50067536844888
 20
25.445620114700315
 10
42.555705860621046
 20
25.510124317795984
 10
42.61048088469471
 20
25.575025543099038
 10
42.66500254788333
 20
25.640318906656137
 10
42.7192728308225
 20
25.705999740980733
 10
42.773293596727484
 20
25.7720635793518
 10
42.82706659966355
 20
25.83850614163381
 10
42.88059349203652
 20
25.90532332143458
 10
42.93387583139514
 20
25.97251117444345
 10
42.98691508662417
 20
26.040065907814483
 10
43.039712643596424
 20
26.107983870477934
 10
43.09226981034264
 20
26.176261544278407
 10
43.1445878217908
 20
26.244895535851935
 10
42.944032884146516
 20
26.571790298083844
 10
42.74100120329363
 20
26.89715256565372
 10
42.53550448882957
 20
27.220963573701056
 10
42.32755459251947
 20
27.543204646832304
 10
42.11716350761265
 20
27.863857200197923
 10
42.0327856894677
 20
27.84574138041786
 10
41.94862844990971
 20
27.82725745372539
 10
41.86469433353944
 20
27.808402857900166
 10
41.78098596674664
 20
27.789174911442874
 10
41.69750606304206
 20
27.769570805828415
 10
41.614257428874595
 20
27.749587597054866
 10
41.531242969991226
 20
27.72922219640418
 10
41.448465698406515
 20
27.708471360318118
 10
41.36592874005821
 20
27.6873316792779
 10
41.28363534323785
 20
27.665799565558636
 10
41.2015888878999
 20
27.643871239708545
 10
41.11979289596964
 20
27.621542715577693
 10
41.038251042791615
 20
27.598809783691106
 10
40.956967169885175
 20
27.575667992724085
 10
41.082013903587594
 20
27.38902624456437
 10
41.20621011335396
 20
27.201817459392775
 10
41.32955322794108
 20
27.01404551300646
 10
41.45204069376745
 20
26.825714292861754
 10
41.57366997496609
 20
26.63682769799367
 10
41.627190179340104
 20
26.702235634879003
 10
41.680437607722475
 20
26.76804271187327
 10
41.73341481968575
 20
26.834243635570125
 10
41.7861242188397
 20
26.90083336112098
 10
41.83856806476668
 20
26.967807073171603
 10
41.89074848373427
 20
27.035160168751833
 10
41.942667478341434
 20
27.102888241869714
 10
41.99432693623023
 20
27.170987069598226
 10
42.045728637976
 20
27.23945259947476
 10
42.096874264252726
 20
27.308280938058726
 10
42.147765402356555
 20
27.37746834051452
 10
42.198403552159306
 20
27.447011201105276
 10
42.24879013155422
 20
27.516906044497855
 10
42.29892648144807
 20
27.58714951779273
 10
42.0882024929385
 20
27.90758339436444
 10
41.8750511201642
 20
28.226407736083505
 10
41.65948465636315
 20
28.543604155156086
 10
41.44151553406062
 20
28.859154357676736
 10
41.22115632435224
 20
29.173040144683505
 10
41.137389173217635
 20
29.152282892649634
 10
41.05385405434531
 20
29.131164643882762
 10
40.970553591561696
 20
29.10968291735466
 10
40.88749049418853
 20
29.08783511538609
 10
40.804667562615506
 20
29.065618516071204
 10
40.72208769438003
 20
29.043030265013464
 10
40.63975389081426
 20
29.02006736629064
 10
40.557669264329135
 20
28.996726672554654
 10
40.47583704641551
 20
28.973004874157194
 10
40.394260596455254
 20
28.948898487175008
 10
40.31294341145049
 20
28.92440384018817
 10
40.23188913679662
 20
28.89951705964002
 10
40.151101578247435
 20
28.87423405357807
 10
40.07058471524622
 20
28.84855049353912
 10
40.20143230491946
 20
28.665928654641185
 10
40.331447601401834
 20
28.482713342927468
 10
40.46062791297717
 20
28.298908351517944
 10
40.58897056521605
 20
28.114517485740794
 10
40.71647290103115
 20
27.929544563053575
 10
40.76791218346779
 20
27.99660133531586
 10
40.81906628721748
 20
28.064048482634572
 10
40.86993793685966
 20
28.13188079461346
 10
40.92052969328061
 20
28.200093304392468
 10
40.970843966201656
 20
28.268681269968653
 10
41.020883025423956
 20
28.337640157430826
 10
41.07064901095388
 20
28.40696562586426
 10
41.12014394214737
 20
28.476653513717974
 10
41.16936972599213
 20
28.546699826458227
 10
41.21832816462873
 20
28.617100725356853
 10
41.267020962198195
 20
28.68785251728427
 10
41.31544973109121
 20
28.758951645394948
 10
41.36361599766422
 20
28.830394680607718
 10
41.411521207479424
 20
28.902178313796384
 10
41.19083612724021
 20
29.215835075158182
 10
40.967775417215364
 20
29.527806849893285
 10
40.74235194215143
 20
29.838075645421068
 10
40.514578703064466
 20
30.14662356737808
 10
40.28446883649022
 20
30.453432820650107
 10
40.20139502043079
 20
30.43005462126414
 10
40.118564461321135
 20
30.406322891584754
 10
40.03597985962397
 20
30.38223523422434
 10
39.95364400491921
 20
30.357789137887305
 10
39.871559781711866
 20
30.33298196997328
 10
39.78973017576835
 20
30.307810968508033
 10
39.708158281044014
 20
30.282273233321767
 10
39.626847307274616
 20
30.256365716382618
 10
39.54580058831503
 20
30.230085211178974
 10
39.465021591322156
 20
30.20342834102741
 10
39.38451392689463
 20
30.176391546163124
 10
39.30428136030042
 20
30.148971069445462
 10
39.22432782394676
 20
30.121162940482677
 10
39.14465743127363
 20
30.092962957944742
 10
39.2811767461441
 20
29.914541254015386
 10
39.4168828199418
 20
29.73550022715235
 10
39.55177284313396
 20
29.555843584055097
 10
39.685844023082595
 20
29.37557504416824
 10
39.81909358410224
 20
29.194698339604525
 10
39.868401180240085
 20
29.263337770305398
 10
39.91741147643259
 20
29.33235842575715
 10
39.96612735957729
 20
29.401755183715633
 10
40.014551545309686
 20
29.471523160211046
 10
40.06268659111192
 20
29.541657691271496
 10
40.11053490807877
 20
29.612154316519185
 10
40.15809877151205
 20
29.683008764400594
 10
40.205380330488765
 20
29.754216938847723
 10
40.25238161652695
 20
29.825774907197815
 10
40.29910455145531
 20
29.897678889223492
 10
40.34555095457797
 20
29.96992524714587
 10
40.39172254921323
 20
30.04251047652093
 10
40.43762096867439
 20
30.115431197903543
 10
40.483247761752544
 20
30.1886841492066
 10
40.25281937931425
 20
30.495254254003253
 10
40.02006946602919
 20
30.80006558327754
 10
39.78501144545657
 20
31.103100557418543
 10
39.54765887427275
 20
31.40434169926439
 10
39.30802544148943
 20
31.70377163511023
 10
39.22572694433202
 20
31.67779555983247
 10
39.14368268874662
 20
31.6514737695926
 10
39.061895449167224
 20
31.62480395300955
 10
38.98036809267894
 20
31.59778368764973
 10
38.89910358505543
 20
31.570410432816285
 10
38.818104997345515
 20
31.542681521683047
 10
38.73737551307442
 20
31.51459415269476
 10
38.656918436135065
 20
31.486145380143814
 10
38.576737199456254
 20
31.45733210381973
 10
38.49683537454821
 20
31.428151057611313
 10
38.4172166820429
 20
31.39859879692192
 10
38.337885003365
 20
31.36867168473475
 10
38.258844393694346
 20
31.338365876137104
 10
38.180099096408135
 20
31.307677301078318
 10
38.32215540839424
 20
31.133631812798203
 10
38.46341833399641
 20
30.95894176266348
 10
38.603884948637976
 20
30.783610767295023
 10
38.74355234422836
 20
30.607642456583243
 10
38.88241762922324
 20
30.43104047361294
 10
38.92954487841788
 20
30.50119482392123
 10
38.97636299980794
 20
30.571720872452048
 10
39.02287503976005
 20
30.64261359016841
 10
39.069083865978875
 20
30.713868180810607
 10
39.11499218118352
 20
30.78548006304061
 10
39.160602535382864
 20
30.85744485441586
 10
39.205917336928756
 20
30.92975835695955
 10
39.25093886249835
 20
31.002416544128977
 10
39.29566926613517
 20
31.075415549013446
 10
39.340110587459435
 20
31.148751653616984
 10
39.384264759142965
 20
31.222421279101464
 10
39.42813361373092
 20
31.29642097688283
 10
39.471718889881615
 20
31.370747420487117
 10
39.51502223808654
 20
31.44539739808556
 10
39.27507795844268
 20
31.744578298636295
 10
39.0328685379616
 20
32.04192837046809
 10
38.78840794576768
 20
32.337430464288694
 10
38.54171028081883
 20
32.631067537385654
 10
38.29278977109332
 20
32.922822654609234
 10
38.21134781151858
 20
32.89427433868986
 10
38.13017082723239
 20
32.8653884643186
 10
38.049261663901916
 20
32.836162808401994
 10
37.96862326328805
 20
32.8065950397591
 10
37.88825866950622
 20
32.77668271210395
 10
37.80817103585691
 20
32.74642325639025
 10
37.72836363229343
 20
32.715813972442106
 10
37.64883985360537
 20
32.68485201978321
 10
37.56960322840752
 20
32.653534407563754
 10
37.49065742903884
 20
32.62185798346801
 10
37.41200628249277
 20
32.58981942146693
 10
37.333653782520194
 20
32.557415208256835
 10
37.2556041030716
 20
32.524641628198545
 10
37.177861613273706
 20
32.49149474653742
 10
37.32531472994618
 20
32.32199723579071
 10
37.47199509790014
 20
32.1518305603732
 10
37.617899680401194
 20
31.980998243257996
 10
37.76302545677613
 20
31.80950382119906
 10
37.907369422475384
 20
31.637350844657927
 10
37.95226981582159
 20
31.70895088069973
 10
37.996849558575825
 20
31.78091272161443
 10
38.04111185356737
 20
31.85323143653525
 10
38.085059717740016
 20
31.925902321645946
 10
38.12869599638254
 20
31.998920882763546
 10
38.17202337590139
 20
32.072282819705684
 10
38.215044395321684
 20
32.14598401221515
 10
38.25776145667393
 20
32.22002050724828
 10
38.30017683440137
 20
32.29438850746258
 10
38.34229268390287
 20
32.36908436076271
 10
38.384111049310604
 20
32.44410455078319
 10
38.42563387058813
 20
32.51944568820324
 10
38.46686299002291
 20
32.5951045028029
 10
38.507800158178
 20
32.67107783618144
 10
38.25857677736376
 20
32.96257427705795
 10
38.007146881142354
 20
33.25216964282587
 10
37.753524970417565
 20
33.53984723143588
 10
37.49772567251483
 20
33.82559045144403
 10
37.23976374033768
 20
34.10938282296868
 10
37.159258691727125
 20
34.07829044014882
 10
37.079029090622996
 20
34.04686898851674
 10
36.99907785111739
 20
34.015116335460526
 10
36.91940798674375
 20
33.983030243352445
 10
36.840022616955125
 20
33.95060836273161
 10
36.760924974191724
 20
33.91784822486699
 10
36.68211841160793
 20
33.884747233626726
 10
36.60360641153969
 20
33.85130265656908
 10
36.52539259480553
 20
33.817511615156484
 10
36.447480730948946
 20
33.783371073979666
 10
36.36987474954809
 20
33.74887782885952
 10
36.2925787527387
 20
33.71402849367274
 10
36.215597029122726
 20
33.678819485720524
 10
36.13893406926461
 20
33.643247009427384
 10
36.29163847219954
 20
33.4784647497935
 10
36.44359152669104
 20
33.31298938305737
 10
36.59479008684393
 20
33.146824335067585
 10
36.745231022383386
 20
32.97997304595128
 10
36.89491121871971
 20
32.8124389700429
 10
36.93754044495015
 20
32.88541403122702
 10
36.97983781424464
 20
32.95874064687668
 10
37.021806682734315
 20
33.03241398916148
 10
37.063450213624726
 20
33.10642945135073
 10
37.10477139196637
 20
33.180782630851745
 10
37.145773037912136
 20
33.2554693139861
 10
37.18645781865465
 20
33.3304854622824
 10
37.2268282592073
 20
33.40582720009715
 10
37.26688675216842
 20
33.48149080340363
 10
37.30663556658839
 20
33.557472689611295
 10
37.346076856042465
 20
33.6337694082975
 10
37.38521266599807
 20
33.710377632749655
 10
37.424044940553706
 20
33.78729415222907
 10
37.4625755286164
 20
33.86451586488004
 10
37.20431900001953
 20
34.148040174287985
 10
36.94391675900989
 20
34.42959503832928
 10
36.68138382395997
 20
34.70916421868047
 10
36.41673533612735
 20
34.986731591539865
 10
36.14998655878149
 20
35.26228114855757
 10
36.070497869898595
 20
35.228675383265234
 10
35.991294828906604
 20
35.19474936355154
 10
35.91238041544661
 20
35.160501049390724
 10
35.83375771185067
 20
35.12592829891657
 10
35.75542990983092
 20
35.09102886181189
 10
35.67740031777728
 20
35.055800372097224
 10
35.59967236873599
 20
35.020240340246886
 10
35.52224962915278
 20
34.984346144550216
 10
35.44513580847656
 20
34.94811502162273
 10
35.36833476973528
 20
34.91154405595713
 10
35.2918505412138
 20
34.874630168386446
 10
35.21568732938439
 20
34.83737010330938
 10
35.139849533268126
 20
34.79976041450325
 10
35.06434176043554
 20
34.76179744931749
 10
35.222146748823434
 20
34.601893060992296
 10
35.37922253053322
 20
34.44127230714642
 10
35.535565853613505
 20
34.279938513123064
 10
35.691173481277055
 20
34.117895019027564
 10
35.84604219196777
 20
33.95514517965821
 10
35.88635818118284
 20
34.029423248409636
 10
35.926331434620714
 20
34.104042274277425
 10
35.96596545840228
 20
34.17899753723207
 10
36.00526355887315
 20
34.25428453217469
 10
36.044228857899675
 20
34.32989895244772
 10
36.082864306597976
 20
34.405836675035076
 10
36.12117269769606
 20
34.48209374723665
 10
36.15915667669826
 20
34.55866637463392
 10
36.196818751996815
 20
34.63555091019109
 10
36.234161304054375
 20
34.712743844358
 10
36.27118659376389
 20
34.790241796060016
 10
36.30789677007808
 20
34.868041504475755
 10
36.34429387698787
 20
34.946139821516454
 10
36.38037985991961
 20
35.02453370493255
 10
36.11334505155415
 20
35.29980607860884
 10
35.844227451329395
 20
35.573042580265245
 10
35.573042580265245
 20
35.844227451329395
 10
35.29980607860884
 20
36.11334505155415
 10
35.024533704932544
 20
36.380379859919614
 10
34.94613982151645
 20
36.34429387698788
 10
34.86804150447575
 20
36.30789677007809
 10
34.79024179606001
 20
36.2711865937639
 10
34.712743844357995
 20
36.23416130405438
 10
34.635550910191085
 20
36.19681875199682
 10
34.558666374633916
 20
36.15915667669827
 10
34.48209374723664
 20
36.12117269769607
 10
34.40583667503507
 20
36.08286430659798
 10
34.329898952447714
 20
36.04422885789968
 10
34.25428453217468
 20
36.00526355887316
 10
34.178997537232064
 20
35.96596545840229
 10
34.104042274277425
 20
35.926331434620714
 10
34.02942324840963
 20
35.88635818118285
 10
33.9551451796582
 20
35.846042191967776
 10
34.11789501902756
 20
35.691173481277055
 10
34.27993851312306
 20
35.53556585361351
 10
34.44127230714641
 20
35.37922253053322
 10
34.60189306099229
 20
35.222146748823434
 10
34.76179744931749
 20
35.06434176043554
 10
34.79976041450325
 20
35.139849533268126
 10
34.83737010330938
 20
35.21568732938439
 10
34.874630168386446
 20
35.2918505412138
 10
34.91154405595713
 20
35.36833476973528
 10
34.94811502162273
 20
35.44513580847656
 10
34.984346144550216
 20
35.52224962915278
 10
35.020240340246886
 20
35.59967236873599
 10
35.055800372097224
 20
35.67740031777728
 10
35.09102886181189
 20
35.75542990983092
 10
35.12592829891657
 20
35.83375771185067
 10
35.160501049390724
 20
35.91238041544661
 10
35.19474936355154
 20
35.991294828906604
 10
35.228675383265234
 20
36.070497869898595
 10
35.26228114855757
 20
36.14998655878149
 10
34.986731591539865
 20
36.41673533612735
 10
34.70916421868047
 20
36.68138382395997
 10
34.42959503832928
 20
36.94391675900989
 10
34.148040174287985
 20
37.20431900001953
 10
33.86451586488004
 20
37.4625755286164
 10
33.78729415222907
 20
37.424044940553706
 10
33.710377632749655
 20
37.38521266599807
 10
33.6337694082975
 20
37.346076856042465
 10
33.557472689611295
 20
37.30663556658839
 10
33.48149080340363
 20
37.26688675216842
 10
33.40582720009715
 20
37.2268282592073
 10
33.3304854622824
 20
37.18645781865465
 10
33.2554693139861
 20
37.145773037912136
 10
33.180782630851745
 20
37.10477139196637
 10
33.10642945135073
 20
37.063450213624726
 10
33.03241398916148
 20
37.021806682734315
 10
32.95874064687668
 20
36.97983781424464
 10
32.88541403122702
 20
36.93754044495015
 10
32.8124389700429
 20
36.89491121871971
 10
32.97997304595128
 20
36.74523102238339
 10
33.14682433506759
 20
36.594790086843936
 10
33.31298938305738
 20
36.44359152669104
 10
33.47846474979351
 20
36.29163847219953
 10
33.643247009427384
 20
36.138934069264614
 10
33.678819485720524
 20
36.21559702912273
 10
33.71402849367274
 20
36.292578752738706
 10
33.74887782885952
 20
36.369874749548096
 10
33.783371073979666
 20
36.447480730948946
 10
33.817511615156484
 20
36.52539259480553
 10
33.85130265656908
 20
36.603606411539694
 10
33.884747233626726
 20
36.68211841160793
 10
33.91784822486699
 20
36.76092497419173
 10
33.95060836273161
 20
36.84002261695513
 10
33.983030243352445
 20
36.91940798674376
 10
34.015116335460526
 20
36.9990778511174
 10
34.04686898851674
 20
37.079029090623
 10
34.07829044014882
 20
37.159258691727125
 10
34.10938282296868
 20
37.239763740337686
 10
33.82559045144403
 20
37.49772567251484
 10
33.53984723143588
 20
37.75352497041757
 10
33.25216964282587
 20
38.00714688114236
 10
32.96257427705795
 20
38.258576777363764
 10
32.67107783618144
 20
38.50780015817801
 10
32.5951045028029
 20
38.46686299002291
 10
32.51944568820324
 20
38.425633870588136
 10
32.44410455078319
 20
38.38411104931061
 10
32.36908436076271
 20
38.342292683902876
 10
32.29438850746258
 20
38.30017683440138
 10
32.22002050724828
 20
38.25776145667394
 10
32.14598401221515
 20
38.215044395321684
 10
32.072282819705684
 20
38.1720233759014
 10
31.998920882763546
 20
38.12869599638254
 10
31.925902321645946
 20
38.085059717740016
 10
31.85323143653525
 20
38.04111185356738
 10
31.78091272161443
 20
37.99684955857583
 10
31.70895088069973
 20
37.952269815821595
 10
31.637350844657927
 20
37.90736942247539
 10
31.809503821199055
 20
37.763025456776134
 10
31.980998243258
 20
37.6178996804012
 10
32.15183056037319
 20
37.47199509790014
 10
32.321997235790704
 20
37.325314729946186
 10
32.49149474653741
 20
37.17786161327371
 10
32.52464162819854
 20
37.255604103071605
 10
32.55741520825683
 20
37.3336537825202
 10
32.58981942146692
 20
37.412006282492776
 10
32.62185798346801
 20
37.49065742903885
 10
32.65353440756375
 20
37.56960322840753
 10
32.6848520197832
 20
37.648839853605374
 10
32.7158139724421
 20
37.72836363229344
 10
32.746423256390244
 20
37.808171035856915
 10
32.77668271210394
 20
37.88825866950623
 10
32.806595039759095
 20
37.96862326328806
 10
32.83616280840199
 20
38.04926166390192
 10
32.86538846431859
 20
38.1301708272324
 10
32.894274338689854
 20
38.211347811518586
 10
32.92282265460923
 20
38.292789771093325
 10
32.63106753738565
 20
38.54171028081884
 10
32.33743046428869
 20
38.78840794576768
 10
32.041928370468085
 20
39.0328685379616
 10
31.744578298636288
 20
39.27507795844269
 10
31.445397398085554
 20
39.515022238086544
 10
31.37074742048711
 20
39.47171888988162
 10
31.29642097688282
 20
39.42813361373093
 10
31.222421279101457
 20
39.38426475914297
 10
31.14875165361698
 20
39.34011058745944
 10
31.07541554901344
 20
39.29566926613518
 10
31.00241654412897
 20
39.25093886249836
 10
30.929758356959542
 20
39.20591733692876
 10
30.857444854415853
 20
39.16060253538287
 10
30.785480063040605
 20
39.114992181183524
 10
30.713868180810604
 20
39.06908386597888
 10
30.642613590168402
 20
39.02287503976006
 10
30.571720872452044
 20
38.97636299980795
 10
30.501194823921228
 20
38.929544878417886
 10
30.43104047361293
 20
38.88241762922325
 10
30.60764245658324
 20
38.74355234422836
 10
30.78361076729502
 20
38.603884948637976
 10
30.95894176266348
 20
38.46341833399641
 10
31.1336318127982
 20
38.32215540839424
 10
31.307677301078318
 20
38.180099096408135
 10
31.338365876137104
 20
38.258844393694346
 10
31.36867168473475
 20
38.337885003365
 10
31.39859879692192
 20
38.4172166820429
 10
31.428151057611313
 20
38.49683537454821
 10
31.45733210381973
 20
38.576737199456254
 10
31.486145380143814
 20
38.656918436135065
 10
31.51459415269476
 20
38.73737551307442
 10
31.542681521683047
 20
38.818104997345515
 10
31.570410432816285
 20
38.89910358505543
 10
31.59778368764973
 20
38.98036809267894
 10
31.62480395300955
 20
39.061895449167224
 10
31.6514737695926
 20
39.14368268874662
 10
31.67779555983247
 20
39.22572694433202
 10
31.70377163511023
 20
39.30802544148943
 10
31.40434169926439
 20
39.54765887427275
 10
31.103100557418546
 20
39.78501144545657
 10
30.800065583277544
 20
40.02006946602919
 10
30.495254254003253
 20
40.25281937931425
 10
30.1886841492066
 20
40.483247761752544
 10
30.115431197903543
 20
40.43762096867439
 10
30.04251047652093
 20
40.39172254921323
 10
29.96992524714587
 20
40.34555095457797
 10
29.897678889223492
 20
40.29910455145531
 10
29.825774907197815
 20
40.25238161652695
 10
29.754216938847723
 20
40.205380330488765
 10
29.683008764400594
 20
40.15809877151205
 10
29.612154316519185
 20
40.11053490807877
 10
29.541657691271496
 20
40.06268659111192
 10
29.471523160211046
 20
40.014551545309686
 10
29.401755183715633
 20
39.96612735957729
 10
29.33235842575715
 20
39.91741147643259
 10
29.263337770305398
 20
39.868401180240085
 10
29.194698339604525
 20
39.81909358410224
 10
29.37557504416824
 20
39.685844023082595
 10
29.555843584055097
 20
39.55177284313397
 10
29.73550022715235
 20
39.4168828199418
 10
29.914541254015383
 20
39.2811767461441
 10
30.092962957944735
 20
39.14465743127363
 10
30.121162940482673
 20
39.22432782394676
 10
30.14897106944546
 20
39.30428136030042
 10
30.17639154616312
 20
39.38451392689463
 10
30.203428341027404
 20
39.465021591322156
 10
30.230085211178967
 20
39.54580058831503
 10
30.25636571638261
 20
39.626847307274616
 10
30.28227323332176
 20
39.708158281044014
 10
30.307810968508026
 20
39.78973017576835
 10
30.33298196997327
 20
39.871559781711866
 10
30.357789137887302
 20
39.95364400491921
 10
30.382235234224336
 20
40.03597985962397
 10
30.40632289158475
 20
40.118564461321135
 10
30.430054621264134
 20
40.20139502043079
 10
30.4534328206501
 20
40.28446883649022
 10
30.146623567378075
 20
40.514578703064466
 10
29.83807564542106
 20
40.74235194215143
 10
29.527806849893278
 20
40.967775417215364
 10
29.21583507515818
 20
41.19083612724021
 10
28.902178313796384
 20
41.411521207479424
 10
28.83039468060771
 20
41.36361599766422
 10
28.758951645394944
 20
41.31544973109121
 10
28.687852517284266
 20
41.267020962198195
 10
28.61710072535685
 20
41.21832816462873
 10
28.54669982645822
 20
41.16936972599213
 10
28.476653513717967
 20
41.12014394214737
 10
28.406965625864252
 20
41.07064901095388
 10
28.33764015743082
 20
41.020883025423956
 10
28.268681269968653
 20
40.970843966201656
 10
28.20009330439246
 20
40.92052969328061
 10
28.131880794613455
 20
40.86993793685966
 10
28.06404848263457
 20
40.81906628721748
 10
27.996601335315855
 20
40.76791218346779
 10
27.929544563053568
 20
40.71647290103115
 10
28.114517485740787
 20
40.58897056521606
 10
28.298908351517944
 20
40.46062791297718
 10
28.48271334292746
 20
40.331447601401834
 10
28.66592865464118
 20
40.20143230491945
 10
28.84855049353912
 20
40.07058471524622
 10
28.87423405357807
 20
40.151101578247435
 10
28.89951705964002
 20
40.23188913679662
 10
28.92440384018817
 20
40.31294341145049
 10
28.948898487175008
 20
40.394260596455254
 10
28.973004874157194
 20
40.47583704641551
 10
28.996726672554654
 20
40.557669264329135
 10
29.02006736629064
 20
40.63975389081426
 10
29.043030265013464
 20
40.72208769438003
 10
29.065618516071204
 20
40.804667562615506
 10
29.08783511538609
 20
40.88749049418853
 10
29.10968291735466
 20
40.970553591561696
 10
29.131164643882762
 20
41.05385405434531
 10
29.152282892649634
 20
41.137389173217635
 10
29.173040144683505
 20
41.22115632435224
 10
28.85915435767674
 20
41.44151553406062
 10
28.543604155156086
 20
41.65948465636315
 10
28.226407736083505
 20
41.8750511201642
 10
27.907583394364444
 20
42.0882024929385
 10
27.58714951779273
 20
42.29892648144807
 10
27.516906044497855
 20
42.24879013155422
 10
27.447011201105276
 20
42.198403552159306
 10
27.37746834051452
 20
42.147765402356555
 10
27.308280938058726
 20
42.096874264252726
 10
27.23945259947476
 20
42.045728637976
 10
27.170987069598226
 20
41.99432693623023
 10
27.102888241869714
 20
41.942667478341434
 10
27.035160168751833
 20
41.89074848373427
 10
26.967807073171603
 20
41.83856806476668
 10
26.90083336112098
 20
41.7861242188397
 10
26.834243635570125
 20
41.73341481968575
 10
26.76804271187327
 20
41.680437607722475
 10
26.702235634879003
 20
41.627190179340104
 10
26.63682769799367
 20
41.57366997496609
 10
26.825714292861754
 20
41.45204069376745
 10
27.014045513006458
 20
41.32955322794109
 10
27.20181745939277
 20
41.20621011335396
 10
27.389026244564366
 20
41.08201390358759
 10
27.575667992724078
 20
40.956967169885175
 10
27.598809783691102
 20
41.038251042791615
 10
27.62154271557769
 20
41.119792895969645
 10
27.643871239708538
 20
41.2015888878999
 10
27.665799565558633
 20
41.28363534323785
 10
27.687331679277893
 20
41.36592874005821
 10
27.70847136031811
 20
41.448465698406515
 10
27.729222196404173
 20
41.531242969991226
 10
27.749587597054862
 20
41.614257428874595
 10
27.769570805828412
 20
41.69750606304206
 10
27.78917491144287
 20
41.78098596674664
 10
27.808402857900163
 20
41.86469433353944
 10
27.827257453725387
 20
41.94862844990971
 10
27.845741380417852
 20
42.0327856894677
 10
27.86385720019792
 20
42.11716350761265
 10
27.543204646832297
 20
42.32755459251947
 10
27.22096357370105
 20
42.53550448882957
 10
26.897152565653712
 20
42.74100120329363
 10
26.571790298083837
 20
42.944032884146516
 10
26.24489553585193
 20
43.1445878217908
 10
26.1762615442784
 20
43.09226981034264
 10
26.10798387047793
 20
43.039712643596424
 10
26.04006590781448
 20
42.98691508662417
 10
25.972511174443447
 20
42.93387583139514
 10
25.905323321434576
 20
42.88059349203652
 10
25.838506141633808
 20
42.82706659966355
 10
25.772063579351794
 20
42.773293596727484
 10
25.705999740980726
 20
42.7192728308225
 10
25.64031890665613
 20
42.66500254788333
 10
25.575025543099034
 20
42.61048088469471
 10
25.510124317795977
 20
42.555705860621046
 10
25.44562011470031
 20
42.500675368448874
 10
25.381518051670497
 20
42.44538716421698
 10
25.31782349989902
 20
42.38983885588574
 10
25.510437358683394
 20
42.27420266271962
 10
25.70252307301887
 20
42.157691263646456
 10
25.894076666140872
 20
42.04030707081025
 10
26.08509417230137
 20
41.92205251442454
 10
26.275571636850966
 20
41.80293004272203
 10
26.296148820592318
 20
41.884900708164665
 10
26.316309243644348
 20
41.9671163840071
 10
26.33605747580034
 20
42.04957337044506
 10
26.35539783990351
 20
42.13226812617035
 10
26.37433443076321
 20
42.21519725620357
 10
26.392871132133223
 20
42.298357500973474
 10
26.41101163199943
 20
42.38174572648454
 10
26.42875943638628
 20
42.46535891543705
 10
26.44611788186118
 20
42.549194159185305
 10
26.463090146889805
 20
42.63324865043513
 10
26.479679262174077
 20
42.71751967659577
 10
26.495888120086693
 20
42.80200461371334
 10
26.511719483300695
 20
42.88670092092198
 10
26.527175992699984
 20
42.97160613535782
 10
26.20007311833283
 20
43.171821464863086
 10
25.87145918762554
 20
43.36954691373921
 10
25.541353152974203
 20
43.56477107841902
 10
25.20977405283015
 20
43.75748269959381
 10
24.876741010601886
 20
43.94767066286265
 10
24.809784234213105
 20
43.89322262142103
 10
24.743191111825514
 20
43.83854673490179
 10
24.67696507391869
 20
43.783641875574446
 10
24.611109677998265
 20
43.72850684656161
 10
24.545628616863727
 20
43.6731403773572
 10
24.480525727628248
 20
43.617541118937424
 10
24.415805001579997
 20
43.56170763841588
 10
24.351470594988236
 20
43.50563841318702
 10
24.287526840973012
 20
43.4493318244934
 10
24.223978262576303
 20
43.392786150342225
 10
24.1608295871948
 20
43.33599955768453
 10
24.09808576256109
 20
43.27897009375533
 10
24.0357519744928
 20
43.22169567645648
 10
23.973833666667847
 20
43.16417408364189
 10
24.16998470274444
 20
43.05464509747002
 10
24.365635345861428
 20
42.94422474783435
 10
24.56078154544926
 20
42.832915320775435
 10
24.755419261381903
 20
42.72071912074048
 10
24.949544464060487
 20
42.60763847053563
 10
24.96753673338013
 20
42.69021503336409
 10
24.98510475169405
 20
42.77302339492491
 10
25.00225320275428
 20
42.85606000078012
 10
25.018986518506146
 20
42.939321447152714
 10
25.035308898377345
 20
43.02280446935959
 10
25.051224326590873
 20
43.10650593142957
 10
25.066736587753976
 20
43.190422816755984
 10
25.081849280936776
 20
43.27455221965488
 10
25.09656583242306
 20
43.35889133771991
 10
25.110889507289354
 20
43.443437464880134
 10
25.124823419946647
 20
43.52818798507996
 10
25.138370543760814
 20
43.613140366511885
 10
25.151533719852203
 20
43.698292156341466
 10
25.16431566516203
 20
43.783640975872274
 10
24.831085280838728
 20
43.97348296161807
 10
24.496422794830963
 20
44.16078883191384
 10
24.16034750837765
 20
44.34554778412856
 10
23.82287880419922
 20
44.52774916252152
 10
23.48403614537972
 20
44.70738245885683
 10
23.418822662430188
 20
44.65085812106507
 10
23.35397981082739
 20
44.59411747327171
 10
23.28951105478104
 20
44.53715949605667
 10
23.225419987636183
 20
44.479983104877135
 10
23.161710340277686
 20
44.42258714584756
 10
23.09838599029921
 20
44.36497039113647
 10
23.03545097202751
 20
44.30713153393387
 10
22.972909487507163
 20
44.249069182937106
 10
22.910765918566504
 20
44.19078185629409
 10
22.849024840104747
 20
44.13226797493392
 10
22.787691034763373
 20
44.07352585520323
 10
22.726769509171373
 20
44.014553700712646
 10
22.66626551198779
 20
43.95534959328187
 10
22.60618455400369
 20
43.89591148285139
 10
22.805679189981493
 20
43.79259779555953
 10
23.00470167831643
 20
43.68837746691522
 10
23.203247898631375
 20
43.58325265459955
 10
23.401313740409435
 20
43.47722553501919
 10
23.598895103079006
 20
43.37029830326134
 10
23.614284701779347
 20
43.4533992703777
 10
23.629242977842093
 20
43.53671859580162
 10
23.64377472435572
 20
43.620252873969214
 10
23.65788447799388
 20
43.70399884199382
 10
23.671576538658265
 20
43.78795336871047
 10
23.684854987109148
 20
43.87211344484286
 10
23.6977237008402
 20
43.956476174150225
 10
23.710186368415364
 20
44.04103876543191
 10
23.722246502453462
 20
44.125798525286555
 10
23.73390745141965
 20
44.21075285153706
 10
23.745172410360432
 20
44.29589922724468
 10
23.75604443070051
 20
44.381235215246924
 10
23.76652642920369
 20
44.46675845316137
 10
23.776621196187214
 20
44.55246664880656
 10
23.43759216006571
 20
44.73174793967286
 10
23.097211390226857
 20
44.908449383108014
 10
22.755498517704435
 20
45.082560788078034
 10
22.41247325035957
 20
45.25407211292611
 10
22.068155371744112
 20
45.4229734659518
 10
22.004749540068186
 20
45.36442861450704
 10
21.941720951316146
 20
45.305679201608534
 10
21.87907310000908
 20
45.246724317152704
 10
21.81680961178525
 20
45.187562990001574
 10
21.754934251932983
 20
45.1281941840289
 10
21.69345093469969
 20
45.06861679380722
 10
21.632363733469333
 20
45.00882963989267
 10
21.571676891914905
 20
44.948831463658486
 10
21.51139483624867
 20
44.888620921620365
 10
21.45152218871222
 20
44.82819657918762
 10
21.39206378247192
 20
44.76755690376408
 10
21.33302467811225
 20
44.70670025710879
 10
21.274410181953847
 20
44.645624886852346
 10
21.216225866462477
 20
44.58432891704492
 10
21.418867225221064
 20
44.487332486769205
 10
21.62106514760623
 20
44.38941503199796
 10
21.82281544749962
 20
44.29057857992342
 10
22.024113948050037
 20
44.190825176763866
 10
22.2249564817599
 20
44.09015688772131
 10
22.23772822216504
 20
44.173700248503934
 10
22.25006199396407
 20
44.257448311676015
 10
22.261962694851725
 20
44.341397823908665
 10
22.273434961752823
 20
44.42554566642562
 10
22.28448319079959
 20
44.50988884467012
 10
22.295111555262334
 20
44.59442447903054
 10
22.305324021694542
 20
44.67914979649027
 10
22.315124364513803
 20
44.76406212308651
 10
22.32451617920746
 20
44.84915887708098
 10
22.333502894324752
 20
44.934437562758404
 10
22.342087782394593
 20
45.019895764780856
 10
22.35027396988909
 20
45.105531143035975
 10
22.358064446337057
 20
45.19134142792483
 10
22.365462072678017
 20
45.27732441604298
 10
22.020968965485487
 20
45.445868083040565
 10
21.675205826540715
 20
45.61179071662387
 10
21.32819259729887
 20
45.77508274741321
 10
20.979949291312494
 20
45.93573475774559
 10
20.630495993077272
 20
46.09373748221794
 10
20.568960386575736
 20
46.03322989382034
 10
20.50780826228201
 20
45.972529694394325
 10
20.447043141579904
 20
45.911636084050954
 10
20.386668678822815
 20
45.85054820601549
 10
20.32668866998665
 20
45.789265142943535
 10
20.267107062109684
 20
45.727785912902554
 10
20.207927963613134
 20
45.66610946497875
 10
20.149155655610432
 20
45.604234674463434
 10
20.090794604329616
 20
45.54216033756588
 10
20.03284947479308
 20
45.47988516559144
 10
19.975325145922312
 20
45.41740777851358
 10
19.9182267272631
 20
45.354726697856535
 10
19.861559577560975
 20
45.29184033879113
 10
19.80532932545704
 20
45.2287470013286
 10
20.010917424440503
 20
45.1381635518352
 10
20.216091235938165
 20
45.04664560364317
 10
20.420846512221612
 20
44.95419505145529
 10
20.625179014227406
 20
44.86081380928207
 10
20.829084511644815
 20
44.76650381040223
 10
20.839225789588912
 20
44.850407117640344
 10
20.848922885180546
 20
44.93450126933327
 10
20.85818079588724
 20
45.018783167597746
 10
20.86700425430891
 20
45.103249840845784
 10
20.875397748469855
 20
45.18789843408408
 10
20.883365540031914
 20
45.27272620020754
 10
20.890911680693875
 20
45.3577304921603
 10
20.898040027002082
 20
45.44290875585634
 10
20.90475425376408
 20
45.52825852376829
 10
20.91105786622964
 20
45.613777409105694
 10
20.916954211180467
 20
45.699463100515075
 10
20.92244648705067
 20
45.785313357243616
 10
20.927537753183717
 20
45.87132600471569
 10
20.932230938318046
 20
45.95749893047837
 10
20.58261373316013
 20
46.11513864135647
 10
20.23180945158309
 20
46.27011871948064
 10
19.879838325783666
 20
46.42243022656938
 10
19.526720655254863
 20
46.572064378247646
 10
19.17247680561523
 20
46.719012544553486
 10
19.112872152502415
 20
46.65660193288763
 10
19.053656842430698
 20
46.59401085070251
 10
18.994834420171422
 20
46.53123860911323
 10
18.936408565186724
 20
46.46828446655384
 10
18.8783831003939
 20
46.40514762536705
 10
18.820762001726862
 20
46.34182722808434
 10
18.76354940858956
 20
46.278322353359115
 10
18.70674963531091
 20
46.21463201151066
 10
18.650367183727116
 20
46.15075513962987
 10
18.594406757037547
 20
46.08669059618989
 10
18.538873275103914
 20
46.02243715509577
 10
18.48377189139079
 20
45.95799349909599
 10
18.429108011780198
 20
45.89335821246567
 10
18.37488731553377
 20
45.828529772854765
 10
18.583219264109363
 20
45.74444869907205
 10
18.7911664829385
 20
45.659420574624995
 10
18.99872466687472
 20
45.57344715985709
 10
19.20588951882577
 20
45.4865302346822
 10
19.41265674984258
 20
45.39867159854781
 10
19.420157557108688
 20
45.48285204980692
 10
19.427208406630314
 20
45.567209299245775
 10
19.433814390715902
 20
45.65174040748398
 10
19.43998033296995
 20
45.736442553054374
 10
19.445710808879692
 20
45.8213130233447
 10
19.451010164292757
 20
45.906349206467404
 10
19.455882532054694
 20
45.99154858393973
 10
19.460331847034656
 20
46.076908724073
 10
19.4643618597338
 20
46.162427275985905
 10
19.467976148643167
 20
46.248101964168285
 10
19.4711781314944
 20
46.33393058353212
 10
19.47397107552711
 20
46.41991099489554
 10
19.47635810688024
 20
46.50604112085221
 10
19.47834221920082
 20
46.59231894198548
 10
19.123945946049215
 20
46.73889912538151
 10
18.76844672331271
 20
46.88278370142042
 10
18.41186505396288
 20
47.023964371739865
 10
18.054221503400054
 20
47.16243299392184
 10
17.69553669826722
 20
47.29818158196231
 10
17.637921821139592
 20
47.23392953876698
 10
17.58070176365178
 20
47.16950934366417
 10
17.523880090464385
 20
47.10492041945284
 10
17.467460502517106
 20
47.04016214050766
 10
17.41144684589588
 20
46.9752338296457
 10
17.35584312150647
 20
46.91013475470863
 10
17.300653495650486
 20
46.84486412482629
 10
17.24588231161459
 20
46.779421086322664
 10
17.1915341024004
 20
46.71380471821925
 10
17.13761360474275
 20
46.648014027283494
 10
17.08412577458828
 20
46.58204794256206
 10
17.03107580423451
 20
46.51590530932765
 10
16.978469141364968
 20
46.44958488235679
 10
16.926311510257097
 20
46.38308531844058
 10
17.137181709943796
 20
46.30558959823715
 10
17.3476971173052
 20
46.22713521002833
 10
17.557853374025445
 20
46.14772377806107
 10
17.767646129224197
 20
46.067356946396046
 10
17.97707103954671
 20
45.98603637887365
 10
17.98192397374363
 20
46.07041089821161
 10
17.986321618858028
 20
46.154947994975785
 10
17.990269157013767
 20
46.239644891189435
 10
17.993771498059612
 20
46.324498918290736
 10
17.996833300430286
 20
46.40950750872544
 10
17.999458989870362
 20
46.49466818840119
 10
18.001652776293543
 20
46.57997856989377
 10
18.003418669008546
 20
46.66543634631161
 10
18.00476049050885
 20
46.75103928573951
 10
18.00568188899523
 20
46.83678522619326
 10
18.00618634977637
 20
46.92267207102646
 10
18.006277205673026
 20
47.00869778473927
 10
18.005957646534483
 20
47.094860389144834
 10
18.005230727962
 20
47.18115795985568
 10
17.64640513315153
 20
47.31653395882547
 10
17.286561804068455
 20
47.44918103607397
 10
16.925721494225243
 20
47.57909154134746
 10
16.563905014633967
 20
47.70625798222057
 10
16.20113323260606
 20
47.830673024528394
 10
16.145564990391414
 20
47.76464295881299
 10
16.090396654775983
 20
47.698457225747504
 10
16.03563180679174
 20
47.63211536038441
 10
15.981274165203562
 20
47.56561685365641
 10
15.92732759547041
 20
47.4989611495232
 10
15.873796119521487
 20
47.43214764185922
 10
15.820683926444412
 20
47.36517567105123
 10
15.767995384197315
 20
47.29804452027042
 10
15.71573505247368
 20
47.230753411377734
 10
15.66390769686924
 20
47.16330150041515
 10
15.612518304524631
 20
47.09568787262784
 10
15.561572101446151
 20
47.0279115369523
 10
15.511074571742634
 20
46.959971419895375
 10
15.461031479058155
 20
46.891866358714836
 10
15.674231826427537
 20
46.82103247101036
 10
15.887107669029975
 20
46.74922924404903
 10
16.09965459968134
 20
46.676458164378325
 10
16.311868218006996
 20
46.60272073858321
 10
16.5237441305329
 20
46.528018493255
 10
16.52594440240049
 20
46.61250381320788
 10
16.527684503162867
 20
46.697137329389136
 10
16.52896969964519
 20
46.78191642796726
 10
16.52980498309506
 20
46.866838595919255
 10
16.53019509029738
 20
46.9519014132828
 10
16.530144522525994
 20
47.03710254620234
 10
16.529657562608076
 20
47.122439740668284
 10
16.528738290335212
 20
47.2079108168628
 10
16.527390596420855
 20
47.29351366403945
 10
16.525618195175184
 20
47.37924623587357
 10
16.523424636044343
 20
47.46510654622953
 10
16.52081331414114
 20
47.55109266529831
 10
16.517787479877214
 20
47.637202716064756
 10
16.514350247792546
 20
47.72343487106973
 10
16.151449448863737
 20
47.84747308584644
 10
15.78761713535549
 20
47.968751757653955
 10
15.422874290839932
 20
48.087263891897074
 10
15.05724195140293
 20
48.203002653537176
 10
14.690741204430845
 20
48.315961367486395
 10
14.637274436275414
 20
48.24821844295388
 10
14.58421226701906
 20
48.180332489253544
 10
14.531558290531093
 20
48.11230315415025
 10
14.47931623973159
 20
48.04413004563711
 10
14.427489995637787
 20
47.97581272936519
 10
14.376083597233176
 20
47.907350725839855
 10
14.325101252257264
 20
47.8387435073558
 10
14.274547349028998
 20
47.76999049463878
 10
14.224426469433864
 20
47.70109105315714
 10
14.174743403225422
 20
47.632044489060284
 10
14.125503163816603
 20
47.56285004469464
 10
14.07671100576504
 20
47.49350689363854
 10
14.02837244419273
 20
47.42401413518857
 10
13.98049327642234
 20
47.35437078821668
 10
14.195813368471544
 20
47.29026863750643
 10
14.410839563559179
 20
47.2251874329087
 10
14.62556740998221
 20
47.15912852180441
 10
14.839992462214344
 20
47.09209327181603
 10
15.054110280998055
 20
47.024083070779255
 10
15.053655719133621
 20
47.1085958145363
 10
15.05273655827461
 20
47.193242227072105
 10
15.051358144749752
 20
47.2780198612799
 10
15.049525546279732
 20
47.36292636215561
 10
15.047243573324979
 20
47.44795945971701
 10
15.044516798246416
 20
47.533116962648606
 10
15.041349572558053
 20
47.61839675257985
 10
15.037746042508067
 20
47.70379677891791
 10
15.033710163190234
 20
47.7893150541681
 10
15.029245711358556
 20
47.874949649684815
 10
15.024356297093766
 20
47.96069869180325
 10
15.019045374450155
 20
48.046560358309705
 10
15.01331625119395
 20
48.13253287521312
 10
15.007172097730173
 20
48.21861451378616
 10
14.640554233958033
 20
48.33119253362712
 10
14.273091994592036
 20
48.44098311258673
 10
13.904806572555735
 20
48.54797991863112
 10
13.535719208248702
 20
48.65217678085378
 10
13.165851188321529
 20
48.75356768983141
 10
13.11453865947036
 20
48.68417876056957
 10
13.063635022527869
 20
48.61465958147474
 10
13.013143880653976
 20
48.54500991337171
 10
12.963068977240027
 20
48.475229481700886
 10
12.913414205031438
 20
48.405317974233355
 10
12.864183616079996
 20
48.33527503857865
 10
12.815381432624564
 20
48.26510027946012
 10
12.767012059014167
 20
48.19479325572979
 10
12.719080094804527
 20
48.1243534770896
 10
12.671590349180125
 20
48.05378040048115
 10
12.624547856878543
 20
47.98307342609981
 10
12.577957895823147
 20
47.91223189298134
 10
12.531826006706327
 20
47.84125507410096
 10
12.4861580148081
 20
47.77014217091302
 10
12.703385356602183
 20
47.712835018280614
 10
12.920349699280887
 20
47.65454006333806
 10
13.137046551015573
 20
47.59525851297007
 10
13.353471425515483
 20
47.53499159448691
 10
13.56961984212062
 20
47.473740555599
 10
13.566510895121842
 20
47.55819731928547
 10
13.56293337974224
 20
47.64277309238613
 10
13.558892716537933
 20
47.727465596933975
 10
13.554394044701457
 20
47.81227263826791
 10
13.549442243621435
 20
47.89719209862605
 10
13.544041952233492
 20
47.98222193139548
 10
13.53819758644405
 20
48.06736015593534
 10
13.531913354866044
 20
48.1526048529014
 10
13.525193273070366
 20
48.23795416001221
 10
13.518041176527635
 20
48.32340626820452
 10
13.51046073239047
 20
48.40895941813348
 10
13.502455450245904
 20
48.494611896978974
 10
13.49402869195039
 20
48.58036203552476
 10
13.485183680645186
 20
48.66620820548136
 10
13.115210559598944
 20
48.76721492947269
 10
12.744481035241199
 20
48.86540906553814
 10
12.373016488932064
 20
48.96078495045412
 10
12.000838344423114
 20
49.05333708353616
 10
11.627968066621811
 20
49.14306012695611
 10
11.578860416345847
 20
49.07209367146072
 10
11.530165547461209
 20
49.001009874007984
 10
11.481887068862552
 20
48.92980860871873
 10
11.434028730718211
 20
48.8584897187516
 10
11.38659443366011
 20
48.787053014305826
 10
11.33958823880945
 20
48.71549827044284
 10
11.293014378737613
 20
48.64382522470478
 10
11.246877269477132
 20
48.57203357450529
 10
11.201181523714766
 20
48.50012297426379
 10
11.155931965319827
 20
48.42809303224995
 10
11.111133645385877
 20
48.35594330710007
 10
11.066791859993334
 20
48.283673303959624
 10
11.022912169936989
 20
48.21128247019992
 10
10.979500422705367
 20
48.138770190645836
 10
11.198420637084151
 20
48.088314591332136
 10
11.417109009742125
 20
48.036863416127254
 10
11.63556101315793
 20
47.98441773022862
 10
11.853772124703777
 20
47.930978619423115
 10
12.071737826739072
 20
47.876547190064535
 10
12.065977562761292
 20
47.96086462505125
 10
12.059745223436858
 20
48.04528629263968
 10
12.053046298199847
 20
48.12981008625063
 10
12.045885992642889
 20
48.214433973731886
 10
12.038269250267426
 20
48.299155991631835
 10
12.030200772005717
 20
48.38397424005994
 10
12.021685033798631
 20
48.468886878059635
 10
12.012726302470467
 20
48.55389211942951
 10
12.003328650106349
 20
48.638988228939176
 10
11.993495967108377
 20
48.72417351889307
 10
11.983231974082
 20
48.80944634600252
 10
11.972540232683468
 20
48.89480510853137
 10
11.961424155541708
 20
48.98024824368553
 10
11.949887015353358
 20
49.06577422522027
 10
11.576923755836091
 20
49.15510997192009
 10
11.203292811768423
 20
49.2416107593342
 10
10.829015731846203
 20
49.32527159863823
 10
10.454114102030356
 20
49.40608766479826
 10
10.07860954430194
 20
49.48405429684907
 10
10.031755235923162
 20
49.411580350443806
 10
9.985317191052964
 20
49.33900208575922
 10
9.939299020759188
 20
49.26631949033634
 10
9.893704478286192
 20
49.19353252520686
 10
9.848537468302967
 20
49.12064112318547
 10
9.80380205699228
 20
49.0476451870075
 10
9.759502483080995
 20
48.974544587292854
 10
9.715643169927073
 20
48.901339160315445
 10
9.672228738796132
 20
48.82802870555318
 10
9.629264023481747
 20
48.75461298299045
 10
9.586754086448638
 20
48.68109171014001
 10
9.544704236707682
 20
48.60746455874543
 10
9.503120049668242
 20
48.533731151119476
 10
9.462007389256575
 20
48.45989105606464
 10
9.682404428399026
 20
48.4163368036546
 10
9.902601012015026
 20
48.37178018428554
 10
10.12259258135861
 20
48.3262221204164
 10
10.342374581928242
 20
48.27966355523912
 10
10.561942463561103
 20
48.23210545265906
 10
10.553536567289418
 20
48.316200347817464
 10
10.544655554586628
 20
48.4003845959001
 10
10.535304978347355
 20
48.48465626379455
 10
10.525490105427023
 20
48.56901348386293
 10
10.515215938561264
 20
48.653454448901634
 10
10.504487236039711
 20
48.73797740761746
 10
10.493308529420476
 20
48.82258066055493
 10
10.481684139528372
 20
48.907262556418196
 10
10.469618190944109
 20
48.99202148874038
 10
10.457114625161894
 20
49.07685589285922
 10
10.44417721256824
 20
49.16176424316391
 10
10.430809563373671
 20
49.246745050583016
 10
10.417015137611743
 20
49.33179686028682
 10
10.40279725430472
 20
49.4169182495816
 10
10.027211926025174
 20
49.494494855393555
 10
9.651048290880363
 20
49.56921692832251
 10
9.27432804363592
 20
49.64108015886669
 10
8.897072911159384
 20
49.710080402404444
 10
8.519304651167118
 20
49.7762136794333
 10
8.474749924231107
 20
49.702303765153395
 10
8.430614532119101
 20
49.6283026592217
 10
8.386902084508447
 20
49.55421046261183
 10
8.343616334015524
 20
49.48002725426689
 10
8.300761185492947
 20
49.4057530896834
 10
8.258340706172223
 20
49.331387999366534
 10
8.216359136752592
 20
49.25693198714169
 10
8.17482090355211
 20
49.18238502830457
 10
8.133730631854634
 20
49.107747067589536
 10
8.093093160607625
 20
49.0330180169325
 10
8.052913558650921
 20
48.95819775300147
 10
8.013197142686506
 20
48.88328611446206
 10
7.973949497236058
 20
48.808282898941236
 10
7.935176496876583
 20
48.73318785964465
 10
8.156832855513926
 20
48.696577936927035
 10
8.378320342644576
 20
48.658959845397725
 10
8.599634372796901
 20
48.62033436386683
 10
8.820770364090361
 20
48.580702292000524
 10
9.041723738330365
 20
48.54006445030448
 10
9.030680505369542
 20
48.623853814125944
 10
9.019159583775712
 20
48.70771756301362
 10
9.007166584424015
 20
48.791653939229576
 10
8.994706830234918
 20
48.87566124149347
 10
8.981785378241145
 20
48.959737820633116
 10
8.968407039393847
 20
49.043882075680976
 10
8.954576396396273
 20
49.12809245035983
 10
8.94029781980963
 20
49.21236742990905
 10
8.925575482639728
 20
49.29670553821064
 10
8.910413373583127
 20
49.38110533517973
 10
8.894815309086468
 20
49.465565414389026
 10
8.878784944351723
 20
49.55008440090131
 10
8.862325783402435
 20
49.63466094928701
 10
8.845441188311016
 20
49.71929374180743
 10
8.467604448643232
 20
49.785034647987516
 10
8.089279350514383
 20
49.847904264766655
 10
7.710487713349765
 20
49.90789896621858
 10
7.3312513834817254
 20
49.965015292224194
 10
6.951592232889709
 20
50.01924994867104
 10
6.909381057532793
 20
49.94397700667862
 10
6.867591874482464
 20
49.86862608965714
 10
6.8262282884632555
 20
49.793197411913035
 10
6.785294047760189
 20
49.717691170223056
 10
6.744793053555886
 20
49.64210754271067
 10
6.704729370116731
 20
49.566446687620854
 10
6.665107235929273
 20
49.49070874198068
 10
6.625931075903431
 20
49.414893820132086
 10
6.587205514776695
 20
49.33900201212034
 10
6.54893539187496
 20
49.26303338191985
 10
6.511125777410851
 20
49.186987965475566
 10
6.473781990530513
 20
49.11086576853437
 10
6.436909619356692
 20
49.034666764237166
 10
6.40051454331964
 20
48.95839089043627
 10
6.623211473386798
 20
48.92876142698482
 10
6.845771282622808
 20
48.89811898780992
 10
7.068189363355679
 20
48.866464207304226
 10
7.290461110847631
 20
48.833797740818994
 10
7.5125819233904405
 20
48.800120264650445
 10
7.498912252078146
 20
48.88352140714889
 10
7.484762791351955
 20
48.966981893446444
 10
7.470139204530261
 20
49.050500142914366
 10
7.4550468653455
 20
49.13407462230874
 10
7.439490880136805
 20
49.217703842116414
 10
7.423476107769019
 20
49.30138635327543
 10
7.40700717756795
 20
49.38512074422272
 10
7.390088505517979
 20
49.4689056382277
 10
7.372724308931781
 20
49.55273969097807
 10
7.3549186197718885
 20
49.63662158838753
 10
7.336675296778707
 20
49.72055004460024
 10
7.317998036538409
 20
49.8045238001701
 10
7.2988903836064765
 20
49.88854162039549
 10
7.279355739787517
 20
49.97260229379318
 10
6.899640467976768
 20
50.02644262200399
 10
6.519527268059991
 20
50.07739773791189
 10
6.139038062589008
 20
50.12546470274449
 10
5.758194795801289
 20
50.170640744299924
 10
5.37701943235435
 20
50.212923257106674
 10
5.33719346591039
 20
50.13636157270769
 10
5.297791732800141
 20
50.05973520685427
 10
5.25881782923789
 20
49.98304448697427
 10
5.220275495478205
 20
49.90628972748381
 10
5.182168625183712
 20
49.82947122895756
 10
5.144501275644733
 20
49.75258927722411
 10
5.1072776789522525
 20
49.675644142377024
 10
5.070502254241199
 20
49.59863607769155
 10
5.034179621138643
 20
49.52156531843507
 10
4.998314614573078
 20
49.44443208055733
 10
4.962912301126231
 20
49.36723655924475
 10
4.92797799713905
 20
49.28997892731982
 10
4.893517288820549
 20
49.21265933346385
 10
4.859536054651938
 20
49.1352779002372
 10
5.083053781165458
 20
49.11265813675513
 10
5.306466272845086
 20
49.08902159032259
 10
5.529768904365682
 20
49.06436875028874
 10
5.7529570526765434
 20
49.03870012704313
 10
5.976026097097128
 20
49.01201625200511
 10
5.959743477748587
 20
49.09494686632204
 10
5.942979441699486
 20
49.1779217246058
 10
5.9257396991224605
 20
49.26093942489674
 10
5.90802966925869
 20
49.34399860350051
 10
5.8898545027143765
 20
49.427097932032936
 10
5.87121910147294
 20
49.51023611476772
 10
5.852128136914169
 20
49.59341188624894
 10
5.832586066087569
 20
49.67662400913479
 10
5.8125971464507
 20
49.75987127224527
 10
5.79216544925301
 20
49.84315248878952
 10
5.771294871720557
 20
49.92646649475217
 10
5.749989148175629
 20
50.00981214742115
 10
5.728251860207602
 20
50.09318832404127
 10
5.706086445996105
 20
50.17659392058033
 10
5.324867375172088
 20
50.21848053691816
 10
4.943341199304077
 20
50.25747086540729
 10
4.56152992243551
 20
50.29356265732947
 10
4.179455565052669
 20
50.32675383113588
 10
3.7971401628146704
 20
50.35704247256723
 10
3.7597387087042984
 20
50.27926760290077
 10
3.7227633102876783
 20
50.201441409187304
 10
3.6862175517198272
 20
50.12356433165295
 10
3.650105161533671
 20
50.0456368020429
 10
3.6144300220292704
 20
49.96765924308642
 10
3.579196179516827
 20
49.889632067913645
 10
3.544407855515202
 20
49.81155567941803
 10
3.5100694590231742
 20
49.73343046955823
 10
3.476185599998386
 20
49.65525681859155
 10
3.4427611042004393
 20
49.57703509422993
 10
3.4098010295800494
 20
49.49876565070867
 10
3.3773106844263934
 20
49.42044882775527
 10
3.34529564752183
 20
49.34208494944476
 10
3.3137617905971823
 20
49.26367432292457
 10
3.537879728546618
 20
49.248086582387536
 10
3.761924421513492
 20
49.23147925511502
 10
3.985891231084153
 20
49.21385268492974
 10
4.209775520457376
 20
49.19520723675588
 10
4.433572654540354
 20
49.175543296611494
 10
4.414693156135039
 20
49.257921540242904
 10
4.395331088842663
 20
49.340328884345425
 10
4.37549220405485
 20
49.422764107012036
 10
4.355181961173389
 20
49.505226015443775
 10
4.334405549988521
 20
49.587713443696394
 10
4.313167910764583
 20
49.67022525065798
 10
4.291473752325246
 20
49.75276031822861
 10
4.269327568386582
 20
49.835317549676354
 10
4.24673365234943
 20
49.91789586814883
 10
4.223696110732328
 20
50.000494215321815
 10
4.200218875400894
 20
50.083111550169136
 10
4.176305714728206
 20
50.165746847840495
 10
4.151960243802932
 20
50.24839909863514
 10
4.127185933786661
 20
50.33106730706149
 10
3.7448392811471423
 20
50.36095887449302
 10
3.362276649601266
 20
50.387945936816536
 10
2.9795201029687517
 20
50.41202693758707
 10
2.5965917162531267
 20
50.43320048796315
 10
2.21351357436858
 20
50.45146536678678
 10
2.178573543311472
 20
50.37255406625933
 10
2.1440609698426245
 20
50.29360484974295
 10
2.109979422520655
 20
50.21461826982754
 10
2.0763326144772405
 20
50.13559487516134
 10
2.0431244128185115
 20
50.05653521021098
 10
2.0103588488813298
 20
49.97743981500043
 10
1.9780401294463035
 20
49.89830922482544
 10
1.946172649024917
 20
49.819143969941294
 10
1.9147610033559057
 20
49.73994457521989
 10
1.8838100042675394
 20
49.6607115597725
 10
1.853324696087941
 20
49.581445436533734
 10
1.8233103738158682
 20
49.50214671180083
 10
1.7937726033014456
 20
49.42281588472268
 10
1.7647172437304173
 20
49.343453446730706
 10
1.9892142157690995
 20
49.33491311235667
 10
2.2136700049605045
 20
49.32535139367116
 10
2.438079964380026
 20
49.31476848863116
 10
2.662439448051875
 20
49.3031646163353
 10
2.8867438110452626
 20
49.2905400170194
 10
2.8652860653687506
 20
49.372284592584485
 10
2.8433450748559044
 20
49.454043096406295
 10
2.8209266264414126
 20
49.53581448783633
 10
2.7980362142998993
 20
49.61759774614817
 10
2.7746790622839503
 20
49.699391868988116
 10
2.750860144063372
 20
49.7811958709848
 10
2.726584201258684
 20
49.863008782497744
 10
2.70185575981776
 20
49.9448296484872
 10
2.6766791448476583
 20
50.026657527491125
 10
2.6510584940833635
 20
50.10849149069641
 10
2.6249977701497786
 20
50.190330621093416
 10
2.5985007717518425
 20
50.27217401270503
 10
2.571571143909864
 20
50.354020769881394
 10
2.5442123873417652
 20
50.435870006653964
 10
2.161115482871629
 20
50.45373702581101
 10
1.7778939387778774
 20
50.46869418899658
 10
1.3945698568821834
 20
50.48074063357505
 10
1.0111653449199594
 20
50.48987566478287
 10
0.6277025152653198
 20
50.49609875576855
 10
0.5952583888537674
 20
50.41612890030665
 10
0.5632427000759535
 20
50.3361345743324
 10
0.5316589983723579
 20
50.25611644225416
 10
0.500510977808994
 20
50.17607516908171
 10
0.46980248648169964
 20
50.0960114204818
 10
0.4395375367755523
 20
50.01592586283924
 10
0.40972031658132035
 20
49.93581916332384
 10
0.3803552015863423
 20
49.85569198996417
 10
0.35144676877500935
 20
49.77554501172877
 10
0.322999811295565
 20
49.695378898615964
 10
0.29501935487539543
 20
49.61519432175341
 10
0.2675106759973156
 20
49.53499195350844
 10
0.24047932208639344
 20
49.45477246761126
 10
0.21393113400098374
 20
49.374536539292244
 10
0.43858558872135833
 20
49.373052039360154
 10
0.6632309633722389
 20
49.37054536552361
 10
0.8878626071040165
 20
49.36701656967845
 10
1.1124758693513563
 20
49.3624657248816
 10
1.3370660999294732
 20
49.356892925349534
 10
1.3130512831861214
 20
49.437923160821335
 10
1.2885530225614745
 20
49.51895213858999
 10
1.2635771348222773
 20
49.59997900029249
 10
1.238129143493902
 20
49.68100289828228
 10
1.2122143013359687
 20
49.76202299478545
 10
1.1858376105153414
 20
49.84303846114358
 10
1.159003840769979
 20
49.924048477132544
 10
1.1317175458129969
 20
50.00505223034733
 10
1.1039830781893114
 20
50.08604891564535
 10
1.0758046027669104
 20
50.16703773464117
 10
1.047186109019348
 20
50.24801789524673
 10
1.0181314222345612
 20
50.32898861125215
 10
0.9886442137673032
 20
50.409949101942374
 10
0.9587280104370476
 20
50.49089859174625
 10
0.5752589245291562
 20
50.49672343003801
 10
0.1917566612846517
 20
50.49963593317137
 10
-0.19175666128466778
 20
50.49963593317137
 10
-0.5752589245291723
 20
50.49672343003801
 10
-0.9587280104370638
 20
50.49089859174625
 10
-0.9886442137673194
 20
50.409949101942374
 10
-1.0181314222345772
 20
50.32898861125215
 10
-1.047186109019364
 20
50.24801789524673
 10
-1.0758046027669264
 20
50.16703773464117
 10
-1.1039830781893274
 20
50.08604891564535
 10
-1.1317175458130129
 20
50.00505223034733
 10
-1.159003840769995
 20
49.924048477132544
 10
-1.1858376105153574
 20
49.84303846114358
 10
-1.2122143013359847
 20
49.76202299478545
 10
-1.238129143493918
 20
49.68100289828228
 10
-1.2635771348222933
 20
49.59997900029249
 10
-1.2885530225614905
 20
49.51895213858999
 10
-1.3130512831861374
 20
49.437923160821335
 10
-1.3370660999294892
 20
49.356892925349534
 10
-1.1124758693513703
 20
49.3624657248816
 10
-0.8878626071040305
 20
49.36701656967845
 10
-0.6632309633722527
 20
49.370545365523604
 10
-0.43858558872137243
 20
49.373052039360154
 10
-0.21393113400098884
 20
49.374536539292244
 10
-0.24047932208639855
 20
49.45477246761126
 10
-0.2675106759973207
 20
49.53499195350844
 10
-0.29501935487540076
 20
49.61519432175341
 10
-0.3229998112955701
 20
49.695378898615964
 10
-0.35144676877501446
 20
49.77554501172877
 10
-0.3803552015863476
 20
49.85569198996417
 10
-0.40972031658132546
 20
49.93581916332384
 10
-0.4395375367755574
 20
50.01592586283924
 10
-0.469802486481705
 20
50.0960114204818
 10
-0.5005109778089993
 20
50.17607516908171
 10
-0.5316589983723632
 20
50.25611644225416
 10
-0.5632427000759588
 20
50.3361345743324
 10
-0.5952583888537725
 20
50.41612890030665
 10
-0.6277025152653252
 20
50.49609875576855
 10
-1.0111653449199642
 20
50.48987566478287
 10
-1.3945698568821885
 20
50.48074063357505
 10
-1.7778939387778825
 20
50.46869418899658
 10
-2.161115482871634
 20
50.45373702581101
 10
-2.5442123873417706
 20
50.435870006653964
 10
-2.571571143909869
 20
50.354020769881394
 10
-2.598500771751848
 20
50.27217401270503
 10
-2.624997770149784
 20
50.190330621093416
 10
-2.651058494083369
 20
50.10849149069641
 10
-2.6766791448476637
 20
50.026657527491125
 10
-2.701855759817765
 20
49.9448296484872
 10
-2.7265842012586887
 20
49.863008782497744
 10
-2.7508601440633775
 20
49.7811958709848
 10
-2.7746790622839557
 20
49.699391868988116
 10
-2.7980362142999047
 20
49.61759774614817
 10
-2.820926626441418
 20
49.53581448783633
 10
-2.8433450748559093
 20
49.454043096406295
 10
-2.8652860653687555
 20
49.372284592584485
 10
-2.8867438110452674
 20
49.2905400170194
 10
-2.6624394480518783
 20
49.3031646163353
 10
-2.4380799643800293
 20
49.31476848863116
 10
-2.213670004960507
 20
49.32535139367116
 10
-1.9892142157691022
 20
49.33491311235667
 10
-1.7647172437304217
 20
49.343453446730706
 10
-1.7937726033014505
 20
49.42281588472268
 10
-1.8233103738158731
 20
49.50214671180083
 10
-1.853324696087946
 20
49.581445436533734
 10
-1.8838100042675443
 20
49.6607115597725
 10
-1.9147610033559106
 20
49.73994457521989
 10
-1.9461726490249218
 20
49.819143969941294
 10
-1.9780401294463084
 20
49.89830922482544
 10
-2.010358848881335
 20
49.97743981500043
 10
-2.043124412818517
 20
50.05653521021099
 10
-2.076332614477245
 20
50.13559487516134
 10
-2.1099794225206603
 20
50.21461826982755
 10
-2.14406096984263
 20
50.29360484974295
 10
-2.178573543311477
 20
50.37255406625933
 10
-2.213513574368585
 20
50.45146536678678
 10
-2.5965917162531316
 20
50.43320048796315
 10
-2.979520102968756
 20
50.41202693758707
 10
-3.3622766496012706
 20
50.387945936816536
 10
-3.744839281147147
 20
50.36095887449302
 10
-4.127185933786666
 20
50.33106730706149
 10
-4.151960243802938
 20
50.24839909863514
 10
-4.17630571472821
 20
50.165746847840495
 10
-4.200218875400898
 20
50.08311155016913
 10
-4.223696110732332
 20
50.000494215321815
 10
-4.246733652349435
 20
49.917895868148825
 10
-4.269327568386586
 20
49.835317549676354
 10
-4.291473752325251
 20
49.75276031822861
 10
-4.313167910764588
 20
49.67022525065798
 10
-4.334405549988526
 20
49.587713443696394
 10
-4.355181961173394
 20
49.505226015443775
 10
-4.375492204054854
 20
49.422764107012036
 10
-4.395331088842667
 20
49.340328884345425
 10
-4.414693156135044
 20
49.257921540242904
 10
-4.433572654540359
 20
49.175543296611494
 10
-4.209775520457379
 20
49.19520723675588
 10
-3.9858912310841563
 20
49.21385268492974
 10
-3.7619244215134953
 20
49.23147925511502
 10
-3.5378797285466215
 20
49.248086582387536
 10
-3.3137617905971877
 20
49.26367432292457
 10
-3.3452956475218345
 20
49.34208494944476
 10
-3.377310684426398
 20
49.42044882775527
 10
-3.409801029580054
 20
49.49876565070867
 10
-3.4427611042004447
 20
49.57703509422993
 10
-3.4761855999983906
 20
49.65525681859155
 10
-3.5100694590231796
 20
49.73343046955823
 10
-3.5444078555152063
 20
49.81155567941803
 10
-3.579196179516832
 20
49.889632067913645
 10
-3.6144300220292758
 20
49.96765924308642
 10
-3.6501051615336753
 20
50.0456368020429
 10
-3.6862175517198317
 20
50.12356433165295
 10
-3.7227633102876836
 20
50.201441409187304
 10
-3.7597387087043037
 20
50.27926760290077
 10
-3.797140162814675
 20
50.35704247256723
 10
-4.179455565052673
 20
50.32675383113588
 10
-4.561529922435516
 20
50.29356265732947
 10
-4.943341199304082
 20
50.25747086540729
 10
-5.324867375172093
 20
50.21848053691816
 10
-5.706086445996109
 20
50.17659392058033
 10
-5.728251860207608
 20
50.09318832404127
 10
-5.749989148175635
 20
50.00981214742115
 10
-5.771294871720562
 20
49.92646649475217
 10
-5.792165449253014
 20
49.84315248878952
 10
-5.812597146450705
 20
49.75987127224527
 10
-5.832586066087575
 20
49.67662400913479
 10
-5.852128136914173
 20
49.59341188624894
 10
-5.871219101472946
 20
49.51023611476772
 10
-5.889854502714381
 20
49.427097932032936
 10
-5.9080296692586955
 20
49.34399860350051
 10
-5.925739699122465
 20
49.26093942489674
 10
-5.9429794416994906
 20
49.1779217246058
 10
-5.959743477748591
 20
49.09494686632204
 10
-5.976026097097133
 20
49.01201625200511
 10
-5.752957052676547
 20
49.03870012704312
 10
-5.5297689043656835
 20
49.064368750288736
 10
-5.306466272845089
 20
49.089021590322595
 10
-5.083053781165461
 20
49.11265813675513
 10
-4.859536054651944
 20
49.13527790023719
 10
-4.893517288820554
 20
49.21265933346384
 10
-4.927977997139055
 20
49.289978927319815
 10
-4.962912301126236
 20
49.36723655924475
 10
-4.998314614573085
 20
49.44443208055732
 10
-5.034179621138648
 20
49.521565318435066
 10
-5.070502254241204
 20
49.598636077691545
 10
-5.10727767895226
 20
49.67564414237702
 10
-5.144501275644738
 20
49.752589277224104
 10
-5.182168625183717
 20
49.82947122895755
 10
-5.2202754954782105
 20
49.9062897274838
 10
-5.258817829237896
 20
49.983044486974265
 10
-5.297791732800146
 20
50.05973520685426
 10
-5.337193465910396
 20
50.136361572707685
 10
-5.377019432354356
 20
50.21292325710667
 10
-5.758194795801296
 20
50.17064074429992
 10
-6.139038062589013
 20
50.12546470274448
 10
-6.5195272680599965
 20
50.07739773791188
 10
-6.899640467976774
 20
50.026442622003984
 10
-7.279355739787523
 20
49.97260229379317
 10
-7.298890383606482
 20
49.888541620395486
 10
-7.317998036538414
 20
49.804523800170095
 10
-7.336675296778712
 20
49.72055004460023
 10
-7.354918619771894
 20
49.63662158838752
 10
-7.372724308931787
 20
49.552739690978065
 10
-7.390088505517984
 20
49.468905638227696
 10
-7.407007177567955
 20
49.38512074422271
 10
-7.423476107769024
 20
49.301386353275426
 10
-7.439490880136811
 20
49.21770384211641
 10
-7.455046865345507
 20
49.13407462230873
 10
-7.470139204530266
 20
49.050500142914366
 10
-7.484762791351961
 20
48.96698189344644
 10
-7.498912252078151
 20
48.88352140714888
 10
-7.512581923390446
 20
48.80012026465044
 10
-7.290461110847645
 20
48.83379774081899
 10
-7.068189363355693
 20
48.86646420730423
 10
-6.845771282622822
 20
48.89811898780991
 10
-6.623211473386811
 20
48.92876142698481
 10
-6.400514543319656
 20
48.95839089043627
 10
-6.436909619356709
 20
49.03466676423716
 10
-6.47378199053053
 20
49.11086576853437
 10
-6.511125777410868
 20
49.18698796547556
 10
-6.548935391874977
 20
49.26303338191984
 10
-6.587205514776712
 20
49.33900201212033
 10
-6.6259310759034475
 20
49.41489382013208
 10
-6.665107235929291
 20
49.490708741980676
 10
-6.704729370116748
 20
49.56644668762085
 10
-6.744793053555902
 20
49.64210754271066
 10
-6.785294047760206
 20
49.717691170223056
 10
-6.8262282884632715
 20
49.793197411913035
 10
-6.867591874482482
 20
49.868626089657134
 10
-6.90938105753281
 20
49.94397700667862
 10
-6.951592232889726
 20
50.01924994867103
 10
-7.331251383481742
 20
49.96501529222419
 10
-7.710487713349782
 20
49.90789896621858
 10
-8.089279350514401
 20
49.847904264766655
 10
-8.46760444864325
 20
49.78503464798751
 10
-8.845441188311032
 20
49.71929374180742
 10
-8.86232578340245
 20
49.63466094928701
 10
-8.87878494435174
 20
49.550084400901305
 10
-8.894815309086486
 20
49.465565414389026
 10
-8.910413373583143
 20
49.38110533517973
 10
-8.925575482639745
 20
49.29670553821063
 10
-8.940297819809645
 20
49.212367429909044
 10
-8.95457639639629
 20
49.12809245035982
 10
-8.968407039393865
 20
49.04388207568097
 10
-8.981785378241161
 20
48.95973782063311
 10
-8.994706830234936
 20
48.87566124149346
 10
-9.00716658442403
 20
48.79165393922957
 10
-9.01915958377573
 20
48.70771756301362
 10
-9.030680505369558
 20
48.62385381412594
 10
-9.04172373833038
 20
48.54006445030448
 10
-8.820770364090373
 20
48.58070229200052
 10
-8.599634372796913
 20
48.620334363866824
 10
-8.378320342644589
 20
48.658959845397725
 10
-8.156832855513938
 20
48.69657793692702
 10
-7.935176496876597
 20
48.73318785964465
 10
-7.973949497236074
 20
48.80828289894124
 10
-8.01319714268652
 20
48.88328611446205
 10
-8.052913558650935
 20
48.958197753001464
 10
-8.093093160607639
 20
49.033018016932495
 10
-8.13373063185465
 20
49.10774706758953
 10
-8.174820903552126
 20
49.18238502830457
 10
-8.216359136752608
 20
49.256931987141684
 10
-8.25834070617224
 20
49.33138799936653
 10
-8.300761185492961
 20
49.4057530896834
 10
-8.34361633401554
 20
49.480027254266886
 10
-8.386902084508462
 20
49.55421046261182
 10
-8.430614532119115
 20
49.6283026592217
 10
-8.474749924231123
 20
49.70230376515339
 10
-8.519304651167134
 20
49.77621367943329
 10
-8.897072911159398
 20
49.71008040240444
 10
-9.274328043635936
 20
49.641080158866686
 10
-9.651048290880379
 20
49.569216928322504
 10
-10.027211926025188
 20
49.49449485539355
 10
-10.402797254304735
 20
49.41691824958159
 10
-10.41701513761176
 20
49.331796860286815
 10
-10.430809563373685
 20
49.246745050583
 10
-10.444177212568254
 20
49.1617642431639
 10
-10.45711462516191
 20
49.076855892859214
 10
-10.469618190944123
 20
48.99202148874038
 10
-10.481684139528388
 20
48.90726255641819
 10
-10.493308529420492
 20
48.82258066055492
 10
-10.504487236039727
 20
48.73797740761746
 10
-10.51521593856128
 20
48.65345444890163
 10
-10.525490105427037
 20
48.569013483862925
 10
-10.53530497834737
 20
48.48465626379454
 10
-10.544655554586642
 20
48.40038459590009
 10
-10.553536567289434
 20
48.31620034781746
 10
-10.561942463561117
 20
48.23210545265906
 10
-10.342374581928256
 20
48.27966355523911
 10
-10.122592581358623
 20
48.326222120416396
 10
-9.902601012015039
 20
48.371780184285534
 10
-9.682404428399039
 20
48.416336803654595
 10
-9.462007389256579
 20
48.45989105606464
 10
-9.503120049668246
 20
48.533731151119476
 10
-9.544704236707686
 20
48.60746455874543
 10
-9.586754086448643
 20
48.68109171014001
 10
-9.62926402348175
 20
48.75461298299046
 10
-9.672228738796138
 20
48.82802870555318
 10
-9.715643169927077
 20
48.901339160315445
 10
-9.759502483081
 20
48.974544587292854
 10
-9.803802056992284
 20
49.0476451870075
 10
-9.848537468302972
 20
49.12064112318547
 10
-9.893704478286196
 20
49.19353252520686
 10
-9.939299020759192
 20
49.26631949033634
 10
-9.985317191052967
 20
49.33900208575922
 10
-10.031755235923166
 20
49.411580350443806
 10
-10.078609544301944
 20
49.48405429684907
 10
-10.454114102030362
 20
49.40608766479826
 10
-10.829015731846207
 20
49.32527159863823
 10
-11.203292811768426
 20
49.2416107593342
 10
-11.576923755836097
 20
49.15510997192009
 10
-11.949887015353362
 20
49.06577422522027
 10
-11.961424155541712
 20
48.98024824368553
 10
-11.972540232683471
 20
48.89480510853137
 10
-11.983231974082004
 20
48.80944634600252
 10
-11.99349596710838
 20
48.72417351889307
 10
-12.003328650106354
 20
48.638988228939176
 10
-12.01272630247047
 20
48.55389211942951
 10
-12.021685033798637
 20
48.468886878059635
 10
-12.03020077200572
 20
48.38397424005994
 10
-12.038269250267431
 20
48.299155991631835
 10
-12.045885992642893
 20
48.21443397373188
 10
-12.053046298199853
 20
48.12981008625063
 10
-12.059745223436861
 20
48.04528629263968
 10
-12.065977562761296
 20
47.96086462505125
 10
-12.071737826739076
 20
47.876547190064535
 10
-11.85377212470378
 20
47.930978619423115
 10
-11.635561013157934
 20
47.98441773022863
 10
-11.417109009742129
 20
48.03686341612726
 10
-11.198420637084153
 20
48.08831459133214
 10
-10.979500422705371
 20
48.138770190645836
 10
-11.022912169936996
 20
48.21128247019992
 10
-11.066791859993339
 20
48.283673303959624
 10
-11.111133645385882
 20
48.35594330710007
 10
-11.155931965319832
 20
48.42809303224995
 10
-11.201181523714771
 20
48.50012297426379
 10
-11.246877269477137
 20
48.57203357450529
 10
-11.293014378737618
 20
48.64382522470478
 10
-11.339588238809455
 20
48.71549827044284
 10
-11.386594433660115
 20
48.787053014305826
 10
-11.434028730718214
 20
48.8584897187516
 10
-11.481887068862559
 20
48.92980860871873
 10
-11.530165547461214
 20
49.001009874007984
 10
-11.57886041634585
 20
49.07209367146072
 10
-11.627968066621817
 20
49.143060126956115
 10
-12.00083834442312
 20
49.05333708353616
 10
-12.37301648893207
 20
48.96078495045412
 10
-12.744481035241204
 20
48.86540906553814
 10
-13.11521055959895
 20
48.76721492947269
 10
-13.485183680645191
 20
48.666208205481354
 10
-13.494028691950398
 20
48.58036203552476
 10
-13.50245545024591
 20
48.494611896978974
 10
-13.510460732390477
 20
48.40895941813348
 10
-13.518041176527642
 20
48.32340626820452
 10
-13.525193273070371
 20
48.23795416001221
 10
-13.531913354866049
 20
48.1526048529014
 10
-13.538197586444054
 20
48.06736015593534
 10
-13.544041952233497
 20
47.98222193139548
 10
-13.54944224362144
 20
47.89719209862605
 10
-13.554394044701462
 20
47.81227263826791
 10
-13.558892716537938
 20
47.727465596933975
 10
-13.562933379742246
 20
47.64277309238613
 10
-13.56651089512185
 20
47.55819731928547
 10
-13.569619842120627
 20
47.473740555599
 10
-13.353471425515485
 20
47.53499159448691
 10
-13.137046551015576
 20
47.59525851297007
 10
-12.920349699280889
 20
47.654540063338054
 10
-12.703385356602185
 20
47.712835018280614
 10
-12.486158014808103
 20
47.77014217091302
 10
-12.53182600670633
 20
47.84125507410096
 10
-12.57795789582315
 20
47.91223189298134
 10
-12.624547856878547
 20
47.98307342609981
 10
-12.671590349180128
 20
48.05378040048115
 10
-12.719080094804529
 20
48.1243534770896
 10
-12.767012059014169
 20
48.19479325572979
 10
-12.815381432624568
 20
48.26510027946012
 10
-12.864183616079998
 20
48.33527503857865
 10
-12.913414205031442
 20
48.405317974233355
 10
-12.96306897724003
 20
48.475229481700886
 10
-13.01314388065398
 20
48.54500991337171
 10
-13.06363502252787
 20
48.61465958147474
 10
-13.114538659470362
 20
48.68417876056957
 10
-13.165851188321529
 20
48.75356768983141
 10
-13.535719208248706
 20
48.65217678085378
 10
-13.904806572555739
 20
48.54797991863112
 10
-14.27309199459204
 20
48.44098311258673
 10
-14.640554233958037
 20
48.33119253362712
 10
-15.007172097730177
 20
48.21861451378616
 10
-15.013316251193952
 20
48.13253287521312
 10
-15.019045374450156
 20
48.046560358309705
 10
-15.02435629709377
 20
47.96069869180325
 10
-15.029245711358557
 20
47.874949649684815
 10
-15.033710163190237
 20
47.7893150541681
 10
-15.037746042508068
 20
47.70379677891791
 10
-15.041349572558056
 20
47.61839675257985
 10
-15.044516798246418
 20
47.533116962648606
 10
-15.04724357332498
 20
47.44795945971701
 10
-15.049525546279735
 20
47.36292636215561
 10
-15.051358144749756
 20
47.2780198612799
 10
-15.052736558274614
 20
47.193242227072105
 10
-15.053655719133625
 20
47.1085958145363
 10
-15.054110280998058
 20
47.024083070779255
 10
-14.839992462214347
 20
47.09209327181604
 10
-14.625567409982212
 20
47.159128521804405
 10
-14.41083956355918
 20
47.22518743290869
 10
-14.195813368471548
 20
47.29026863750643
 10
-13.980493276422346
 20
47.35437078821668
 10
-14.028372444192733
 20
47.42401413518857
 10
-14.076711005765045
 20
47.49350689363854
 10
-14.125503163816608
 20
47.56285004469464
 10
-14.174743403225428
 20
47.632044489060284
 10
-14.224426469433869
 20
47.70109105315714
 10
-14.274547349029003
 20
47.76999049463878
 10
-14.32510125225727
 20
47.8387435073558
 10
-14.376083597233183
 20
47.907350725839855
 10
-14.427489995637792
 20
47.97581272936519
 10
-14.479316239731597
 20
48.04413004563711
 10
-14.531558290531098
 20
48.11230315415025
 10
-14.584212267019067
 20
48.180332489253544
 10
-14.637274436275419
 20
48.24821844295388
 10
-14.69074120443085
 20
48.315961367486395
 10
-15.057241951402935
 20
48.203002653537176
 10
-15.422874290839937
 20
48.087263891897074
 10
-15.787617135355495
 20
47.968751757653955
 10
-16.15144944886374
 20
47.84747308584644
 10
-16.51435024779255
 20
47.72343487106973
 10
-16.51778747987722
 20
47.637202716064756
 10
-16.520813314141147
 20
47.55109266529831
 10
-16.52342463604435
 20
47.46510654622953
 10
-16.52561819517519
 20
47.37924623587357
 10
-16.52739059642086
 20
47.29351366403945
 10
-16.528738290335216
 20
47.2079108168628
 10
-16.529657562608083
 20
47.122439740668284
 10
-16.530144522525998
 20
47.03710254620234
 10
-16.530195090297383
 20
46.9519014132828
 10
-16.52980498309507
 20
46.866838595919255
 10
-16.528969699645195
 20
46.78191642796726
 10
-16.527684503162874
 20
46.697137329389136
 10
-16.525944402400498
 20
46.61250381320788
 10
-16.523744130532904
 20
46.528018493255
 10
-16.31186821800701
 20
46.6027207385832
 10
-16.099654599681354
 20
46.67645816437832
 10
-15.887107669029986
 20
46.749229244049026
 10
-15.67423182642755
 20
46.82103247101035
 10
-15.461031479058166
 20
46.891866358714836
 10
-15.511074571742649
 20
46.95997141989537
 10
-15.561572101446165
 20
47.027911536952296
 10
-15.612518304524645
 20
47.09568787262784
 10
-15.663907696869254
 20
47.163301500415145
 10
-15.715735052473693
 20
47.23075341137773
 10
-15.767995384197329
 20
47.29804452027042
 10
-15.820683926444426
 20
47.365175671051226
 10
-15.8737961195215
 20
47.43214764185921
 10
-15.927327595470425
 20
47.49896114952319
 10
-15.981274165203578
 20
47.5656168536564
 10
-16.035631806791756
 20
47.632115360384404
 10
-16.090396654775994
 20
47.6984572257475
 10
-16.145564990391428
 20
47.764642958812985
 10
-16.201133232606075
 20
47.83067302452839
 10
-16.56390501463398
 20
47.70625798222057
 10
-16.925721494225257
 20
47.57909154134745
 10
-17.28656180406847
 20
47.449181036073966
 10
-17.64640513315154
 20
47.31653395882547
 10
-18.005230727962015
 20
47.181157959855675
 10
-18.005957646534497
 20
47.09486038914483
 10
-18.006277205673037
 20
47.00869778473926
 10
-18.006186349776385
 20
46.922672071026454
 10
-18.005681888995245
 20
46.83678522619325
 10
-18.004760490508865
 20
46.7510392857395
 10
-18.00341866900856
 20
46.6654363463116
 10
-18.001652776293557
 20
46.57997856989376
 10
-17.999458989870377
 20
46.49466818840119
 10
-17.9968333004303
 20
46.40950750872543
 10
-17.993771498059626
 20
46.32449891829073
 10
-17.99026915701378
 20
46.239644891189435
 10
-17.986321618858042
 20
46.15494799497578
 10
-17.981923973743644
 20
46.070410898211605
 10
-17.977071039546722
 20
45.98603637887365
 10
-17.76764612922421
 20
46.067356946396046
 10
-17.557853374025463
 20
46.14772377806107
 10
-17.347697117305213
 20
46.22713521002832
 10
-17.137181709943807
 20
46.305589598237134
 10
-16.926311510257104
 20
46.38308531844058
 10
-16.978469141364975
 20
46.44958488235679
 10
-17.031075804234515
 20
46.51590530932765
 10
-17.084125774588284
 20
46.58204794256206
 10
-17.137613604742754
 20
46.648014027283494
 10
-17.191534102400407
 20
46.71380471821925
 10
-17.245882311614597
 20
46.779421086322664
 10
-17.300653495650494
 20
46.84486412482629
 10
-17.355843121506478
 20
46.91013475470863
 10
-17.411446845895885
 20
46.9752338296457
 10
-17.46746050251711
 20
47.04016214050766
 10
-17.523880090464388
 20
47.10492041945284
 10
-17.580701763651785
 20
47.16950934366417
 10
-17.637921821139596
 20
47.23392953876698
 10
-17.695536698267226
 20
47.29818158196231
 10
-18.05422150340006
 20
47.16243299392184
 10
-18.411865053962885
 20
47.023964371739865
 10
-18.768446723312714
 20
46.88278370142042
 10
-19.123945946049222
 20
46.73889912538151
 10
-19.478342219200826
 20
46.59231894198548
 10
-19.476358106880244
 20
46.50604112085221
 10
-19.473971075527114
 20
46.41991099489554
 10
-19.471178131494405
 20
46.33393058353212
 10
-19.46797614864317
 20
46.248101964168285
 10
-19.464361859733803
 20
46.162427275985905
 10
-19.460331847034663
 20
46.076908724073
 10
-19.4558825320547
 20
45.99154858393973
 10
-19.451010164292764
 20
45.906349206467404
 10
-19.4457108088797
 20
45.8213130233447
 10
-19.439980332969952
 20
45.736442553054374
 10
-19.433814390715906
 20
45.65174040748398
 10
-19.427208406630317
 20
45.567209299245775
 10
-19.420157557108695
 20
45.48285204980692
 10
-19.412656749842586
 20
45.39867159854781
 10
-19.205889518825774
 20
45.486530234682206
 10
-18.998724666874725
 20
45.57344715985709
 10
-18.791166482938504
 20
45.659420574624995
 10
-18.583219264109367
 20
45.74444869907205
 10
-18.374887315533773
 20
45.828529772854765
 10
-18.429108011780205
 20
45.89335821246567
 10
-18.4837718913908
 20
45.95799349909599
 10
-18.538873275103917
 20
46.02243715509577
 10
-18.59440675703755
 20
46.08669059618989
 10
-18.650367183727123
 20
46.15075513962987
 10
-18.706749635310914
 20
46.21463201151066
 10
-18.76354940858957
 20
46.278322353359115
 10
-18.82076200172687
 20
46.34182722808434
 10
-18.878383100393904
 20
46.40514762536705
 10
-18.936408565186728
 20
46.46828446655384
 10
-18.99483442017143
 20
46.53123860911323
 10
-19.053656842430705
 20
46.59401085070251
 10
-19.11287215250242
 20
46.65660193288763
 10
-19.172476805615233
 20
46.719012544553486
 10
-19.52672065525487
 20
46.572064378247646
 10
-19.879838325783673
 20
46.42243022656938
 10
-20.231809451583096
 20
46.27011871948064
 10
-20.582613733160137
 20
46.11513864135647
 10
-20.93223093831805
 20
45.95749893047837
 10
-20.92753775318372
 20
45.87132600471569
 10
-20.922446487050678
 20
45.785313357243616
 10
-20.916954211180474
 20
45.699463100515075
 10
-20.911057866229644
 20
45.613777409105694
 10
-20.904754253764082
 20
45.52825852376829
 10
-20.898040027002082
 20
45.44290875585634
 10
-20.890911680693883
 20
45.3577304921603
 10
-20.883365540031917
 20
45.27272620020754
 10
-20.87539774846986
 20
45.18789843408408
 10
-20.867004254308913
 20
45.103249840845784
 10
-20.858180795887243
 20
45.018783167597746
 10
-20.848922885180553
 20
44.93450126933327
 10
-20.83922578958892
 20
44.850407117640344
 10
-20.82908451164482
 20
44.76650381040223
 10
-20.625179014227406
 20
44.86081380928208
 10
-20.42084651222162
 20
44.95419505145528
 10
-20.21609123593817
 20
45.046645603643164
 10
-20.010917424440507
 20
45.1381635518352
 10
-19.805329325457045
 20
45.22874700132859
 10
-19.86155957756098
 20
45.291840338791125
 10
-19.918226727263104
 20
45.35472669785653
 10
-19.975325145922316
 20
45.41740777851358
 10
-20.032849474793082
 20
45.47988516559143
 10
-20.09079460432962
 20
45.54216033756588
 10
-20.149155655610432
 20
45.604234674463434
 10
-20.207927963613137
 20
45.666109464978746
 10
-20.267107062109687
 20
45.72778591290255
 10
-20.32668866998665
 20
45.78926514294353
 10
-20.38666867882282
 20
45.85054820601549
 10
-20.447043141579904
 20
45.91163608405095
 10
-20.507808262282012
 20
45.97252969439432
 10
-20.568960386575736
 20
46.033229893820334
 10
-20.630495993077275
 20
46.09373748221793
 10
-20.979949291312497
 20
45.93573475774559
 10
-21.328192597298873
 20
45.7750827474132
 10
-21.67520582654072
 20
45.611790716623865
 10
-22.02096896548549
 20
45.445868083040565
 10
-22.36546207267802
 20
45.27732441604297
 10
-22.358064446337057
 20
45.191341427924826
 10
-22.350273969889095
 20
45.10553114303597
 10
-22.342087782394593
 20
45.01989576478085
 10
-22.333502894324756
 20
44.934437562758404
 10
-22.32451617920746
 20
44.849158877080974
 10
-22.315124364513807
 20
44.764062123086504
 10
-22.305324021694545
 20
44.679149796490265
 10
-22.295111555262334
 20
44.59442447903054
 10
-22.284483190799595
 20
44.50988884467012
 10
-22.273434961752827
 20
44.42554566642561
 10
-22.26196269485173
 20
44.341397823908665
 10
-22.250061993964074
 20
44.25744831167601
 10
-22.237728222165035
 20
44.17370024850393
 10
-22.224956481759904
 20
44.0901568877213
 10
-22.024113948050037
 20
44.19082517676387
 10
-21.822815447499625
 20
44.29057857992343
 10
-21.62106514760623
 20
44.38941503199796
 10
-21.41886722522106
 20
44.48733248676921
 10
-21.21622586646247
 20
44.58432891704492
 10
-21.27441018195384
 20
44.64562488685235
 10
-21.333024678112245
 20
44.7067002571088
 10
-21.39206378247191
 20
44.76755690376409
 10
-21.451522188712215
 20
44.828196579187626
 10
-21.511394836248662
 20
44.888620921620365
 10
-21.5716768919149
 20
44.94883146365849
 10
-21.63236373346933
 20
45.00882963989267
 10
-21.693450934699683
 20
45.06861679380723
 10
-21.754934251932976
 20
45.12819418402891
 10
-21.816809611785242
 20
45.18756299000158
 10
-21.879073100009077
 20
45.24672431715271
 10
-21.94172095131614
 20
45.305679201608534
 10
-22.004749540068183
 20
45.36442861450705
 10
-22.06815537174411
 20
45.422973465951806
 10
-22.412473250359568
 20
45.25407211292611
 10
-22.75549851770443
 20
45.08256078807804
 10
-23.097211390226853
 20
44.90844938310802
 10
-23.437592160065705
 20
44.73174793967286
 10
-23.77662119618721
 20
44.552466648806565
 10
-23.766526429203687
 20
44.466758453161376
 10
-23.756044430700502
 20
44.381235215246924
 10
-23.74517241036043
 20
44.29589922724469
 10
-23.733907451419643
 20
44.210752851537066
 10
-23.722246502453455
 20
44.12579852528656
 10
-23.710186368415357
 20
44.041038765431914
 10
-23.697723700840196
 20
43.956476174150225
 10
-23.684854987109144
 20
43.87211344484287
 10
-23.671576538658265
 20
43.78795336871047
 10
-23.65788447799387
 20
43.70399884199383
 10
-23.643774724355712
 20
43.62025287396922
 10
-23.62924297784209
 20
43.536718595801624
 10
-23.61428470177934
 20
43.45339927037771
 10
-23.598895103079
 20
43.37029830326134
 10
-23.401313740409435
 20
43.477225535019194
 10
-23.203247898631382
 20
43.58325265459955
 10
-23.004701678316433
 20
43.68837746691522
 10
-22.805679189981497
 20
43.79259779555952
 10
-22.606184554003704
 20
43.89591148285138
 10
-22.6662655119878
 20
43.95534959328186
 10
-22.726769509171387
 20
44.01455370071263
 10
-22.787691034763387
 20
44.073525855203215
 10
-22.84902484010476
 20
44.1322679749339
 10
-22.91076591856652
 20
44.19078185629407
 10
-22.972909487507177
 20
44.2490691829371
 10
-23.03545097202752
 20
44.30713153393386
 10
-23.098385990299224
 20
44.36497039113645
 10
-23.1617103402777
 20
44.42258714584755
 10
-23.225419987636197
 20
44.47998310487713
 10
-23.289511054781055
 20
44.53715949605666
 10
-23.353979810827404
 20
44.5941174732717
 10
-23.418822662430202
 20
44.65085812106506
 10
-23.484036145379733
 20
44.70738245885681
 10
-23.822878804199235
 20
44.52774916252151
 10
-24.16034750837766
 20
44.345547784128556
 10
-24.496422794830973
 20
44.160788831913834
 10
-24.831085280838742
 20
43.97348296161805
 10
-25.164315665162043
 20
43.78364097587226
 10
-25.151533719852218
 20
43.69829215634146
 10
-25.13837054376083
 20
43.61314036651188
 10
-25.12482341994666
 20
43.52818798507995
 10
-25.110889507289368
 20
43.44343746488013
 10
-25.096565832423074
 20
43.3588913377199
 10
-25.08184928093679
 20
43.274552219654865
 10
-25.066736587753986
 20
43.19042281675598
 10
-25.051224326590887
 20
43.10650593142956
 10
-25.03530889837736
 20
43.02280446935958
 10
-25.01898651850616
 20
42.9393214471527
 10
-25.002253202754293
 20
42.856060000780104
 10
-24.985104751694063
 20
42.7730233949249
 10
-24.96753673338014
 20
42.690215033364076
 10
-24.9495444640605
 20
42.607638470535626
 10
-24.755419261381913
 20
42.72071912074048
 10
-24.56078154544927
 20
42.83291532077543
 10
-24.365635345861442
 20
42.94422474783434
 10
-24.169984702744447
 20
43.05464509747002
 10
-23.973833666667854
 20
43.16417408364189
 10
-24.035751974492804
 20
43.22169567645648
 10
-24.098085762561098
 20
43.27897009375533
 10
-24.160829587194808
 20
43.33599955768453
 10
-24.22397826257631
 20
43.392786150342225
 10
-24.28752684097302
 20
43.4493318244934
 10
-24.351470594988243
 20
43.50563841318702
 10
-24.415805001580004
 20
43.56170763841588
 10
-24.48052572762825
 20
43.617541118937424
 10
-24.54562861686373
 20
43.6731403773572
 10
-24.61110967799827
 20
43.72850684656161
 10
-24.676965073918698
 20
43.783641875574446
 10
-24.74319111182552
 20
43.83854673490179
 10
-24.80978423421311
 20
43.89322262142103
 10
-24.876741010601894
 20
43.94767066286265
 10
-25.209774052830152
 20
43.75748269959381
 10
-25.54135315297421
 20
43.56477107841902
 10
-25.871459187625547
 20
43.36954691373921
 10
-26.200073118332835
 20
43.171821464863086
 10
-26.52717599269999
 20
42.97160613535782
 10
-26.511719483300702
 20
42.88670092092198
 10
-26.4958881200867
 20
42.80200461371334
 10
-26.479679262174084
 20
42.71751967659577
 10
-26.46309014688981
 20
42.63324865043513
 10
-26.446117881861184
 20
42.549194159185305
 10
-26.428759436386283
 20
42.46535891543705
 10
-26.411011631999436
 20
42.38174572648454
 10
-26.39287113213323
 20
42.298357500973474
 10
-26.374334430763216
 20
42.21519725620357
 10
-26.355397839903517
 20
42.13226812617035
 10
-26.33605747580035
 20
42.04957337044506
 10
-26.316309243644355
 20
41.9671163840071
 10
-26.29614882059232
 20
41.884900708164665
 10
-26.275571636850973
 20
41.80293004272203
 10
-26.085094172301375
 20
41.92205251442454
 10
-25.894076666140876
 20
42.04030707081025
 10
-25.702523073018874
 20
42.15769126364645
 10
-25.510437358683394
 20
42.27420266271962
 10
-25.31782349989904
 20
42.389838855885735
 10
-25.38151805167051
 20
42.44538716421698
 10
-25.44562011470033
 20
42.500675368448874
 10
-25.510124317795995
 20
42.55570586062104
 10
-25.57502554309905
 20
42.6104808846947
 10
-25.640318906656148
 20
42.665002547883326
 10
-25.705999740980744
 20
42.71927283082249
 10
-25.772063579351812
 20
42.77329359672748
 10
-25.83850614163382
 20
42.827066599663546
 10
-25.90532332143459
 20
42.88059349203651
 10
-25.97251117444346
 20
42.933875831395135
 10
-26.040065907814498
 20
42.986915086624165
 10
-26.107983870477945
 20
43.039712643596424
 10
-26.176261544278418
 20
43.092269810342636
 10
-26.244895535851946
 20
43.1445878217908
 10
-26.571790298083855
 20
42.94403288414651
 10
-26.89715256565373
 20
42.74100120329362
 10
-27.220963573701066
 20
42.53550448882956
 10
-27.543204646832315
 20
42.32755459251946
 10
-27.863857200197934
 20
42.11716350761264
 10
-27.84574138041787
 20
42.032785689467694
 10
-27.8272574537254
 20
41.94862844990971
 10
-27.80840285790018
 20
41.86469433353943
 10
-27.789174911442885
 20
41.780985966746634
 10
-27.769570805828426
 20
41.697506063042056
 10
-27.749587597054877
 20
41.61425742887459
 10
-27.72922219640419
 20
41.53124296999122
 10
-27.70847136031813
 20
41.44846569840651
 10
-27.68733167927791
 20
41.3659287400582
 10
-27.665799565558647
 20
41.28363534323784
 10
-27.643871239708556
 20
41.201588887899895
 10
-27.621542715577707
 20
41.11979289596963
 10
-27.598809783691117
 20
41.038251042791615
 10
-27.575667992724096
 20
40.95696716988517
 10
-27.38902624456438
 20
41.08201390358759
 10
-27.201817459392785
 20
41.206210113353954
 10
-27.014045513006472
 20
41.32955322794108
 10
-26.82571429286177
 20
41.452040693767444
 10
-26.636827697993674
 20
41.57366997496609
 10
-26.702235634879006
 20
41.6271901793401
 10
-26.768042711873278
 20
41.680437607722475
 10
-26.83424363557013
 20
41.73341481968575
 10
-26.900833361120984
 20
41.786124218839696
 10
-26.96780707317161
 20
41.838568064766676
 10
-27.035160168751837
 20
41.890748483734264
 10
-27.102888241869717
 20
41.94266747834143
 10
-27.17098706959823
 20
41.99432693623022
 10
-27.239452599474763
 20
42.04572863797599
 10
-27.30828093805873
 20
42.096874264252726
 10
-27.377468340514522
 20
42.14776540235655
 10
-27.447011201105283
 20
42.198403552159306
 10
-27.516906044497862
 20
42.248790131554216
 10
-27.587149517792735
 20
42.29892648144806
 10
-27.90758339436445
 20
42.08820249293849
 10
-28.22640773608351
 20
41.875051120164194
 10
-28.54360415515609
 20
41.65948465636314
 10
-28.859154357676744
 20
41.44151553406061
 10
-29.173040144683508
 20
41.221156324352236
 10
-29.15228289264964
 20
41.13738917321763
 10
-29.13116464388277
 20
41.05385405434531
 10
-29.109682917354665
 20
40.97055359156169
 10
-29.087835115386092
 20
40.88749049418853
 10
-29.065618516071208
 20
40.8046675626155
 10
-29.043030265013467
 20
40.72208769438002
 10
-29.020067366290643
 20
40.639753890814255
 10
-28.996726672554658
 20
40.55766926432913
 10
-28.9730048741572
 20
40.475837046415506
 10
-28.94889848717501
 20
40.39426059645525
 10
-28.924403840188173
 20
40.31294341145049
 10
-28.899517059640026
 20
40.23188913679662
 10
-28.874234053578075
 20
40.15110157824743
 10
-28.848550493539122
 20
40.070584715246206
 10
-28.665928654641192
 20
40.20143230491945
 10
-28.48271334292747
 20
40.33144760140183
 10
-28.29890835151795
 20
40.46062791297717
 10
-28.114517485740798
 20
40.58897056521605
 10
-27.929544563053568
 20
40.71647290103115
 10
-27.996601335315855
 20
40.76791218346779
 10
-28.06404848263457
 20
40.81906628721748
 10
-28.131880794613455
 20
40.86993793685966
 10
-28.20009330439246
 20
40.92052969328061
 10
-28.268681269968653
 20
40.970843966201656
 10
-28.33764015743082
 20
41.020883025423956
 10
-28.406965625864252
 20
41.07064901095388
 10
-28.476653513717967
 20
41.12014394214737
 10
-28.54669982645822
 20
41.16936972599213
 10
-28.61710072535685
 20
41.21832816462873
 10
-28.687852517284266
 20
41.267020962198195
 10
-28.758951645394944
 20
41.31544973109121
 10
-28.83039468060771
 20
41.36361599766422
 10
-28.902178313796384
 20
41.411521207479424
 10
-29.21583507515818
 20
41.19083612724021
 10
-29.527806849893278
 20
40.967775417215364
 10
-29.83807564542106
 20
40.74235194215143
 10
-30.146623567378075
 20
40.514578703064466
 10
-30.4534328206501
 20
40.28446883649022
 10
-30.430054621264134
 20
40.20139502043079
 10
-30.40632289158475
 20
40.118564461321135
 10
-30.382235234224336
 20
40.03597985962397
 10
-30.357789137887302
 20
39.95364400491921
 10
-30.33298196997327
 20
39.871559781711866
 10
-30.307810968508026
 20
39.78973017576835
 10
-30.28227323332176
 20
39.708158281044014
 10
-30.25636571638261
 20
39.626847307274616
 10
-30.230085211178967
 20
39.54580058831503
 10
-30.203428341027404
 20
39.465021591322156
 10
-30.17639154616312
 20
39.38451392689463
 10
-30.14897106944546
 20
39.30428136030042
 10
-30.121162940482673
 20
39.22432782394676
 10
-30.092962957944735
 20
39.14465743127363
 10
-29.91454125401538
 20
39.2811767461441
 10
-29.735500227152343
 20
39.4168828199418
 10
-29.55584358405509
 20
39.55177284313396
 10
-29.375575044168233
 20
39.685844023082595
 10
-29.194698339604532
 20
39.819093584102234
 10
-29.2633377703054
 20
39.86840118024008
 10
-29.332358425757153
 20
39.917411476432584
 10
-29.40175518371564
 20
39.96612735957729
 10
-29.47152316021105
 20
40.01455154530968
 10
-29.541657691271503
 20
40.06268659111191
 10
-29.612154316519188
 20
40.11053490807876
 10
-29.683008764400597
 20
40.158098771512044
 10
-29.754216938847726
 20
40.20538033048876
 10
-29.825774907197818
 20
40.25238161652694
 10
-29.8976788892235
 20
40.2991045514553
 10
-29.969925247145877
 20
40.34555095457797
 10
-30.042510476520935
 20
40.39172254921322
 10
-30.11543119790355
 20
40.43762096867438
 10
-30.188684149206605
 20
40.483247761752544
 10
-30.49525425400326
 20
40.252819379314246
 10
-30.800065583277547
 20
40.02006946602919
 10
-31.10310055741855
 20
39.78501144545657
 10
-31.404341699264396
 20
39.54765887427274
 10
-31.703771635110233
 20
39.30802544148943
 10
-31.67779555983248
 20
39.22572694433201
 10
-31.651473769592602
 20
39.143682688746615
 10
-31.624803953009557
 20
39.06189544916721
 10
-31.597783687649738
 20
38.98036809267893
 10
-31.57041043281629
 20
38.89910358505542
 10
-31.54268152168305
 20
38.81810499734551
 10
-31.514594152694762
 20
38.73737551307441
 10
-31.486145380143817
 20
38.65691843613506
 10
-31.457332103819738
 20
38.57673719945625
 10
-31.428151057611316
 20
38.496835374548205
 10
-31.398598796921927
 20
38.4172166820429
 10
-31.368671684734753
 20
38.337885003364995
 10
-31.338365876137107
 20
38.25884439369434
 10
-31.307677301078325
 20
38.18009909640813
 10
-31.133631812798207
 20
38.32215540839423
 10
-30.958941762663486
 20
38.4634183339964
 10
-30.783610767295027
 20
38.60388494863797
 10
-30.60764245658325
 20
38.743552344228355
 10
-30.43104047361294
 20
38.88241762922325
 10
-30.50119482392123
 20
38.929544878417886
 10
-30.571720872452048
 20
38.97636299980795
 10
-30.64261359016841
 20
39.02287503976006
 10
-30.713868180810607
 20
39.06908386597888
 10
-30.78548006304061
 20
39.114992181183524
 10
-30.85744485441586
 20
39.16060253538287
 10
-30.92975835695955
 20
39.20591733692876
 10
-31.002416544128977
 20
39.25093886249836
 10
-31.075415549013446
 20
39.29566926613518
 10
-31.148751653616984
 20
39.34011058745944
 10
-31.222421279101464
 20
39.38426475914297
 10
-31.29642097688283
 20
39.42813361373093
 10
-31.370747420487117
 20
39.47171888988162
 10
-31.44539739808556
 20
39.515022238086544
 10
-31.744578298636295
 20
39.27507795844269
 10
-32.04192837046809
 20
39.0328685379616
 10
-32.337430464288694
 20
38.78840794576768
 10
-32.631067537385654
 20
38.54171028081884
 10
-32.922822654609234
 20
38.292789771093325
 10
-32.89427433868986
 20
38.211347811518586
 10
-32.8653884643186
 20
38.1301708272324
 10
-32.836162808401994
 20
38.04926166390192
 10
-32.8065950397591
 20
37.96862326328806
 10
-32.77668271210395
 20
37.88825866950623
 10
-32.74642325639025
 20
37.808171035856915
 10
-32.715813972442106
 20
37.72836363229344
 10
-32.68485201978321
 20
37.648839853605374
 10
-32.653534407563754
 20
37.56960322840753
 10
-32.62185798346801
 20
37.49065742903885
 10
-32.58981942146693
 20
37.412006282492776
 10
-32.557415208256835
 20
37.3336537825202
 10
-32.524641628198545
 20
37.255604103071605
 10
-32.49149474653742
 20
37.17786161327371
 10
-32.32199723579071
 20
37.325314729946186
 10
-32.1518305603732
 20
37.47199509790014
 10
-31.980998243258
 20
37.6178996804012
 10
-31.80950382119906
 20
37.763025456776134
 10
-31.637350844657934
 20
37.90736942247538
 10
-31.70895088069974
 20
37.95226981582158
 10
-31.78091272161444
 20
37.996849558575825
 10
-31.853231436535264
 20
38.041111853567365
 10
-31.925902321645953
 20
38.08505971774001
 10
-31.99892088276356
 20
38.12869599638253
 10
-32.07228281970569
 20
38.17202337590139
 10
-32.145984012215166
 20
38.21504439532168
 10
-32.220020507248286
 20
38.25776145667393
 10
-32.29438850746259
 20
38.30017683440136
 10
-32.36908436076273
 20
38.34229268390286
 10
-32.444104550783194
 20
38.3841110493106
 10
-32.51944568820325
 20
38.42563387058812
 10
-32.59510450280291
 20
38.4668629900229
 10
-32.671077836181446
 20
38.50780015817799
 10
-32.96257427705796
 20
38.25857677736375
 10
-33.252169642825876
 20
38.007146881142354
 10
-33.539847231435886
 20
37.753524970417565
 10
-33.825590451444036
 20
37.497725672514825
 10
-34.10938282296869
 20
37.23976374033767
 10
-34.078290440148834
 20
37.15925869172712
 10
-34.04686898851675
 20
37.07902909062299
 10
-34.01511633546053
 20
36.999077851117384
 10
-33.98303024335246
 20
36.91940798674374
 10
-33.95060836273162
 20
36.84002261695512
 10
-33.917848224866994
 20
36.760924974191724
 10
-33.88474723362674
 20
36.682118411607924
 10
-33.85130265656909
 20
36.60360641153969
 10
-33.8175116151565
 20
36.525392594805524
 10
-33.78337107397967
 20
36.44748073094894
 10
-33.748877828859534
 20
36.36987474954808
 10
-33.71402849367275
 20
36.2925787527387
 10
-33.67881948572053
 20
36.21559702912272
 10
-33.64324700942739
 20
36.1389340692646
 10
-33.47846474979352
 20
36.29163847219953
 10
-33.31298938305738
 20
36.44359152669103
 10
-33.1468243350676
 20
36.59479008684393
 10
-32.9799730459513
 20
36.74523102238338
 10
-32.8124389700429
 20
36.89491121871971
 10
-32.88541403122702
 20
36.937540444950145
 10
-32.95874064687668
 20
36.97983781424464
 10
-33.03241398916148
 20
37.02180668273431
 10
-33.10642945135073
 20
37.06345021362472
 10
-33.180782630851745
 20
37.104771391966366
 10
-33.2554693139861
 20
37.14577303791213
 10
-33.3304854622824
 20
37.18645781865465
 10
-33.40582720009715
 20
37.226828259207295
 10
-33.48149080340363
 20
37.2668867521684
 10
-33.557472689611295
 20
37.30663556658838
 10
-33.6337694082975
 20
37.34607685604246
 10
-33.710377632749655
 20
37.38521266599806
 10
-33.78729415222907
 20
37.4240449405537
 10
-33.86451586488004
 20
37.46257552861639
 10
-34.148040174287985
 20
37.204319000019524
 10
-34.42959503832928
 20
36.94391675900988
 10
-34.70916421868047
 20
36.68138382395996
 10
-34.986731591539865
 20
36.416735336127346
 10
-35.26228114855757
 20
36.149986558781485
 10
-35.228675383265234
 20
36.07049786989859
 10
-35.19474936355154
 20
35.9912948289066
 10
-35.160501049390724
 20
35.912380415446606
 10
-35.12592829891657
 20
35.833757711850666
 10
-35.09102886181189
 20
35.75542990983092
 10
-35.055800372097224
 20
35.67740031777727
 10
-35.020240340246886
 20
35.59967236873599
 10
-34.984346144550216
 20
35.522249629152775
 10
-34.94811502162273
 20
35.44513580847655
 10
-34.91154405595713
 20
35.36833476973527
 10
-34.874630168386446
 20
35.29185054121379
 10
-34.83737010330938
 20
35.21568732938439
 10
-34.79976041450325
 20
35.13984953326812
 10
-34.76179744931749
 20
35.06434176043554
 10
-34.601893060992296
 20
35.22214674882343
 10
-34.44127230714642
 20
35.37922253053321
 10
-34.279938513123064
 20
35.5355658536135
 10
-34.117895019027564
 20
35.691173481277055
 10
-33.9551451796582
 20
35.846042191967776
 10
-34.02942324840963
 20
35.88635818118285
 10
-34.104042274277425
 20
35.926331434620714
 10
-34.178997537232064
 20
35.96596545840229
 10
-34.25428453217468
 20
36.00526355887316
 10
-34.329898952447714
 20
36.04422885789968
 10
-34.40583667503507
 20
36.08286430659798
 10
-34.48209374723664
 20
36.12117269769607
 10
-34.558666374633916
 20
36.15915667669827
 10
-34.635550910191085
 20
36.19681875199682
 10
-34.712743844357995
 20
36.23416130405438
 10
-34.79024179606001
 20
36.2711865937639
 10
-34.86804150447575
 20
36.30789677007809
 10
-34.94613982151645
 20
36.34429387698788
 10
-35.024533704932544
 20
36.380379859919614
 10
-35.29980607860884
 20
36.11334505155415
 10
-35.573042580265245
 20
35.844227451329395
 10
-35.844227451329395
 20
35.573042580265245
 10
-36.11334505155415
 20
35.29980607860884
 10
-36.38037985991961
 20
35.02453370493255
 10
-36.34429387698787
 20
34.946139821516454
 10
-36.30789677007808
 20
34.868041504475755
 10
-36.27118659376389
 20
34.790241796060016
 10
-36.234161304054375
 20
34.712743844358
 10
-36.196818751996815
 20
34.63555091019109
 10
-36.15915667669826
 20
34.55866637463392
 10
-36.12117269769606
 20
34.48209374723665
 10
-36.082864306597976
 20
34.405836675035076
 10
-36.044228857899675
 20
34.32989895244772
 10
-36.00526355887315
 20
34.25428453217469
 10
-35.96596545840228
 20
34.17899753723207
 10
-35.926331434620714
 20
34.104042274277425
 10
-35.88635818118284
 20
34.029423248409636
 10
-35.84604219196777
 20
33.95514517965821
 10
-35.69117348127705
 20
34.117895019027564
 10
-35.535565853613505
 20
34.279938513123064
 10
-35.37922253053322
 20
34.44127230714641
 10
-35.22214674882343
 20
34.601893060992296
 10
-35.064341760435546
 20
34.76179744931748
 10
-35.13984953326813
 20
34.79976041450324
 10
-35.215687329384394
 20
34.83737010330937
 10
-35.291850541213805
 20
34.87463016838643
 10
-35.368334769735284
 20
34.91154405595712
 10
-35.445135808476564
 20
34.94811502162272
 10
-35.52224962915279
 20
34.98434614455021
 10
-35.599672368735995
 20
35.02024034024688
 10
-35.677400317777284
 20
35.05580037209721
 10
-35.75542990983094
 20
35.091028861811886
 10
-35.83375771185068
 20
35.12592829891656
 10
-35.91238041544661
 20
35.16050104939071
 10
-35.991294828906604
 20
35.19474936355152
 10
-36.0704978698986
 20
35.22867538326522
 10
-36.1499865587815
 20
35.262281148557555
 10
-36.41673533612736
 20
34.98673159153986
 10
-36.681383823959976
 20
34.709164218680456
 10
-36.943916759009895
 20
34.42959503832927
 10
-37.20431900001954
 20
34.14804017428798
 10
-37.462575528616405
 20
33.864515864880026
 10
-37.42404494055371
 20
33.78729415222906
 10
-37.38521266599807
 20
33.71037763274964
 10
-37.346076856042465
 20
33.63376940829749
 10
-37.3066355665884
 20
33.55747268961129
 10
-37.26688675216842
 20
33.481490803403624
 10
-37.22682825920731
 20
33.405827200097136
 10
-37.18645781865466
 20
33.33048546228239
 10
-37.14577303791214
 20
33.25546931398609
 10
-37.10477139196638
 20
33.18078263085173
 10
-37.06345021362473
 20
33.10642945135072
 10
-37.02180668273432
 20
33.03241398916147
 10
-36.97983781424465
 20
32.95874064687666
 10
-36.93754044495016
 20
32.885414031227015
 10
-36.89491121871972
 20
32.812438970042884
 10
-36.7452310223834
 20
32.979973045951276
 10
-36.59479008684394
 20
33.14682433506758
 10
-36.443591526691044
 20
33.312989383057364
 10
-36.29163847219954
 20
33.478464749793496
 10
-36.13893406926461
 20
33.643247009427384
 10
-36.215597029122726
 20
33.678819485720524
 10
-36.2925787527387
 20
33.71402849367274
 10
-36.36987474954809
 20
33.74887782885952
 10
-36.447480730948946
 20
33.783371073979666
 10
-36.52539259480553
 20
33.817511615156484
 10
-36.60360641153969
 20
33.85130265656908
 10
-36.68211841160793
 20
33.884747233626726
 10
-36.760924974191724
 20
33.91784822486699
 10
-36.840022616955125
 20
33.95060836273161
 10
-36.91940798674375
 20
33.983030243352445
 10
-36.99907785111739
 20
34.015116335460526
 10
-37.079029090622996
 20
34.04686898851674
 10
-37.159258691727125
 20
34.07829044014882
 10
-37.23976374033768
 20
34.10938282296868
 10
-37.49772567251483
 20
33.82559045144403
 10
-37.753524970417565
 20
33.53984723143588
 10
-38.007146881142354
 20
33.25216964282587
 10
-38.25857677736376
 20
32.96257427705795
 10
-38.507800158178
 20
32.67107783618144
 10
-38.46686299002291
 20
32.5951045028029
 10
-38.42563387058813
 20
32.51944568820324
 10
-38.384111049310604
 20
32.44410455078319
 10
-38.34229268390287
 20
32.36908436076271
 10
-38.30017683440137
 20
32.29438850746258
 10
-38.25776145667393
 20
32.22002050724828
 10
-38.215044395321684
 20
32.14598401221515
 10
-38.17202337590139
 20
32.072282819705684
 10
-38.12869599638254
 20
31.998920882763546
 10
-38.085059717740016
 20
31.925902321645946
 10
-38.04111185356737
 20
31.85323143653525
 10
-37.996849558575825
 20
31.78091272161443
 10
-37.95226981582159
 20
31.70895088069973
 10
-37.907369422475384
 20
31.637350844657927
 10
-37.763025456776134
 20
31.809503821199055
 10
-37.617899680401194
 20
31.980998243258
 10
-37.471995097900134
 20
32.15183056037319
 10
-37.32531472994618
 20
32.321997235790704
 10
-37.17786161327372
 20
32.49149474653741
 10
-37.25560410307161
 20
32.52464162819853
 10
-37.33365378252021
 20
32.55741520825682
 10
-37.41200628249278
 20
32.58981942146692
 10
-37.490657429038855
 20
32.621857983468004
 10
-37.56960322840754
 20
32.65353440756374
 10
-37.64883985360538
 20
32.6848520197832
 10
-37.728363632293444
 20
32.71581397244209
 10
-37.80817103585692
 20
32.74642325639024
 10
-37.888258669506236
 20
32.776682712103934
 10
-37.968623263288066
 20
32.80659503975909
 10
-38.04926166390193
 20
32.83616280840199
 10
-38.1301708272324
 20
32.865388464318585
 10
-38.21134781151859
 20
32.89427433868985
 10
-38.29278977109333
 20
32.92282265460922
 10
-38.54171028081885
 20
32.63106753738564
 10
-38.78840794576769
 20
32.33743046428868
 10
-39.032868537961605
 20
32.04192837046808
 10
-39.275077958442694
 20
31.74457829863628
 10
-39.51502223808655
 20
31.445397398085547
 10
-39.47171888988163
 20
31.370747420487103
 10
-39.42813361373093
 20
31.296420976882814
 10
-39.38426475914298
 20
31.222421279101457
 10
-39.34011058745945
 20
31.148751653616973
 10
-39.295669266135185
 20
31.075415549013435
 10
-39.250938862498366
 20
31.002416544128966
 10
-39.20591733692877
 20
30.929758356959535
 10
-39.16060253538288
 20
30.85744485441585
 10
-39.11499218118353
 20
30.7854800630406
 10
-39.06908386597889
 20
30.713868180810596
 10
-39.022875039760066
 20
30.6426135901684
 10
-38.976362999807954
 20
30.571720872452037
 10
-38.92954487841789
 20
30.50119482392122
 10
-38.882417629223255
 20
30.431040473612928
 10
-38.74355234422837
 20
30.607642456583235
 10
-38.60388494863798
 20
30.783610767295013
 10
-38.463418333996415
 20
30.958941762663468
 10
-38.322155408394245
 20
31.133631812798196
 10
-38.180099096408135
 20
31.307677301078314
 10
-38.258844393694346
 20
31.338365876137097
 10
-38.337885003365
 20
31.368671684734743
 10
-38.4172166820429
 20
31.398598796921917
 10
-38.49683537454821
 20
31.428151057611306
 10
-38.576737199456254
 20
31.457332103819727
 10
-38.656918436135065
 20
31.486145380143807
 10
-38.73737551307442
 20
31.51459415269475
 10
-38.818104997345515
 20
31.54268152168304
 10
-38.89910358505543
 20
31.570410432816278
 10
-38.98036809267894
 20
31.597783687649724
 10
-39.061895449167224
 20
31.624803953009547
 10
-39.14368268874662
 20
31.65147376959259
 10
-39.22572694433202
 20
31.677795559832468
 10
-39.30802544148943
 20
31.703771635110222
 10
-39.54765887427275
 20
31.404341699264382
 10
-39.78501144545657
 20
31.103100557418543
 10
-40.02006946602919
 20
30.80006558327754
 10
-40.25281937931425
 20
30.495254254003246
 10
-40.483247761752544
 20
30.188684149206594
 10
-40.43762096867439
 20
30.11543119790354
 10
-40.39172254921323
 20
30.042510476520924
 10
-40.34555095457797
 20
29.969925247145866
 10
-40.29910455145531
 20
29.897678889223485
 10
-40.25238161652695
 20
29.825774907197808
 10
-40.205380330488765
 20
29.754216938847716
 10
-40.15809877151205
 20
29.683008764400586
 10
-40.11053490807877
 20
29.612154316519177
 10
-40.06268659111192
 20
29.541657691271492
 10
-40.014551545309686
 20
29.47152316021104
 10
-39.96612735957729
 20
29.40175518371563
 10
-39.91741147643259
 20
29.332358425757143
 10
-39.868401180240085
 20
29.26333777030539
 10
-39.81909358410224
 20
29.19469833960452
 10
-39.685844023082595
 20
29.375575044168233
 10
-39.55177284313397
 20
29.55584358405509
 10
-39.4168828199418
 20
29.735500227152343
 10
-39.2811767461441
 20
29.91454125401538
 10
-39.14465743127362
 20
30.092962957944746
 10
-39.22432782394676
 20
30.121162940482684
 10
-39.304281360300415
 20
30.14897106944547
 10
-39.38451392689462
 20
30.17639154616313
 10
-39.46502159132215
 20
30.203428341027415
 10
-39.545800588315025
 20
30.230085211178977
 10
-39.62684730727461
 20
30.25636571638262
 10
-39.70815828104401
 20
30.28227323332177
 10
-39.78973017576834
 20
30.307810968508036
 10
-39.87155978171186
 20
30.332981969973286
 10
-39.953644004919205
 20
30.357789137887313
 10
-40.035979859623964
 20
30.382235234224346
 10
-40.11856446132113
 20
30.40632289158476
 10
-40.20139502043078
 20
30.430054621264144
 10
-40.28446883649021
 20
30.45343282065011
 10
-40.51457870306446
 20
30.146623567378086
 10
-40.74235194215142
 20
29.83807564542107
 10
-40.96777541721536
 20
29.527806849893288
 10
-41.1908361272402
 20
29.21583507515819
 10
-41.41152120747942
 20
28.902178313796394
 10
-41.36361599766421
 20
28.83039468060772
 10
-41.315449731091206
 20
28.758951645394955
 10
-41.26702096219819
 20
28.687852517284277
 10
-41.21832816462872
 20
28.61710072535686
 10
-41.16936972599212
 20
28.546699826458234
 10
-41.120143942147365
 20
28.476653513717977
 10
-41.07064901095387
 20
28.406965625864263
 10
-41.02088302542395
 20
28.33764015743083
 10
-40.97084396620165
 20
28.268681269968663
 10
-40.920529693280606
 20
28.20009330439247
 10
-40.86993793685965
 20
28.131880794613465
 10
-40.819066287217474
 20
28.06404848263458
 10
-40.76791218346779
 20
27.996601335315866
 10
-40.716472901031146
 20
27.92954456305358
 10
-40.58897056521605
 20
28.1145174857408
 10
-40.46062791297717
 20
28.29890835151795
 10
-40.33144760140183
 20
28.48271334292747
 10
-40.20143230491944
 20
28.665928654641192
 10
-40.07058471524622
 20
28.84855049353911
 10
-40.15110157824744
 20
28.874234053578064
 10
-40.231889136796624
 20
28.899517059640015
 10
-40.3129434114505
 20
28.924403840188162
 10
-40.39426059645526
 20
28.948898487175
 10
-40.47583704641552
 20
28.97300487415719
 10
-40.55766926432914
 20
28.996726672554647
 10
-40.63975389081427
 20
29.020067366290633
 10
-40.722087694380036
 20
29.043030265013456
 10
-40.80466756261551
 20
29.065618516071197
 10
-40.88749049418854
 20
29.08783511538608
 10
-40.9705535915617
 20
29.109682917354654
 10
-41.053854054345315
 20
29.131164643882755
 10
-41.13738917321764
 20
29.15228289264963
 10
-41.22115632435225
 20
29.173040144683497
 10
-41.44151553406063
 20
28.859154357676733
 10
-41.659484656363155
 20
28.54360415515608
 10
-41.87505112016421
 20
28.226407736083498
 10
-42.08820249293851
 20
27.907583394364437
 10
-42.29892648144808
 20
27.587149517792724
 10
-42.24879013155423
 20
27.51690604449785
 10
-42.19840355215931
 20
27.44701120110527
 10
-42.14776540235656
 20
27.37746834051451
 10
-42.09687426425273
 20
27.30828093805872
 10
-42.045728637976005
 20
27.239452599474753
 10
-41.99432693623024
 20
27.17098706959822
 10
-41.94266747834144
 20
27.102888241869707
 10
-41.89074848373428
 20
27.035160168751826
 10
-41.83856806476669
 20
26.9678070731716
 10
-41.78612421883971
 20
26.900833361120974
 10
-41.733414819685756
 20
26.834243635570118
 10
-41.68043760772248
 20
26.768042711873267
 10
-41.62719017934011
 20
26.702235634878996
 10
-41.57366997496609
 20
26.636827697993663
 10
-41.45204069376745
 20
26.825714292861747
 10
-41.32955322794109
 20
27.01404551300645
 10
-41.20621011335397
 20
27.201817459392768
 10
-41.082013903587594
 20
27.38902624456436
 10
-40.956967169885175
 20
27.575667992724085
 10
-41.038251042791615
 20
27.598809783691106
 10
-41.11979289596964
 20
27.621542715577693
 10
-41.2015888878999
 20
27.643871239708545
 10
-41.28363534323785
 20
27.665799565558636
 10
-41.36592874005821
 20
27.6873316792779
 10
-41.448465698406515
 20
27.708471360318118
 10
-41.531242969991226
 20
27.72922219640418
 10
-41.614257428874595
 20
27.749587597054866
 10
-41.69750606304206
 20
27.769570805828415
 10
-41.78098596674664
 20
27.789174911442874
 10
-41.86469433353944
 20
27.808402857900166
 10
-41.94862844990971
 20
27.82725745372539
 10
-42.0327856894677
 20
27.84574138041786
 10
-42.11716350761265
 20
27.863857200197923
 10
-42.32755459251947
 20
27.543204646832304
 10
-42.53550448882957
 20
27.220963573701056
 10
-42.74100120329363
 20
26.89715256565372
 10
-42.944032884146516
 20
26.571790298083844
 10
-43.1445878217908
 20
26.244895535851935
 10
-43.09226981034264
 20
26.176261544278407
 10
-43.039712643596424
 20
26.107983870477934
 10
-42.98691508662417
 20
26.040065907814483
 10
-42.93387583139514
 20
25.97251117444345
 10
-42.88059349203652
 20
25.90532332143458
 10
-42.82706659966355
 20
25.83850614163381
 10
-42.773293596727484
 20
25.7720635793518
 10
-42.7192728308225
 20
25.705999740980733
 10
-42.66500254788333
 20
25.640318906656137
 10
-42.61048088469471
 20
25.575025543099038
 10
-42.555705860621046
 20
25.510124317795984
 10
-42.50067536844888
 20
25.445620114700315
 10
-42.44538716421698
 20
25.3815180516705
 10
-42.38983885588574
 20
25.317823499899028
 10
-42.27420266271962
 20
25.510437358683397
 10
-42.157691263646456
 20
25.702523073018877
 10
-42.04030707081025
 20
25.89407666614088
 10
-41.92205251442454
 20
26.085094172301375
 10
-41.80293004272204
 20
26.275571636850962
 10
-41.884900708164665
 20
26.29614882059231
 10
-41.967116384007106
 20
26.31630924364434
 10
-42.04957337044507
 20
26.336057475800338
 10
-42.13226812617036
 20
26.355397839903507
 10
-42.21519725620357
 20
26.374334430763202
 10
-42.29835750097348
 20
26.39287113213322
 10
-42.381745726484546
 20
26.411011631999425
 10
-42.46535891543705
 20
26.428759436386272
 10
-42.54919415918532
 20
26.446117881861174
 10
-42.633248650435135
 20
26.4630901468898
 10
-42.71751967659578
 20
26.479679262174074
 10
-42.80200461371335
 20
26.495888120086686
 10
-42.88670092092199
 20
26.511719483300688
 10
-42.971606135357824
 20
26.52717599269998
 10
-43.17182146486309
 20
26.200073118332824
 10
-43.369546913739214
 20
25.871459187625536
 10
-43.56477107841903
 20
25.5413531529742
 10
-43.757482699593815
 20
25.20977405283014
 10
-43.947670662862656
 20
24.876741010601883
 10
-43.89322262142104
 20
24.809784234213097
 10
-43.8385467349018
 20
24.743191111825507
 10
-43.78364187557445
 20
24.676965073918687
 10
-43.728506846561615
 20
24.61110967799826
 10
-43.6731403773572
 20
24.54562861686372
 10
-43.617541118937424
 20
24.48052572762824
 10
-43.56170763841589
 20
24.415805001579994
 10
-43.50563841318703
 20
24.351470594988232
 10
-43.4493318244934
 20
24.287526840973005
 10
-43.39278615034223
 20
24.2239782625763
 10
-43.33599955768454
 20
24.160829587194797
 10
-43.27897009375534
 20
24.098085762561084
 10
-43.22169567645648
 20
24.035751974492793
 10
-43.164174083641896
 20
23.973833666667844
 10
-43.05464509747003
 20
24.169984702744433
 10
-42.944224747834355
 20
24.36563534586142
 10
-42.83291532077544
 20
24.560781545449256
 10
-42.72071912074049
 20
24.755419261381896
 10
-42.60763847053563
 20
24.949544464060494
 10
-42.69021503336408
 20
24.96753673338013
 10
-42.773023394924905
 20
24.985104751694053
 10
-42.85606000078011
 20
25.00225320275428
 10
-42.93932144715271
 20
25.01898651850615
 10
-43.022804469359585
 20
25.035308898377348
 10
-43.10650593142956
 20
25.051224326590877
 10
-43.190422816755984
 20
25.066736587753976
 10
-43.27455221965487
 20
25.08184928093678
 10
-43.3588913377199
 20
25.096565832423064
 10
-43.44343746488013
 20
25.110889507289357
 10
-43.52818798507996
 20
25.12482341994665
 10
-43.61314036651188
 20
25.138370543760818
 10
-43.69829215634146
 20
25.151533719852207
 10
-43.78364097587227
 20
25.16431566516203
 10
-43.97348296161806
 20
24.83108528083873
 10
-44.16078883191384
 20
24.496422794830963
 10
-44.34554778412856
 20
24.16034750837765
 10
-44.527749162521516
 20
23.822878804199224
 10
-44.70738245885682
 20
23.48403614537972
 10
-44.65085812106506
 20
23.41882266243019
 10
-44.5941174732717
 20
23.353979810827393
 10
-44.53715949605667
 20
23.289511054781045
 10
-44.47998310487713
 20
23.225419987636187
 10
-44.42258714584755
 20
23.16171034027769
 10
-44.36497039113646
 20
23.098385990299214
 10
-44.30713153393387
 20
23.03545097202751
 10
-44.2490691829371
 20
22.972909487507167
 10
-44.19078185629408
 20
22.910765918566508
 10
-44.13226797493391
 20
22.84902484010475
 10
-44.07352585520322
 20
22.787691034763373
 10
-44.01455370071264
 20
22.726769509171376
 10
-43.955349593281866
 20
22.66626551198779
 10
-43.89591148285139
 20
22.60618455400369
 10
-43.79259779555952
 20
22.805679189981497
 10
-43.68837746691521
 20
23.00470167831643
 10
-43.58325265459954
 20
23.20324789863138
 10
-43.47722553501919
 20
23.401313740409435
 10
-43.37029830326135
 20
23.598895103078984
 10
-43.45339927037771
 20
23.614284701779326
 10
-43.53671859580163
 20
23.629242977842075
 10
-43.62025287396922
 20
23.643774724355698
 10
-43.70399884199384
 20
23.657884477993857
 10
-43.787953368710475
 20
23.67157653865825
 10
-43.87211344484287
 20
23.68485498710913
 10
-43.95647617415023
 20
23.697723700840182
 10
-44.041038765431914
 20
23.710186368415346
 10
-44.12579852528657
 20
23.72224650245344
 10
-44.21075285153707
 20
23.73390745141963
 10
-44.295899227244696
 20
23.745172410360418
 10
-44.38123521524693
 20
23.756044430700488
 10
-44.46675845316139
 20
23.766526429203676
 10
-44.55246664880657
 20
23.776621196187197
 10
-44.731747939672864
 20
23.43759216006569
 10
-44.90844938310802
 20
23.09721139022684
 10
-45.08256078807804
 20
22.755498517704417
 10
-45.25407211292612
 20
22.412473250359554
 10
-45.42297346595181
 20
22.068155371744094
 10
-45.36442861450705
 20
22.004749540068165
 10
-45.30567920160854
 20
21.941720951316125
 10
-45.24672431715272
 20
21.87907310000906
 10
-45.18756299000159
 20
21.816809611785228
 10
-45.128194184028914
 20
21.754934251932962
 10
-45.06861679380723
 20
21.693450934699673
 10
-45.008829639892674
 20
21.632363733469315
 10
-44.94883146365849
 20
21.571676891914887
 10
-44.88862092162037
 20
21.51139483624865
 10
-44.82819657918763
 20
21.4515221887122
 10
-44.76755690376409
 20
21.392063782471897
 10
-44.70670025710881
 20
21.33302467811223
 10
-44.64562488685235
 20
21.274410181953826
 10
-44.58432891704493
 20
21.216225866462455
 10
-44.48733248676921
 20
21.418867225221042
 10
-44.38941503199798
 20
21.62106514760621
 10
-44.290578579923434
 20
21.822815447499604
 10
-44.19082517676388
 20
22.024113948050015
 10
-44.09015688772131
 20
22.224956481759893
 10
-44.173700248503934
 20
22.237728222165025
 10
-44.257448311676015
 20
22.250061993964064
 10
-44.341397823908665
 20
22.261962694851718
 10
-44.42554566642562
 20
22.273434961752816
 10
-44.50988884467012
 20
22.28448319079958
 10
-44.59442447903054
 20
22.295111555262324
 10
-44.67914979649027
 20
22.305324021694535
 10
-44.76406212308651
 20
22.315124364513796
 10
-44.84915887708098
 20
22.32451617920745
 10
-44.934437562758404
 20
22.333502894324745
 10
-45.019895764780856
 20
22.342087782394582
 10
-45.105531143035975
 20
22.350273969889084
 10
-45.19134142792483
 20
22.358064446337046
 10
-45.27732441604298
 20
22.365462072678007
 10
-45.445868083040565
 20
22.020968965485476
 10
-45.61179071662387
 20
21.675205826540708
 10
-45.77508274741321
 20
21.328192597298862
 10
-45.93573475774559
 20
20.979949291312483
 10
-46.09373748221794
 20
20.63049599307726
 10
-46.03322989382034
 20
20.568960386575725
 10
-45.972529694394325
 20
20.507808262282
 10
-45.911636084050954
 20
20.447043141579893
 10
-45.85054820601549
 20
20.386668678822808
 10
-45.789265142943535
 20
20.326688669986638
 10
-45.727785912902554
 20
20.267107062109677
 10
-45.66610946497875
 20
20.207927963613127
 10
-45.604234674463434
 20
20.14915565561042
 10
-45.54216033756588
 20
20.090794604329606
 10
-45.47988516559144
 20
20.03284947479307
 10
-45.41740777851358
 20
19.975325145922305
 10
-45.354726697856535
 20
19.918226727263093
 10
-45.29184033879113
 20
19.861559577560968
 10
-45.2287470013286
 20
19.805329325457034
 10
-45.1381635518352
 20
20.010917424440496
 10
-45.04664560364317
 20
20.21609123593816
 10
-44.95419505145529
 20
20.420846512221605
 10
-44.86081380928207
 20
20.6251790142274
 10
-44.76650381040223
 20
20.82908451164482
 10
-44.850407117640344
 20
20.839225789588916
 10
-44.93450126933327
 20
20.84892288518055
 10
-45.018783167597746
 20
20.85818079588724
 10
-45.103249840845784
 20
20.867004254308913
 10
-45.18789843408408
 20
20.875397748469858
 10
-45.27272620020754
 20
20.883365540031917
 10
-45.3577304921603
 20
20.89091168069388
 10
-45.44290875585634
 20
20.898040027002082
 10
-45.52825852376829
 20
20.904754253764082
 10
-45.613777409105694
 20
20.91105786622964
 10
-45.699463100515075
 20
20.91695421118047
 10
-45.785313357243616
 20
20.922446487050674
 10
-45.87132600471569
 20
20.927537753183717
 10
-45.95749893047837
 20
20.932230938318046
 10
-46.11513864135647
 20
20.582613733160134
 10
-46.27011871948064
 20
20.231809451583093
 10
-46.42243022656938
 20
19.87983832578367
 10
-46.572064378247646
 20
19.526720655254866
 10
-46.719012544553486
 20
19.17247680561523
 10
-46.65660193288763
 20
19.112872152502415
 10
-46.59401085070251
 20
19.0536568424307
 10
-46.53123860911323
 20
18.994834420171426
 10
-46.46828446655384
 20
18.936408565186724
 10
-46.40514762536705
 20
18.878383100393904
 10
-46.34182722808434
 20
18.82076200172687
 10
-46.278322353359115
 20
18.763549408589565
 10
-46.21463201151066
 20
18.706749635310914
 10
-46.15075513962987
 20
18.65036718372712
 10
-46.08669059618989
 20
18.59440675703755
 10
-46.02243715509577
 20
18.538873275103914
 10
-45.95799349909599
 20
18.483771891390795
 10
-45.89335821246567
 20
18.4291080117802
 10
-45.828529772854765
 20
18.374887315533773
 10
-45.74444869907205
 20
18.583219264109367
 10
-45.659420574624995
 20
18.7911664829385
 10
-45.57344715985709
 20
18.998724666874722
 10
-45.4865302346822
 20
19.205889518825774
 10
-45.39867159854781
 20
19.412656749842576
 10
-45.48285204980692
 20
19.420157557108684
 10
-45.567209299245775
 20
19.427208406630307
 10
-45.65174040748398
 20
19.433814390715895
 10
-45.736442553054374
 20
19.43998033296994
 10
-45.8213130233447
 20
19.44571080887969
 10
-45.906349206467404
 20
19.451010164292754
 10
-45.99154858393973
 20
19.45588253205469
 10
-46.076908724073
 20
19.460331847034652
 10
-46.162427275985905
 20
19.464361859733792
 10
-46.248101964168285
 20
19.46797614864316
 10
-46.33393058353212
 20
19.471178131494394
 10
-46.41991099489554
 20
19.473971075527103
 10
-46.50604112085221
 20
19.476358106880234
 10
-46.59231894198548
 20
19.478342219200815
 10
-46.73889912538151
 20
19.123945946049208
 10
-46.88278370142042
 20
18.768446723312703
 10
-47.023964371739865
 20
18.411865053962874
 10
-47.16243299392184
 20
18.054221503400047
 10
-47.29818158196231
 20
17.695536698267215
 10
-47.23392953876698
 20
17.637921821139585
 10
-47.16950934366417
 20
17.580701763651774
 10
-47.10492041945284
 20
17.523880090464377
 10
-47.04016214050766
 20
17.4674605025171
 10
-46.9752338296457
 20
17.411446845895874
 10
-46.91013475470863
 20
17.355843121506467
 10
-46.84486412482629
 20
17.300653495650483
 10
-46.779421086322664
 20
17.245882311614587
 10
-46.71380471821925
 20
17.191534102400396
 10
-46.648014027283494
 20
17.137613604742743
 10
-46.58204794256206
 20
17.084125774588273
 10
-46.51590530932765
 20
17.031075804234504
 10
-46.44958488235679
 20
16.978469141364965
 10
-46.38308531844058
 20
16.926311510257094
 10
-46.30558959823715
 20
17.13718170994379
 10
-46.22713521002833
 20
17.347697117305195
 10
-46.14772377806107
 20
17.55785337402544
 10
-46.067356946396046
 20
17.767646129224193
 10
-45.98603637887365
 20
17.97707103954671
 10
-46.070410898211605
 20
17.981923973743633
 10
-46.15494799497578
 20
17.98632161885803
 10
-46.239644891189435
 20
17.99026915701377
 10
-46.32449891829073
 20
17.993771498059616
 10
-46.40950750872543
 20
17.99683330043029
 10
-46.49466818840119
 20
17.999458989870366
 10
-46.57997856989376
 20
18.001652776293547
 10
-46.6654363463116
 20
18.00341866900855
 10
-46.7510392857395
 20
18.004760490508854
 10
-46.83678522619325
 20
18.005681888995234
 10
-46.922672071026454
 20
18.006186349776375
 10
-47.00869778473926
 20
18.006277205673026
 10
-47.09486038914483
 20
18.005957646534487
 10
-47.181157959855675
 20
18.005230727962005
 10
-47.31653395882547
 20
17.646405133151532
 10
-47.449181036073966
 20
17.286561804068455
 10
-47.57909154134745
 20
16.925721494225243
 10
-47.70625798222057
 20
16.56390501463397
 10
-47.83067302452839
 20
16.201133232606065
 10
-47.764642958812985
 20
16.145564990391417
 10
-47.6984572257475
 20
16.090396654775983
 10
-47.632115360384404
 20
16.035631806791745
 10
-47.5656168536564
 20
15.981274165203567
 10
-47.49896114952319
 20
15.927327595470414
 10
-47.43214764185921
 20
15.87379611952149
 10
-47.365175671051226
 20
15.820683926444415
 10
-47.29804452027042
 20
15.767995384197318
 10
-47.23075341137773
 20
15.715735052473683
 10
-47.163301500415145
 20
15.663907696869243
 10
-47.09568787262784
 20
15.612518304524635
 10
-47.027911536952296
 20
15.561572101446155
 10
-46.95997141989537
 20
15.511074571742638
 10
-46.891866358714836
 20
15.461031479058155
 10
-46.821032471010355
 20
15.67423182642754
 10
-46.749229244049026
 20
15.887107669029978
 10
-46.67645816437832
 20
16.099654599681344
 10
-46.6027207385832
 20
16.311868218007
 10
-46.528018493255004
 20
16.523744130532883
 10
-46.61250381320789
 20
16.525944402400476
 10
-46.69713732938914
 20
16.527684503162853
 10
-46.78191642796727
 20
16.528969699645174
 10
-46.86683859591926
 20
16.529804983095048
 10
-46.951901413282805
 20
16.53019509029736
 10
-47.03710254620235
 20
16.530144522525976
 10
-47.12243974066829
 20
16.52965756260806
 10
-47.20791081686281
 20
16.528738290335195
 10
-47.29351366403946
 20
16.52739059642084
 10
-47.37924623587358
 20
16.525618195175166
 10
-47.465106546229535
 20
16.523424636044325
 10
-47.55109266529832
 20
16.520813314141122
 10
-47.63720271606476
 20
16.517787479877196
 10
-47.723434871069735
 20
16.514350247792528
 10
-47.847473085846445
 20
16.15144944886372
 10
-47.96875175765396
 20
15.787617135355474
 10
-48.08726389189708
 20
15.422874290839916
 10
-48.20300265353718
 20
15.057241951402911
 10
-48.3159613674864
 20
14.690741204430827
 10
-48.248218442953885
 20
14.637274436275396
 10
-48.18033248925355
 20
14.584212267019044
 10
-48.112303154150254
 20
14.531558290531075
 10
-48.04413004563712
 20
14.479316239731574
 10
-47.975812729365195
 20
14.427489995637771
 10
-47.90735072583986
 20
14.37608359723316
 10
-47.83874350735581
 20
14.325101252257248
 10
-47.76999049463879
 20
14.27454734902898
 10
-47.70109105315715
 20
14.224426469433846
 10
-47.63204448906029
 20
14.174743403225406
 10
-47.56285004469465
 20
14.125503163816585
 10
-47.493506893638546
 20
14.076711005765024
 10
-47.42401413518858
 20
14.028372444192712
 10
-47.354370788216684
 20
13.980493276422324
 10
-47.290268637506436
 20
14.195813368471528
 10
-47.2251874329087
 20
14.410839563559161
 10
-47.15912852180441
 20
14.625567409982194
 10
-47.09209327181604
 20
14.839992462214328
 10
-47.024083070779255
 20
15.054110280998046
 10
-47.1085958145363
 20
15.053655719133612
 10
-47.193242227072105
 20
15.052736558274601
 10
-47.2780198612799
 20
15.051358144749745
 10
-47.36292636215561
 20
15.049525546279723
 10
-47.44795945971701
 20
15.04724357332497
 10
-47.533116962648606
 20
15.044516798246407
 10
-47.61839675257985
 20
15.041349572558044
 10
-47.70379677891791
 20
15.037746042508058
 10
-47.7893150541681
 20
15.033710163190225
 10
-47.874949649684815
 20
15.029245711358547
 10
-47.96069869180325
 20
15.024356297093759
 10
-48.046560358309705
 20
15.019045374450146
 10
-48.13253287521312
 20
15.013316251193942
 10
-48.21861451378616
 20
15.007172097730166
 10
-48.33119253362712
 20
14.640554233958024
 10
-48.44098311258673
 20
14.27309199459203
 10
-48.54797991863112
 20
13.904806572555728
 10
-48.65217678085378
 20
13.535719208248693
 10
-48.75356768983141
 20
13.165851188321518
 10
-48.68417876056957
 20
13.114538659470352
 10
-48.61465958147474
 20
13.06363502252786
 10
-48.54500991337171
 20
13.013143880653969
 10
-48.475229481700886
 20
12.963068977240018
 10
-48.405317974233355
 20
12.91341420503143
 10
-48.33527503857865
 20
12.864183616079988
 10
-48.26510027946012
 20
12.815381432624555
 10
-48.19479325572979
 20
12.767012059014158
 10
-48.1243534770896
 20
12.719080094804518
 10
-48.05378040048115
 20
12.671590349180116
 10
-47.98307342609981
 20
12.624547856878536
 10
-47.91223189298134
 20
12.577957895823138
 10
-47.84125507410096
 20
12.531826006706318
 10
-47.77014217091302
 20
12.48615801480809
 10
-47.712835018280614
 20
12.703385356602173
 10
-47.65454006333806
 20
12.920349699280878
 10
-47.59525851297006
 20
13.137046551015564
 10
-47.53499159448691
 20
13.353471425515474
 10
-47.473740555599
 20
13.569619842120623
 10
-47.55819731928547
 20
13.566510895121848
 10
-47.64277309238613
 20
13.562933379742244
 10
-47.727465596933975
 20
13.558892716537937
 10
-47.81227263826791
 20
13.55439404470146
 10
-47.89719209862605
 20
13.549442243621439
 10
-47.98222193139548
 20
13.544041952233496
 10
-48.06736015593534
 20
13.538197586444053
 10
-48.1526048529014
 20
13.531913354866047
 10
-48.23795416001221
 20
13.52519327307037
 10
-48.32340626820452
 20
13.518041176527639
 10
-48.40895941813348
 20
13.510460732390476
 10
-48.494611896978974
 20
13.502455450245908
 10
-48.58036203552476
 20
13.494028691950398
 10
-48.666208205481354
 20
13.48518368064519
 10
-48.76721492947269
 20
13.115210559598948
 10
-48.86540906553814
 20
12.744481035241202
 10
-48.96078495045412
 20
12.373016488932068
 10
-49.05333708353616
 20
12.000838344423117
 10
-49.143060126956115
 20
11.627968066621815
 10
-49.07209367146072
 20
11.57886041634585
 10
-49.001009874007984
 20
11.530165547461213
 10
-48.92980860871873
 20
11.481887068862557
 10
-48.8584897187516
 20
11.434028730718214
 10
-48.787053014305826
 20
11.386594433660113
 10
-48.71549827044284
 20
11.339588238809453
 10
-48.64382522470478
 20
11.293014378737617
 10
-48.57203357450529
 20
11.246877269477135
 10
-48.50012297426379
 20
11.20118152371477
 10
-48.42809303224995
 20
11.15593196531983
 10
-48.35594330710007
 20
11.11113364538588
 10
-48.283673303959624
 20
11.066791859993337
 10
-48.21128247019992
 20
11.022912169936994
 10
-48.138770190645836
 20
10.979500422705371
 10
-48.088314591332136
 20
11.198420637084155
 10
-48.036863416127254
 20
11.417109009742129
 10
-47.98441773022862
 20
11.635561013157936
 10
-47.930978619423115
 20
11.85377212470378
 10
-47.876547190064535
 20
12.071737826739064
 10
-47.96086462505125
 20
12.065977562761283
 10
-48.04528629263968
 20
12.059745223436849
 10
-48.12981008625063
 20
12.05304629819984
 10
-48.214433973731886
 20
12.04588599264288
 10
-48.299155991631835
 20
12.038269250267419
 10
-48.38397424005994
 20
12.030200772005708
 10
-48.468886878059635
 20
12.021685033798624
 10
-48.55389211942951
 20
12.012726302470458
 10
-48.638988228939176
 20
12.003328650106342
 10
-48.72417351889307
 20
11.993495967108368
 10
-48.80944634600252
 20
11.983231974081992
 10
-48.89480510853137
 20
11.972540232683459
 10
-48.98024824368553
 20
11.9614241555417
 10
-49.06577422522027
 20
11.94988701535335
 10
-49.15510997192009
 20
11.576923755836082
 10
-49.2416107593342
 20
11.203292811768414
 10
-49.32527159863823
 20
10.829015731846194
 10
-49.40608766479826
 20
10.454114102030347
 10
-49.48405429684907
 20
10.078609544301932
 10
-49.411580350443806
 20
10.031755235923153
 10
-49.33900208575922
 20
9.985317191052955
 10
-49.26631949033634
 20
9.93929902075918
 10
-49.19353252520686
 20
9.893704478286184
 10
-49.12064112318547
 20
9.84853746830296
 10
-49.0476451870075
 20
9.803802056992271
 10
-48.974544587292854
 20
9.759502483080988
 10
-48.901339160315445
 20
9.715643169927064
 10
-48.82802870555318
 20
9.672228738796125
 10
-48.75461298299045
 20
9.629264023481738
 10
-48.68109171014001
 20
9.58675408644863
 10
-48.60746455874543
 20
9.544704236707673
 10
-48.533731151119476
 20
9.503120049668233
 10
-48.45989105606464
 20
9.462007389256566
 10
-48.4163368036546
 20
9.68240442839902
 10
-48.37178018428554
 20
9.902601012015019
 10
-48.3262221204164
 20
10.122592581358603
 10
-48.27966355523912
 20
10.342374581928235
 10
-48.23210545265906
 20
10.561942463561104
 10
-48.316200347817464
 20
10.553536567289422
 10
-48.4003845959001
 20
10.54465555458663
 10
-48.48465626379455
 20
10.535304978347357
 10
-48.56901348386293
 20
10.525490105427025
 10
-48.653454448901634
 20
10.515215938561267
 10
-48.73797740761746
 20
10.504487236039715
 10
-48.82258066055493
 20
10.49330852942048
 10
-48.907262556418196
 20
10.481684139528376
 10
-48.99202148874038
 20
10.46961819094411
 10
-49.07685589285922
 20
10.457114625161898
 10
-49.16176424316391
 20
10.444177212568242
 10
-49.246745050583016
 20
10.430809563373673
 10
-49.33179686028682
 20
10.417015137611747
 10
-49.4169182495816
 20
10.402797254304723
 10
-49.494494855393555
 20
10.027211926025176
 10
-49.56921692832251
 20
9.651048290880366
 10
-49.64108015886669
 20
9.274328043635924
 10
-49.710080402404444
 20
8.897072911159386
 10
-49.7762136794333
 20
8.519304651167122
 10
-49.702303765153395
 20
8.47474992423111
 10
-49.6283026592217
 20
8.430614532119103
 10
-49.55421046261183
 20
8.38690208450845
 10
-49.48002725426689
 20
8.343616334015527
 10
-49.4057530896834
 20
8.300761185492949
 10
-49.331387999366534
 20
8.258340706172227
 10
-49.25693198714169
 20
8.216359136752596
 10
-49.18238502830457
 20
8.174820903552114
 10
-49.107747067589536
 20
8.133730631854638
 10
-49.0330180169325
 20
8.093093160607626
 10
-48.95819775300147
 20
8.052913558650923
 10
-48.88328611446206
 20
8.013197142686508
 10
-48.808282898941236
 20
7.973949497236061
 10
-48.73318785964465
 20
7.9351764968765846
 10
-48.696577936927035
 20
8.15683285551393
 10
-48.658959845397725
 20
8.378320342644578
 10
-48.62033436386683
 20
8.599634372796903
 10
-48.580702292000524
 20
8.820770364090363
 10
-48.54006445030448
 20
9.041723738330354
 10
-48.623853814125944
 20
9.030680505369533
 10
-48.70771756301362
 20
9.019159583775705
 10
-48.79165393922958
 20
9.007166584424006
 10
-48.87566124149347
 20
8.994706830234911
 10
-48.959737820633116
 20
8.981785378241138
 10
-49.043882075680976
 20
8.96840703939384
 10
-49.12809245035983
 20
8.954576396396265
 10
-49.21236742990905
 20
8.94029781980962
 10
-49.29670553821064
 20
8.92557548263972
 10
-49.38110533517973
 20
8.910413373583118
 10
-49.465565414389026
 20
8.89481530908646
 10
-49.55008440090131
 20
8.878784944351715
 10
-49.63466094928701
 20
8.862325783402426
 10
-49.71929374180743
 20
8.845441188311009
 10
-49.785034647987516
 20
8.467604448643225
 10
-49.847904264766655
 20
8.089279350514376
 10
-49.90789896621858
 20
7.710487713349757
 10
-49.965015292224194
 20
7.3312513834817175
 10
-50.01924994867104
 20
6.951592232889701
 10
-49.94397700667862
 20
6.9093810575327845
 10
-49.86862608965714
 20
6.867591874482455
 10
-49.793197411913035
 20
6.826228288463247
 10
-49.717691170223056
 20
6.785294047760181
 10
-49.64210754271067
 20
6.7447930535558775
 10
-49.566446687620854
 20
6.704729370116723
 10
-49.49070874198068
 20
6.665107235929266
 10
-49.414893820132086
 20
6.625931075903422
 10
-49.33900201212034
 20
6.587205514776687
 10
-49.26303338191985
 20
6.548935391874952
 10
-49.18698796547556
 20
6.511125777410843
 10
-49.11086576853437
 20
6.473781990530505
 10
-49.034666764237166
 20
6.436909619356683
 10
-48.95839089043627
 20
6.400514543319631
 10
-48.92876142698482
 20
6.623211473386789
 10
-48.898118987809916
 20
6.8457712826228
 10
-48.866464207304226
 20
7.068189363355671
 10
-48.833797740818994
 20
7.290461110847623
 10
-48.800120264650445
 20
7.5125819233904325
 10
-48.88352140714889
 20
7.498912252078138
 10
-48.966981893446444
 20
7.484762791351947
 10
-49.050500142914366
 20
7.470139204530252
 10
-49.13407462230874
 20
7.455046865345492
 10
-49.217703842116414
 20
7.4394908801367965
 10
-49.30138635327543
 20
7.42347610776901
 10
-49.38512074422272
 20
7.407007177567941
 10
-49.4689056382277
 20
7.39008850551797
 10
-49.55273969097807
 20
7.372724308931773
 10
-49.63662158838753
 20
7.3549186197718806
 10
-49.72055004460024
 20
7.336675296778699
 10
-49.8045238001701
 20
7.3179980365384
 10
-49.88854162039549
 20
7.298890383606468
 10
-49.97260229379318
 20
7.279355739787509
 10
-50.02644262200399
 20
6.89964046797676
 10
-50.07739773791189
 20
6.519527268059982
 10
-50.12546470274449
 20
6.139038062588999
 10
-50.170640744299924
 20
5.758194795801281
 10
-50.212923257106674
 20
5.377019432354342
 10
-50.13636157270769
 20
5.3371934659103815
 10
-50.05973520685427
 20
5.297791732800132
 10
-49.98304448697427
 20
5.258817829237882
 10
-49.90628972748381
 20
5.220275495478197
 10
-49.82947122895756
 20
5.182168625183704
 10
-49.75258927722411
 20
5.144501275644724
 10
-49.675644142377024
 20
5.107277678952245
 10
-49.59863607769155
 20
5.07050225424119
 10
-49.52156531843507
 20
5.034179621138634
 10
-49.44443208055733
 20
4.99831461457307
 10
-49.36723655924475
 20
4.962912301126222
 10
-49.28997892731982
 20
4.927977997139042
 10
-49.21265933346385
 20
4.893517288820541
 10
-49.1352779002372
 20
4.85953605465193
 10
-49.11265813675513
 20
5.08305378116545
 10
-49.08902159032259
 20
5.306466272845078
 10
-49.06436875028874
 20
5.529768904365673
 10
-49.03870012704313
 20
5.7529570526765355
 10
-49.01201625200511
 20
5.976026097097131
 10
-49.09494686632204
 20
5.95974347774859
 10
-49.1779217246058
 20
5.94297944169949
 10
-49.26093942489674
 20
5.925739699122464
 10
-49.34399860350051
 20
5.908029669258694
 10
-49.427097932032936
 20
5.88985450271438
 10
-49.51023611476772
 20
5.871219101472944
 10
-49.59341188624894
 20
5.852128136914173
 10
-49.67662400913479
 20
5.832586066087573
 10
-49.75987127224527
 20
5.812597146450703
 10
-49.84315248878952
 20
5.792165449253013
 10
-49.92646649475217
 20
5.771294871720561
 10
-50.00981214742115
 20
5.749989148175633
 10
-50.09318832404127
 20
5.728251860207606
 10
-50.17659392058033
 20
5.7060864459961085
 10
-50.21848053691816
 20
5.324867375172092
 10
-50.25747086540729
 20
4.94334119930408
 10
-50.29356265732947
 20
4.561529922435514
 10
-50.32675383113588
 20
4.179455565052672
 10
-50.35704247256723
 20
3.797140162814674
 10
-50.27926760290077
 20
3.759738708704302
 10
-50.201441409187304
 20
3.722763310287682
 10
-50.12356433165295
 20
3.686217551719831
 10
-50.0456368020429
 20
3.6501051615336744
 10
-49.96765924308642
 20
3.614430022029274
 10
-49.889632067913645
 20
3.5791961795168303
 10
-49.81155567941803
 20
3.5444078555152054
 10
-49.73343046955823
 20
3.510069459023178
 10
-49.65525681859155
 20
3.4761855999983897
 10
-49.57703509422993
 20
3.442761104200443
 10
-49.49876565070867
 20
3.409801029580053
 10
-49.42044882775527
 20
3.377310684426397
 10
-49.34208494944476
 20
3.3452956475218327
 10
-49.26367432292457
 20
3.313761790597186
 10
-49.248086582387536
 20
3.5378797285466215
 10
-49.23147925511502
 20
3.7619244215134957
 10
-49.21385268492974
 20
3.9858912310841568
 10
-49.19520723675588
 20
4.209775520457379
 10
-49.175543296611494
 20
4.433572654540345
 10
-49.257921540242904
 20
4.414693156135031
 10
-49.340328884345425
 20
4.395331088842655
 10
-49.422764107012036
 20
4.375492204054842
 10
-49.505226015443775
 20
4.355181961173381
 10
-49.587713443696394
 20
4.334405549988513
 10
-49.67022525065798
 20
4.313167910764575
 10
-49.75276031822861
 20
4.291473752325238
 10
-49.835317549676354
 20
4.269327568386573
 10
-49.91789586814883
 20
4.2467336523494215
 10
-50.000494215321815
 20
4.22369611073232
 10
-50.083111550169136
 20
4.200218875400885
 10
-50.165746847840495
 20
4.176305714728197
 10
-50.24839909863514
 20
4.151960243802924
 10
-50.33106730706149
 20
4.127185933786652
 10
-50.36095887449302
 20
3.744839281147134
 10
-50.387945936816536
 20
3.3622766496012577
 10
-50.41202693758707
 20
2.9795201029687433
 10
-50.43320048796315
 20
2.5965917162531182
 10
-50.45146536678678
 20
2.2135135743685717
 10
-50.37255406625933
 20
2.1785735433114635
 10
-50.29360484974295
 20
2.1440609698426165
 10
-50.21461826982754
 20
2.109979422520647
 10
-50.13559487516134
 20
2.0763326144772316
 10
-50.05653521021098
 20
2.0431244128185035
 10
-49.97743981500043
 20
2.0103588488813218
 10
-49.89830922482544
 20
1.9780401294462955
 10
-49.819143969941294
 20
1.9461726490249085
 10
-49.73994457521989
 20
1.9147610033558973
 10
-49.6607115597725
 20
1.8838100042675314
 10
-49.581445436533734
 20
1.853324696087933
 10
-49.50214671180083
 20
1.8233103738158598
 10
-49.42281588472268
 20
1.7937726033014376
 10
-49.343453446730706
 20
1.7647172437304088
 10
-49.33491311235667
 20
1.9892142157690915
 10
-49.32535139367116
 20
2.2136700049604965
 10
-49.31476848863116
 20
2.4380799643800177
 10
-49.3031646163353
 20
2.6624394480518667
 10
-49.2905400170194
 20
2.8867438110452657
 10
-49.372284592584485
 20
2.8652860653687533
 10
-49.454043096406295
 20
2.8433450748559075
 10
-49.53581448783633
 20
2.820926626441416
 10
-49.61759774614817
 20
2.798036214299903
 10
-49.699391868988116
 20
2.774679062283954
 10
-49.7811958709848
 20
2.7508601440633758
 10
-49.863008782497744
 20
2.726584201258687
 10
-49.9448296484872
 20
2.7018557598177626
 10
-50.026657527491125
 20
2.676679144847661
 10
-50.10849149069641
 20
2.6510584940833666
 10
-50.190330621093416
 20
2.6249977701497818
 10
-50.27217401270503
 20
2.5985007717518456
 10
-50.354020769881394
 20
2.571571143909867
 10
-50.435870006653964
 20
2.5442123873417684
 10
-50.45373702581101
 20
2.161115482871632
 10
-50.46869418899658
 20
1.7778939387778805
 10
-50.48074063357505
 20
1.3945698568821865
 10
-50.48987566478287
 20
1.0111653449199625
 10
-50.49609875576855
 20
0.627702515265323
 10
-50.41612890030665
 20
0.5952583888537705
 10
-50.3361345743324
 20
0.5632427000759566
 10
-50.25611644225416
 20
0.531658998372361
 10
-50.17607516908171
 20
0.5005109778089971
 10
-50.0960114204818
 20
0.46980248648170275
 10
-50.01592586283924
 20
0.4395375367755554
 10
-49.93581916332384
 20
0.40972031658132346
 10
-49.85569198996417
 20
0.3803552015863454
 10
-49.77554501172877
 20
0.35144676877501246
 10
-49.695378898615964
 20
0.3229998112955681
 10
-49.61519432175341
 20
0.29501935487539854
 10
-49.53499195350844
 20
0.2675106759973187
 10
-49.45477246761126
 20
0.24047932208639655
 10
-49.374536539292244
 20
0.21393113400098684
 10
-49.373052039360154
 20
0.43858558872136144
 10
-49.37054536552361
 20
0.6632309633722417
 10
-49.36701656967845
 20
0.8878626071040197
 10
-49.3624657248816
 20
1.1124758693513594
 10
-49.356892925349534
 20
1.3370660999294655
 10
-49.437923160821335
 20
1.3130512831861134
 10
-49.51895213858999
 20
1.2885530225614665
 10
-49.59997900029249
 20
1.2635771348222693
 10
-49.68100289828228
 20
1.238129143493894
 10
-49.76202299478545
 20
1.2122143013359608
 10
-49.84303846114358
 20
1.1858376105153334
 10
-49.924048477132544
 20
1.159003840769971
 10
-50.00505223034733
 20
1.131717545812989
 10
-50.08604891564535
 20
1.1039830781893032
 10
-50.16703773464117
 20
1.0758046027669022
 10
-50.24801789524673
 20
1.0471861090193397
 10
-50.32898861125215
 20
1.018131422234553
 10
-50.409949101942374
 20
0.988644213767295
 10
-50.49089859174625
 20
0.9587280104370395
 10
-50.49672343003801
 20
0.5752589245291481
 10
-50.49963593317137
 20
0.1917566612846436
 10
-50.49963593317137
 20
-0.1917566612846759
 10
-50.49672343003801
 20
-0.5752589245291804
 10
-50.49089859174625
 20
-0.9587280104370719
 10
-50.409949101942374
 20
-0.9886442137673275
 10
-50.32898861125215
 20
-1.0181314222345854
 10
-50.24801789524673
 20
-1.0471861090193721
 10
-50.16703773464117
 20
-1.0758046027669346
 10
-50.08604891564535
 20
-1.1039830781893356
 10
-50.00505223034733
 20
-1.1317175458130209
 10
-49.924048477132544
 20
-1.159003840770003
 10
-49.84303846114358
 20
-1.1858376105153654
 10
-49.76202299478545
 20
-1.2122143013359927
 10
-49.68100289828228
 20
-1.2381291434939259
 10
-49.59997900029249
 20
-1.2635771348223013
 10
-49.51895213858999
 20
-1.2885530225614985
 10
-49.437923160821335
 20
-1.3130512831861454
 10
-49.356892925349534
 20
-1.337066099929497
 10
-49.3624657248816
 20
-1.112475869351378
 10
-49.36701656967845
 20
-0.8878626071040384
 10
-49.370545365523604
 20
-0.6632309633722606
 10
-49.373052039360154
 20
-0.43858558872138037
 10
-49.374536539292244
 20
-0.21393113400099661
 10
-49.45477246761126
 20
-0.24047932208640632
 10
-49.53499195350844
 20
-0.2675106759973287
 10
-49.61519432175341
 20
-0.29501935487540853
 10
-49.695378898615964
 20
-0.3229998112955781
 10
-49.77554501172877
 20
-0.35144676877502246
 10
-49.85569198996417
 20
-0.3803552015863554
 10
-49.93581916332384
 20
-0.40972031658133345
 10
-50.01592586283924
 20
-0.4395375367755654
 10
-50.0960114204818
 20
-0.46980248648171297
 10
-50.17607516908171
 20
-0.5005109778090073
 10
-50.25611644225416
 20
-0.5316589983723712
 10
-50.3361345743324
 20
-0.5632427000759668
 10
-50.41612890030665
 20
-0.5952583888537807
 10
-50.49609875576855
 20
-0.6277025152653332
 10
-50.48987566478287
 20
-1.0111653449199722
 10
-50.48074063357505
 20
-1.3945698568821965
 10
-50.46869418899658
 20
-1.7778939387778905
 10
-50.45373702581101
 20
-2.161115482871642
 10
-50.435870006653964
 20
-2.5442123873417786
 10
-50.354020769881394
 20
-2.5715711439098774
 10
-50.27217401270503
 20
-2.598500771751856
 10
-50.190330621093416
 20
-2.624997770149792
 10
-50.10849149069641
 20
-2.651058494083377
 10
-50.026657527491125
 20
-2.6766791448476717
 10
-49.9448296484872
 20
-2.701855759817773
 10
-49.863008782497744
 20
-2.7265842012586967
 10
-49.7811958709848
 20
-2.7508601440633855
 10
-49.699391868988116
 20
-2.7746790622839637
 10
-49.61759774614817
 20
-2.7980362142999127
 10
-49.53581448783633
 20
-2.820926626441426
 10
-49.454043096406295
 20
-2.8433450748559173
 10
-49.372284592584485
 20
-2.865286065368763
 10
-49.2905400170194
 20
-2.8867438110452754
 10
-49.3031646163353
 20
-2.662439448051886
 10
-49.31476848863116
 20
-2.438079964380037
 10
-49.32535139367116
 20
-2.213670004960515
 10
-49.33491311235667
 20
-1.9892142157691102
 10
-49.343453446730706
 20
-1.764717243730419
 10
-49.42281588472268
 20
-1.7937726033014478
 10
-49.50214671180083
 20
-1.8233103738158705
 10
-49.581445436533734
 20
-1.8533246960879433
 10
-49.6607115597725
 20
-1.8838100042675416
 10
-49.73994457521989
 20
-1.9147610033559075
 10
-49.819143969941294
 20
-1.9461726490249192
 10
-49.89830922482544
 20
-1.9780401294463057
 10
-49.97743981500043
 20
-2.0103588488813324
 10
-50.05653521021098
 20
-2.0431244128185133
 10
-50.13559487516134
 20
-2.0763326144772423
 10
-50.21461826982755
 20
-2.1099794225206576
 10
-50.29360484974295
 20
-2.144060969842627
 10
-50.37255406625933
 20
-2.178573543311474
 10
-50.45146536678678
 20
-2.2135135743685823
 10
-50.43320048796315
 20
-2.596591716253129
 10
-50.41202693758707
 20
-2.9795201029687535
 10
-50.387945936816536
 20
-3.362276649601268
 10
-50.36095887449302
 20
-3.7448392811471445
 10
-50.33106730706149
 20
-4.127185933786663
 10
-50.24839909863514
 20
-4.151960243802935
 10
-50.165746847840495
 20
-4.176305714728207
 10
-50.08311155016913
 20
-4.200218875400895
 10
-50.000494215321815
 20
-4.223696110732329
 10
-49.91789586814883
 20
-4.246733652349432
 10
-49.835317549676354
 20
-4.269327568386584
 10
-49.75276031822861
 20
-4.291473752325249
 10
-49.67022525065798
 20
-4.3131679107645855
 10
-49.587713443696394
 20
-4.334405549988523
 10
-49.505226015443775
 20
-4.3551819611733915
 10
-49.422764107012036
 20
-4.375492204054852
 10
-49.340328884345425
 20
-4.395331088842665
 10
-49.257921540242904
 20
-4.4146931561350415
 10
-49.175543296611494
 20
-4.433572654540356
 10
-49.19520723675588
 20
-4.209775520457376
 10
-49.21385268492974
 20
-3.9858912310841537
 10
-49.23147925511502
 20
-3.7619244215134926
 10
-49.248086582387536
 20
-3.5378797285466184
 10
-49.26367432292457
 20
-3.3137617905971957
 10
-49.34208494944476
 20
-3.3452956475218425
 10
-49.42044882775527
 20
-3.377310684426406
 10
-49.49876565070867
 20
-3.4098010295800627
 10
-49.57703509422993
 20
-3.4427611042004527
 10
-49.65525681859155
 20
-3.4761855999983995
 10
-49.73343046955823
 20
-3.5100694590231876
 10
-49.81155567941803
 20
-3.544407855515215
 10
-49.88963206791365
 20
-3.57919617951684
 10
-49.96765924308642
 20
-3.6144300220292838
 10
-50.0456368020429
 20
-3.650105161533684
 10
-50.12356433165295
 20
-3.6862175517198406
 10
-50.201441409187304
 20
-3.7227633102876916
 10
-50.27926760290077
 20
-3.7597387087043117
 10
-50.35704247256723
 20
-3.7971401628146837
 10
-50.32675383113588
 20
-4.179455565052682
 10
-50.29356265732947
 20
-4.561529922435524
 10
-50.25747086540729
 20
-4.94334119930409
 10
-50.21848053691816
 20
-5.324867375172102
 10
-50.17659392058033
 20
-5.706086445996118
 10
-50.09318832404127
 20
-5.728251860207616
 10
-50.00981214742115
 20
-5.7499891481756435
 10
-49.92646649475217
 20
-5.7712948717205705
 10
-49.84315248878952
 20
-5.792165449253023
 10
-49.75987127224527
 20
-5.812597146450713
 10
-49.676624009134784
 20
-5.832586066087583
 10
-49.59341188624894
 20
-5.852128136914182
 10
-49.51023611476772
 20
-5.8712191014729544
 10
-49.427097932032936
 20
-5.88985450271439
 10
-49.34399860350051
 20
-5.9080296692587035
 10
-49.26093942489674
 20
-5.925739699122474
 10
-49.1779217246058
 20
-5.9429794416994985
 10
-49.09494686632204
 20
-5.959743477748599
 10
-49.01201625200511
 20
-5.97602609709714
 10
-49.03870012704312
 20
-5.752957052676555
 10
-49.064368750288736
 20
-5.529768904365692
 10
-49.089021590322595
 20
-5.306466272845097
 10
-49.11265813675513
 20
-5.083053781165469
 10
-49.1352779002372
 20
-4.85953605465194
 10
-49.21265933346385
 20
-4.893517288820551
 10
-49.28997892731982
 20
-4.927977997139052
 10
-49.36723655924475
 20
-4.962912301126232
 10
-49.44443208055733
 20
-4.99831461457308
 10
-49.52156531843507
 20
-5.034179621138644
 10
-49.59863607769155
 20
-5.0705022542412
 10
-49.675644142377024
 20
-5.107277678952254
 10
-49.75258927722411
 20
-5.144501275644734
 10
-49.82947122895756
 20
-5.182168625183714
 10
-49.90628972748381
 20
-5.220275495478207
 10
-49.98304448697427
 20
-5.258817829237892
 10
-50.05973520685427
 20
-5.297791732800142
 10
-50.13636157270769
 20
-5.337193465910391
 10
-50.212923257106674
 20
-5.377019432354352
 10
-50.170640744299924
 20
-5.758194795801291
 10
-50.12546470274449
 20
-6.139038062589009
 10
-50.07739773791189
 20
-6.519527268059992
 10
-50.02644262200399
 20
-6.89964046797677
 10
-49.97260229379318
 20
-7.279355739787519
 10
-49.88854162039549
 20
-7.298890383606477
 10
-49.8045238001701
 20
-7.31799803653841
 10
-49.72055004460024
 20
-7.336675296778709
 10
-49.63662158838753
 20
-7.35491861977189
 10
-49.55273969097807
 20
-7.372724308931783
 10
-49.4689056382277
 20
-7.39008850551798
 10
-49.38512074422272
 20
-7.407007177567952
 10
-49.30138635327543
 20
-7.4234761077690194
 10
-49.217703842116414
 20
-7.439490880136806
 10
-49.13407462230874
 20
-7.455046865345502
 10
-49.050500142914366
 20
-7.470139204530262
 10
-48.966981893446444
 20
-7.484762791351957
 10
-48.88352140714889
 20
-7.4989122520781475
 10
-48.800120264650445
 20
-7.512581923390442
 10
-48.833797740818994
 20
-7.290461110847642
 10
-48.86646420730423
 20
-7.06818936335569
 10
-48.898118987809916
 20
-6.8457712826228185
 10
-48.92876142698482
 20
-6.6232114733868075
 10
-48.95839089043627
 20
-6.400514543319663
 10
-49.03466676423716
 20
-6.436909619356716
 10
-49.11086576853437
 20
-6.4737819905305365
 10
-49.18698796547556
 20
-6.511125777410875
 10
-49.26303338191984
 20
-6.548935391874984
 10
-49.33900201212033
 20
-6.587205514776719
 10
-49.41489382013208
 20
-6.625931075903455
 10
-49.490708741980676
 20
-6.665107235929298
 10
-49.56644668762085
 20
-6.704729370116755
 10
-49.64210754271066
 20
-6.7447930535559095
 10
-49.717691170223056
 20
-6.785294047760213
 10
-49.793197411913035
 20
-6.826228288463279
 10
-49.868626089657134
 20
-6.867591874482487
 10
-49.94397700667862
 20
-6.9093810575328165
 10
-50.01924994867103
 20
-6.951592232889733
 10
-49.96501529222419
 20
-7.331251383481749
 10
-49.90789896621858
 20
-7.710487713349789
 10
-49.847904264766655
 20
-8.089279350514408
 10
-49.78503464798751
 20
-8.467604448643257
 10
-49.71929374180742
 20
-8.845441188311039
 10
-49.63466094928701
 20
-8.862325783402458
 10
-49.550084400901305
 20
-8.878784944351747
 10
-49.465565414389026
 20
-8.894815309086493
 10
-49.38110533517973
 20
-8.91041337358315
 10
-49.29670553821063
 20
-8.925575482639752
 10
-49.212367429909044
 20
-8.940297819809652
 10
-49.12809245035982
 20
-8.954576396396297
 10
-49.04388207568097
 20
-8.968407039393872
 10
-48.95973782063311
 20
-8.981785378241169
 10
-48.87566124149346
 20
-8.994706830234941
 10
-48.79165393922957
 20
-9.007166584424038
 10
-48.70771756301362
 20
-9.019159583775735
 10
-48.62385381412594
 20
-9.030680505369565
 10
-48.54006445030448
 20
-9.041723738330386
 10
-48.58070229200052
 20
-8.82077036409038
 10
-48.620334363866824
 20
-8.59963437279692
 10
-48.65895984539772
 20
-8.378320342644596
 10
-48.69657793692702
 20
-8.156832855513946
 10
-48.73318785964465
 20
-7.935176496876595
 10
-48.80828289894124
 20
-7.97394949723607
 10
-48.88328611446205
 20
-8.013197142686519
 10
-48.958197753001464
 20
-8.052913558650935
 10
-49.033018016932495
 20
-8.093093160607637
 10
-49.10774706758953
 20
-8.133730631854647
 10
-49.18238502830457
 20
-8.174820903552122
 10
-49.256931987141684
 20
-8.216359136752605
 10
-49.33138799936653
 20
-8.258340706172238
 10
-49.4057530896834
 20
-8.30076118549296
 10
-49.480027254266886
 20
-8.343616334015536
 10
-49.55421046261182
 20
-8.38690208450846
 10
-49.6283026592217
 20
-8.430614532119113
 10
-49.70230376515339
 20
-8.47474992423112
 10
-49.77621367943329
 20
-8.51930465116713
 10
-49.71008040240444
 20
-8.897072911159396
 10
-49.641080158866686
 20
-9.274328043635933
 10
-49.569216928322504
 20
-9.651048290880375
 10
-49.49449485539355
 20
-10.027211926025187
 10
-49.41691824958159
 20
-10.402797254304732
 10
-49.331796860286815
 20
-10.417015137611756
 10
-49.246745050583
 20
-10.430809563373684
 10
-49.1617642431639
 20
-10.444177212568253
 10
-49.076855892859214
 20
-10.457114625161907
 10
-48.99202148874038
 20
-10.469618190944121
 10
-48.90726255641819
 20
-10.481684139528387
 10
-48.82258066055492
 20
-10.493308529420489
 10
-48.73797740761746
 20
-10.504487236039724
 10
-48.65345444890163
 20
-10.515215938561276
 10
-48.569013483862925
 20
-10.525490105427036
 10
-48.48465626379454
 20
-10.535304978347366
 10
-48.40038459590009
 20
-10.54465555458664
 10
-48.31620034781746
 20
-10.55353656728943
 10
-48.23210545265906
 20
-10.561942463561115
 10
-48.27966355523911
 20
-10.342374581928253
 10
-48.326222120416396
 20
-10.12259258135862
 10
-48.371780184285534
 20
-9.902601012015037
 10
-48.416336803654595
 20
-9.682404428399037
 10
-48.45989105606464
 20
-9.462007389256575
 10
-48.533731151119476
 20
-9.503120049668244
 10
-48.60746455874543
 20
-9.544704236707682
 10
-48.68109171014001
 20
-9.58675408644864
 10
-48.75461298299045
 20
-9.629264023481749
 10
-48.82802870555318
 20
-9.672228738796134
 10
-48.901339160315445
 20
-9.715643169927075
 10
-48.974544587292854
 20
-9.759502483080997
 10
-49.0476451870075
 20
-9.80380205699228
 10
-49.12064112318547
 20
-9.848537468302968
 10
-49.19353252520686
 20
-9.893704478286194
 10
-49.26631949033634
 20
-9.93929902075919
 10
-49.33900208575922
 20
-9.985317191052964
 10
-49.411580350443806
 20
-10.031755235923164
 10
-49.48405429684907
 20
-10.078609544301942
 10
-49.40608766479826
 20
-10.454114102030358
 10
-49.32527159863823
 20
-10.829015731846205
 10
-49.2416107593342
 20
-11.203292811768424
 10
-49.15510997192009
 20
-11.576923755836093
 10
-49.06577422522027
 20
-11.94988701535336
 10
-48.98024824368553
 20
-11.96142415554171
 10
-48.89480510853137
 20
-11.972540232683468
 10
-48.80944634600252
 20
-11.983231974082003
 10
-48.72417351889307
 20
-11.993495967108379
 10
-48.638988228939176
 20
-12.00332865010635
 10
-48.55389211942951
 20
-12.012726302470467
 10
-48.468886878059635
 20
-12.021685033798633
 10
-48.38397424005994
 20
-12.030200772005719
 10
-48.299155991631835
 20
-12.038269250267428
 10
-48.214433973731886
 20
-12.04588599264289
 10
-48.12981008625063
 20
-12.053046298199849
 10
-48.04528629263968
 20
-12.059745223436858
 10
-47.96086462505125
 20
-12.065977562761294
 10
-47.876547190064535
 20
-12.071737826739072
 10
-47.930978619423115
 20
-11.853772124703777
 10
-47.98441773022863
 20
-11.63556101315793
 10
-48.03686341612726
 20
-11.417109009742125
 10
-48.08831459133214
 20
-11.198420637084151
 10
-48.138770190645836
 20
-10.979500422705378
 10
-48.21128247019992
 20
-11.022912169937003
 10
-48.283673303959624
 20
-11.066791859993346
 10
-48.35594330710007
 20
-11.11113364538589
 10
-48.42809303224995
 20
-11.15593196531984
 10
-48.50012297426379
 20
-11.201181523714778
 10
-48.57203357450529
 20
-11.246877269477146
 10
-48.64382522470478
 20
-11.293014378737626
 10
-48.71549827044284
 20
-11.339588238809462
 10
-48.787053014305826
 20
-11.386594433660122
 10
-48.8584897187516
 20
-11.434028730718222
 10
-48.92980860871873
 20
-11.481887068862566
 10
-49.001009874007984
 20
-11.530165547461223
 10
-49.07209367146072
 20
-11.578860416345861
 10
-49.143060126956115
 20
-11.627968066621825
 10
-49.05333708353616
 20
-12.000838344423128
 10
-48.96078495045412
 20
-12.373016488932079
 10
-48.86540906553814
 20
-12.744481035241213
 10
-48.76721492947269
 20
-13.115210559598959
 10
-48.666208205481354
 20
-13.4851836806452
 10
-48.58036203552476
 20
-13.494028691950405
 10
-48.494611896978974
 20
-13.502455450245918
 10
-48.40895941813348
 20
-13.510460732390484
 10
-48.32340626820452
 20
-13.51804117652765
 10
-48.23795416001221
 20
-13.525193273070379
 10
-48.1526048529014
 20
-13.531913354866056
 10
-48.06736015593534
 20
-13.538197586444062
 10
-47.98222193139548
 20
-13.544041952233506
 10
-47.89719209862605
 20
-13.549442243621447
 10
-47.81227263826791
 20
-13.554394044701471
 10
-47.727465596933975
 20
-13.558892716537946
 10
-47.64277309238613
 20
-13.562933379742253
 10
-47.55819731928547
 20
-13.566510895121857
 10
-47.473740555599
 20
-13.569619842120634
 10
-47.53499159448691
 20
-13.353471425515494
 10
-47.59525851297007
 20
-13.137046551015583
 10
-47.654540063338054
 20
-12.920349699280896
 10
-47.712835018280614
 20
-12.703385356602192
 10
-47.77014217091302
 20
-12.4861580148081
 10
-47.84125507410096
 20
-12.531826006706327
 10
-47.91223189298134
 20
-12.577957895823147
 10
-47.98307342609981
 20
-12.624547856878543
 10
-48.05378040048115
 20
-12.671590349180125
 10
-48.1243534770896
 20
-12.719080094804527
 10
-48.19479325572979
 20
-12.767012059014167
 10
-48.26510027946012
 20
-12.815381432624564
 10
-48.33527503857865
 20
-12.864183616079996
 10
-48.405317974233355
 20
-12.913414205031438
 10
-48.475229481700886
 20
-12.963068977240027
 10
-48.54500991337171
 20
-13.013143880653976
 10
-48.61465958147474
 20
-13.063635022527869
 10
-48.68417876056957
 20
-13.11453865947036
 10
-48.75356768983141
 20
-13.165851188321529
 10
-48.65217678085378
 20
-13.535719208248702
 10
-48.54797991863112
 20
-13.904806572555735
 10
-48.44098311258673
 20
-14.273091994592036
 10
-48.33119253362712
 20
-14.640554233958033
 10
-48.21861451378616
 20
-15.007172097730173
 10
-48.13253287521312
 20
-15.01331625119395
 10
-48.046560358309705
 20
-15.019045374450155
 10
-47.96069869180325
 20
-15.024356297093766
 10
-47.874949649684815
 20
-15.029245711358556
 10
-47.7893150541681
 20
-15.033710163190234
 10
-47.70379677891791
 20
-15.037746042508067
 10
-47.61839675257985
 20
-15.041349572558053
 10
-47.533116962648606
 20
-15.044516798246416
 10
-47.44795945971701
 20
-15.047243573324979
 10
-47.36292636215561
 20
-15.049525546279732
 10
-47.2780198612799
 20
-15.051358144749752
 10
-47.193242227072105
 20
-15.05273655827461
 10
-47.1085958145363
 20
-15.053655719133621
 10
-47.024083070779255
 20
-15.054110280998055
 10
-47.09209327181604
 20
-14.839992462214344
 10
-47.159128521804405
 20
-14.62556740998221
 10
-47.22518743290869
 20
-14.410839563559179
 10
-47.29026863750643
 20
-14.195813368471544
 10
-47.35437078821668
 20
-13.980493276422354
 10
-47.42401413518857
 20
-14.028372444192744
 10
-47.49350689363854
 20
-14.076711005765054
 10
-47.56285004469464
 20
-14.125503163816616
 10
-47.632044489060284
 20
-14.174743403225436
 10
-47.70109105315714
 20
-14.224426469433878
 10
-47.76999049463878
 20
-14.274547349029012
 10
-47.8387435073558
 20
-14.325101252257278
 10
-47.907350725839855
 20
-14.37608359723319
 10
-47.97581272936519
 20
-14.427489995637801
 10
-48.04413004563711
 20
-14.479316239731604
 10
-48.11230315415025
 20
-14.531558290531107
 10
-48.180332489253544
 20
-14.584212267019074
 10
-48.24821844295388
 20
-14.637274436275426
 10
-48.315961367486395
 20
-14.690741204430857
 10
-48.203002653537176
 20
-15.057241951402943
 10
-48.087263891897074
 20
-15.422874290839946
 10
-47.968751757653955
 20
-15.787617135355504
 10
-47.84747308584644
 20
-16.15144944886375
 10
-47.72343487106973
 20
-16.514350247792557
 10
-47.637202716064756
 20
-16.517787479877228
 10
-47.55109266529831
 20
-16.520813314141154
 10
-47.46510654622953
 20
-16.523424636044357
 10
-47.37924623587357
 20
-16.5256181951752
 10
-47.29351366403945
 20
-16.52739059642087
 10
-47.2079108168628
 20
-16.528738290335227
 10
-47.122439740668284
 20
-16.52965756260809
 10
-47.03710254620234
 20
-16.530144522526008
 10
-46.9519014132828
 20
-16.530195090297394
 10
-46.866838595919255
 20
-16.529804983095076
 10
-46.78191642796726
 20
-16.528969699645202
 10
-46.697137329389136
 20
-16.52768450316288
 10
-46.61250381320788
 20
-16.525944402400505
 10
-46.528018493255
 20
-16.523744130532915
 10
-46.6027207385832
 20
-16.311868218007017
 10
-46.67645816437832
 20
-16.09965459968136
 10
-46.749229244049026
 20
-15.887107669029994
 10
-46.82103247101035
 20
-15.674231826427558
 10
-46.891866358714836
 20
-15.461031479058166
 10
-46.95997141989537
 20
-15.511074571742649
 10
-47.027911536952296
 20
-15.561572101446162
 10
-47.09568787262784
 20
-15.612518304524642
 10
-47.163301500415145
 20
-15.66390769686925
 10
-47.23075341137773
 20
-15.71573505247369
 10
-47.29804452027042
 20
-15.767995384197325
 10
-47.365175671051226
 20
-15.820683926444422
 10
-47.43214764185921
 20
-15.8737961195215
 10
-47.49896114952319
 20
-15.927327595470425
 10
-47.5656168536564
 20
-15.981274165203578
 10
-47.632115360384404
 20
-16.035631806791752
 10
-47.6984572257475
 20
-16.090396654775994
 10
-47.764642958812985
 20
-16.145564990391424
 10
-47.83067302452839
 20
-16.20113323260607
 10
-47.70625798222057
 20
-16.563905014633974
 10
-47.57909154134745
 20
-16.925721494225254
 10
-47.449181036073966
 20
-17.286561804068466
 10
-47.31653395882547
 20
-17.646405133151536
 10
-47.181157959855675
 20
-18.00523072796201
 10
-47.09486038914483
 20
-18.005957646534494
 10
-47.00869778473926
 20
-18.006277205673037
 10
-46.922672071026454
 20
-18.00618634977638
 10
-46.83678522619325
 20
-18.005681888995245
 10
-46.7510392857395
 20
-18.004760490508865
 10
-46.6654363463116
 20
-18.00341866900856
 10
-46.57997856989376
 20
-18.001652776293554
 10
-46.49466818840119
 20
-17.999458989870373
 10
-46.40950750872543
 20
-17.996833300430296
 10
-46.32449891829073
 20
-17.993771498059623
 10
-46.239644891189435
 20
-17.990269157013778
 10
-46.15494799497578
 20
-17.98632161885804
 10
-46.070410898211605
 20
-17.981923973743644
 10
-45.98603637887365
 20
-17.977071039546722
 10
-46.067356946396046
 20
-17.767646129224207
 10
-46.14772377806107
 20
-17.55785337402546
 10
-46.22713521002832
 20
-17.34769711730521
 10
-46.305589598237134
 20
-17.137181709943803
 10
-46.383085318440564
 20
-16.92631151025712
 10
-46.44958488235679
 20
-16.978469141364993
 10
-46.51590530932764
 20
-17.031075804234533
 10
-46.582047942562056
 20
-17.0841257745883
 10
-46.64801402728348
 20
-17.13761360474277
 10
-46.71380471821924
 20
-17.19153410240042
 10
-46.77942108632266
 20
-17.24588231161461
 10
-46.84486412482627
 20
-17.300653495650508
 10
-46.910134754708615
 20
-17.355843121506496
 10
-46.97523382964569
 20
-17.411446845895902
 10
-47.040162140507654
 20
-17.467460502517127
 10
-47.104920419452824
 20
-17.523880090464406
 10
-47.16950934366415
 20
-17.580701763651803
 10
-47.23392953876697
 20
-17.637921821139614
 10
-47.2981815819623
 20
-17.695536698267244
 10
-47.162432993921826
 20
-18.054221503400075
 10
-47.02396437173986
 20
-18.411865053962902
 10
-46.882783701420415
 20
-18.76844672331273
 10
-46.738899125381494
 20
-19.123945946049236
 10
-46.59231894198547
 20
-19.478342219200844
 10
-46.5060411208522
 20
-19.476358106880262
 10
-46.419910994895524
 20
-19.473971075527132
 10
-46.33393058353211
 20
-19.471178131494423
 10
-46.24810196416828
 20
-19.46797614864319
 10
-46.16242727598589
 20
-19.46436185973382
 10
-46.076908724072986
 20
-19.46033184703468
 10
-45.99154858393972
 20
-19.455882532054716
 10
-45.9063492064674
 20
-19.45101016429278
 10
-45.821313023344686
 20
-19.445710808879713
 10
-45.73644255305436
 20
-19.43998033296997
 10
-45.65174040748397
 20
-19.433814390715924
 10
-45.56720929924577
 20
-19.427208406630335
 10
-45.48285204980691
 20
-19.420157557108713
 10
-45.39867159854779
 20
-19.4126567498426
 10
-45.48653023468219
 20
-19.205889518825792
 10
-45.573447159857075
 20
-18.99872466687474
 10
-45.65942057462499
 20
-18.79116648293852
 10
-45.744448699072045
 20
-18.58321926410938
 10
-45.828529772854765
 20
-18.374887315533783
 10
-45.893358212465664
 20
-18.42910801178021
 10
-45.95799349909599
 20
-18.483771891390802
 10
-46.02243715509577
 20
-18.538873275103924
 10
-46.08669059618988
 20
-18.594406757037557
 10
-46.15075513962987
 20
-18.650367183727127
 10
-46.21463201151065
 20
-18.70674963531092
 10
-46.27832235335911
 20
-18.763549408589572
 10
-46.34182722808435
 20
-18.820762001726877
 10
-46.40514762536704
 20
-18.87838310039391
 10
-46.46828446655383
 20
-18.936408565186735
 10
-46.531238609113224
 20
-18.994834420171436
 10
-46.59401085070251
 20
-19.05365684243071
 10
-46.65660193288763
 20
-19.112872152502426
 10
-46.719012544553486
 20
-19.17247680561524
 10
-46.57206437824764
 20
-19.526720655254874
 10
-46.422430226569375
 20
-19.879838325783677
 10
-46.270118719480635
 20
-20.2318094515831
 10
-46.11513864135646
 20
-20.58261373316014
 10
-45.95749893047837
 20
-20.932230938318057
 10
-45.87132600471569
 20
-20.927537753183728
 10
-45.785313357243616
 20
-20.92244648705068
 10
-45.69946310051507
 20
-20.91695421118048
 10
-45.61377740910569
 20
-20.91105786622965
 10
-45.52825852376828
 20
-20.90475425376409
 10
-45.44290875585633
 20
-20.89804002700209
 10
-45.35773049216029
 20
-20.890911680693886
 10
-45.272726200207536
 20
-20.883365540031924
 10
-45.18789843408408
 20
-20.875397748469865
 10
-45.10324984084578
 20
-20.86700425430892
 10
-45.018783167597746
 20
-20.85818079588725
 10
-44.93450126933327
 20
-20.848922885180556
 10
-44.85040711764034
 20
-20.839225789588927
 10
-44.76650381040223
 20
-20.829084511644822
 10
-44.86081380928207
 20
-20.625179014227413
 10
-44.95419505145527
 20
-20.420846512221623
 10
-45.04664560364316
 20
-20.216091235938173
 10
-45.13816355183519
 20
-20.01091742444051
 10
-45.22874700132859
 20
-19.80532932545704
 10
-45.291840338791125
 20
-19.86155957756098
 10
-45.35472669785653
 20
-19.9182267272631
 10
-45.41740777851358
 20
-19.975325145922312
 10
-45.47988516559143
 20
-20.03284947479308
 10
-45.54216033756588
 20
-20.090794604329616
 10
-45.604234674463434
 20
-20.149155655610432
 10
-45.666109464978746
 20
-20.207927963613134
 10
-45.72778591290255
 20
-20.267107062109684
 10
-45.78926514294353
 20
-20.32668866998665
 10
-45.85054820601549
 20
-20.386668678822815
 10
-45.91163608405095
 20
-20.447043141579904
 10
-45.97252969439432
 20
-20.50780826228201
 10
-46.033229893820334
 20
-20.568960386575736
 10
-46.09373748221793
 20
-20.630495993077272
 10
-45.93573475774559
 20
-20.979949291312494
 10
-45.7750827474132
 20
-21.32819259729887
 10
-45.611790716623865
 20
-21.675205826540715
 10
-45.445868083040565
 20
-22.020968965485487
 10
-45.27732441604297
 20
-22.365462072678017
 10
-45.191341427924826
 20
-22.358064446337057
 10
-45.10553114303597
 20
-22.35027396988909
 10
-45.01989576478085
 20
-22.342087782394593
 10
-44.934437562758404
 20
-22.333502894324752
 10
-44.849158877080974
 20
-22.32451617920746
 10
-44.764062123086504
 20
-22.315124364513803
 10
-44.679149796490265
 20
-22.305324021694542
 10
-44.59442447903054
 20
-22.295111555262334
 10
-44.50988884467012
 20
-22.28448319079959
 10
-44.42554566642561
 20
-22.273434961752823
 10
-44.341397823908665
 20
-22.261962694851725
 10
-44.25744831167601
 20
-22.25006199396407
 10
-44.17370024850393
 20
-22.237728222165035
 10
-44.0901568877213
 20
-22.2249564817599
 10
-44.19082517676387
 20
-22.024113948050033
 10
-44.29057857992343
 20
-21.82281544749962
 10
-44.38941503199796
 20
-21.621065147606227
 10
-44.48733248676921
 20
-21.418867225221057
 10
-44.584328917044914
 20
-21.216225866462487
 10
-44.64562488685234
 20
-21.274410181953858
 10
-44.70670025710879
 20
-21.33302467811226
 10
-44.767556903764074
 20
-21.39206378247193
 10
-44.82819657918761
 20
-21.451522188712232
 10
-44.88862092162036
 20
-21.51139483624868
 10
-44.94883146365848
 20
-21.57167689191492
 10
-45.00882963989266
 20
-21.632363733469344
 10
-45.068616793807216
 20
-21.6934509346997
 10
-45.1281941840289
 20
-21.754934251932994
 10
-45.18756299000157
 20
-21.81680961178526
 10
-45.246724317152704
 20
-21.879073100009094
 10
-45.30567920160853
 20
-21.941720951316157
 10
-45.364428614507034
 20
-22.0047495400682
 10
-45.4229734659518
 20
-22.068155371744123
 10
-45.2540721129261
 20
-22.412473250359582
 10
-45.08256078807803
 20
-22.75549851770445
 10
-44.90844938310801
 20
-23.09721139022687
 10
-44.73174793967285
 20
-23.43759216006572
 10
-44.55246664880656
 20
-23.776621196187225
 10
-44.46675845316136
 20
-23.766526429203704
 10
-44.38123521524692
 20
-23.75604443070052
 10
-44.29589922724468
 20
-23.745172410360446
 10
-44.21075285153705
 20
-23.73390745141966
 10
-44.125798525286555
 20
-23.722246502453473
 10
-44.0410387654319
 20
-23.710186368415375
 10
-43.95647617415022
 20
-23.69772370084021
 10
-43.87211344484285
 20
-23.684854987109162
 10
-43.78795336871046
 20
-23.671576538658275
 10
-43.703998841993815
 20
-23.65788447799389
 10
-43.62025287396921
 20
-23.64377472435573
 10
-43.53671859580162
 20
-23.629242977842104
 10
-43.453399270377695
 20
-23.614284701779358
 10
-43.370298303261336
 20
-23.598895103079016
 10
-43.47722553501918
 20
-23.401313740409453
 10
-43.583252654599534
 20
-23.2032478986314
 10
-43.688377466915206
 20
-23.004701678316447
 10
-43.792597795559516
 20
-22.80567918998151
 10
-43.89591148285139
 20
-22.606184554003697
 10
-43.955349593281866
 20
-22.6662655119878
 10
-44.01455370071264
 20
-22.726769509171383
 10
-44.07352585520322
 20
-22.787691034763384
 10
-44.13226797493391
 20
-22.849024840104757
 10
-44.19078185629408
 20
-22.910765918566515
 10
-44.2490691829371
 20
-22.972909487507174
 10
-44.30713153393387
 20
-23.03545097202752
 10
-44.36497039113646
 20
-23.09838599029922
 10
-44.42258714584755
 20
-23.161710340277697
 10
-44.47998310487713
 20
-23.225419987636194
 10
-44.53715949605667
 20
-23.289511054781055
 10
-44.5941174732717
 20
-23.3539798108274
 10
-44.65085812106506
 20
-23.4188226624302
 10
-44.70738245885682
 20
-23.48403614537973
 10
-44.527749162521516
 20
-23.82287880419923
 10
-44.34554778412856
 20
-24.16034750837766
 10
-44.16078883191384
 20
-24.49642279483097
 10
-43.97348296161806
 20
-24.83108528083874
 10
-43.78364097587227
 20
-25.16431566516204
 10
-43.69829215634146
 20
-25.151533719852214
 10
-43.61314036651188
 20
-25.138370543760825
 10
-43.52818798507996
 20
-25.12482341994666
 10
-43.44343746488013
 20
-25.110889507289365
 10
-43.3588913377199
 20
-25.09656583242307
 10
-43.27455221965487
 20
-25.081849280936787
 10
-43.190422816755984
 20
-25.066736587753986
 10
-43.10650593142956
 20
-25.051224326590884
 10
-43.022804469359585
 20
-25.035308898377355
 10
-42.93932144715271
 20
-25.018986518506157
 10
-42.85606000078011
 20
-25.00225320275429
 10
-42.773023394924905
 20
-24.98510475169406
 10
-42.69021503336408
 20
-24.96753673338014
 10
-42.60763847053563
 20
-24.9495444640605
 10
-42.72071912074049
 20
-24.75541926138191
 10
-42.83291532077543
 20
-24.56078154544927
 10
-42.94422474783435
 20
-24.36563534586144
 10
-43.05464509747003
 20
-24.169984702744447
 10
-43.16417408364188
 20
-23.97383366666787
 10
-43.22169567645646
 20
-24.035751974492822
 10
-43.27897009375532
 20
-24.098085762561112
 10
-43.335999557684524
 20
-24.160829587194822
 10
-43.39278615034221
 20
-24.223978262576324
 10
-43.449331824493385
 20
-24.287526840973033
 10
-43.50563841318701
 20
-24.35147059498826
 10
-43.561707638415875
 20
-24.41580500158002
 10
-43.61754111893741
 20
-24.480525727628272
 10
-43.673140377357186
 20
-24.54562861686375
 10
-43.7285068465616
 20
-24.61110967799829
 10
-43.78364187557443
 20
-24.676965073918712
 10
-43.83854673490178
 20
-24.743191111825535
 10
-43.893222621421025
 20
-24.809784234213126
 10
-43.947670662862635
 20
-24.876741010601908
 10
-43.7574826995938
 20
-25.20977405283017
 10
-43.56477107841901
 20
-25.541353152974224
 10
-43.36954691373919
 20
-25.871459187625558
 10
-43.17182146486308
 20
-26.200073118332853
 10
-42.9716061353578
 20
-26.527175992700005
 10
-42.886700920921975
 20
-26.511719483300716
 10
-42.802004613713336
 20
-26.495888120086715
 10
-42.71751967659576
 20
-26.4796792621741
 10
-42.63324865043512
 20
-26.46309014688983
 10
-42.54919415918529
 20
-26.446117881861202
 10
-42.46535891543704
 20
-26.428759436386297
 10
-42.38174572648453
 20
-26.41101163199945
 10
-42.29835750097346
 20
-26.392871132133248
 10
-42.21519725620355
 20
-26.37433443076323
 10
-42.13226812617034
 20
-26.35539783990353
 10
-42.04957337044505
 20
-26.336057475800363
 10
-41.967116384007085
 20
-26.31630924364437
 10
-41.88490070816465
 20
-26.29614882059234
 10
-41.802930042722025
 20
-26.275571636850987
 10
-41.92205251442453
 20
-26.085094172301392
 10
-42.04030707081024
 20
-25.894076666140894
 10
-42.15769126364644
 20
-25.702523073018888
 10
-42.27420266271961
 20
-25.51043735868341
 10
-42.389838855885735
 20
-25.31782349989903
 10
-42.44538716421698
 20
-25.381518051670508
 10
-42.500675368448874
 20
-25.445620114700322
 10
-42.55570586062104
 20
-25.51012431779599
 10
-42.6104808846947
 20
-25.575025543099045
 10
-42.665002547883326
 20
-25.640318906656145
 10
-42.71927283082249
 20
-25.705999740980737
 10
-42.77329359672748
 20
-25.772063579351805
 10
-42.827066599663546
 20
-25.838506141633818
 10
-42.88059349203651
 20
-25.905323321434587
 10
-42.933875831395135
 20
-25.972511174443458
 10
-42.986915086624165
 20
-26.04006590781449
 10
-43.039712643596424
 20
-26.10798387047794
 10
-43.092269810342636
 20
-26.17626154427841
 10
-43.14458782179079
 20
-26.244895535851942
 10
-42.94403288414651
 20
-26.571790298083847
 10
-42.74100120329362
 20
-26.897152565653727
 10
-42.53550448882956
 20
-27.220963573701063
 10
-42.32755459251946
 20
-27.543204646832308
 10
-42.117163507612645
 20
-27.86385720019793
 10
-42.032785689467694
 20
-27.845741380417863
 10
-41.94862844990971
 20
-27.827257453725398
 10
-41.86469433353943
 20
-27.808402857900173
 10
-41.780985966746634
 20
-27.78917491144288
 10
-41.697506063042056
 20
-27.769570805828423
 10
-41.61425742887459
 20
-27.749587597054873
 10
-41.53124296999122
 20
-27.729222196404184
 10
-41.44846569840651
 20
-27.70847136031812
 10
-41.3659287400582
 20
-27.687331679277907
 10
-41.28363534323784
 20
-27.665799565558643
 10
-41.201588887899895
 20
-27.643871239708552
 10
-41.11979289596963
 20
-27.6215427155777
 10
-41.038251042791615
 20
-27.598809783691113
 10
-40.95696716988517
 20
-27.57566799272409
 10
-41.08201390358759
 20
-27.389026244564377
 10
-41.206210113353954
 20
-27.201817459392778
 10
-41.32955322794108
 20
-27.014045513006465
 10
-41.452040693767444
 20
-26.82571429286176
 10
-41.57366997496609
 20
-26.63682769799367
 10
-41.627190179340104
 20
-26.702235634879003
 10
-41.680437607722475
 20
-26.76804271187327
 10
-41.73341481968575
 20
-26.834243635570125
 10
-41.7861242188397
 20
-26.90083336112098
 10
-41.83856806476668
 20
-26.967807073171603
 10
-41.89074848373427
 20
-27.035160168751833
 10
-41.942667478341434
 20
-27.102888241869714
 10
-41.99432693623023
 20
-27.170987069598226
 10
-42.045728637976
 20
-27.23945259947476
 10
-42.096874264252726
 20
-27.308280938058726
 10
-42.147765402356555
 20
-27.37746834051452
 10
-42.198403552159306
 20
-27.447011201105276
 10
-42.24879013155422
 20
-27.516906044497855
 10
-42.29892648144807
 20
-27.58714951779273
 10
-42.0882024929385
 20
-27.90758339436444
 10
-41.8750511201642
 20
-28.226407736083505
 10
-41.65948465636315
 20
-28.543604155156086
 10
-41.44151553406062
 20
-28.859154357676736
 10
-41.22115632435224
 20
-29.173040144683505
 10
-41.137389173217635
 20
-29.152282892649634
 10
-41.05385405434531
 20
-29.131164643882762
 10
-40.970553591561696
 20
-29.10968291735466
 10
-40.88749049418853
 20
-29.08783511538609
 10
-40.804667562615506
 20
-29.065618516071204
 10
-40.72208769438003
 20
-29.043030265013464
 10
-40.63975389081426
 20
-29.02006736629064
 10
-40.557669264329135
 20
-28.996726672554654
 10
-40.47583704641551
 20
-28.973004874157194
 10
-40.394260596455254
 20
-28.948898487175008
 10
-40.31294341145049
 20
-28.92440384018817
 10
-40.23188913679662
 20
-28.89951705964002
 10
-40.151101578247435
 20
-28.87423405357807
 10
-40.07058471524622
 20
-28.84855049353912
 10
-40.20143230491946
 20
-28.665928654641185
 10
-40.331447601401834
 20
-28.482713342927468
 10
-40.46062791297717
 20
-28.298908351517944
 10
-40.58897056521605
 20
-28.114517485740794
 10
-40.71647290103114
 20
-27.92954456305359
 10
-40.767912183467786
 20
-27.996601335315873
 10
-40.81906628721747
 20
-28.064048482634583
 10
-40.86993793685965
 20
-28.13188079461347
 10
-40.9205296932806
 20
-28.200093304392478
 10
-40.97084396620164
 20
-28.268681269968667
 10
-41.02088302542394
 20
-28.337640157430837
 10
-41.070649010953865
 20
-28.40696562586427
 10
-41.12014394214737
 20
-28.476653513717984
 10
-41.16936972599211
 20
-28.546699826458237
 10
-41.21832816462872
 20
-28.617100725356863
 10
-41.267020962198195
 20
-28.68785251728428
 10
-41.315449731091206
 20
-28.758951645394962
 10
-41.363615997664205
 20
-28.83039468060773
 10
-41.41152120747941
 20
-28.9021783137964
 10
-41.190836127240196
 20
-29.215835075158193
 10
-40.96777541721535
 20
-29.527806849893295
 10
-40.742351942151416
 20
-29.83807564542108
 10
-40.51457870306445
 20
-30.14662356737809
 10
-40.284468836490205
 20
-30.453432820650118
 10
-40.20139502043077
 20
-30.43005462126415
 10
-40.11856446132113
 20
-30.406322891584768
 10
-40.03597985962396
 20
-30.38223523422435
 10
-39.953644004919205
 20
-30.357789137887316
 10
-39.87155978171185
 20
-30.33298196997329
 10
-39.789730175768334
 20
-30.307810968508043
 10
-39.708158281044
 20
-30.282273233321778
 10
-39.6268473072746
 20
-30.25636571638263
 10
-39.54580058831502
 20
-30.23008521117898
 10
-39.46502159132214
 20
-30.203428341027422
 10
-39.38451392689462
 20
-30.176391546163135
 10
-39.30428136030041
 20
-30.148971069445473
 10
-39.22432782394675
 20
-30.12116294048269
 10
-39.144657431273615
 20
-30.09296295794475
 10
-39.281176746144084
 20
-29.914541254015397
 10
-39.41688281994178
 20
-29.735500227152357
 10
-39.55177284313395
 20
-29.555843584055108
 10
-39.68584402308258
 20
-29.37557504416825
 10
-39.819093584102234
 20
-29.194698339604532
 10
-39.86840118024008
 20
-29.2633377703054
 10
-39.917411476432584
 20
-29.332358425757153
 10
-39.96612735957729
 20
-29.40175518371564
 10
-40.01455154530968
 20
-29.47152316021105
 10
-40.06268659111191
 20
-29.541657691271503
 10
-40.11053490807876
 20
-29.612154316519188
 10
-40.158098771512044
 20
-29.683008764400597
 10
-40.20538033048876
 20
-29.754216938847726
 10
-40.25238161652694
 20
-29.825774907197818
 10
-40.2991045514553
 20
-29.8976788892235
 10
-40.34555095457797
 20
-29.969925247145877
 10
-40.39172254921322
 20
-30.042510476520935
 10
-40.43762096867438
 20
-30.11543119790355
 10
-40.483247761752544
 20
-30.188684149206605
 10
-40.252819379314246
 20
-30.49525425400326
 10
-40.02006946602919
 20
-30.800065583277547
 10
-39.78501144545657
 20
-31.10310055741855
 10
-39.54765887427274
 20
-31.404341699264396
 10
-39.30802544148943
 20
-31.703771635110233
 10
-39.22572694433201
 20
-31.67779555983248
 10
-39.143682688746615
 20
-31.651473769592602
 10
-39.06189544916721
 20
-31.624803953009557
 10
-38.98036809267893
 20
-31.597783687649738
 10
-38.89910358505542
 20
-31.57041043281629
 10
-38.81810499734551
 20
-31.54268152168305
 10
-38.73737551307441
 20
-31.514594152694762
 10
-38.65691843613506
 20
-31.486145380143817
 10
-38.57673719945625
 20
-31.457332103819738
 10
-38.496835374548205
 20
-31.428151057611316
 10
-38.4172166820429
 20
-31.398598796921927
 10
-38.337885003364995
 20
-31.368671684734753
 10
-38.25884439369434
 20
-31.338365876137107
 10
-38.18009909640813
 20
-31.307677301078325
 10
-38.32215540839423
 20
-31.133631812798207
 10
-38.4634183339964
 20
-30.958941762663486
 10
-38.60388494863797
 20
-30.783610767295027
 10
-38.743552344228355
 20
-30.60764245658325
 10
-38.882417629223234
 20
-30.43104047361295
 10
-38.92954487841787
 20
-30.501194823921246
 10
-38.97636299980794
 20
-30.57172087245206
 10
-39.02287503976005
 20
-30.64261359016842
 10
-39.06908386597887
 20
-30.713868180810618
 10
-39.11499218118351
 20
-30.78548006304062
 10
-39.160602535382864
 20
-30.85744485441587
 10
-39.20591733692875
 20
-30.92975835695956
 10
-39.250938862498344
 20
-31.002416544128987
 10
-39.295669266135164
 20
-31.075415549013456
 10
-39.340110587459435
 20
-31.148751653616998
 10
-39.384264759142965
 20
-31.222421279101482
 10
-39.428133613730914
 20
-31.296420976882843
 10
-39.47171888988161
 20
-31.37074742048713
 10
-39.51502223808653
 20
-31.445397398085568
 10
-39.27507795844267
 20
-31.744578298636302
 10
-39.03286853796159
 20
-32.0419283704681
 10
-38.78840794576767
 20
-32.3374304642887
 10
-38.541710280818826
 20
-32.63106753738566
 10
-38.29278977109331
 20
-32.92282265460924
 10
-38.21134781151857
 20
-32.894274338689875
 10
-38.130170827232384
 20
-32.86538846431861
 10
-38.049261663901916
 20
-32.83616280840201
 10
-37.96862326328805
 20
-32.80659503975912
 10
-37.888258669506214
 20
-32.776682712103955
 10
-37.8081710358569
 20
-32.74642325639026
 10
-37.72836363229342
 20
-32.71581397244211
 10
-37.64883985360537
 20
-32.68485201978322
 10
-37.569603228407516
 20
-32.65353440756376
 10
-37.49065742903883
 20
-32.621857983468026
 10
-37.41200628249277
 20
-32.58981942146694
 10
-37.333653782520194
 20
-32.55741520825685
 10
-37.25560410307159
 20
-32.52464162819856
 10
-37.1778616132737
 20
-32.491494746537434
 10
-37.32531472994617
 20
-32.321997235790725
 10
-37.471995097900134
 20
-32.151830560373206
 10
-37.617899680401194
 20
-31.980998243258007
 10
-37.76302545677613
 20
-31.80950382119907
 10
-37.90736942247538
 20
-31.637350844657934
 10
-37.95226981582158
 20
-31.70895088069974
 10
-37.996849558575825
 20
-31.78091272161444
 10
-38.041111853567365
 20
-31.853231436535264
 10
-38.08505971774001
 20
-31.925902321645953
 10
-38.12869599638253
 20
-31.99892088276356
 10
-38.17202337590139
 20
-32.07228281970569
 10
-38.21504439532168
 20
-32.145984012215166
 10
-38.25776145667393
 20
-32.220020507248286
 10
-38.30017683440136
 20
-32.29438850746259
 10
-38.34229268390286
 20
-32.36908436076273
 10
-38.3841110493106
 20
-32.444104550783194
 10
-38.42563387058812
 20
-32.51944568820325
 10
-38.4668629900229
 20
-32.59510450280291
 10
-38.50780015817799
 20
-32.671077836181446
 10
-38.25857677736375
 20
-32.96257427705796
 10
-38.007146881142354
 20
-33.252169642825876
 10
-37.753524970417565
 20
-33.539847231435886
 10
-37.497725672514825
 20
-33.825590451444036
 10
-37.23976374033767
 20
-34.10938282296869
 10
-37.15925869172712
 20
-34.078290440148834
 10
-37.07902909062299
 20
-34.04686898851675
 10
-36.999077851117384
 20
-34.01511633546053
 10
-36.91940798674374
 20
-33.98303024335246
 10
-36.84002261695512
 20
-33.95060836273162
 10
-36.760924974191724
 20
-33.917848224866994
 10
-36.682118411607924
 20
-33.88474723362674
 10
-36.60360641153969
 20
-33.85130265656909
 10
-36.525392594805524
 20
-33.8175116151565
 10
-36.44748073094894
 20
-33.78337107397967
 10
-36.36987474954808
 20
-33.748877828859534
 10
-36.2925787527387
 20
-33.71402849367275
 10
-36.21559702912272
 20
-33.67881948572053
 10
-36.1389340692646
 20
-33.64324700942739
 10
-36.29163847219953
 20
-33.47846474979352
 10
-36.44359152669103
 20
-33.31298938305738
 10
-36.59479008684393
 20
-33.1468243350676
 10
-36.74523102238338
 20
-32.9799730459513
 10
-36.89491121871971
 20
-32.8124389700429
 10
-36.93754044495015
 20
-32.88541403122702
 10
-36.97983781424464
 20
-32.95874064687668
 10
-37.021806682734315
 20
-33.03241398916148
 10
-37.063450213624726
 20
-33.10642945135073
 10
-37.10477139196637
 20
-33.180782630851745
 10
-37.145773037912136
 20
-33.2554693139861
 10
-37.18645781865465
 20
-33.3304854622824
 10
-37.2268282592073
 20
-33.40582720009715
 10
-37.26688675216842
 20
-33.48149080340363
 10
-37.30663556658839
 20
-33.557472689611295
 10
-37.346076856042465
 20
-33.6337694082975
 10
-37.38521266599807
 20
-33.710377632749655
 10
-37.424044940553706
 20
-33.78729415222907
 10
-37.4625755286164
 20
-33.86451586488004
 10
-37.20431900001953
 20
-34.148040174287985
 10
-36.94391675900989
 20
-34.42959503832928
 10
-36.68138382395997
 20
-34.70916421868047
 10
-36.41673533612735
 20
-34.986731591539865
 10
-36.14998655878149
 20
-35.26228114855757
 10
-36.070497869898595
 20
-35.228675383265234
 10
-35.991294828906604
 20
-35.19474936355154
 10
-35.91238041544661
 20
-35.160501049390724
 10
-35.83375771185067
 20
-35.12592829891657
 10
-35.75542990983092
 20
-35.09102886181189
 10
-35.67740031777728
 20
-35.055800372097224
 10
-35.59967236873599
 20
-35.020240340246886
 10
-35.52224962915278
 20
-34.984346144550216
 10
-35.44513580847656
 20
-34.94811502162273
 10
-35.36833476973528
 20
-34.91154405595713
 10
-35.2918505412138
 20
-34.874630168386446
 10
-35.21568732938439
 20
-34.83737010330938
 10
-35.139849533268126
 20
-34.79976041450325
 10
-35.06434176043554
 20
-34.76179744931749
 10
-35.222146748823434
 20
-34.601893060992296
 10
-35.37922253053322
 20
-34.44127230714642
 10
-35.535565853613505
 20
-34.279938513123064
 10
-35.691173481277055
 20
-34.117895019027564
 10
-35.84604219196777
 20
-33.95514517965822
 10
-35.88635818118284
 20
-34.02942324840964
 10
-35.92633143462071
 20
-34.10404227427743
 10
-35.96596545840227
 20
-34.17899753723208
 10
-36.005263558873146
 20
-34.254284532174694
 10
-36.04422885789967
 20
-34.32989895244773
 10
-36.08286430659797
 20
-34.405836675035076
 10
-36.12117269769605
 20
-34.482093747236654
 10
-36.15915667669825
 20
-34.55866637463393
 10
-36.19681875199681
 20
-34.63555091019109
 10
-36.23416130405437
 20
-34.712743844358
 10
-36.271186593763886
 20
-34.79024179606002
 10
-36.307896770078074
 20
-34.868041504475755
 10
-36.34429387698787
 20
-34.94613982151646
 10
-36.3803798599196
 20
-35.02453370493255
 10
-36.11334505155414
 20
-35.299806078608846
 10
-35.84422745132939
 20
-35.57304258026525
 10
-35.57304258026524
 20
-35.8442274513294
 10
-35.29980607860883
 20
-36.113345051554155
 10
-35.02453370493254
 20
-36.380379859919614
 10
-34.94613982151645
 20
-36.344293876987884
 10
-34.86804150447574
 20
-36.30789677007809
 10
-34.79024179606
 20
-36.27118659376391
 10
-34.71274384435799
 20
-36.23416130405438
 10
-34.63555091019108
 20
-36.19681875199682
 10
-34.55866637463391
 20
-36.159156676698274
 10
-34.48209374723663
 20
-36.121172697696075
 10
-34.40583667503506
 20
-36.08286430659798
 10
-34.32989895244771
 20
-36.04422885789969
 10
-34.25428453217467
 20
-36.00526355887317
 10
-34.17899753723206
 20
-35.965965458402295
 10
-34.10404227427742
 20
-35.92633143462072
 10
-34.02942324840963
 20
-35.88635818118286
 10
-33.95514517965819
 20
-35.84604219196778
 10
-34.11789501902755
 20
-35.69117348127706
 10
-34.27993851312305
 20
-35.53556585361352
 10
-34.441272307146406
 20
-35.37922253053323
 10
-34.60189306099229
 20
-35.22214674882344
 10
-34.761797449317484
 20
-35.06434176043554
 10
-34.79976041450324
 20
-35.139849533268126
 10
-34.837370103309375
 20
-35.21568732938439
 10
-34.87463016838644
 20
-35.2918505412138
 10
-34.91154405595713
 20
-35.36833476973528
 10
-34.948115021622726
 20
-35.44513580847656
 10
-34.984346144550216
 20
-35.52224962915278
 10
-35.02024034024688
 20
-35.59967236873599
 10
-35.05580037209722
 20
-35.67740031777728
 10
-35.091028861811886
 20
-35.75542990983093
 10
-35.12592829891656
 20
-35.83375771185067
 10
-35.16050104939072
 20
-35.91238041544661
 10
-35.19474936355153
 20
-35.991294828906604
 10
-35.22867538326523
 20
-36.070497869898595
 10
-35.26228114855756
 20
-36.14998655878149
 10
-34.986731591539865
 20
-36.41673533612735
 10
-34.70916421868046
 20
-36.68138382395997
 10
-34.429595038329275
 20
-36.94391675900989
 10
-34.148040174287985
 20
-37.20431900001953
 10
-33.86451586488003
 20
-37.4625755286164
 10
-33.787294152229066
 20
-37.424044940553706
 10
-33.71037763274965
 20
-37.38521266599807
 10
-33.633769408297496
 20
-37.346076856042465
 10
-33.55747268961129
 20
-37.30663556658839
 10
-33.481490803403624
 20
-37.26688675216841
 10
-33.40582720009714
 20
-37.2268282592073
 10
-33.33048546228239
 20
-37.18645781865465
 10
-33.2554693139861
 20
-37.145773037912136
 10
-33.18078263085174
 20
-37.10477139196637
 10
-33.10642945135073
 20
-37.063450213624726
 10
-33.032413989161476
 20
-37.021806682734315
 10
-32.95874064687667
 20
-36.97983781424464
 10
-32.885414031227015
 20
-36.93754044495015
 10
-32.81243897004289
 20
-36.89491121871971
 10
-32.97997304595128
 20
-36.74523102238339
 10
-33.146824335067585
 20
-36.594790086843936
 10
-33.31298938305737
 20
-36.44359152669104
 10
-33.4784647497935
 20
-36.29163847219953
 10
-33.64324700942738
 20
-36.13893406926463
 10
-33.67881948572051
 20
-36.21559702912274
 10
-33.71402849367273
 20
-36.29257875273872
 10
-33.74887782885951
 20
-36.3698747495481
 10
-33.78337107397966
 20
-36.44748073094896
 10
-33.81751161515648
 20
-36.525392594805545
 10
-33.85130265656907
 20
-36.603606411539715
 10
-33.88474723362672
 20
-36.682118411607945
 10
-33.91784822486697
 20
-36.760924974191745
 10
-33.9506083627316
 20
-36.840022616955146
 10
-33.98303024335244
 20
-36.91940798674377
 10
-34.01511633546051
 20
-36.999077851117406
 10
-34.046868988516735
 20
-37.07902909062302
 10
-34.078290440148805
 20
-37.15925869172714
 10
-34.10938282296867
 20
-37.2397637403377
 10
-33.825590451444015
 20
-37.497725672514854
 10
-33.539847231435864
 20
-37.75352497041759
 10
-33.252169642825855
 20
-38.007146881142376
 10
-32.96257427705794
 20
-38.25857677736378
 10
-32.671077836181425
 20
-38.50780015817802
 10
-32.59510450280288
 20
-38.466862990022925
 10
-32.51944568820322
 20
-38.42563387058815
 10
-32.44410455078317
 20
-38.38411104931062
 10
-32.369084360762706
 20
-38.34229268390289
 10
-32.29438850746257
 20
-38.30017683440139
 10
-32.220020507248265
 20
-38.257761456673954
 10
-32.145984012215145
 20
-38.2150443953217
 10
-32.07228281970567
 20
-38.172023375901404
 10
-31.99892088276354
 20
-38.128695996382554
 10
-31.925902321645932
 20
-38.08505971774003
 10
-31.853231436535243
 20
-38.041111853567386
 10
-31.780912721614413
 20
-37.996849558575846
 10
-31.708950880699717
 20
-37.9522698158216
 10
-31.637350844657913
 20
-37.907369422475405
 10
-31.809503821199048
 20
-37.76302545677615
 10
-31.980998243257986
 20
-37.617899680401216
 10
-32.15183056037318
 20
-37.471995097900155
 10
-32.3219972357907
 20
-37.32531472994619
 10
-32.49149474653741
 20
-37.17786161327372
 10
-32.52464162819853
 20
-37.25560410307161
 10
-32.55741520825682
 20
-37.33365378252021
 10
-32.58981942146692
 20
-37.41200628249278
 10
-32.621857983468004
 20
-37.490657429038855
 10
-32.65353440756374
 20
-37.56960322840754
 10
-32.6848520197832
 20
-37.64883985360538
 10
-32.71581397244209
 20
-37.728363632293444
 10
-32.74642325639024
 20
-37.80817103585692
 10
-32.776682712103934
 20
-37.888258669506236
 10
-32.80659503975909
 20
-37.968623263288066
 10
-32.83616280840199
 20
-38.04926166390193
 10
-32.865388464318585
 20
-38.1301708272324
 10
-32.89427433868985
 20
-38.21134781151859
 10
-32.92282265460922
 20
-38.29278977109333
 10
-32.63106753738564
 20
-38.54171028081885
 10
-32.33743046428868
 20
-38.78840794576769
 10
-32.04192837046808
 20
-39.032868537961605
 10
-31.74457829863628
 20
-39.275077958442694
 10
-31.445397398085547
 20
-39.51502223808655
 10
-31.370747420487103
 20
-39.47171888988163
 10
-31.296420976882814
 20
-39.42813361373093
 10
-31.222421279101457
 20
-39.38426475914298
 10
-31.148751653616973
 20
-39.34011058745945
 10
-31.075415549013435
 20
-39.295669266135185
 10
-31.002416544128966
 20
-39.250938862498366
 10
-30.929758356959535
 20
-39.20591733692877
 10
-30.85744485441585
 20
-39.16060253538288
 10
-30.7854800630406
 20
-39.11499218118353
 10
-30.713868180810596
 20
-39.06908386597889
 10
-30.6426135901684
 20
-39.022875039760066
 10
-30.571720872452037
 20
-38.976362999807954
 10
-30.50119482392122
 20
-38.92954487841789
 10
-30.431040473612928
 20
-38.882417629223255
 10
-30.607642456583235
 20
-38.74355234422837
 10
-30.783610767295013
 20
-38.60388494863798
 10
-30.958941762663468
 20
-38.463418333996415
 10
-31.133631812798196
 20
-38.322155408394245
 10
-31.307677301078318
 20
-38.180099096408135
 10
-31.338365876137104
 20
-38.258844393694346
 10
-31.36867168473475
 20
-38.337885003365
 10
-31.39859879692192
 20
-38.4172166820429
 10
-31.428151057611313
 20
-38.49683537454821
 10
-31.45733210381973
 20
-38.576737199456254
 10
-31.486145380143814
 20
-38.656918436135065
 10
-31.51459415269476
 20
-38.73737551307442
 10
-31.542681521683047
 20
-38.818104997345515
 10
-31.570410432816285
 20
-38.89910358505543
 10
-31.59778368764973
 20
-38.98036809267894
 10
-31.62480395300955
 20
-39.061895449167224
 10
-31.6514737695926
 20
-39.14368268874662
 10
-31.67779555983247
 20
-39.22572694433202
 10
-31.70377163511023
 20
-39.30802544148943
 10
-31.40434169926439
 20
-39.54765887427275
 10
-31.103100557418546
 20
-39.78501144545657
 10
-30.800065583277544
 20
-40.02006946602919
 10
-30.495254254003253
 20
-40.25281937931425
 10
-30.1886841492066
 20
-40.483247761752544
 10
-30.115431197903543
 20
-40.43762096867439
 10
-30.04251047652093
 20
-40.39172254921323
 10
-29.96992524714587
 20
-40.34555095457797
 10
-29.897678889223492
 20
-40.29910455145531
 10
-29.825774907197815
 20
-40.25238161652695
 10
-29.754216938847723
 20
-40.205380330488765
 10
-29.683008764400594
 20
-40.15809877151205
 10
-29.612154316519185
 20
-40.11053490807877
 10
-29.541657691271496
 20
-40.06268659111192
 10
-29.471523160211046
 20
-40.014551545309686
 10
-29.401755183715633
 20
-39.96612735957729
 10
-29.33235842575715
 20
-39.91741147643259
 10
-29.263337770305398
 20
-39.868401180240085
 10
-29.194698339604525
 20
-39.81909358410224
 10
-29.37557504416824
 20
-39.685844023082595
 10
-29.555843584055097
 20
-39.55177284313397
 10
-29.73550022715235
 20
-39.4168828199418
 10
-29.914541254015383
 20
-39.2811767461441
 10
-30.092962957944746
 20
-39.14465743127362
 10
-30.121162940482684
 20
-39.22432782394676
 10
-30.14897106944547
 20
-39.304281360300415
 10
-30.17639154616313
 20
-39.38451392689462
 10
-30.203428341027415
 20
-39.46502159132215
 10
-30.230085211178977
 20
-39.545800588315025
 10
-30.25636571638262
 20
-39.62684730727461
 10
-30.28227323332177
 20
-39.70815828104401
 10
-30.307810968508036
 20
-39.78973017576834
 10
-30.332981969973286
 20
-39.87155978171186
 10
-30.357789137887313
 20
-39.953644004919205
 10
-30.382235234224346
 20
-40.035979859623964
 10
-30.40632289158476
 20
-40.11856446132113
 10
-30.430054621264144
 20
-40.20139502043078
 10
-30.45343282065011
 20
-40.28446883649021
 10
-30.146623567378086
 20
-40.51457870306446
 10
-29.83807564542107
 20
-40.74235194215142
 10
-29.527806849893288
 20
-40.96777541721536
 10
-29.21583507515819
 20
-41.1908361272402
 10
-28.902178313796394
 20
-41.41152120747942
 10
-28.83039468060772
 20
-41.36361599766421
 10
-28.758951645394955
 20
-41.315449731091206
 10
-28.687852517284277
 20
-41.26702096219819
 10
-28.61710072535686
 20
-41.21832816462872
 10
-28.546699826458234
 20
-41.16936972599212
 10
-28.476653513717977
 20
-41.120143942147365
 10
-28.406965625864263
 20
-41.07064901095387
 10
-28.33764015743083
 20
-41.02088302542395
 10
-28.268681269968663
 20
-40.97084396620165
 10
-28.20009330439247
 20
-40.920529693280606
 10
-28.131880794613465
 20
-40.86993793685965
 10
-28.06404848263458
 20
-40.819066287217474
 10
-27.996601335315866
 20
-40.76791218346779
 10
-27.92954456305358
 20
-40.716472901031146
 10
-28.1145174857408
 20
-40.58897056521605
 10
-28.29890835151795
 20
-40.46062791297717
 10
-28.48271334292747
 20
-40.33144760140183
 10
-28.665928654641192
 20
-40.20143230491944
 10
-28.848550493539094
 20
-40.070584715246234
 10
-28.87423405357805
 20
-40.15110157824745
 10
-28.899517059639997
 20
-40.23188913679664
 10
-28.92440384018815
 20
-40.31294341145051
 10
-28.948898487174986
 20
-40.39426059645527
 10
-28.973004874157173
 20
-40.47583704641553
 10
-28.996726672554633
 20
-40.55766926432915
 10
-29.02006736629062
 20
-40.639753890814276
 10
-29.043030265013442
 20
-40.72208769438005
 10
-29.06561851607118
 20
-40.80466756261552
 10
-29.087835115386063
 20
-40.887490494188555
 10
-29.10968291735464
 20
-40.97055359156172
 10
-29.13116464388274
 20
-41.05385405434533
 10
-29.152282892649612
 20
-41.137389173217656
 10
-29.173040144683483
 20
-41.22115632435226
 10
-28.85915435767672
 20
-41.441515534060635
 10
-28.54360415515606
 20
-41.65948465636316
 10
-28.22640773608348
 20
-41.875051120164215
 10
-27.90758339436442
 20
-42.088202492938514
 10
-27.587149517792703
 20
-42.298926481448085
 10
-27.516906044497834
 20
-42.248790131554244
 10
-27.447011201105255
 20
-42.19840355215933
 10
-27.37746834051449
 20
-42.147765402356576
 10
-27.3082809380587
 20
-42.09687426425275
 10
-27.239452599474735
 20
-42.04572863797601
 10
-27.170987069598205
 20
-41.99432693623024
 10
-27.102888241869692
 20
-41.94266747834145
 10
-27.035160168751812
 20
-41.890748483734285
 10
-26.96780707317158
 20
-41.8385680647667
 10
-26.90083336112096
 20
-41.78612421883972
 10
-26.834243635570104
 20
-41.73341481968577
 10
-26.76804271187325
 20
-41.680437607722496
 10
-26.70223563487898
 20
-41.62719017934012
 10
-26.636827697993645
 20
-41.5736699749661
 10
-26.82571429286173
 20
-41.452040693767465
 10
-27.014045513006437
 20
-41.329553227941105
 10
-27.20181745939275
 20
-41.20621011335398
 10
-27.389026244564345
 20
-41.08201390358761
 10
-27.575667992724068
 20
-40.95696716988518
 10
-27.598809783691088
 20
-41.03825104279163
 10
-27.62154271557768
 20
-41.11979289596965
 10
-27.643871239708528
 20
-41.201588887899916
 10
-27.665799565558622
 20
-41.283635343237854
 10
-27.687331679277882
 20
-41.365928740058216
 10
-27.7084713603181
 20
-41.44846569840653
 10
-27.729222196404166
 20
-41.53124296999124
 10
-27.74958759705485
 20
-41.61425742887461
 10
-27.7695708058284
 20
-41.69750606304208
 10
-27.789174911442856
 20
-41.78098596674665
 10
-27.808402857900152
 20
-41.86469433353945
 10
-27.82725745372538
 20
-41.94862844990973
 10
-27.84574138041784
 20
-42.032785689467715
 10
-27.863857200197906
 20
-42.117163507612666
 10
-27.543204646832287
 20
-42.327554592519476
 10
-27.220963573701038
 20
-42.53550448882958
 10
-26.897152565653702
 20
-42.74100120329364
 10
-26.571790298083826
 20
-42.94403288414652
 10
-26.244895535851917
 20
-43.144587821790815
 10
-26.17626154427839
 20
-43.09226981034266
 10
-26.107983870477916
 20
-43.03971264359644
 10
-26.04006590781447
 20
-42.98691508662418
 10
-25.972511174443433
 20
-42.93387583139515
 10
-25.905323321434565
 20
-42.88059349203653
 10
-25.838506141633793
 20
-42.82706659966357
 10
-25.77206357935178
 20
-42.7732935967275
 10
-25.705999740980715
 20
-42.71927283082251
 10
-25.64031890665612
 20
-42.66500254788334
 10
-25.575025543099024
 20
-42.61048088469472
 10
-25.510124317795967
 20
-42.555705860621046
 10
-25.4456201147003
 20
-42.50067536844888
 10
-25.381518051670483
 20
-42.445387164216996
 10
-25.31782349989901
 20
-42.38983885588575
 10
-25.51043735868338
 20
-42.27420266271963
 10
-25.70252307301886
 20
-42.15769126364647
 10
-25.89407666614086
 20
-42.040307070810265
 10
-26.08509417230136
 20
-41.92205251442455
 10
-26.275571636850962
 20
-41.80293004272204
 10
-26.29614882059231
 20
-41.884900708164665
 10
-26.31630924364434
 20
-41.967116384007106
 10
-26.336057475800338
 20
-42.04957337044507
 10
-26.355397839903507
 20
-42.13226812617036
 10
-26.374334430763202
 20
-42.21519725620357
 10
-26.39287113213322
 20
-42.29835750097348
 10
-26.411011631999425
 20
-42.381745726484546
 10
-26.428759436386272
 20
-42.46535891543705
 10
-26.446117881861174
 20
-42.54919415918532
 10
-26.4630901468898
 20
-42.633248650435135
 10
-26.479679262174074
 20
-42.71751967659578
 10
-26.495888120086686
 20
-42.80200461371335
 10
-26.511719483300688
 20
-42.88670092092199
 10
-26.52717599269998
 20
-42.971606135357824
 10
-26.200073118332824
 20
-43.17182146486309
 10
-25.871459187625536
 20
-43.369546913739214
 10
-25.5413531529742
 20
-43.56477107841903
 10
-25.20977405283014
 20
-43.757482699593815
 10
-24.876741010601883
 20
-43.947670662862656
 10
-24.809784234213097
 20
-43.89322262142104
 10
-24.743191111825507
 20
-43.8385467349018
 10
-24.676965073918687
 20
-43.78364187557445
 10
-24.61110967799826
 20
-43.728506846561615
 10
-24.54562861686372
 20
-43.6731403773572
 10
-24.48052572762824
 20
-43.617541118937424
 10
-24.415805001579994
 20
-43.56170763841589
 10
-24.351470594988232
 20
-43.50563841318703
 10
-24.287526840973005
 20
-43.4493318244934
 10
-24.2239782625763
 20
-43.39278615034223
 10
-24.160829587194797
 20
-43.33599955768454
 10
-24.098085762561084
 20
-43.27897009375534
 10
-24.035751974492793
 20
-43.22169567645648
 10
-23.973833666667844
 20
-43.164174083641896
 10
-24.169984702744433
 20
-43.05464509747003
 10
-24.36563534586142
 20
-42.944224747834355
 10
-24.560781545449256
 20
-42.83291532077544
 10
-24.755419261381896
 20
-42.72071912074049
 10
-24.949544464060494
 20
-42.60763847053563
 10
-24.967536733380133
 20
-42.69021503336408
 10
-24.985104751694056
 20
-42.773023394924905
 10
-25.002253202754282
 20
-42.85606000078011
 10
-25.018986518506154
 20
-42.93932144715271
 10
-25.035308898377348
 20
-43.022804469359585
 10
-25.051224326590877
 20
-43.10650593142956
 10
-25.06673658775398
 20
-43.190422816755984
 10
-25.081849280936783
 20
-43.27455221965487
 10
-25.096565832423067
 20
-43.3588913377199
 10
-25.11088950728936
 20
-43.44343746488013
 10
-25.124823419946654
 20
-43.52818798507996
 10
-25.13837054376082
 20
-43.61314036651188
 10
-25.151533719852207
 20
-43.69829215634146
 10
-25.164315665162032
 20
-43.78364097587227
 10
-24.831085280838735
 20
-43.97348296161806
 10
-24.496422794830963
 20
-44.16078883191384
 10
-24.160347508377654
 20
-44.34554778412856
 10
-23.822878804199227
 20
-44.527749162521516
 10
-23.484036145379722
 20
-44.70738245885682
 10
-23.41882266243019
 20
-44.65085812106506
 10
-23.353979810827397
 20
-44.5941174732717
 10
-23.289511054781048
 20
-44.53715949605667
 10
-23.22541998763619
 20
-44.47998310487713
 10
-23.161710340277693
 20
-44.42258714584755
 10
-23.098385990299217
 20
-44.36497039113646
 10
-23.035450972027512
 20
-44.30713153393387
 10
-22.972909487507167
 20
-44.2490691829371
 10
-22.910765918566508
 20
-44.19078185629408
 10
-22.849024840104754
 20
-44.13226797493391
 10
-22.787691034763377
 20
-44.07352585520322
 10
-22.72676950917138
 20
-44.01455370071264
 10
-22.666265511987792
 20
-43.955349593281866
 10
-22.606184554003697
 20
-43.89591148285139
 10
-22.805679189981497
 20
-43.79259779555952
 10
-23.004701678316433
 20
-43.68837746691521
 10
-23.203247898631382
 20
-43.58325265459954
 10
-23.40131374040944
 20
-43.47722553501919
 10
-23.598895103079006
 20
-43.37029830326134
 10
-23.614284701779347
 20
-43.4533992703777
 10
-23.629242977842097
 20
-43.53671859580162
 10
-23.643774724355723
 20
-43.620252873969214
 10
-23.65788447799388
 20
-43.70399884199382
 10
-23.67157653865827
 20
-43.78795336871047
 10
-23.68485498710915
 20
-43.87211344484286
 10
-23.697723700840204
 20
-43.956476174150225
 10
-23.710186368415368
 20
-44.04103876543191
 10
-23.722246502453462
 20
-44.125798525286555
 10
-23.733907451419654
 20
-44.21075285153706
 10
-23.745172410360436
 20
-44.29589922724468
 10
-23.75604443070051
 20
-44.381235215246924
 10
-23.766526429203694
 20
-44.46675845316137
 10
-23.776621196187218
 20
-44.55246664880656
 10
-23.437592160065712
 20
-44.73174793967286
 10
-23.09721139022686
 20
-44.908449383108014
 10
-22.75549851770444
 20
-45.082560788078034
 10
-22.412473250359575
 20
-45.25407211292611
 10
-22.068155371744115
 20
-45.4229734659518
 10
-22.00474954006819
 20
-45.36442861450704
 10
-21.941720951316146
 20
-45.305679201608534
 10
-21.879073100009084
 20
-45.246724317152704
 10
-21.816809611785253
 20
-45.187562990001574
 10
-21.754934251932983
 20
-45.1281941840289
 10
-21.693450934699694
 20
-45.06861679380722
 10
-21.632363733469337
 20
-45.00882963989267
 10
-21.57167689191491
 20
-44.948831463658486
 10
-21.51139483624867
 20
-44.888620921620365
 10
-21.45152218871222
 20
-44.82819657918762
 10
-21.392063782471922
 20
-44.76755690376408
 10
-21.333024678112253
 20
-44.70670025710879
 10
-21.274410181953847
 20
-44.645624886852346
 10
-21.216225866462477
 20
-44.58432891704492
 10
-21.418867225221064
 20
-44.487332486769205
 10
-21.62106514760623
 20
-44.38941503199796
 10
-21.822815447499625
 20
-44.29057857992342
 10
-22.02411394805004
 20
-44.190825176763866
 10
-22.224956481759875
 20
-44.09015688772132
 10
-22.237728222165014
 20
-44.17370024850394
 10
-22.250061993964046
 20
-44.25744831167603
 10
-22.2619626948517
 20
-44.34139782390868
 10
-22.2734349617528
 20
-44.42554566642564
 10
-22.284483190799566
 20
-44.50988884467014
 10
-22.29511155526231
 20
-44.59442447903056
 10
-22.305324021694517
 20
-44.679149796490286
 10
-22.31512436451378
 20
-44.764062123086525
 10
-22.324516179207432
 20
-44.849158877080995
 10
-22.333502894324727
 20
-44.93443756275842
 10
-22.342087782394568
 20
-45.01989576478088
 10
-22.350273969889066
 20
-45.10553114303599
 10
-22.35806444633703
 20
-45.19134142792485
 10
-22.365462072677992
 20
-45.277324416042994
 10
-22.020968965485462
 20
-45.44586808304058
 10
-21.67520582654069
 20
-45.61179071662388
 10
-21.328192597298845
 20
-45.775082747413215
 10
-20.97994929131247
 20
-45.93573475774561
 10
-20.630495993077247
 20
-46.09373748221795
 10
-20.568960386575707
 20
-46.033229893820355
 10
-20.507808262281984
 20
-45.97252969439434
 10
-20.44704314157988
 20
-45.91163608405096
 10
-20.38666867882279
 20
-45.8505482060155
 10
-20.32668866998662
 20
-45.78926514294355
 10
-20.26710706210966
 20
-45.72778591290257
 10
-20.20792796361311
 20
-45.66610946497877
 10
-20.149155655610407
 20
-45.60423467446345
 10
-20.09079460432959
 20
-45.542160337565896
 10
-20.032849474793053
 20
-45.47988516559145
 10
-19.975325145922287
 20
-45.41740777851359
 10
-19.918226727263075
 20
-45.35472669785655
 10
-19.86155957756095
 20
-45.29184033879114
 10
-19.805329325457016
 20
-45.228747001328614
 10
-20.01091742444048
 20
-45.13816355183521
 10
-20.21609123593814
 20
-45.04664560364318
 10
-20.42084651222159
 20
-44.95419505145529
 10
-20.62517901422738
 20
-44.860813809282085
 10
-20.8290845116448
 20
-44.766503810402234
 10
-20.8392257895889
 20
-44.850407117640344
 10
-20.84892288518053
 20
-44.934501269333275
 10
-20.858180795887225
 20
-45.01878316759775
 10
-20.867004254308895
 20
-45.10324984084579
 10
-20.87539774846984
 20
-45.18789843408409
 10
-20.8833655400319
 20
-45.27272620020755
 10
-20.89091168069386
 20
-45.35773049216031
 10
-20.898040027002068
 20
-45.442908755856344
 10
-20.904754253764064
 20
-45.528258523768294
 10
-20.911057866229626
 20
-45.613777409105694
 10
-20.916954211180453
 20
-45.699463100515075
 10
-20.922446487050657
 20
-45.78531335724362
 10
-20.927537753183707
 20
-45.8713260047157
 10
-20.932230938318032
 20
-45.95749893047838
 10
-20.582613733160116
 20
-46.11513864135647
 10
-20.231809451583075
 20
-46.27011871948065
 10
-19.879838325783652
 20
-46.42243022656939
 10
-19.52672065525485
 20
-46.572064378247646
 10
-19.172476805615215
 20
-46.71901254455349
 10
-19.112872152502398
 20
-46.65660193288764
 10
-19.053656842430684
 20
-46.59401085070252
 10
-18.994834420171408
 20
-46.53123860911323
 10
-18.93640856518671
 20
-46.46828446655384
 10
-18.878383100393886
 20
-46.40514762536706
 10
-18.820762001726848
 20
-46.34182722808435
 10
-18.763549408589547
 20
-46.27832235335912
 10
-18.706749635310896
 20
-46.214632011510666
 10
-18.650367183727102
 20
-46.15075513962988
 10
-18.594406757037532
 20
-46.0866905961899
 10
-18.5388732751039
 20
-46.02243715509578
 10
-18.483771891390777
 20
-45.957993499096
 10
-18.429108011780187
 20
-45.89335821246567
 10
-18.374887315533755
 20
-45.82852977285477
 10
-18.58321926410935
 20
-45.74444869907206
 10
-18.791166482938486
 20
-45.659420574625
 10
-18.998724666874704
 20
-45.573447159857096
 10
-19.205889518825757
 20
-45.486530234682206
 10
-19.412656749842576
 20
-45.39867159854781
 10
-19.420157557108688
 20
-45.48285204980692
 10
-19.42720840663031
 20
-45.567209299245775
 10
-19.4338143907159
 20
-45.65174040748398
 10
-19.439980332969945
 20
-45.736442553054374
 10
-19.44571080887969
 20
-45.8213130233447
 10
-19.451010164292754
 20
-45.906349206467404
 10
-19.45588253205469
 20
-45.99154858393973
 10
-19.460331847034656
 20
-46.076908724073
 10
-19.464361859733796
 20
-46.162427275985905
 10
-19.467976148643164
 20
-46.248101964168285
 10
-19.471178131494398
 20
-46.33393058353212
 10
-19.473971075527107
 20
-46.41991099489554
 10
-19.476358106880237
 20
-46.50604112085221
 10
-19.47834221920082
 20
-46.59231894198548
 10
-19.12394594604921
 20
-46.73889912538151
 10
-18.768446723312707
 20
-46.88278370142042
 10
-18.411865053962877
 20
-47.023964371739865
 10
-18.05422150340005
 20
-47.16243299392184
 10
-17.69553669826722
 20
-47.29818158196231
 10
-17.63792182113959
 20
-47.23392953876698
 10
-17.580701763651778
 20
-47.16950934366417
 10
-17.52388009046438
 20
-47.10492041945284
 10
-17.467460502517103
 20
-47.04016214050766
 10
-17.411446845895878
 20
-46.9752338296457
 10
-17.35584312150647
 20
-46.91013475470863
 10
-17.300653495650483
 20
-46.84486412482629
 10
-17.245882311614587
 20
-46.779421086322664
 10
-17.191534102400396
 20
-46.71380471821925
 10
-17.137613604742747
 20
-46.648014027283494
 10
-17.084125774588276
 20
-46.58204794256206
 10
-17.031075804234508
 20
-46.51590530932765
 10
-16.978469141364968
 20
-46.44958488235679
 10
-16.926311510257094
 20
-46.38308531844058
 10
-17.137181709943793
 20
-46.30558959823715
 10
-17.347697117305195
 20
-46.22713521002833
 10
-17.557853374025445
 20
-46.14772377806107
 10
-17.767646129224193
 20
-46.067356946396046
 10
-17.977071039546715
 20
-45.98603637887365
 10
-17.981923973743637
 20
-46.070410898211605
 10
-17.986321618858035
 20
-46.15494799497578
 10
-17.990269157013774
 20
-46.239644891189435
 10
-17.99377149805962
 20
-46.32449891829073
 10
-17.996833300430293
 20
-46.40950750872543
 10
-17.99945898987037
 20
-46.49466818840119
 10
-18.00165277629355
 20
-46.57997856989376
 10
-18.003418669008553
 20
-46.6654363463116
 10
-18.004760490508858
 20
-46.7510392857395
 10
-18.005681888995237
 20
-46.83678522619325
 10
-18.006186349776375
 20
-46.922672071026454
 10
-18.00627720567303
 20
-47.00869778473926
 10
-18.005957646534487
 20
-47.09486038914483
 10
-18.005230727962005
 20
-47.181157959855675
 10
-17.646405133151532
 20
-47.31653395882547
 10
-17.28656180406846
 20
-47.449181036073966
 10
-16.925721494225247
 20
-47.57909154134745
 10
-16.563905014633974
 20
-47.70625798222057
 10
-16.201133232606065
 20
-47.83067302452839
 10
-16.145564990391417
 20
-47.764642958812985
 10
-16.090396654775986
 20
-47.6984572257475
 10
-16.035631806791745
 20
-47.632115360384404
 10
-15.98127416520357
 20
-47.5656168536564
 10
-15.927327595470418
 20
-47.49896114952319
 10
-15.873796119521494
 20
-47.43214764185921
 10
-15.820683926444419
 20
-47.365175671051226
 10
-15.767995384197322
 20
-47.29804452027042
 10
-15.715735052473686
 20
-47.23075341137773
 10
-15.663907696869247
 20
-47.163301500415145
 10
-15.612518304524638
 20
-47.09568787262784
 10
-15.561572101446158
 20
-47.027911536952296
 10
-15.511074571742641
 20
-46.95997141989537
 10
-15.461031479058159
 20
-46.891866358714836
 10
-15.674231826427544
 20
-46.821032471010355
 10
-15.887107669029978
 20
-46.749229244049026
 10
-16.099654599681344
 20
-46.67645816437832
 10
-16.311868218007003
 20
-46.6027207385832
 10
-16.523744130532904
 20
-46.528018493255
 10
-16.525944402400498
 20
-46.61250381320788
 10
-16.527684503162874
 20
-46.697137329389136
 10
-16.528969699645195
 20
-46.78191642796726
 10
-16.52980498309507
 20
-46.866838595919255
 10
-16.530195090297383
 20
-46.9519014132828
 10
-16.530144522525998
 20
-47.03710254620234
 10
-16.529657562608083
 20
-47.122439740668284
 10
-16.528738290335216
 20
-47.2079108168628
 10
-16.52739059642086
 20
-47.29351366403945
 10
-16.52561819517519
 20
-47.37924623587357
 10
-16.52342463604435
 20
-47.46510654622953
 10
-16.520813314141147
 20
-47.55109266529831
 10
-16.51778747987722
 20
-47.637202716064756
 10
-16.51435024779255
 20
-47.72343487106973
 10
-16.15144944886374
 20
-47.84747308584644
 10
-15.787617135355495
 20
-47.968751757653955
 10
-15.422874290839937
 20
-48.087263891897074
 10
-15.057241951402935
 20
-48.203002653537176
 10
-14.69074120443085
 20
-48.315961367486395
 10
-14.637274436275419
 20
-48.24821844295388
 10
-14.584212267019067
 20
-48.180332489253544
 10
-14.531558290531098
 20
-48.11230315415025
 10
-14.479316239731597
 20
-48.04413004563711
 10
-14.427489995637792
 20
-47.97581272936519
 10
-14.376083597233183
 20
-47.907350725839855
 10
-14.32510125225727
 20
-47.8387435073558
 10
-14.274547349029003
 20
-47.76999049463878
 10
-14.224426469433869
 20
-47.70109105315714
 10
-14.174743403225428
 20
-47.632044489060284
 10
-14.125503163816608
 20
-47.56285004469464
 10
-14.076711005765045
 20
-47.49350689363854
 10
-14.028372444192733
 20
-47.42401413518857
 10
-13.980493276422346
 20
-47.35437078821668
 10
-14.195813368471551
 20
-47.29026863750643
 10
-14.410839563559184
 20
-47.2251874329087
 10
-14.625567409982215
 20
-47.15912852180441
 10
-14.839992462214349
 20
-47.09209327181603
 10
-15.054110280998028
 20
-47.02408307077926
 10
-15.053655719133594
 20
-47.1085958145363
 10
-15.052736558274583
 20
-47.19324222707211
 10
-15.051358144749726
 20
-47.278019861279915
 10
-15.049525546279705
 20
-47.36292636215562
 10
-15.04724357332495
 20
-47.44795945971702
 10
-15.044516798246388
 20
-47.533116962648606
 10
-15.041349572558024
 20
-47.61839675257986
 10
-15.037746042508038
 20
-47.70379677891792
 10
-15.033710163190205
 20
-47.78931505416811
 10
-15.029245711358527
 20
-47.87494964968482
 10
-15.024356297093739
 20
-47.96069869180325
 10
-15.019045374450126
 20
-48.046560358309705
 10
-15.013316251193922
 20
-48.13253287521313
 10
-15.007172097730146
 20
-48.218614513786164
 10
-14.640554233958005
 20
-48.331192533627124
 10
-14.27309199459201
 20
-48.440983112586736
 10
-13.904806572555708
 20
-48.54797991863113
 10
-13.535719208248674
 20
-48.652176780853786
 10
-13.165851188321499
 20
-48.753567689831414
 10
-13.114538659470332
 20
-48.68417876056958
 10
-13.06363502252784
 20
-48.61465958147474
 10
-13.01314388065395
 20
-48.54500991337171
 10
-12.963068977239999
 20
-48.47522948170089
 10
-12.91341420503141
 20
-48.40531797423336
 10
-12.864183616079968
 20
-48.33527503857866
 10
-12.815381432624536
 20
-48.26510027946012
 10
-12.767012059014139
 20
-48.19479325572979
 10
-12.719080094804498
 20
-48.124353477089606
 10
-12.671590349180098
 20
-48.05378040048116
 10
-12.624547856878516
 20
-47.98307342609981
 10
-12.57795789582312
 20
-47.912231892981346
 10
-12.5318260067063
 20
-47.84125507410096
 10
-12.486158014808073
 20
-47.770142170913026
 10
-12.703385356602155
 20
-47.71283501828062
 10
-12.920349699280859
 20
-47.65454006333806
 10
-13.137046551015544
 20
-47.59525851297007
 10
-13.353471425515457
 20
-47.53499159448692
 10
-13.569619842120606
 20
-47.47374055559901
 10
-13.566510895121828
 20
-47.558197319285476
 10
-13.562933379742224
 20
-47.642773092386136
 10
-13.558892716537917
 20
-47.72746559693398
 10
-13.554394044701441
 20
-47.81227263826792
 10
-13.54944224362142
 20
-47.89719209862605
 10
-13.544041952233476
 20
-47.982221931395486
 10
-13.538197586444033
 20
-48.06736015593535
 10
-13.531913354866028
 20
-48.152604852901405
 10
-13.52519327307035
 20
-48.237954160012215
 10
-13.518041176527621
 20
-48.32340626820453
 10
-13.510460732390456
 20
-48.408959418133485
 10
-13.502455450245888
 20
-48.49461189697898
 10
-13.494028691950378
 20
-48.580362035524765
 10
-13.48518368064517
 20
-48.66620820548136
 10
-13.115210559598928
 20
-48.7672149294727
 10
-12.744481035241183
 20
-48.865409065538145
 10
-12.373016488932048
 20
-48.960784950454126
 10
-12.000838344423098
 20
-49.053337083536164
 10
-11.627968066621795
 20
-49.14306012695611
 10
-11.578860416345831
 20
-49.07209367146073
 10
-11.530165547461193
 20
-49.00100987400799
 10
-11.481887068862537
 20
-48.92980860871874
 10
-11.434028730718193
 20
-48.858489718751606
 10
-11.386594433660093
 20
-48.78705301430583
 10
-11.339588238809434
 20
-48.71549827044285
 10
-11.293014378737597
 20
-48.643825224704784
 10
-11.246877269477116
 20
-48.5720335745053
 10
-11.201181523714748
 20
-48.50012297426379
 10
-11.15593196531981
 20
-48.428093032249954
 10
-11.111133645385861
 20
-48.35594330710008
 10
-11.066791859993318
 20
-48.28367330395963
 10
-11.022912169936975
 20
-48.211282470199926
 10
-10.97950042270535
 20
-48.13877019064584
 10
-11.198420637084135
 20
-48.08831459133214
 10
-11.41710900974211
 20
-48.03686341612726
 10
-11.635561013157917
 20
-47.98441773022863
 10
-11.853772124703761
 20
-47.93097861942312
 10
-12.071737826739067
 20
-47.876547190064535
 10
-12.065977562761287
 20
-47.96086462505125
 10
-12.05974522343685
 20
-48.04528629263968
 10
-12.053046298199842
 20
-48.12981008625063
 10
-12.045885992642884
 20
-48.214433973731886
 10
-12.03826925026742
 20
-48.299155991631835
 10
-12.030200772005712
 20
-48.38397424005994
 10
-12.021685033798626
 20
-48.468886878059635
 10
-12.01272630247046
 20
-48.55389211942951
 10
-12.003328650106344
 20
-48.638988228939176
 10
-11.993495967108371
 20
-48.72417351889307
 10
-11.983231974081995
 20
-48.80944634600252
 10
-11.97254023268346
 20
-48.89480510853137
 10
-11.961424155541703
 20
-48.98024824368553
 10
-11.949887015353353
 20
-49.06577422522027
 10
-11.576923755836086
 20
-49.15510997192009
 10
-11.203292811768417
 20
-49.2416107593342
 10
-10.829015731846198
 20
-49.32527159863823
 10
-10.454114102030351
 20
-49.40608766479826
 10
-10.078609544301935
 20
-49.48405429684907
 10
-10.031755235923157
 20
-49.411580350443806
 10
-9.985317191052957
 20
-49.33900208575922
 10
-9.939299020759183
 20
-49.26631949033634
 10
-9.893704478286187
 20
-49.19353252520686
 10
-9.848537468302961
 20
-49.12064112318547
 10
-9.803802056992273
 20
-49.0476451870075
 10
-9.75950248308099
 20
-48.974544587292854
 10
-9.715643169927068
 20
-48.901339160315445
 10
-9.672228738796127
 20
-48.82802870555318
 10
-9.629264023481742
 20
-48.75461298299045
 10
-9.586754086448632
 20
-48.68109171014001
 10
-9.544704236707675
 20
-48.60746455874543
 10
-9.503120049668237
 20
-48.533731151119476
 10
-9.46200738925657
 20
-48.45989105606464
 10
-9.682404428399021
 20
-48.4163368036546
 10
-9.90260101201502
 20
-48.37178018428554
 10
-10.122592581358605
 20
-48.3262221204164
 10
-10.342374581928237
 20
-48.27966355523912
 10
-10.561942463561108
 20
-48.23210545265906
 10
-10.553536567289424
 20
-48.316200347817464
 10
-10.544655554586633
 20
-48.4003845959001
 10
-10.53530497834736
 20
-48.48465626379455
 10
-10.525490105427028
 20
-48.56901348386293
 10
-10.51521593856127
 20
-48.653454448901634
 10
-10.504487236039717
 20
-48.73797740761746
 10
-10.493308529420482
 20
-48.82258066055493
 10
-10.48168413952838
 20
-48.907262556418196
 10
-10.469618190944114
 20
-48.99202148874038
 10
-10.4571146251619
 20
-49.07685589285922
 10
-10.444177212568245
 20
-49.16176424316391
 10
-10.430809563373677
 20
-49.24674505058301
 10
-10.417015137611749
 20
-49.33179686028682
 10
-10.402797254304726
 20
-49.4169182495816
 10
-10.02721192602518
 20
-49.494494855393555
 10
-9.65104829088037
 20
-49.56921692832251
 10
-9.274328043635927
 20
-49.64108015886669
 10
-8.89707291115939
 20
-49.710080402404444
 10
-8.519304651167126
 20
-49.7762136794333
 10
-8.474749924231112
 20
-49.702303765153395
 10
-8.430614532119106
 20
-49.62830265922171
 10
-8.386902084508453
 20
-49.55421046261183
 10
-8.343616334015529
 20
-49.48002725426689
 10
-8.300761185492952
 20
-49.4057530896834
 10
-8.25834070617223
 20
-49.331387999366534
 10
-8.216359136752597
 20
-49.25693198714169
 10
-8.174820903552115
 20
-49.18238502830457
 10
-8.13373063185464
 20
-49.107747067589536
 10
-8.09309316060763
 20
-49.0330180169325
 10
-8.052913558650927
 20
-48.95819775300147
 10
-8.013197142686511
 20
-48.88328611446206
 10
-7.973949497236063
 20
-48.808282898941236
 10
-7.935176496876588
 20
-48.73318785964465
 10
-8.156832855513931
 20
-48.696577936927035
 10
-8.378320342644582
 20
-48.658959845397725
 10
-8.599634372796906
 20
-48.62033436386683
 10
-8.820770364090366
 20
-48.580702292000524
 10
-9.04172373833038
 20
-48.54006445030448
 10
-9.030680505369558
 20
-48.62385381412594
 10
-9.01915958377573
 20
-48.70771756301362
 10
-9.00716658442403
 20
-48.79165393922957
 10
-8.994706830234936
 20
-48.87566124149346
 10
-8.981785378241161
 20
-48.95973782063311
 10
-8.968407039393865
 20
-49.04388207568097
 10
-8.95457639639629
 20
-49.12809245035982
 10
-8.940297819809645
 20
-49.212367429909044
 10
-8.925575482639745
 20
-49.29670553821063
 10
-8.910413373583143
 20
-49.38110533517973
 10
-8.894815309086486
 20
-49.465565414389026
 10
-8.87878494435174
 20
-49.550084400901305
 10
-8.86232578340245
 20
-49.63466094928701
 10
-8.845441188311032
 20
-49.71929374180742
 10
-8.46760444864325
 20
-49.78503464798751
 10
-8.089279350514401
 20
-49.847904264766655
 10
-7.710487713349782
 20
-49.90789896621858
 10
-7.331251383481742
 20
-49.96501529222419
 10
-6.951592232889726
 20
-50.01924994867103
 10
-6.90938105753281
 20
-49.94397700667862
 10
-6.867591874482482
 20
-49.868626089657134
 10
-6.8262282884632715
 20
-49.793197411913035
 10
-6.785294047760206
 20
-49.717691170223056
 10
-6.744793053555902
 20
-49.64210754271066
 10
-6.704729370116748
 20
-49.56644668762085
 10
-6.665107235929291
 20
-49.490708741980676
 10
-6.6259310759034475
 20
-49.41489382013208
 10
-6.587205514776712
 20
-49.33900201212033
 10
-6.548935391874977
 20
-49.26303338191984
 10
-6.511125777410868
 20
-49.18698796547556
 10
-6.47378199053053
 20
-49.11086576853437
 10
-6.436909619356709
 20
-49.03466676423716
 10
-6.400514543319656
 20
-48.95839089043627
 10
-6.623211473386814
 20
-48.92876142698481
 10
-6.845771282622825
 20
-48.898118987809916
 10
-7.068189363355695
 20
-48.866464207304226
 10
-7.290461110847647
 20
-48.83379774081899
 10
-7.512581923390415
 20
-48.800120264650445
 10
-7.49891225207812
 20
-48.88352140714889
 10
-7.48476279135193
 20
-48.966981893446444
 10
-7.470139204530234
 20
-49.050500142914366
 10
-7.455046865345475
 20
-49.13407462230874
 10
-7.439490880136779
 20
-49.217703842116414
 10
-7.423476107768992
 20
-49.30138635327543
 10
-7.407007177567923
 20
-49.38512074422272
 10
-7.390088505517952
 20
-49.4689056382277
 10
-7.372724308931755
 20
-49.55273969097807
 10
-7.354918619771862
 20
-49.63662158838753
 10
-7.33667529677868
 20
-49.72055004460024
 10
-7.317998036538382
 20
-49.8045238001701
 10
-7.29889038360645
 20
-49.88854162039549
 10
-7.279355739787491
 20
-49.97260229379318
 10
-6.899640467976742
 20
-50.02644262200399
 10
-6.5195272680599645
 20
-50.07739773791189
 10
-6.139038062588981
 20
-50.12546470274449
 10
-5.758194795801263
 20
-50.170640744299924
 10
-5.377019432354324
 20
-50.212923257106674
 10
-5.337193465910364
 20
-50.13636157270769
 10
-5.297791732800114
 20
-50.05973520685427
 10
-5.258817829237864
 20
-49.98304448697427
 10
-5.2202754954781785
 20
-49.90628972748381
 10
-5.182168625183685
 20
-49.82947122895756
 10
-5.144501275644706
 20
-49.75258927722411
 10
-5.107277678952228
 20
-49.675644142377024
 10
-5.070502254241172
 20
-49.59863607769155
 10
-5.034179621138616
 20
-49.52156531843507
 10
-4.998314614573053
 20
-49.44443208055733
 10
-4.962912301126204
 20
-49.36723655924475
 10
-4.927977997139024
 20
-49.28997892731982
 10
-4.893517288820523
 20
-49.21265933346385
 10
-4.859536054651913
 20
-49.1352779002372
 10
-5.083053781165432
 20
-49.11265813675513
 10
-5.306466272845061
 20
-49.08902159032259
 10
-5.529768904365655
 20
-49.06436875028874
 10
-5.752957052676518
 20
-49.03870012704313
 10
-5.976026097097112
 20
-49.01201625200511
 10
-5.959743477748571
 20
-49.09494686632204
 10
-5.94297944169947
 20
-49.1779217246058
 10
-5.9257396991224445
 20
-49.26093942489674
 10
-5.908029669258674
 20
-49.34399860350051
 10
-5.8898545027143605
 20
-49.427097932032936
 10
-5.871219101472926
 20
-49.51023611476772
 10
-5.852128136914153
 20
-49.59341188624894
 10
-5.832586066087553
 20
-49.67662400913479
 10
-5.812597146450684
 20
-49.75987127224527
 10
-5.792165449252994
 20
-49.84315248878952
 10
-5.771294871720541
 20
-49.92646649475217
 10
-5.749989148175613
 20
-50.00981214742115
 10
-5.728251860207586
 20
-50.09318832404127
 10
-5.706086445996089
 20
-50.17659392058033
 10
-5.324867375172072
 20
-50.21848053691816
 10
-4.943341199304061
 20
-50.25747086540729
 10
-4.561529922435494
 20
-50.29356265732947
 10
-4.179455565052653
 20
-50.32675383113588
 10
-3.7971401628146544
 20
-50.35704247256723
 10
-3.7597387087042824
 20
-50.27926760290077
 10
-3.7227633102876623
 20
-50.201441409187304
 10
-3.6862175517198112
 20
-50.12356433165295
 10
-3.650105161533655
 20
-50.0456368020429
 10
-3.6144300220292545
 20
-49.96765924308642
 10
-3.579196179516811
 20
-49.889632067913645
 10
-3.544407855515186
 20
-49.81155567941803
 10
-3.510069459023159
 20
-49.73343046955823
 10
-3.47618559999837
 20
-49.65525681859155
 10
-3.4427611042004234
 20
-49.57703509422993
 10
-3.4098010295800334
 20
-49.49876565070867
 10
-3.3773106844263774
 20
-49.42044882775527
 10
-3.345295647521814
 20
-49.34208494944476
 10
-3.3137617905971664
 20
-49.26367432292457
 10
-3.537879728546603
 20
-49.248086582387536
 10
-3.761924421513476
 20
-49.23147925511502
 10
-3.9858912310841372
 20
-49.21385268492974
 10
-4.20977552045736
 20
-49.19520723675588
 10
-4.433572654540349
 20
-49.175543296611494
 10
-4.414693156135034
 20
-49.257921540242904
 10
-4.395331088842658
 20
-49.340328884345425
 10
-4.375492204054845
 20
-49.422764107012036
 10
-4.355181961173384
 20
-49.505226015443775
 10
-4.334405549988516
 20
-49.587713443696394
 10
-4.313167910764578
 20
-49.67022525065798
 10
-4.291473752325242
 20
-49.75276031822861
 10
-4.269327568386577
 20
-49.835317549676354
 10
-4.246733652349425
 20
-49.91789586814883
 10
-4.223696110732323
 20
-50.000494215321815
 10
-4.200218875400888
 20
-50.083111550169136
 10
-4.1763057147282
 20
-50.165746847840495
 10
-4.151960243802928
 20
-50.24839909863514
 10
-4.127185933786656
 20
-50.33106730706149
 10
-3.7448392811471374
 20
-50.36095887449302
 10
-3.3622766496012613
 20
-50.387945936816536
 10
-2.979520102968747
 20
-50.41202693758707
 10
-2.596591716253122
 20
-50.43320048796315
 10
-2.213513574368575
 20
-50.45146536678678
 10
-2.178573543311467
 20
-50.37255406625933
 10
-2.14406096984262
 20
-50.29360484974295
 10
-2.1099794225206505
 20
-50.21461826982754
 10
-2.076332614477235
 20
-50.13559487516134
 10
-2.043124412818507
 20
-50.05653521021098
 10
-2.0103588488813253
 20
-49.97743981500043
 10
-1.978040129446299
 20
-49.89830922482544
 10
-1.946172649024912
 20
-49.819143969941294
 10
-1.9147610033559008
 20
-49.73994457521989
 10
-1.8838100042675345
 20
-49.6607115597725
 10
-1.8533246960879366
 20
-49.581445436533734
 10
-1.8233103738158634
 20
-49.50214671180083
 10
-1.7937726033014412
 20
-49.42281588472268
 10
-1.7647172437304124
 20
-49.343453446730706
 10
-1.9892142157690946
 20
-49.33491311235667
 10
-2.2136700049604996
 20
-49.32535139367116
 10
-2.4380799643800213
 20
-49.31476848863116
 10
-2.6624394480518703
 20
-49.3031646163353
 10
-2.886743811045269
 20
-49.2905400170194
 10
-2.8652860653687564
 20
-49.372284592584485
 10
-2.8433450748559106
 20
-49.454043096406295
 10
-2.820926626441419
 20
-49.53581448783633
 10
-2.7980362142999056
 20
-49.61759774614817
 10
-2.7746790622839566
 20
-49.699391868988116
 10
-2.7508601440633784
 20
-49.7811958709848
 10
-2.72658420125869
 20
-49.863008782497744
 10
-2.701855759817766
 20
-49.9448296484872
 10
-2.6766791448476646
 20
-50.026657527491125
 10
-2.6510584940833697
 20
-50.10849149069641
 10
-2.624997770149785
 20
-50.190330621093416
 10
-2.5985007717518487
 20
-50.27217401270503
 10
-2.5715711439098703
 20
-50.354020769881394
 10
-2.5442123873417715
 20
-50.435870006653964
 10
-2.1611154828716352
 20
-50.45373702581101
 10
-1.7778939387778836
 20
-50.46869418899658
 10
-1.3945698568821898
 20
-50.48074063357505
 10
-1.0111653449199656
 20
-50.48987566478287
 10
-0.627702515265326
 20
-50.49609875576855
 10
-0.5952583888537736
 20
-50.41612890030665
 10
-0.5632427000759597
 20
-50.3361345743324
 10
-0.5316589983723641
 20
-50.25611644225416
 10
-0.5005109778090002
 20
-50.17607516908171
 10
-0.46980248648170586
 20
-50.0960114204818
 10
-0.4395375367755585
 20
-50.01592586283924
 10
-0.40972031658132657
 20
-49.93581916332384
 10
-0.3803552015863485
 20
-49.85569198996417
 10
-0.35144676877501557
 20
-49.77554501172877
 10
-0.3229998112955712
 20
-49.695378898615964
 10
-0.29501935487540165
 20
-49.61519432175341
 10
-0.2675106759973218
 20
-49.53499195350844
 10
-0.24047932208639944
 20
-49.45477246761126
 10
-0.21393113400098995
 20
-49.374536539292244
 10
-0.43858558872136455
 20
-49.373052039360154
 10
-0.6632309633722449
 20
-49.37054536552361
 10
-0.8878626071040228
 20
-49.36701656967845
 10
-1.1124758693513626
 20
-49.3624657248816
 10
-1.3370660999294903
 20
-49.356892925349534
 10
-1.3130512831861385
 20
-49.437923160821335
 10
-1.2885530225614916
 20
-49.51895213858999
 10
-1.2635771348222944
 20
-49.59997900029249
 10
-1.238129143493919
 20
-49.68100289828228
 10
-1.2122143013359858
 20
-49.76202299478545
 10
-1.1858376105153585
 20
-49.84303846114358
 10
-1.159003840769996
 20
-49.924048477132544
 10
-1.131717545813014
 20
-50.00505223034733
 10
-1.1039830781893285
 20
-50.08604891564535
 10
-1.0758046027669277
 20
-50.16703773464117
 10
-1.0471861090193653
 20
-50.24801789524673
 10
-1.0181314222345785
 20
-50.32898861125215
 10
-0.9886442137673205
 20
-50.409949101942374
 10
-0.958728010437065
 20
-50.49089859174625
 10
-0.5752589245291736
 20
-50.49672343003801
 10
-0.19175666128466912
 20
-50.49963593317137
 10
0.19175666128465038
 20
-50.49963593317137
 10
0.5752589245291548
 20
-50.49672343003801
 10
0.9587280104370464
 20
-50.49089859174625
 10
0.988644213767302
 20
-50.409949101942374
 10
1.0181314222345599
 20
-50.32898861125215
 10
1.0471861090193466
 20
-50.24801789524673
 10
1.075804602766909
 20
-50.16703773464117
 10
1.1039830781893103
 20
-50.08604891564535
 10
1.1317175458129958
 20
-50.00505223034733
 10
1.1590038407699779
 20
-49.924048477132544
 10
1.1858376105153403
 20
-49.84303846114358
 10
1.2122143013359676
 20
-49.76202299478545
 10
1.2381291434939008
 20
-49.68100289828228
 10
1.2635771348222762
 20
-49.59997900029249
 10
1.2885530225614734
 20
-49.51895213858999
 10
1.3130512831861203
 20
-49.437923160821335
 10
1.3370660999294721
 20
-49.356892925349534
 10
1.1124758693513532
 20
-49.3624657248816
 10
0.8878626071040134
 20
-49.36701656967845
 10
0.6632309633722356
 20
-49.370545365523604
 10
0.43858558872135545
 20
-49.373052039360154
 10
0.2139311340010157
 20
-49.37453653929224
 10
0.24047932208642542
 20
-49.45477246761125
 10
0.2675106759973478
 20
-49.53499195350843
 10
0.29501935487542785
 20
-49.6151943217534
 10
0.3229998112955972
 20
-49.69537889861596
 10
0.35144676877504155
 20
-49.77554501172877
 10
0.3803552015863747
 20
-49.855691989964164
 10
0.4097203165813528
 20
-49.935819163323835
 10
0.4395375367755845
 20
-50.01592586283924
 10
0.4698024864817323
 20
-50.096011420481794
 10
0.5005109778090264
 20
-50.176075169081706
 10
0.5316589983723903
 20
-50.256116442254154
 10
0.5632427000759859
 20
-50.33613457433239
 10
0.5952583888537999
 20
-50.416128900306646
 10
0.6277025152653526
 20
-50.49609875576854
 10
1.0111653449199918
 20
-50.489875664782865
 10
1.394569856882216
 20
-50.480740633575046
 10
1.7778939387779098
 20
-50.46869418899657
 10
2.1611154828716614
 20
-50.453737025811
 10
2.5442123873417977
 20
-50.43587000665396
 10
2.571571143909896
 20
-50.35402076988139
 10
2.598500771751875
 20
-50.27217401270502
 10
2.624997770149811
 20
-50.19033062109341
 10
2.651058494083396
 20
-50.1084914906964
 10
2.6766791448476903
 20
-50.02665752749112
 10
2.701855759817792
 20
-49.944829648487186
 10
2.726584201258716
 20
-49.86300878249774
 10
2.750860144063404
 20
-49.781195870984796
 10
2.7746790622839823
 20
-49.699391868988116
 10
2.7980362142999313
 20
-49.617597746148164
 10
2.8209266264414445
 20
-49.535814487836326
 10
2.843345074855936
 20
-49.45404309640629
 10
2.8652860653687817
 20
-49.37228459258448
 10
2.886743811045294
 20
-49.290540017019396
 10
2.6624394480519045
 20
-49.3031646163353
 10
2.4380799643800555
 20
-49.31476848863115
 10
2.213670004960534
 20
-49.32535139367116
 10
1.9892142157691288
 20
-49.334913112356666
 10
1.7647172437304377
 20
-49.343453446730706
 10
1.7937726033014665
 20
-49.42281588472268
 10
1.8233103738158887
 20
-49.50214671180083
 10
1.853324696087962
 20
-49.58144543653374
 10
1.8838100042675603
 20
-49.6607115597725
 10
1.9147610033559261
 20
-49.73994457521989
 10
1.9461726490249378
 20
-49.819143969941294
 10
1.9780401294463243
 20
-49.89830922482544
 10
2.010358848881351
 20
-49.97743981500043
 10
2.043124412818533
 20
-50.05653521021099
 10
2.076332614477261
 20
-50.13559487516134
 10
2.1099794225206763
 20
-50.21461826982755
 10
2.144060969842646
 20
-50.29360484974295
 10
2.1785735433114928
 20
-50.37255406625933
 10
2.213513574368601
 20
-50.45146536678678
 10
2.5965917162531476
 20
-50.43320048796315
 10
2.979520102968772
 20
-50.41202693758707
 10
3.3622766496012866
 20
-50.387945936816536
 10
3.744839281147163
 20
-50.36095887449302
 10
4.127185933786682
 20
-50.33106730706149
 10
4.151960243802954
 20
-50.24839909863514
 10
4.176305714728226
 20
-50.165746847840495
 10
4.200218875400914
 20
-50.08311155016913
 10
4.223696110732349
 20
-50.000494215321815
 10
4.246733652349451
 20
-49.917895868148825
 10
4.269327568386602
 20
-49.835317549676354
 10
4.291473752325267
 20
-49.75276031822861
 10
4.313167910764604
 20
-49.67022525065798
 10
4.334405549988542
 20
-49.587713443696394
 10
4.35518196117341
 20
-49.505226015443775
 10
4.37549220405487
 20
-49.42276410701203
 10
4.395331088842683
 20
-49.340328884345425
 10
4.41469315613506
 20
-49.257921540242904
 10
4.433572654540375
 20
-49.175543296611494
 10
4.209775520457395
 20
-49.19520723675588
 10
3.9858912310841723
 20
-49.21385268492974
 10
3.7619244215135113
 20
-49.23147925511502
 10
3.537879728546637
 20
-49.248086582387536
 10
3.313761790597193
 20
-49.26367432292457
 10
3.34529564752184
 20
-49.34208494944476
 10
3.377310684426403
 20
-49.42044882775527
 10
3.409801029580059
 20
-49.49876565070867
 10
3.44276110420045
 20
-49.57703509422993
 10
3.476185599998397
 20
-49.65525681859155
 10
3.510069459023185
 20
-49.73343046955823
 10
3.5444078555152125
 20
-49.81155567941803
 10
3.5791961795168374
 20
-49.889632067913645
 10
3.614430022029281
 20
-49.96765924308642
 10
3.6501051615336815
 20
-50.0456368020429
 10
3.686217551719838
 20
-50.12356433165295
 10
3.722763310287689
 20
-50.201441409187304
 10
3.759738708704309
 20
-50.27926760290077
 10
3.797140162814681
 20
-50.35704247256723
 10
4.179455565052679
 20
-50.32675383113588
 10
4.561529922435521
 20
-50.29356265732947
 10
4.943341199304087
 20
-50.25747086540729
 10
5.324867375172099
 20
-50.21848053691816
 10
5.706086445996116
 20
-50.17659392058033
 10
5.728251860207613
 20
-50.09318832404127
 10
5.74998914817564
 20
-50.00981214742115
 10
5.771294871720568
 20
-49.92646649475217
 10
5.79216544925302
 20
-49.84315248878952
 10
5.8125971464507105
 20
-49.75987127224527
 10
5.83258606608758
 20
-49.67662400913479
 10
5.85212813691418
 20
-49.59341188624894
 10
5.871219101472951
 20
-49.51023611476772
 10
5.889854502714387
 20
-49.427097932032936
 10
5.908029669258701
 20
-49.34399860350051
 10
5.92573969912247
 20
-49.26093942489674
 10
5.942979441699496
 20
-49.1779217246058
 10
5.959743477748597
 20
-49.09494686632204
 10
5.976026097097138
 20
-49.01201625200511
 10
5.752957052676552
 20
-49.03870012704312
 10
5.52976890436569
 20
-49.064368750288736
 10
5.306466272845094
 20
-49.089021590322595
 10
5.083053781165466
 20
-49.11265813675513
 10
4.8595360546519375
 20
-49.1352779002372
 10
4.893517288820547
 20
-49.21265933346385
 10
4.927977997139049
 20
-49.28997892731982
 10
4.962912301126229
 20
-49.36723655924475
 10
4.9983146145730775
 20
-49.44443208055733
 10
5.034179621138641
 20
-49.52156531843507
 10
5.070502254241197
 20
-49.59863607769155
 10
5.1072776789522525
 20
-49.675644142377024
 10
5.144501275644731
 20
-49.75258927722411
 10
5.182168625183711
 20
-49.82947122895756
 10
5.220275495478204
 20
-49.90628972748381
 10
5.2588178292378895
 20
-49.98304448697427
 10
5.297791732800139
 20
-50.05973520685427
 10
5.337193465910389
 20
-50.13636157270769
 10
5.377019432354349
 20
-50.212923257106674
 10
5.7581947958012885
 20
-50.170640744299924
 10
6.139038062589006
 20
-50.12546470274449
 10
6.519527268059989
 20
-50.07739773791189
 10
6.899640467976767
 20
-50.02644262200399
 10
7.279355739787516
 20
-49.97260229379318
 10
7.298890383606475
 20
-49.88854162039549
 10
7.317998036538407
 20
-49.8045238001701
 10
7.336675296778706
 20
-49.72055004460024
 10
7.354918619771888
 20
-49.63662158838753
 10
7.37272430893178
 20
-49.55273969097807
 10
7.390088505517977
 20
-49.4689056382277
 10
7.407007177567948
 20
-49.38512074422272
 10
7.423476107769017
 20
-49.30138635327543
 10
7.439490880136804
 20
-49.217703842116414
 10
7.4550468653454995
 20
-49.13407462230874
 10
7.470139204530259
 20
-49.050500142914366
 10
7.4847627913519545
 20
-48.966981893446444
 10
7.498912252078144
 20
-48.88352140714889
 10
7.51258192339044
 20
-48.800120264650445
 10
7.290461110847639
 20
-48.833797740818994
 10
7.068189363355687
 20
-48.86646420730423
 10
6.845771282622815
 20
-48.898118987809916
 10
6.623211473386805
 20
-48.92876142698482
 10
6.400514543319638
 20
-48.95839089043627
 10
6.43690961935669
 20
-49.034666764237166
 10
6.473781990530512
 20
-49.11086576853437
 10
6.51112577741085
 20
-49.186987965475566
 10
6.548935391874958
 20
-49.26303338191985
 10
6.587205514776694
 20
-49.33900201212034
 10
6.625931075903429
 20
-49.414893820132086
 10
6.665107235929273
 20
-49.49070874198068
 10
6.7047293701167305
 20
-49.566446687620854
 10
6.744793053555885
 20
-49.64210754271067
 10
6.785294047760188
 20
-49.717691170223056
 10
6.826228288463254
 20
-49.793197411913035
 10
6.867591874482462
 20
-49.86862608965714
 10
6.909381057532792
 20
-49.94397700667862
 10
6.951592232889708
 20
-50.01924994867104
 10
7.331251383481725
 20
-49.965015292224194
 10
7.710487713349764
 20
-49.90789896621858
 10
8.089279350514383
 20
-49.847904264766655
 10
8.467604448643232
 20
-49.785034647987516
 10
8.845441188311016
 20
-49.71929374180743
 10
8.862325783402433
 20
-49.63466094928701
 10
8.878784944351722
 20
-49.55008440090131
 10
8.894815309086466
 20
-49.465565414389026
 10
8.910413373583125
 20
-49.38110533517973
 10
8.925575482639728
 20
-49.29670553821064
 10
8.940297819809627
 20
-49.21236742990905
 10
8.954576396396272
 20
-49.12809245035983
 10
8.968407039393847
 20
-49.043882075680976
 10
8.981785378241145
 20
-48.959737820633116
 10
8.994706830234916
 20
-48.87566124149347
 10
9.007166584424013
 20
-48.791653939229576
 10
9.01915958377571
 20
-48.70771756301362
 10
9.03068050536954
 20
-48.623853814125944
 10
9.041723738330361
 20
-48.54006445030448
 10
8.820770364090356
 20
-48.580702292000524
 10
8.599634372796897
 20
-48.62033436386683
 10
8.378320342644571
 20
-48.658959845397725
 10
8.156832855513922
 20
-48.69657793692703
 10
7.935176496876613
 20
-48.73318785964465
 10
7.973949497236088
 20
-48.80828289894124
 10
8.013197142686536
 20
-48.88328611446205
 10
8.052913558650953
 20
-48.958197753001464
 10
8.093093160607655
 20
-49.033018016932495
 10
8.133730631854664
 20
-49.10774706758953
 10
8.17482090355214
 20
-49.18238502830457
 10
8.216359136752622
 20
-49.256931987141684
 10
8.258340706172255
 20
-49.33138799936653
 10
8.300761185492977
 20
-49.4057530896834
 10
8.343616334015556
 20
-49.480027254266886
 10
8.386902084508478
 20
-49.55421046261182
 10
8.430614532119131
 20
-49.6283026592217
 10
8.474749924231137
 20
-49.70230376515339
 10
8.51930465116715
 20
-49.77621367943329
 10
8.897072911159414
 20
-49.71008040240444
 10
9.274328043635952
 20
-49.641080158866686
 10
9.651048290880395
 20
-49.569216928322504
 10
10.027211926025204
 20
-49.49449485539355
 10
10.402797254304751
 20
-49.41691824958159
 10
10.417015137611774
 20
-49.331796860286815
 10
10.430809563373701
 20
-49.246745050583
 10
10.44417721256827
 20
-49.1617642431639
 10
10.457114625161926
 20
-49.076855892859214
 10
10.46961819094414
 20
-48.99202148874038
 10
10.481684139528404
 20
-48.90726255641819
 10
10.493308529420506
 20
-48.82258066055492
 10
10.504487236039742
 20
-48.73797740761746
 10
10.515215938561294
 20
-48.65345444890163
 10
10.525490105427053
 20
-48.569013483862925
 10
10.535304978347384
 20
-48.48465626379454
 10
10.544655554586658
 20
-48.40038459590009
 10
10.553536567289449
 20
-48.31620034781746
 10
10.561942463561133
 20
-48.23210545265906
 10
10.34237458192827
 20
-48.27966355523911
 10
10.122592581358639
 20
-48.326222120416396
 10
9.902601012015054
 20
-48.371780184285534
 10
9.682404428399055
 20
-48.416336803654595
 10
9.462007389256595
 20
-48.459891056064635
 10
9.503120049668263
 20
-48.53373115111947
 10
9.544704236707702
 20
-48.60746455874542
 10
9.586754086448659
 20
-48.68109171014
 10
9.629264023481769
 20
-48.75461298299045
 10
9.672228738796154
 20
-48.82802870555317
 10
9.715643169927095
 20
-48.90133916031544
 10
9.759502483081018
 20
-48.974544587292854
 10
9.8038020569923
 20
-49.0476451870075
 10
9.848537468302988
 20
-49.12064112318547
 10
9.893704478286214
 20
-49.193532525206855
 10
9.93929902075921
 20
-49.266319490336336
 10
9.985317191052983
 20
-49.33900208575921
 10
10.031755235923184
 20
-49.411580350443806
 10
10.078609544301962
 20
-49.48405429684906
 10
10.454114102030378
 20
-49.40608766479825
 10
10.829015731846225
 20
-49.32527159863823
 10
11.203292811768444
 20
-49.2416107593342
 10
11.576923755836113
 20
-49.15510997192008
 10
11.94988701535338
 20
-49.06577422522026
 10
11.96142415554173
 20
-48.98024824368553
 10
11.972540232683487
 20
-48.894805108531365
 10
11.983231974082022
 20
-48.80944634600251
 10
11.993495967108398
 20
-48.72417351889306
 10
12.00332865010637
 20
-48.63898822893916
 10
12.012726302470487
 20
-48.55389211942951
 10
12.02168503379865
 20
-48.468886878059635
 10
12.030200772005738
 20
-48.383974240059935
 10
12.038269250267447
 20
-48.29915599163183
 10
12.04588599264291
 20
-48.21443397373187
 10
12.053046298199869
 20
-48.12981008625062
 10
12.059745223436877
 20
-48.04528629263967
 10
12.065977562761313
 20
-47.960864625051244
 10
12.071737826739092
 20
-47.87654719006453
 10
11.853772124703797
 20
-47.93097861942311
 10
11.63556101315795
 20
-47.98441773022862
 10
11.417109009742145
 20
-48.036863416127254
 10
11.19842063708417
 20
-48.088314591332136
 10
10.979500422705375
 20
-48.138770190645836
 10
11.022912169937
 20
-48.21128247019992
 10
11.066791859993343
 20
-48.283673303959624
 10
11.111133645385886
 20
-48.35594330710007
 10
11.155931965319835
 20
-48.42809303224995
 10
11.201181523714775
 20
-48.50012297426379
 10
11.24687726947714
 20
-48.57203357450529
 10
11.293014378737622
 20
-48.64382522470478
 10
11.339588238809458
 20
-48.71549827044284
 10
11.386594433660118
 20
-48.787053014305826
 10
11.434028730718218
 20
-48.8584897187516
 10
11.481887068862562
 20
-48.92980860871873
 10
11.530165547461218
 20
-49.001009874007984
 10
11.578860416345858
 20
-49.07209367146072
 10
11.62796806662182
 20
-49.143060126956115
 10
12.000838344423125
 20
-49.05333708353616
 10
12.373016488932075
 20
-48.96078495045412
 10
12.74448103524121
 20
-48.86540906553814
 10
13.115210559598955
 20
-48.76721492947269
 10
13.485183680645195
 20
-48.666208205481354
 10
13.494028691950401
 20
-48.58036203552476
 10
13.502455450245913
 20
-48.494611896978974
 10
13.51046073239048
 20
-48.40895941813348
 10
13.518041176527646
 20
-48.32340626820452
 10
13.525193273070375
 20
-48.23795416001221
 10
13.531913354866052
 20
-48.1526048529014
 10
13.538197586444058
 20
-48.06736015593534
 10
13.544041952233501
 20
-47.98222193139548
 10
13.549442243621444
 20
-47.89719209862605
 10
13.554394044701466
 20
-47.81227263826791
 10
13.558892716537942
 20
-47.727465596933975
 10
13.56293337974225
 20
-47.64277309238613
 10
13.566510895121853
 20
-47.55819731928547
 10
13.56961984212063
 20
-47.473740555599
 10
13.353471425515488
 20
-47.53499159448691
 10
13.13704655101558
 20
-47.59525851297007
 10
12.920349699280893
 20
-47.654540063338054
 10
12.703385356602189
 20
-47.712835018280614
 10
12.486158014808098
 20
-47.77014217091302
 10
12.531826006706323
 20
-47.84125507410096
 10
12.577957895823145
 20
-47.91223189298134
 10
12.624547856878541
 20
-47.98307342609981
 10
12.671590349180123
 20
-48.05378040048115
 10
12.719080094804523
 20
-48.1243534770896
 10
12.767012059014164
 20
-48.19479325572979
 10
12.81538143262456
 20
-48.26510027946012
 10
12.864183616079993
 20
-48.33527503857865
 10
12.913414205031435
 20
-48.405317974233355
 10
12.963068977240024
 20
-48.475229481700886
 10
13.013143880653974
 20
-48.54500991337171
 10
13.063635022527865
 20
-48.61465958147474
 10
13.114538659470357
 20
-48.68417876056957
 10
13.165851188321525
 20
-48.75356768983141
 10
13.5357192082487
 20
-48.65217678085378
 10
13.904806572555733
 20
-48.54797991863112
 10
14.273091994592034
 20
-48.44098311258673
 10
14.640554233958031
 20
-48.33119253362712
 10
15.00717209773017
 20
-48.21861451378616
 10
15.013316251193947
 20
-48.13253287521312
 10
15.019045374450151
 20
-48.046560358309705
 10
15.024356297093764
 20
-47.96069869180325
 10
15.029245711358552
 20
-47.874949649684815
 10
15.03371016319023
 20
-47.7893150541681
 10
15.037746042508063
 20
-47.70379677891791
 10
15.04134957255805
 20
-47.61839675257985
 10
15.044516798246413
 20
-47.533116962648606
 10
15.047243573324975
 20
-47.44795945971701
 10
15.04952554627973
 20
-47.36292636215561
 10
15.05135814474975
 20
-47.2780198612799
 10
15.052736558274608
 20
-47.193242227072105
 10
15.053655719133618
 20
-47.1085958145363
 10
15.054110280998053
 20
-47.024083070779255
 10
14.839992462214344
 20
-47.09209327181604
 10
14.625567409982207
 20
-47.159128521804405
 10
14.410839563559176
 20
-47.22518743290869
 10
14.195813368471542
 20
-47.29026863750643
 10
13.98049327642233
 20
-47.354370788216684
 10
14.028372444192717
 20
-47.42401413518858
 10
14.076711005765029
 20
-47.493506893638546
 10
14.125503163816592
 20
-47.56285004469465
 10
14.174743403225412
 20
-47.63204448906029
 10
14.224426469433853
 20
-47.70109105315715
 10
14.274547349028987
 20
-47.76999049463879
 10
14.325101252257253
 20
-47.83874350735581
 10
14.376083597233166
 20
-47.90735072583986
 10
14.427489995637776
 20
-47.975812729365195
 10
14.479316239731578
 20
-48.04413004563712
 10
14.531558290531082
 20
-48.112303154150254
 10
14.58421226701905
 20
-48.18033248925355
 10
14.637274436275401
 20
-48.248218442953885
 10
14.690741204430832
 20
-48.3159613674864
 10
15.057241951402919
 20
-48.20300265353718
 10
15.422874290839921
 20
-48.08726389189708
 10
15.787617135355479
 20
-47.96875175765396
 10
16.151449448863726
 20
-47.847473085846445
 10
16.51435024779253
 20
-47.723434871069735
 10
16.517787479877203
 20
-47.63720271606476
 10
16.52081331414113
 20
-47.55109266529832
 10
16.523424636044332
 20
-47.465106546229535
 10
16.525618195175173
 20
-47.37924623587358
 10
16.527390596420844
 20
-47.29351366403946
 10
16.528738290335202
 20
-47.20791081686281
 10
16.529657562608065
 20
-47.12243974066829
 10
16.530144522525983
 20
-47.03710254620235
 10
16.53019509029737
 20
-46.951901413282805
 10
16.52980498309505
 20
-46.86683859591926
 10
16.52896969964518
 20
-46.78191642796727
 10
16.527684503162856
 20
-46.69713732938914
 10
16.52594440240048
 20
-46.61250381320789
 10
16.52374413053289
 20
-46.528018493255004
 10
16.311868218006992
 20
-46.60272073858321
 10
16.099654599681337
 20
-46.67645816437832
 10
15.88710766902997
 20
-46.749229244049026
 10
15.674231826427533
 20
-46.821032471010355
 10
15.461031479058184
 20
-46.89186635871483
 10
15.511074571742668
 20
-46.95997141989537
 10
15.56157210144618
 20
-47.02791153695229
 10
15.612518304524663
 20
-47.095687872627835
 10
15.663907696869272
 20
-47.163301500415145
 10
15.715735052473711
 20
-47.23075341137772
 10
15.767995384197347
 20
-47.298044520270416
 10
15.820683926444444
 20
-47.365175671051226
 10
15.87379611952152
 20
-47.4321476418592
 10
15.927327595470443
 20
-47.49896114952318
 10
15.981274165203596
 20
-47.5656168536564
 10
16.03563180679177
 20
-47.6321153603844
 10
16.09039665477601
 20
-47.69845722574749
 10
16.145564990391442
 20
-47.76464295881298
 10
16.201133232606093
 20
-47.83067302452838
 10
16.563905014633995
 20
-47.70625798222056
 10
16.92572149422527
 20
-47.57909154134746
 10
17.286561804068484
 20
-47.449181036073966
 10
17.646405133151557
 20
-47.31653395882546
 10
18.005230727962033
 20
-47.18115795985567
 10
18.00595764653451
 20
-47.09486038914482
 10
18.006277205673054
 20
-47.008697784739255
 10
18.0061863497764
 20
-46.92267207102645
 10
18.005681888995262
 20
-46.83678522619325
 10
18.004760490508882
 20
-46.751039285739495
 10
18.00341866900858
 20
-46.665436346311594
 10
18.001652776293575
 20
-46.57997856989376
 10
17.999458989870394
 20
-46.494668188401185
 10
17.996833300430318
 20
-46.409507508725426
 10
17.993771498059644
 20
-46.324498918290715
 10
17.9902691570138
 20
-46.23964489118943
 10
17.986321618858057
 20
-46.15494799497577
 10
17.981923973743662
 20
-46.070410898211605
 10
17.97707103954674
 20
-45.98603637887364
 10
17.76764612922423
 20
-46.06735694639604
 10
17.557853374025477
 20
-46.147723778061064
 10
17.347697117305227
 20
-46.227135210028315
 10
17.137181709943825
 20
-46.305589598237134
 10
16.92631151025712
 20
-46.383085318440564
 10
16.97846914136499
 20
-46.44958488235679
 10
17.03107580423453
 20
-46.51590530932764
 10
17.084125774588298
 20
-46.582047942562056
 10
17.137613604742768
 20
-46.64801402728348
 10
17.19153410240042
 20
-46.71380471821924
 10
17.24588231161461
 20
-46.77942108632266
 10
17.300653495650508
 20
-46.84486412482627
 10
17.355843121506492
 20
-46.910134754708615
 10
17.4114468458959
 20
-46.97523382964569
 10
17.467460502517124
 20
-47.040162140507654
 10
17.523880090464402
 20
-47.104920419452824
 10
17.5807017636518
 20
-47.16950934366415
 10
17.63792182113961
 20
-47.23392953876697
 10
17.69553669826724
 20
-47.2981815819623
 10
18.054221503400072
 20
-47.162432993921826
 10
18.4118650539629
 20
-47.02396437173986
 10
18.768446723312728
 20
-46.882783701420415
 10
19.123945946049233
 20
-46.738899125381494
 10
19.47834221920084
 20
-46.59231894198547
 10
19.47635810688026
 20
-46.5060411208522
 10
19.47397107552713
 20
-46.419910994895524
 10
19.47117813149442
 20
-46.33393058353211
 10
19.467976148643185
 20
-46.24810196416828
 10
19.464361859733817
 20
-46.16242727598589
 10
19.460331847034677
 20
-46.076908724072986
 10
19.455882532054716
 20
-45.99154858393972
 10
19.45101016429278
 20
-45.9063492064674
 10
19.445710808879713
 20
-45.821313023344686
 10
19.439980332969967
 20
-45.73644255305436
 10
19.43381439071592
 20
-45.65174040748397
 10
19.42720840663033
 20
-45.56720929924577
 10
19.42015755710871
 20
-45.48285204980691
 10
19.4126567498426
 20
-45.39867159854779
 10
19.20588951882579
 20
-45.48653023468219
 10
18.99872466687474
 20
-45.573447159857075
 10
18.791166482938518
 20
-45.65942057462499
 10
18.58321926410938
 20
-45.744448699072045
 10
18.374887315533776
 20
-45.828529772854765
 10
18.429108011780208
 20
-45.893358212465664
 10
18.483771891390802
 20
-45.95799349909599
 10
18.53887327510392
 20
-46.02243715509577
 10
18.594406757037554
 20
-46.08669059618988
 10
18.650367183727127
 20
-46.15075513962987
 10
18.706749635310917
 20
-46.21463201151065
 10
18.76354940858957
 20
-46.27832235335911
 10
18.820762001726873
 20
-46.34182722808434
 10
18.878383100393908
 20
-46.40514762536704
 10
18.93640856518673
 20
-46.46828446655383
 10
18.994834420171433
 20
-46.531238609113224
 10
19.05365684243071
 20
-46.59401085070251
 10
19.112872152502423
 20
-46.65660193288763
 10
19.172476805615236
 20
-46.719012544553486
 10
19.52672065525487
 20
-46.57206437824764
 10
19.879838325783673
 20
-46.422430226569375
 10
20.231809451583096
 20
-46.270118719480635
 10
20.582613733160137
 20
-46.11513864135646
 10
20.932230938318053
 20
-45.95749893047837
 10
20.927537753183724
 20
-45.87132600471569
 10
20.92244648705068
 20
-45.785313357243616
 10
20.916954211180478
 20
-45.69946310051507
 10
20.911057866229648
 20
-45.61377740910569
 10
20.904754253764086
 20
-45.52825852376828
 10
20.898040027002086
 20
-45.44290875585634
 10
20.890911680693883
 20
-45.35773049216029
 10
20.88336554003192
 20
-45.272726200207536
 10
20.875397748469865
 20
-45.18789843408408
 10
20.867004254308917
 20
-45.10324984084578
 10
20.858180795887247
 20
-45.018783167597746
 10
20.848922885180556
 20
-44.93450126933327
 10
20.839225789588923
 20
-44.85040711764034
 10
20.829084511644822
 20
-44.76650381040223
 10
20.62517901422741
 20
-44.86081380928207
 10
20.420846512221623
 20
-44.95419505145527
 10
20.216091235938173
 20
-45.04664560364316
 10
20.010917424440507
 20
-45.13816355183519
 10
19.805329325457038
 20
-45.2287470013286
 10
19.861559577560975
 20
-45.29184033879113
 10
19.918226727263097
 20
-45.354726697856535
 10
19.97532514592231
 20
-45.41740777851358
 10
20.032849474793075
 20
-45.47988516559144
 10
20.090794604329613
 20
-45.54216033756588
 10
20.14915565561043
 20
-45.604234674463434
 10
20.207927963613134
 20
-45.66610946497875
 10
20.26710706210968
 20
-45.727785912902554
 10
20.326688669986645
 20
-45.789265142943535
 10
20.386668678822815
 20
-45.85054820601549
 10
20.4470431415799
 20
-45.911636084050954
 10
20.507808262282005
 20
-45.972529694394325
 10
20.568960386575732
 20
-46.03322989382034
 10
20.63049599307727
 20
-46.09373748221794
 10
20.97994929131249
 20
-45.93573475774559
 10
21.328192597298866
 20
-45.77508274741321
 10
21.67520582654071
 20
-45.61179071662387
 10
22.020968965485483
 20
-45.445868083040565
 10
22.365462072678014
 20
-45.27732441604298
 10
22.358064446337053
 20
-45.19134142792483
 10
22.350273969889088
 20
-45.105531143035975
 10
22.34208778239459
 20
-45.019895764780856
 10
22.333502894324752
 20
-44.934437562758404
 10
22.324516179207457
 20
-44.84915887708098
 10
22.3151243645138
 20
-44.76406212308651
 10
22.305324021694542
 20
-44.67914979649027
 10
22.29511155526233
 20
-44.59442447903054
 10
22.284483190799588
 20
-44.50988884467012
 10
22.27343496175282
 20
-44.42554566642562
 10
22.26196269485172
 20
-44.341397823908665
 10
22.250061993964067
 20
-44.257448311676015
 10
22.237728222165032
 20
-44.173700248503934
 10
22.224956481759897
 20
-44.09015688772131
 10
22.024113948050033
 20
-44.19082517676387
 10
21.822815447499618
 20
-44.290578579923434
 10
21.621065147606227
 20
-44.38941503199797
 10
21.418867225221053
 20
-44.48733248676921
 10
21.2162258664625
 20
-44.584328917044914
 10
21.274410181953872
 20
-44.64562488685233
 10
21.333024678112277
 20
-44.70670025710879
 10
21.392063782471947
 20
-44.76755690376407
 10
21.451522188712246
 20
-44.828196579187605
 10
21.511394836248698
 20
-44.88862092162035
 10
21.571676891914933
 20
-44.94883146365847
 10
21.63236373346936
 20
-45.00882963989265
 10
21.69345093469972
 20
-45.06861679380721
 10
21.75493425193301
 20
-45.12819418402889
 10
21.816809611785278
 20
-45.18756299000157
 10
21.87907310000911
 20
-45.2467243171527
 10
21.94172095131617
 20
-45.30567920160853
 10
22.004749540068214
 20
-45.364428614507034
 10
22.06815537174414
 20
-45.42297346595179
 10
22.4124732503596
 20
-45.254072112926096
 10
22.755498517704464
 20
-45.08256078807802
 10
23.097211390226885
 20
-44.908449383108
 10
23.437592160065737
 20
-44.73174793967284
 10
23.776621196187243
 20
-44.55246664880655
 10
23.76652642920372
 20
-44.46675845316136
 10
23.756044430700534
 20
-44.3812352152469
 10
23.74517241036046
 20
-44.295899227244675
 10
23.73390745141968
 20
-44.21075285153705
 10
23.722246502453487
 20
-44.12579852528655
 10
23.710186368415393
 20
-44.04103876543189
 10
23.69772370084023
 20
-43.95647617415021
 10
23.684854987109176
 20
-43.872113444842846
 10
23.671576538658293
 20
-43.787953368710454
 10
23.657884477993903
 20
-43.70399884199381
 10
23.643774724355747
 20
-43.6202528739692
 10
23.62924297784212
 20
-43.5367185958016
 10
23.614284701779372
 20
-43.45339927037769
 10
23.59889510307903
 20
-43.37029830326132
 10
23.401313740409467
 20
-43.47722553501917
 10
23.203247898631414
 20
-43.583252654599534
 10
23.004701678316465
 20
-43.68837746691519
 10
22.805679189981525
 20
-43.79259779555951
 10
22.60618455400372
 20
-43.895911482851375
 10
22.666265511987813
 20
-43.95534959328185
 10
22.7267695091714
 20
-44.014553700712625
 10
22.787691034763398
 20
-44.07352585520321
 10
22.849024840104775
 20
-44.1322679749339
 10
22.910765918566533
 20
-44.190781856294066
 10
22.97290948750719
 20
-44.24906918293709
 10
23.035450972027533
 20
-44.307131533933855
 10
23.09838599029924
 20
-44.364970391136445
 10
23.161710340277715
 20
-44.422587145847544
 10
23.22541998763621
 20
-44.47998310487712
 10
23.28951105478107
 20
-44.53715949605665
 10
23.35397981082742
 20
-44.594117473271695
 10
23.418822662430216
 20
-44.650858121065056
 10
23.484036145379747
 20
-44.70738245885681
 10
23.82287880419925
 20
-44.5277491625215
 10
24.16034750837768
 20
-44.34554778412855
 10
24.496422794830988
 20
-44.16078883191383
 10
24.831085280838757
 20
-43.973482961618046
 10
25.164315665162057
 20
-43.78364097587226
 10
25.15153371985223
 20
-43.69829215634145
 10
25.138370543760843
 20
-43.61314036651187
 10
25.124823419946676
 20
-43.528187985079946
 10
25.110889507289382
 20
-43.44343746488012
 10
25.09656583242309
 20
-43.358891337719896
 10
25.081849280936805
 20
-43.27455221965486
 10
25.066736587754
 20
-43.19042281675597
 10
25.0512243265909
 20
-43.10650593142955
 10
25.035308898377373
 20
-43.02280446935957
 10
25.018986518506175
 20
-42.9393214471527
 10
25.002253202754304
 20
-42.8560600007801
 10
24.985104751694077
 20
-42.77302339492489
 10
24.967536733380154
 20
-42.69021503336407
 10
24.949544464060516
 20
-42.60763847053562
 10
24.755419261381927
 20
-42.720719120740476
 10
24.560781545449284
 20
-42.83291532077542
 10
24.365635345861456
 20
-42.94422474783434
 10
24.16998470274446
 20
-43.054645097470015
 10
23.973833666667865
 20
-43.16417408364188
 10
24.035751974492815
 20
-43.22169567645646
 10
24.09808576256111
 20
-43.27897009375532
 10
24.16082958719482
 20
-43.335999557684524
 10
24.22397826257632
 20
-43.39278615034221
 10
24.28752684097303
 20
-43.449331824493385
 10
24.351470594988253
 20
-43.50563841318701
 10
24.415805001580015
 20
-43.561707638415875
 10
24.48052572762827
 20
-43.61754111893741
 10
24.545628616863745
 20
-43.673140377357186
 10
24.611109677998282
 20
-43.7285068465616
 10
24.67696507391871
 20
-43.78364187557443
 10
24.74319111182553
 20
-43.83854673490178
 10
24.809784234213122
 20
-43.893222621421025
 10
24.876741010601904
 20
-43.947670662862635
 10
25.209774052830166
 20
-43.7574826995938
 10
25.54135315297422
 20
-43.56477107841901
 10
25.871459187625554
 20
-43.36954691373919
 10
26.20007311833285
 20
-43.17182146486308
 10
26.527175992700002
 20
-42.9716061353578
 10
26.511719483300713
 20
-42.886700920921975
 10
26.49588812008671
 20
-42.802004613713336
 10
26.479679262174095
 20
-42.71751967659576
 10
26.463090146889822
 20
-42.63324865043512
 10
26.4461178818612
 20
-42.54919415918529
 10
26.428759436386294
 20
-42.46535891543704
 10
26.411011631999447
 20
-42.38174572648453
 10
26.39287113213324
 20
-42.29835750097346
 10
26.374334430763227
 20
-42.21519725620355
 10
26.355397839903528
 20
-42.13226812617034
 10
26.33605747580036
 20
-42.04957337044505
 10
26.316309243644366
 20
-41.967116384007085
 10
26.296148820592332
 20
-41.88490070816465
 10
26.275571636850984
 20
-41.802930042722025
 10
26.085094172301385
 20
-41.92205251442453
 10
25.894076666140887
 20
-42.04030707081024
 10
25.702523073018885
 20
-42.15769126364644
 10
25.510437358683404
 20
-42.27420266271961
 10
25.31782349989903
 20
-42.389838855885735
 10
25.381518051670508
 20
-42.44538716421698
 10
25.445620114700322
 20
-42.500675368448874
 10
25.51012431779599
 20
-42.55570586062104
 10
25.575025543099045
 20
-42.6104808846947
 10
25.640318906656145
 20
-42.665002547883326
 10
25.705999740980737
 20
-42.71927283082249
 10
25.772063579351805
 20
-42.77329359672748
 10
25.838506141633818
 20
-42.827066599663546
 10
25.905323321434587
 20
-42.88059349203651
 10
25.972511174443458
 20
-42.933875831395135
 10
26.04006590781449
 20
-42.986915086624165
 10
26.10798387047794
 20
-43.039712643596424
 10
26.17626154427841
 20
-43.092269810342636
 10
26.244895535851942
 20
-43.14458782179079
 10
26.571790298083847
 20
-42.94403288414651
 10
26.897152565653727
 20
-42.74100120329362
 10
27.220963573701063
 20
-42.53550448882956
 10
27.543204646832308
 20
-42.32755459251946
 10
27.86385720019793
 20
-42.117163507612645
 10
27.845741380417863
 20
-42.032785689467694
 10
27.827257453725398
 20
-41.94862844990971
 10
27.808402857900173
 20
-41.86469433353943
 10
27.78917491144288
 20
-41.780985966746634
 10
27.769570805828423
 20
-41.697506063042056
 10
27.749587597054873
 20
-41.61425742887459
 10
27.729222196404184
 20
-41.53124296999122
 10
27.70847136031812
 20
-41.44846569840651
 10
27.687331679277907
 20
-41.3659287400582
 10
27.665799565558643
 20
-41.28363534323784
 10
27.643871239708552
 20
-41.201588887899895
 10
27.6215427155777
 20
-41.11979289596963
 10
27.598809783691113
 20
-41.038251042791615
 10
27.57566799272409
 20
-40.95696716988517
 10
27.389026244564377
 20
-41.08201390358759
 10
27.201817459392778
 20
-41.206210113353954
 10
27.014045513006465
 20
-41.32955322794108
 10
26.82571429286176
 20
-41.452040693767444
 10
26.63682769799367
 20
-41.57366997496609
 10
26.702235634879003
 20
-41.627190179340104
 10
26.76804271187327
 20
-41.680437607722475
 10
26.834243635570125
 20
-41.73341481968575
 10
26.90083336112098
 20
-41.7861242188397
 10
26.967807073171603
 20
-41.83856806476668
 10
27.035160168751833
 20
-41.89074848373427
 10
27.102888241869714
 20
-41.942667478341434
 10
27.170987069598226
 20
-41.99432693623023
 10
27.23945259947476
 20
-42.045728637976
 10
27.308280938058726
 20
-42.096874264252726
 10
27.37746834051452
 20
-42.147765402356555
 10
27.447011201105276
 20
-42.198403552159306
 10
27.516906044497855
 20
-42.24879013155422
 10
27.58714951779273
 20
-42.29892648144807
 10
27.90758339436444
 20
-42.0882024929385
 10
28.226407736083505
 20
-41.8750511201642
 10
28.543604155156086
 20
-41.65948465636315
 10
28.859154357676736
 20
-41.44151553406062
 10
29.173040144683505
 20
-41.22115632435224
 10
29.152282892649634
 20
-41.137389173217635
 10
29.131164643882762
 20
-41.05385405434531
 10
29.10968291735466
 20
-40.970553591561696
 10
29.08783511538609
 20
-40.88749049418853
 10
29.065618516071204
 20
-40.804667562615506
 10
29.043030265013464
 20
-40.72208769438003
 10
29.02006736629064
 20
-40.63975389081426
 10
28.996726672554654
 20
-40.557669264329135
 10
28.973004874157194
 20
-40.47583704641551
 10
28.948898487175008
 20
-40.394260596455254
 10
28.92440384018817
 20
-40.31294341145049
 10
28.89951705964002
 20
-40.23188913679662
 10
28.87423405357807
 20
-40.151101578247435
 10
28.84855049353912
 20
-40.07058471524622
 10
28.665928654641185
 20
-40.20143230491946
 10
28.482713342927468
 20
-40.331447601401834
 10
28.298908351517944
 20
-40.46062791297717
 10
28.114517485740794
 20
-40.58897056521605
 10
27.929544563053607
 20
-40.716472901031125
 10
27.996601335315887
 20
-40.76791218346777
 10
28.0640484826346
 20
-40.81906628721745
 10
28.131880794613487
 20
-40.869937936859635
 10
28.200093304392496
 20
-40.92052969328059
 10
28.268681269968685
 20
-40.970843966201635
 10
28.33764015743085
 20
-41.020883025423934
 10
28.406965625864284
 20
-41.07064901095385
 10
28.476653513718002
 20
-41.12014394214736
 10
28.546699826458255
 20
-41.169369725992105
 10
28.61710072535688
 20
-41.21832816462871
 10
28.6878525172843
 20
-41.26702096219818
 10
28.75895164539498
 20
-41.31544973109119
 10
28.830394680607743
 20
-41.36361599766419
 10
28.902178313796416
 20
-41.4115212074794
 10
29.21583507515821
 20
-41.19083612724019
 10
29.527806849893313
 20
-40.96777541721534
 10
29.838075645421096
 20
-40.74235194215141
 10
30.146623567378107
 20
-40.514578703064444
 10
30.453432820650132
 20
-40.284468836490184
 10
30.430054621264166
 20
-40.20139502043076
 10
30.40632289158478
 20
-40.118564461321114
 10
30.382235234224368
 20
-40.03597985962394
 10
30.357789137887334
 20
-39.95364400491919
 10
30.332981969973307
 20
-39.871559781711845
 10
30.30781096850806
 20
-39.78973017576832
 10
30.282273233321792
 20
-39.708158281043985
 10
30.256365716382643
 20
-39.626847307274595
 10
30.230085211179
 20
-39.54580058831501
 10
30.20342834102744
 20
-39.465021591322134
 10
30.176391546163153
 20
-39.384513926894606
 10
30.14897106944549
 20
-39.30428136030039
 10
30.121162940482705
 20
-39.22432782394674
 10
30.092962957944767
 20
-39.1446574312736
 10
29.914541254015415
 20
-39.28117674614408
 10
29.735500227152375
 20
-39.416882819941776
 10
29.555843584055125
 20
-39.55177284313394
 10
29.375575044168265
 20
-39.68584402308257
 10
29.194698339604546
 20
-39.81909358410223
 10
29.26333777030542
 20
-39.86840118024006
 10
29.33235842575717
 20
-39.91741147643257
 10
29.40175518371566
 20
-39.96612735957728
 10
29.471523160211067
 20
-40.014551545309665
 10
29.541657691271517
 20
-40.062686591111905
 10
29.612154316519206
 20
-40.110534908078755
 10
29.683008764400615
 20
-40.15809877151203
 10
29.754216938847744
 20
-40.20538033048875
 10
29.825774907197836
 20
-40.25238161652693
 10
29.897678889223513
 20
-40.299104551455294
 10
29.969925247145895
 20
-40.34555095457796
 10
30.042510476520953
 20
-40.39172254921321
 10
30.11543119790357
 20
-40.437620968674366
 10
30.188684149206622
 20
-40.48324776175253
 10
30.495254254003274
 20
-40.25281937931423
 10
30.80006558327756
 20
-40.02006946602918
 10
31.103100557418564
 20
-39.785011445456554
 10
31.40434169926441
 20
-39.54765887427273
 10
31.70377163511025
 20
-39.30802544148941
 10
31.677795559832497
 20
-39.225726944331996
 10
31.65147376959262
 20
-39.14368268874661
 10
31.624803953009575
 20
-39.061895449167196
 10
31.597783687649752
 20
-38.98036809267892
 10
31.570410432816306
 20
-38.899103585055414
 10
31.54268152168307
 20
-38.8181049973455
 10
31.51459415269478
 20
-38.7373755130744
 10
31.486145380143835
 20
-38.65691843613505
 10
31.457332103819752
 20
-38.57673719945624
 10
31.428151057611334
 20
-38.49683537454819
 10
31.39859879692194
 20
-38.417216682042884
 10
31.36867168473477
 20
-38.33788500336498
 10
31.338365876137125
 20
-38.258844393694325
 10
31.30767730107834
 20
-38.18009909640812
 10
31.133631812798225
 20
-38.322155408394224
 10
30.9589417626635
 20
-38.463418333996394
 10
30.783610767295045
 20
-38.60388494863796
 10
30.607642456583267
 20
-38.74355234422835
 10
30.43104047361295
 20
-38.882417629223234
 10
30.501194823921246
 20
-38.92954487841787
 10
30.57172087245206
 20
-38.97636299980794
 10
30.64261359016842
 20
-39.02287503976005
 10
30.713868180810618
 20
-39.06908386597887
 10
30.78548006304062
 20
-39.11499218118351
 10
30.85744485441587
 20
-39.160602535382864
 10
30.92975835695956
 20
-39.20591733692875
 10
31.002416544128987
 20
-39.250938862498344
 10
31.075415549013456
 20
-39.295669266135164
 10
31.148751653616998
 20
-39.340110587459435
 10
31.222421279101482
 20
-39.384264759142965
 10
31.296420976882843
 20
-39.428133613730914
 10
31.37074742048713
 20
-39.47171888988161
 10
31.445397398085568
 20
-39.51502223808653
 10
31.744578298636302
 20
-39.27507795844267
 10
32.0419283704681
 20
-39.03286853796159
 10
32.3374304642887
 20
-38.78840794576767
 10
32.63106753738566
 20
-38.541710280818826
 10
32.92282265460924
 20
-38.29278977109331
 10
32.894274338689875
 20
-38.21134781151857
 10
32.86538846431861
 20
-38.130170827232384
 10
32.83616280840201
 20
-38.049261663901916
 10
32.80659503975912
 20
-37.96862326328805
 10
32.776682712103955
 20
-37.888258669506214
 10
32.74642325639026
 20
-37.8081710358569
 10
32.71581397244211
 20
-37.72836363229342
 10
32.68485201978322
 20
-37.64883985360537
 10
32.65353440756376
 20
-37.569603228407516
 10
32.621857983468026
 20
-37.49065742903883
 10
32.58981942146694
 20
-37.41200628249277
 10
32.55741520825685
 20
-37.333653782520194
 10
32.52464162819856
 20
-37.25560410307159
 10
32.491494746537434
 20
-37.1778616132737
 10
32.321997235790725
 20
-37.32531472994617
 10
32.151830560373206
 20
-37.471995097900134
 10
31.980998243258007
 20
-37.617899680401194
 10
31.80950382119907
 20
-37.76302545677613
 10
31.637350844657927
 20
-37.907369422475384
 10
31.70895088069973
 20
-37.95226981582159
 10
31.78091272161443
 20
-37.996849558575825
 10
31.853231436535257
 20
-38.04111185356737
 10
31.925902321645953
 20
-38.085059717740016
 10
31.998920882763553
 20
-38.12869599638254
 10
32.072282819705684
 20
-38.17202337590139
 10
32.14598401221516
 20
-38.215044395321684
 10
32.22002050724828
 20
-38.25776145667393
 10
32.294388507462585
 20
-38.30017683440137
 10
32.36908436076272
 20
-38.34229268390287
 10
32.44410455078319
 20
-38.384111049310604
 10
32.51944568820324
 20
-38.42563387058813
 10
32.595104502802904
 20
-38.46686299002291
 10
32.67107783618144
 20
-38.507800158178
 10
32.96257427705796
 20
-38.25857677736376
 10
33.252169642825876
 20
-38.007146881142354
 10
33.539847231435886
 20
-37.753524970417565
 10
33.825590451444036
 20
-37.49772567251483
 10
34.10938282296868
 20
-37.23976374033768
 10
34.07829044014883
 20
-37.159258691727125
 10
34.04686898851674
 20
-37.079029090622996
 10
34.015116335460526
 20
-36.99907785111739
 10
33.98303024335245
 20
-36.91940798674375
 10
33.950608362731614
 20
-36.840022616955125
 10
33.91784822486699
 20
-36.760924974191724
 10
33.88474723362673
 20
-36.68211841160793
 10
33.85130265656908
 20
-36.60360641153969
 10
33.81751161515649
 20
-36.52539259480553
 10
33.78337107397967
 20
-36.447480730948946
 10
33.74887782885953
 20
-36.36987474954809
 10
33.71402849367274
 20
-36.2925787527387
 10
33.678819485720524
 20
-36.215597029122726
 10
33.643247009427384
 20
-36.13893406926461
 10
33.47846474979352
 20
-36.29163847219954
 10
33.31298938305737
 20
-36.44359152669104
 10
33.14682433506759
 20
-36.59479008684393
 10
32.97997304595129
 20
-36.745231022383386
 10
32.81243897004289
 20
-36.89491121871971
 10
32.885414031227015
 20
-36.93754044495015
 10
32.95874064687667
 20
-36.97983781424464
 10
33.032413989161476
 20
-37.021806682734315
 10
33.10642945135073
 20
-37.063450213624726
 10
33.18078263085174
 20
-37.10477139196637
 10
33.2554693139861
 20
-37.145773037912136
 10
33.33048546228239
 20
-37.18645781865465
 10
33.40582720009714
 20
-37.2268282592073
 10
33.481490803403624
 20
-37.26688675216841
 10
33.55747268961129
 20
-37.30663556658839
 10
33.633769408297496
 20
-37.346076856042465
 10
33.71037763274965
 20
-37.38521266599807
 10
33.787294152229066
 20
-37.424044940553706
 10
33.86451586488003
 20
-37.4625755286164
 10
34.148040174287985
 20
-37.20431900001953
 10
34.429595038329275
 20
-36.94391675900989
 10
34.70916421868046
 20
-36.68138382395997
 10
34.986731591539865
 20
-36.41673533612735
 10
35.26228114855756
 20
-36.14998655878149
 10
35.22867538326523
 20
-36.070497869898595
 10
35.19474936355153
 20
-35.991294828906604
 10
35.16050104939072
 20
-35.91238041544661
 10
35.12592829891656
 20
-35.83375771185067
 10
35.091028861811886
 20
-35.75542990983093
 10
35.05580037209722
 20
-35.67740031777728
 10
35.02024034024688
 20
-35.59967236873599
 10
34.984346144550216
 20
-35.52224962915278
 10
34.948115021622726
 20
-35.44513580847656
 10
34.91154405595713
 20
-35.36833476973528
 10
34.87463016838644
 20
-35.2918505412138
 10
34.837370103309375
 20
-35.21568732938439
 10
34.79976041450324
 20
-35.139849533268126
 10
34.761797449317484
 20
-35.06434176043554
 10
34.601893060992296
 20
-35.222146748823434
 10
34.44127230714641
 20
-35.37922253053322
 10
34.27993851312306
 20
-35.535565853613505
 10
34.11789501902756
 20
-35.691173481277055
 10
33.95514517965823
 20
-35.846042191967754
 10
34.02942324840966
 20
-35.88635818118282
 10
34.104042274277454
 20
-35.92633143462069
 10
34.17899753723209
 20
-35.96596545840226
 10
34.25428453217471
 20
-36.00526355887313
 10
34.32989895244774
 20
-36.044228857899654
 10
34.4058366750351
 20
-36.082864306597955
 10
34.48209374723667
 20
-36.12117269769604
 10
34.558666374633944
 20
-36.15915667669824
 10
34.635550910191114
 20
-36.196818751996794
 10
34.71274384435802
 20
-36.23416130405435
 10
34.79024179606004
 20
-36.27118659376387
 10
34.86804150447578
 20
-36.30789677007806
 10
34.946139821516475
 20
-36.34429387698785
 10
35.02453370493257
 20
-36.380379859919586
 10
35.29980607860887
 20
-36.11334505155413
 10
35.573042580265266
 20
-35.84422745132937
 10
35.84422745132942
 20
-35.573042580265216
 10
36.11334505155418
 20
-35.29980607860882
 10
36.380379859919636
 20
-35.02453370493252
 10
36.3442938769879
 20
-34.946139821516425
 10
36.30789677007811
 20
-34.86804150447573
 10
36.27118659376392
 20
-34.79024179605999
 10
36.2341613040544
 20
-34.71274384435797
 10
36.196818751996844
 20
-34.635550910191064
 10
36.15915667669829
 20
-34.558666374633894
 10
36.12117269769609
 20
-34.48209374723662
 10
36.082864306598005
 20
-34.40583667503505
 10
36.044228857899704
 20
-34.32989895244769
 10
36.00526355887318
 20
-34.25428453217466
 10
35.96596545840231
 20
-34.17899753723204
 10
35.92633143462074
 20
-34.104042274277404
 10
35.88635818118287
 20
-34.02942324840961
 10
35.8460421919678
 20
-33.955145179658174
 10
35.691173481277076
 20
-34.117895019027536
 10
35.535565853613534
 20
-34.279938513123035
 10
35.37922253053325
 20
-34.44127230714639
 10
35.222146748823455
 20
-34.60189306099227
 10
35.06434176043556
 20
-34.76179744931747
 10
35.13984953326815
 20
-34.79976041450323
 10
35.21568732938441
 20
-34.83737010330936
 10
35.29185054121381
 20
-34.87463016838642
 10
35.36833476973529
 20
-34.91154405595711
 10
35.44513580847658
 20
-34.94811502162271
 10
35.522249629152796
 20
-34.984346144550194
 10
35.59967236873601
 20
-35.020240340246865
 10
35.67740031777729
 20
-35.0558003720972
 10
35.755429909830944
 20
-35.09102886181187
 10
35.833757711850694
 20
-35.12592829891655
 10
35.91238041544663
 20
-35.1605010493907
 10
35.99129482890662
 20
-35.194749363551516
 10
36.07049786989861
 20
-35.22867538326521
 10
36.149986558781514
 20
-35.26228114855754
 10
36.41673533612737
 20
-34.986731591539844
 10
36.68138382395998
 20
-34.70916421868045
 10
36.9439167590099
 20
-34.42959503832926
 10
37.204319000019545
 20
-34.148040174287964
 10
37.46257552861642
 20
-33.86451586488001
 10
37.42404494055372
 20
-33.78729415222905
 10
37.38521266599808
 20
-33.71037763274963
 10
37.34607685604248
 20
-33.63376940829748
 10
37.30663556658841
 20
-33.557472689611274
 10
37.266886752168425
 20
-33.48149080340361
 10
37.226828259207316
 20
-33.40582720009713
 10
37.186457818654674
 20
-33.330485462282375
 10
37.14577303791215
 20
-33.255469313986076
 10
37.104771391966395
 20
-33.18078263085172
 10
37.06345021362474
 20
-33.10642945135071
 10
37.02180668273433
 20
-33.032413989161455
 10
36.97983781424466
 20
-32.958740646876656
 10
36.93754044495017
 20
-32.88541403122699
 10
36.894911218719734
 20
-32.81243897004288
 10
36.74523102238341
 20
-32.97997304595126
 10
36.59479008684395
 20
-33.14682433506757
 10
36.44359152669106
 20
-33.31298938305736
 10
36.29163847219955
 20
-33.47846474979349
 10
36.13893406926463
 20
-33.64324700942738
 10
36.21559702912274
 20
-33.67881948572051
 10
36.29257875273872
 20
-33.71402849367273
 10
36.3698747495481
 20
-33.74887782885951
 10
36.44748073094896
 20
-33.78337107397966
 10
36.525392594805545
 20
-33.81751161515648
 10
36.603606411539715
 20
-33.85130265656907
 10
36.682118411607945
 20
-33.88474723362672
 10
36.760924974191745
 20
-33.91784822486697
 10
36.840022616955146
 20
-33.9506083627316
 10
36.91940798674377
 20
-33.98303024335244
 10
36.999077851117406
 20
-34.01511633546051
 10
37.07902909062302
 20
-34.046868988516735
 10
37.15925869172714
 20
-34.078290440148805
 10
37.2397637403377
 20
-34.10938282296867
 10
37.497725672514854
 20
-33.825590451444015
 10
37.75352497041759
 20
-33.539847231435864
 10
38.007146881142376
 20
-33.252169642825855
 10
38.25857677736378
 20
-32.96257427705794
 10
38.50780015817802
 20
-32.671077836181425
 10
38.466862990022925
 20
-32.59510450280288
 10
38.42563387058815
 20
-32.51944568820322
 10
38.38411104931062
 20
-32.44410455078317
 10
38.34229268390289
 20
-32.369084360762706
 10
38.30017683440139
 20
-32.29438850746257
 10
38.257761456673954
 20
-32.220020507248265
 10
38.2150443953217
 20
-32.145984012215145
 10
38.172023375901404
 20
-32.07228281970567
 10
38.128695996382554
 20
-31.99892088276354
 10
38.08505971774003
 20
-31.925902321645932
 10
38.041111853567386
 20
-31.853231436535243
 10
37.996849558575846
 20
-31.780912721614413
 10
37.9522698158216
 20
-31.708950880699717
 10
37.907369422475405
 20
-31.637350844657913
 10
37.76302545677615
 20
-31.809503821199048
 10
37.617899680401216
 20
-31.980998243257986
 10
37.471995097900155
 20
-32.15183056037318
 10
37.32531472994619
 20
-32.3219972357907
 10
37.17786161327372
 20
-32.49149474653741
 10
37.25560410307161
 20
-32.52464162819854
 10
37.33365378252021
 20
-32.55741520825683
 10
37.41200628249278
 20
-32.58981942146692
 10
37.490657429038855
 20
-32.62185798346801
 10
37.56960322840754
 20
-32.65353440756375
 10
37.64883985360538
 20
-32.6848520197832
 10
37.728363632293444
 20
-32.7158139724421
 10
37.80817103585692
 20
-32.746423256390244
 10
37.888258669506236
 20
-32.77668271210394
 10
37.968623263288066
 20
-32.806595039759095
 10
38.04926166390193
 20
-32.83616280840199
 10
38.1301708272324
 20
-32.86538846431859
 10
38.21134781151859
 20
-32.894274338689854
 10
38.29278977109333
 20
-32.92282265460923
 10
38.54171028081885
 20
-32.63106753738565
 10
38.78840794576769
 20
-32.33743046428869
 10
39.032868537961605
 20
-32.041928370468085
 10
39.275077958442694
 20
-31.744578298636288
 10
39.51502223808655
 20
-31.445397398085554
 10
39.47171888988163
 20
-31.37074742048711
 10
39.42813361373093
 20
-31.29642097688282
 10
39.38426475914298
 20
-31.222421279101457
 10
39.34011058745945
 20
-31.14875165361698
 10
39.295669266135185
 20
-31.07541554901344
 10
39.250938862498366
 20
-31.00241654412897
 10
39.20591733692877
 20
-30.929758356959542
 10
39.16060253538288
 20
-30.857444854415853
 10
39.11499218118353
 20
-30.785480063040605
 10
39.06908386597889
 20
-30.713868180810604
 10
39.022875039760066
 20
-30.642613590168402
 10
38.976362999807954
 20
-30.571720872452044
 10
38.92954487841789
 20
-30.501194823921228
 10
38.882417629223255
 20
-30.43104047361293
 10
38.74355234422837
 20
-30.60764245658324
 10
38.60388494863798
 20
-30.78361076729502
 10
38.463418333996415
 20
-30.958941762663475
 10
38.322155408394245
 20
-31.1336318127982
 10
38.18009909640813
 20
-31.307677301078318
 10
38.25884439369434
 20
-31.338365876137104
 10
38.337885003364995
 20
-31.36867168473475
 10
38.4172166820429
 20
-31.39859879692192
 10
38.496835374548205
 20
-31.428151057611313
 10
38.57673719945625
 20
-31.45733210381973
 10
38.65691843613506
 20
-31.486145380143814
 10
38.73737551307441
 20
-31.51459415269476
 10
38.81810499734551
 20
-31.542681521683047
 10
38.89910358505542
 20
-31.570410432816285
 10
38.98036809267893
 20
-31.59778368764973
 10
39.06189544916722
 20
-31.62480395300955
 10
39.143682688746615
 20
-31.6514737695926
 10
39.22572694433201
 20
-31.67779555983247
 10
39.30802544148943
 20
-31.70377163511023
 10
39.54765887427274
 20
-31.40434169926439
 10
39.78501144545657
 20
-31.103100557418546
 10
40.02006946602919
 20
-30.800065583277544
 10
40.252819379314246
 20
-30.495254254003253
 10
40.483247761752544
 20
-30.1886841492066
 10
40.43762096867438
 20
-30.115431197903543
 10
40.39172254921322
 20
-30.04251047652093
 10
40.345550954577966
 20
-29.96992524714587
 10
40.2991045514553
 20
-29.897678889223492
 10
40.25238161652694
 20
-29.825774907197815
 10
40.20538033048876
 20
-29.754216938847723
 10
40.158098771512044
 20
-29.683008764400594
 10
40.11053490807876
 20
-29.612154316519185
 10
40.06268659111191
 20
-29.541657691271496
 10
40.01455154530968
 20
-29.471523160211046
 10
39.96612735957729
 20
-29.401755183715633
 10
39.917411476432584
 20
-29.33235842575715
 10
39.86840118024008
 20
-29.263337770305398
 10
39.819093584102234
 20
-29.194698339604525
 10
39.68584402308259
 20
-29.37557504416824
 10
39.55177284313396
 20
-29.555843584055097
 10
39.41688281994179
 20
-29.73550022715235
 10
39.28117674614409
 20
-29.914541254015383
 10
39.14465743127364
 20
-30.092962957944714
 10
39.22432782394678
 20
-30.121162940482655
 10
39.304281360300436
 20
-30.148971069445437
 10
39.38451392689465
 20
-30.1763915461631
 10
39.46502159132217
 20
-30.203428341027383
 10
39.545800588315046
 20
-30.230085211178945
 10
39.62684730727463
 20
-30.256365716382593
 10
39.70815828104403
 20
-30.28227323332174
 10
39.78973017576836
 20
-30.307810968508004
 10
39.87155978171188
 20
-30.33298196997325
 10
39.95364400491923
 20
-30.357789137887277
 10
40.03597985962399
 20
-30.38223523422431
 10
40.11856446132115
 20
-30.40632289158473
 10
40.20139502043081
 20
-30.430054621264116
 10
40.284468836490234
 20
-30.453432820650082
 10
40.51457870306448
 20
-30.14662356737805
 10
40.742351942151444
 20
-29.83807564542104
 10
40.96777541721538
 20
-29.527806849893256
 10
41.190836127240225
 20
-29.215835075158154
 10
41.41152120747944
 20
-28.90217831379636
 10
41.363615997664226
 20
-28.830394680607686
 10
41.31544973109123
 20
-28.758951645394923
 10
41.26702096219822
 20
-28.68785251728424
 10
41.218328164628744
 20
-28.617100725356824
 10
41.16936972599214
 20
-28.546699826458198
 10
41.120143942147386
 20
-28.476653513717945
 10
41.07064901095389
 20
-28.40696562586423
 10
41.02088302542397
 20
-28.337640157430794
 10
40.97084396620167
 20
-28.268681269968624
 10
40.92052969328063
 20
-28.20009330439244
 10
40.86993793685968
 20
-28.131880794613433
 10
40.819066287217495
 20
-28.064048482634547
 10
40.767912183467814
 20
-27.99660133531583
 10
40.71647290103117
 20
-27.929544563053547
 10
40.58897056521607
 20
-28.114517485740766
 10
40.460627912977195
 20
-28.29890835151792
 10
40.33144760140185
 20
-28.48271334292744
 10
40.201432304919464
 20
-28.66592865464116
 10
40.07058471524623
 20
-28.848550493539094
 10
40.15110157824745
 20
-28.87423405357805
 10
40.23188913679663
 20
-28.899517059639997
 10
40.312943411450505
 20
-28.92440384018815
 10
40.39426059645527
 20
-28.948898487174986
 10
40.47583704641553
 20
-28.973004874157173
 10
40.55766926432915
 20
-28.996726672554633
 10
40.639753890814276
 20
-29.02006736629062
 10
40.72208769438005
 20
-29.043030265013442
 10
40.80466756261551
 20
-29.06561851607118
 10
40.88749049418855
 20
-29.087835115386063
 10
40.97055359156171
 20
-29.109682917354636
 10
41.05385405434532
 20
-29.13116464388274
 10
41.13738917321765
 20
-29.152282892649612
 10
41.22115632435225
 20
-29.173040144683483
 10
41.44151553406063
 20
-28.85915435767672
 10
41.65948465636316
 20
-28.54360415515606
 10
41.875051120164215
 20
-28.22640773608348
 10
42.08820249293851
 20
-27.90758339436442
 10
42.29892648144808
 20
-27.587149517792703
 10
42.24879013155424
 20
-27.516906044497834
 10
42.19840355215932
 20
-27.447011201105255
 10
42.14776540235657
 20
-27.377468340514493
 10
42.09687426425274
 20
-27.3082809380587
 10
42.045728637976005
 20
-27.239452599474735
 10
41.99432693623024
 20
-27.170987069598205
 10
41.94266747834145
 20
-27.102888241869692
 10
41.890748483734285
 20
-27.035160168751812
 10
41.8385680647667
 20
-26.96780707317158
 10
41.78612421883972
 20
-26.90083336112096
 10
41.73341481968576
 20
-26.834243635570104
 10
41.68043760772249
 20
-26.76804271187325
 10
41.62719017934012
 20
-26.70223563487898
 10
41.573669974966094
 20
-26.636827697993645
 10
41.45204069376746
 20
-26.82571429286173
 10
41.3295532279411
 20
-27.014045513006437
 10
41.206210113353976
 20
-27.20181745939275
 10
41.0820139035876
 20
-27.389026244564345
 10
40.956967169885175
 20
-27.575667992724068
 10
41.03825104279162
 20
-27.598809783691088
 10
41.119792895969645
 20
-27.62154271557768
 10
41.20158888789991
 20
-27.643871239708528
 10
41.28363534323785
 20
-27.665799565558622
 10
41.36592874005821
 20
-27.687331679277882
 10
41.44846569840652
 20
-27.7084713603181
 10
41.53124296999123
 20
-27.729222196404162
 10
41.6142574288746
 20
-27.74958759705485
 10
41.69750606304207
 20
-27.7695708058284
 10
41.78098596674664
 20
-27.789174911442856
 10
41.86469433353944
 20
-27.808402857900152
 10
41.94862844990972
 20
-27.827257453725377
 10
42.03278568946771
 20
-27.84574138041784
 10
42.11716350761266
 20
-27.863857200197906
 10
42.327554592519476
 20
-27.543204646832287
 10
42.535504488829574
 20
-27.220963573701038
 10
42.741001203293635
 20
-26.897152565653702
 10
42.94403288414652
 20
-26.571790298083826
 10
43.14458782179081
 20
-26.244895535851917
 10
43.09226981034265
 20
-26.17626154427839
 10
43.03971264359643
 20
-26.10798387047792
 10
42.98691508662417
 20
-26.04006590781447
 10
42.93387583139514
 20
-25.972511174443433
 10
42.880593492036525
 20
-25.905323321434565
 10
42.82706659966356
 20
-25.838506141633793
 10
42.77329359672749
 20
-25.772063579351784
 10
42.719272830822504
 20
-25.705999740980715
 10
42.66500254788333
 20
-25.64031890665612
 10
42.61048088469471
 20
-25.575025543099024
 10
42.55570586062104
 20
-25.510124317795967
 10
42.500675368448874
 20
-25.4456201147003
 10
42.44538716421699
 20
-25.381518051670483
 10
42.38983885588574
 20
-25.31782349989901
 10
42.274202662719624
 20
-25.51043735868338
 10
42.15769126364646
 20
-25.70252307301886
 10
42.04030707081026
 20
-25.89407666614086
 10
41.92205251442454
 20
-26.08509417230136
 10
41.80293004272204
 20
-26.275571636850966
 10
41.884900708164665
 20
-26.296148820592318
 10
41.967116384007106
 20
-26.316309243644348
 10
42.04957337044507
 20
-26.33605747580034
 10
42.13226812617036
 20
-26.35539783990351
 10
42.21519725620357
 20
-26.37433443076321
 10
42.29835750097348
 20
-26.392871132133223
 10
42.381745726484546
 20
-26.41101163199943
 10
42.46535891543705
 20
-26.42875943638628
 10
42.54919415918532
 20
-26.44611788186118
 10
42.633248650435135
 20
-26.463090146889805
 10
42.71751967659578
 20
-26.479679262174077
 10
42.80200461371335
 20
-26.495888120086693
 10
42.88670092092199
 20
-26.511719483300695
 10
42.971606135357824
 20
-26.527175992699984
 10
43.17182146486309
 20
-26.20007311833283
 10
43.369546913739214
 20
-25.87145918762554
 10
43.56477107841903
 20
-25.541353152974203
 10
43.757482699593815
 20
-25.20977405283015
 10
43.947670662862656
 20
-24.876741010601886
 10
43.89322262142104
 20
-24.809784234213105
 10
43.8385467349018
 20
-24.743191111825514
 10
43.78364187557445
 20
-24.67696507391869
 10
43.728506846561615
 20
-24.611109677998265
 10
43.6731403773572
 20
-24.545628616863727
 10
43.617541118937424
 20
-24.480525727628248
 10
43.56170763841589
 20
-24.415805001579997
 10
43.50563841318703
 20
-24.351470594988236
 10
43.4493318244934
 20
-24.287526840973012
 10
43.39278615034223
 20
-24.223978262576303
 10
43.33599955768454
 20
-24.1608295871948
 10
43.27897009375534
 20
-24.09808576256109
 10
43.22169567645648
 20
-24.0357519744928
 10
43.164174083641896
 20
-23.973833666667847
 10
43.05464509747003
 20
-24.16998470274444
 10
42.944224747834355
 20
-24.365635345861428
 10
42.83291532077544
 20
-24.56078154544926
 10
42.72071912074049
 20
-24.755419261381903
 10
42.60763847053563
 20
-24.9495444640605
 10
42.69021503336408
 20
-24.967536733380136
 10
42.773023394924905
 20
-24.98510475169406
 10
42.85606000078011
 20
-25.002253202754286
 10
42.93932144715271
 20
-25.018986518506157
 10
43.022804469359585
 20
-25.03530889837735
 10
43.10650593142956
 20
-25.05122432659088
 10
43.190422816755984
 20
-25.066736587753983
 10
43.27455221965487
 20
-25.081849280936783
 10
43.3588913377199
 20
-25.096565832423067
 10
43.44343746488013
 20
-25.11088950728936
 10
43.52818798507996
 20
-25.124823419946658
 10
43.61314036651188
 20
-25.13837054376082
 10
43.69829215634146
 20
-25.15153371985221
 10
43.78364097587227
 20
-25.164315665162036
 10
43.97348296161806
 20
-24.83108528083874
 10
44.16078883191384
 20
-24.49642279483097
 10
44.34554778412856
 20
-24.160347508377658
 10
44.527749162521516
 20
-23.82287880419923
 10
44.70738245885682
 20
-23.484036145379726
 10
44.65085812106506
 20
-23.418822662430195
 10
44.5941174732717
 20
-23.353979810827397
 10
44.53715949605667
 20
-23.28951105478105
 10
44.47998310487713
 20
-23.22541998763619
 10
44.42258714584755
 20
-23.161710340277693
 10
44.36497039113646
 20
-23.098385990299217
 10
44.30713153393387
 20
-23.035450972027515
 10
44.2490691829371
 20
-22.97290948750717
 10
44.19078185629408
 20
-22.91076591856651
 10
44.13226797493391
 20
-22.849024840104757
 10
44.07352585520322
 20
-22.78769103476338
 10
44.01455370071264
 20
-22.726769509171383
 10
43.955349593281866
 20
-22.666265511987795
 10
43.89591148285139
 20
-22.606184554003697
 10
43.79259779555952
 20
-22.8056791899815
 10
43.68837746691521
 20
-23.004701678316437
 10
43.58325265459954
 20
-23.203247898631385
 10
43.47722553501919
 20
-23.401313740409442
 10
43.37029830326136
 20
-23.59889510307897
 10
43.453399270377716
 20
-23.61428470177931
 10
43.53671859580164
 20
-23.62924297784206
 10
43.62025287396923
 20
-23.643774724355687
 10
43.70399884199384
 20
-23.657884477993843
 10
43.78795336871049
 20
-23.671576538658236
 10
43.872113444842874
 20
-23.684854987109116
 10
43.95647617415024
 20
-23.697723700840168
 10
44.04103876543192
 20
-23.710186368415332
 10
44.12579852528658
 20
-23.722246502453427
 10
44.21075285153707
 20
-23.733907451419615
 10
44.2958992272447
 20
-23.745172410360404
 10
44.38123521524694
 20
-23.756044430700474
 10
44.4667584531614
 20
-23.76652642920366
 10
44.55246664880658
 20
-23.776621196187183
 10
44.73174793967287
 20
-23.437592160065677
 10
44.90844938310803
 20
-23.097211390226825
 10
45.08256078807805
 20
-22.755498517704403
 10
45.254072112926124
 20
-22.41247325035954
 10
45.42297346595182
 20
-22.06815537174408
 10
45.364428614507055
 20
-22.00474954006815
 10
45.30567920160855
 20
-21.94172095131611
 10
45.246724317152726
 20
-21.879073100009045
 10
45.18756299000159
 20
-21.816809611785214
 10
45.12819418402892
 20
-21.754934251932948
 10
45.06861679380724
 20
-21.69345093469966
 10
45.00882963989268
 20
-21.6323637334693
 10
44.9488314636585
 20
-21.571676891914873
 10
44.88862092162037
 20
-21.511394836248634
 10
44.82819657918763
 20
-21.451522188712186
 10
44.767556903764095
 20
-21.392063782471887
 10
44.706700257108814
 20
-21.333024678112217
 10
44.64562488685236
 20
-21.27441018195381
 10
44.584328917044935
 20
-21.21622586646244
 10
44.48733248676922
 20
-21.418867225221028
 10
44.389415031997984
 20
-21.621065147606195
 10
44.290578579923434
 20
-21.82281544749959
 10
44.19082517676389
 20
-22.024113948050005
 10
44.090156887721314
 20
-22.22495648175988
 10
44.173700248503934
 20
-22.23772822216501
 10
44.25744831167602
 20
-22.25006199396405
 10
44.34139782390867
 20
-22.261962694851704
 10
44.425545666425634
 20
-22.273434961752802
 10
44.50988884467013
 20
-22.28448319079957
 10
44.59442447903055
 20
-22.29511155526231
 10
44.67914979649028
 20
-22.30532402169452
 10
44.76406212308652
 20
-22.315124364513782
 10
44.84915887708099
 20
-22.324516179207436
 10
44.93443756275841
 20
-22.33350289432473
 10
45.01989576478087
 20
-22.342087782394568
 10
45.10553114303598
 20
-22.35027396988907
 10
45.19134142792484
 20
-22.358064446337032
 10
45.27732441604299
 20
-22.365462072677992
 10
45.44586808304057
 20
-22.020968965485466
 10
45.61179071662387
 20
-21.675205826540694
 10
45.77508274741321
 20
-21.328192597298848
 10
45.9357347577456
 20
-20.979949291312472
 10
46.093737482217946
 20
-20.630495993077247
 10
46.03322989382035
 20
-20.56896038657571
 10
45.97252969439433
 20
-20.507808262281987
 10
45.911636084050954
 20
-20.44704314157988
 10
45.850548206015496
 20
-20.386668678822794
 10
45.78926514294354
 20
-20.326688669986623
 10
45.72778591290256
 20
-20.267107062109663
 10
45.66610946497876
 20
-20.207927963613113
 10
45.60423467446344
 20
-20.149155655610407
 10
45.54216033756589
 20
-20.090794604329595
 10
45.47988516559144
 20
-20.032849474793057
 10
45.417407778513585
 20
-19.97532514592229
 10
45.35472669785654
 20
-19.91822672726308
 10
45.29184033879113
 20
-19.861559577560953
 10
45.22874700132861
 20
-19.80532932545702
 10
45.138163551835206
 20
-20.010917424440482
 10
45.04664560364317
 20
-20.216091235938144
 10
44.95419505145529
 20
-20.42084651222159
 10
44.86081380928208
 20
-20.625179014227385
 10
44.766503810402234
 20
-20.829084511644805
 10
44.850407117640344
 20
-20.8392257895889
 10
44.934501269333275
 20
-20.848922885180535
 10
45.01878316759775
 20
-20.85818079588723
 10
45.10324984084579
 20
-20.8670042543089
 10
45.18789843408409
 20
-20.875397748469844
 10
45.27272620020755
 20
-20.883365540031903
 10
45.35773049216031
 20
-20.890911680693865
 10
45.442908755856344
 20
-20.898040027002068
 10
45.528258523768294
 20
-20.904754253764068
 10
45.613777409105694
 20
-20.911057866229626
 10
45.699463100515075
 20
-20.916954211180457
 10
45.78531335724362
 20
-20.92244648705066
 10
45.8713260047157
 20
-20.927537753183707
 10
45.95749893047838
 20
-20.932230938318032
 10
46.11513864135647
 20
-20.58261373316012
 10
46.27011871948065
 20
-20.23180945158308
 10
46.42243022656939
 20
-19.879838325783656
 10
46.572064378247646
 20
-19.526720655254852
 10
46.71901254455349
 20
-19.172476805615215
 10
46.65660193288764
 20
-19.112872152502398
 10
46.59401085070252
 20
-19.053656842430687
 10
46.53123860911323
 20
-18.99483442017141
 10
46.46828446655384
 20
-18.93640856518671
 10
46.40514762536706
 20
-18.87838310039389
 10
46.34182722808435
 20
-18.820762001726855
 10
46.27832235335912
 20
-18.76354940858955
 10
46.214632011510666
 20
-18.7067496353109
 10
46.15075513962988
 20
-18.650367183727106
 10
46.0866905961899
 20
-18.594406757037536
 10
46.02243715509578
 20
-18.538873275103903
 10
45.957993499096
 20
-18.48377189139078
 10
45.89335821246567
 20
-18.429108011780187
 10
45.82852977285477
 20
-18.37488731553376
 10
45.74444869907206
 20
-18.583219264109353
 10
45.659420574625
 20
-18.791166482938486
 10
45.573447159857096
 20
-18.998724666874708
 10
45.486530234682206
 20
-19.20588951882576
 10
45.39867159854781
 20
-19.41265674984258
 10
45.48285204980692
 20
-19.420157557108688
 10
45.567209299245775
 20
-19.427208406630314
 10
45.65174040748398
 20
-19.433814390715902
 10
45.736442553054374
 20
-19.43998033296995
 10
45.8213130233447
 20
-19.445710808879692
 10
45.906349206467404
 20
-19.451010164292757
 10
45.99154858393973
 20
-19.455882532054694
 10
46.076908724073
 20
-19.460331847034656
 10
46.162427275985905
 20
-19.4643618597338
 10
46.248101964168285
 20
-19.467976148643167
 10
46.33393058353212
 20
-19.4711781314944
 10
46.41991099489554
 20
-19.47397107552711
 10
46.50604112085221
 20
-19.47635810688024
 10
46.59231894198548
 20
-19.47834221920082
 10
46.73889912538151
 20
-19.123945946049215
 10
46.88278370142042
 20
-18.76844672331271
 10
47.023964371739865
 20
-18.41186505396288
 10
47.16243299392184
 20
-18.054221503400054
 10
47.29818158196231
 20
-17.69553669826722
 10
47.23392953876698
 20
-17.637921821139592
 10
47.16950934366417
 20
-17.58070176365178
 10
47.10492041945284
 20
-17.523880090464385
 10
47.04016214050766
 20
-17.467460502517106
 10
46.9752338296457
 20
-17.41144684589588
 10
46.91013475470863
 20
-17.35584312150647
 10
46.84486412482629
 20
-17.300653495650486
 10
46.779421086322664
 20
-17.24588231161459
 10
46.71380471821925
 20
-17.1915341024004
 10
46.648014027283494
 20
-17.13761360474275
 10
46.58204794256206
 20
-17.08412577458828
 10
46.51590530932765
 20
-17.03107580423451
 10
46.44958488235679
 20
-16.978469141364968
 10
46.38308531844058
 20
-16.926311510257097
 10
46.30558959823715
 20
-17.137181709943796
 10
46.22713521002833
 20
-17.3476971173052
 10
46.14772377806107
 20
-17.557853374025445
 10
46.067356946396046
 20
-17.767646129224197
 10
45.98603637887365
 20
-17.97707103954672
 10
46.070410898211605
 20
-17.98192397374364
 10
46.15494799497578
 20
-17.986321618858035
 10
46.239644891189435
 20
-17.990269157013774
 10
46.32449891829073
 20
-17.99377149805962
 10
46.40950750872543
 20
-17.996833300430293
 10
46.49466818840119
 20
-17.99945898987037
 10
46.57997856989376
 20
-18.00165277629355
 10
46.6654363463116
 20
-18.003418669008557
 10
46.7510392857395
 20
-18.00476049050886
 10
46.83678522619325
 20
-18.00568188899524
 10
46.922672071026454
 20
-18.006186349776378
 10
47.00869778473926
 20
-18.006277205673033
 10
47.09486038914483
 20
-18.00595764653449
 10
47.181157959855675
 20
-18.005230727962008
 10
47.31653395882547
 20
-17.646405133151532
 10
47.449181036073966
 20
-17.286561804068462
 10
47.57909154134745
 20
-16.92572149422525
 10
47.70625798222057
 20
-16.563905014633974
 10
47.83067302452839
 20
-16.201133232606068
 10
47.764642958812985
 20
-16.14556499039142
 10
47.6984572257475
 20
-16.09039665477599
 10
47.632115360384404
 20
-16.03563180679175
 10
47.5656168536564
 20
-15.981274165203574
 10
47.49896114952319
 20
-15.927327595470421
 10
47.43214764185921
 20
-15.873796119521497
 10
47.365175671051226
 20
-15.820683926444419
 10
47.29804452027042
 20
-15.767995384197322
 10
47.23075341137773
 20
-15.715735052473686
 10
47.163301500415145
 20
-15.663907696869247
 10
47.09568787262784
 20
-15.612518304524638
 10
47.027911536952296
 20
-15.561572101446158
 10
46.95997141989537
 20
-15.511074571742645
 10
46.891866358714836
 20
-15.461031479058162
 10
46.821032471010355
 20
-15.674231826427544
 10
46.749229244049026
 20
-15.887107669029982
 10
46.67645816437832
 20
-16.099654599681347
 10
46.6027207385832
 20
-16.311868218007003
 10
46.52801849325501
 20
-16.52374413053287
 10
46.61250381320789
 20
-16.52594440240046
 10
46.69713732938914
 20
-16.527684503162835
 10
46.78191642796727
 20
-16.52896969964516
 10
46.86683859591927
 20
-16.52980498309503
 10
46.95190141328281
 20
-16.530195090297344
 10
47.037102546202355
 20
-16.53014452252596
 10
47.1224397406683
 20
-16.529657562608044
 10
47.207910816862814
 20
-16.52873829033518
 10
47.29351366403946
 20
-16.527390596420823
 10
47.37924623587359
 20
-16.525618195175152
 10
47.46510654622954
 20
-16.52342463604431
 10
47.55109266529832
 20
-16.520813314141108
 10
47.63720271606478
 20
-16.51778747987718
 10
47.72343487106974
 20
-16.51435024779251
 10
47.847473085846445
 20
-16.1514494488637
 10
47.96875175765397
 20
-15.787617135355456
 10
48.08726389189709
 20
-15.422874290839898
 10
48.20300265353718
 20
-15.057241951402895
 10
48.31596136748641
 20
-14.690741204430811
 10
48.248218442953885
 20
-14.63727443627538
 10
48.18033248925355
 20
-14.584212267019028
 10
48.11230315415026
 20
-14.53155829053106
 10
48.044130045637125
 20
-14.479316239731556
 10
47.975812729365195
 20
-14.427489995637753
 10
47.90735072583987
 20
-14.376083597233144
 10
47.838743507355815
 20
-14.32510125225723
 10
47.7699904946388
 20
-14.274547349028964
 10
47.70109105315716
 20
-14.22442646943383
 10
47.6320444890603
 20
-14.17474340322539
 10
47.56285004469465
 20
-14.12550316381657
 10
47.493506893638546
 20
-14.076711005765008
 10
47.42401413518858
 20
-14.028372444192696
 10
47.35437078821669
 20
-13.980493276422308
 10
47.29026863750644
 20
-14.195813368471512
 10
47.225187432908704
 20
-14.410839563559145
 10
47.15912852180442
 20
-14.625567409982178
 10
47.09209327181605
 20
-14.839992462214312
 10
47.02408307077926
 20
-15.05411028099803
 10
47.1085958145363
 20
-15.053655719133596
 10
47.19324222707211
 20
-15.052736558274585
 10
47.278019861279915
 20
-15.051358144749727
 10
47.36292636215562
 20
-15.049525546279707
 10
47.44795945971702
 20
-15.047243573324954
 10
47.533116962648606
 20
-15.044516798246391
 10
47.61839675257986
 20
-15.041349572558028
 10
47.70379677891792
 20
-15.03774604250804
 10
47.78931505416811
 20
-15.033710163190209
 10
47.87494964968482
 20
-15.02924571135853
 10
47.96069869180325
 20
-15.02435629709374
 10
48.046560358309705
 20
-15.019045374450128
 10
48.13253287521313
 20
-15.013316251193926
 10
48.218614513786164
 20
-15.00717209773015
 10
48.331192533627124
 20
-14.640554233958008
 10
48.440983112586736
 20
-14.273091994592011
 10
48.54797991863113
 20
-13.90480657255571
 10
48.652176780853786
 20
-13.535719208248677
 10
48.753567689831414
 20
-13.165851188321502
 10
48.68417876056958
 20
-13.114538659470336
 10
48.61465958147474
 20
-13.063635022527842
 10
48.54500991337171
 20
-13.013143880653951
 10
48.47522948170089
 20
-12.963068977240003
 10
48.40531797423336
 20
-12.913414205031414
 10
48.33527503857866
 20
-12.86418361607997
 10
48.26510027946012
 20
-12.81538143262454
 10
48.19479325572979
 20
-12.767012059014142
 10
48.124353477089606
 20
-12.719080094804502
 10
48.05378040048116
 20
-12.6715903491801
 10
47.98307342609981
 20
-12.624547856878518
 10
47.912231892981346
 20
-12.577957895823122
 10
47.84125507410096
 20
-12.531826006706302
 10
47.770142170913026
 20
-12.486158014808074
 10
47.71283501828062
 20
-12.703385356602158
 10
47.65454006333807
 20
-12.920349699280862
 10
47.59525851297007
 20
-13.137046551015548
 10
47.53499159448692
 20
-13.353471425515458
 10
47.47374055559901
 20
-13.56961984212061
 10
47.558197319285476
 20
-13.566510895121832
 10
47.642773092386136
 20
-13.562933379742228
 10
47.72746559693398
 20
-13.55889271653792
 10
47.81227263826792
 20
-13.554394044701445
 10
47.89719209862605
 20
-13.549442243621424
 10
47.982221931395486
 20
-13.54404195223348
 10
48.06736015593535
 20
-13.538197586444037
 10
48.152604852901405
 20
-13.53191335486603
 10
48.237954160012215
 20
-13.525193273070354
 10
48.32340626820453
 20
-13.518041176527625
 10
48.408959418133485
 20
-13.510460732390458
 10
48.49461189697898
 20
-13.502455450245892
 10
48.580362035524765
 20
-13.49402869195038
 10
48.66620820548136
 20
-13.485183680645173
 10
48.7672149294727
 20
-13.115210559598932
 10
48.865409065538145
 20
-12.744481035241186
 10
48.960784950454126
 20
-12.373016488932052
 10
49.053337083536164
 20
-12.000838344423101
 10
49.14306012695611
 20
-11.627968066621799
 10
49.07209367146073
 20
-11.578860416345833
 10
49.00100987400799
 20
-11.530165547461197
 10
48.92980860871874
 20
-11.48188706886254
 10
48.858489718751606
 20
-11.434028730718197
 10
48.78705301430583
 20
-11.386594433660097
 10
48.71549827044285
 20
-11.339588238809435
 10
48.643825224704784
 20
-11.2930143787376
 10
48.5720335745053
 20
-11.24687726947712
 10
48.50012297426379
 20
-11.201181523714752
 10
48.428093032249954
 20
-11.155931965319814
 10
48.35594330710008
 20
-11.111133645385864
 10
48.28367330395963
 20
-11.066791859993321
 10
48.211282470199926
 20
-11.022912169936978
 10
48.13877019064584
 20
-10.979500422705353
 10
48.08831459133214
 20
-11.198420637084139
 10
48.03686341612726
 20
-11.417109009742113
 10
47.98441773022863
 20
-11.63556101315792
 10
47.93097861942312
 20
-11.853772124703765
 10
47.876547190064535
 20
-12.071737826739069
 10
47.96086462505125
 20
-12.065977562761288
 10
48.04528629263968
 20
-12.059745223436854
 10
48.12981008625063
 20
-12.053046298199845
 10
48.214433973731886
 20
-12.045885992642885
 10
48.299155991631835
 20
-12.038269250267424
 10
48.38397424005994
 20
-12.030200772005713
 10
48.468886878059635
 20
-12.02168503379863
 10
48.55389211942951
 20
-12.012726302470464
 10
48.638988228939176
 20
-12.003328650106347
 10
48.72417351889307
 20
-11.993495967108373
 10
48.80944634600252
 20
-11.983231974081997
 10
48.89480510853137
 20
-11.972540232683464
 10
48.98024824368553
 20
-11.961424155541705
 10
49.06577422522027
 20
-11.949887015353355
 10
49.15510997192009
 20
-11.57692375583609
 10
49.2416107593342
 20
-11.203292811768419
 10
49.32527159863823
 20
-10.8290157318462
 10
49.40608766479826
 20
-10.454114102030355
 10
49.48405429684907
 20
-10.078609544301937
 10
49.411580350443806
 20
-10.031755235923159
 10
49.33900208575922
 20
-9.98531719105296
 10
49.26631949033634
 20
-9.939299020759185
 10
49.19353252520686
 20
-9.893704478286189
 10
49.12064112318547
 20
-9.848537468302965
 10
49.0476451870075
 20
-9.803802056992277
 10
48.974544587292854
 20
-9.759502483080993
 10
48.901339160315445
 20
-9.71564316992707
 10
48.82802870555318
 20
-9.67222873879613
 10
48.75461298299045
 20
-9.629264023481744
 10
48.68109171014001
 20
-9.586754086448636
 10
48.60746455874543
 20
-9.544704236707679
 10
48.533731151119476
 20
-9.503120049668238
 10
48.45989105606464
 20
-9.462007389256572
 10
48.4163368036546
 20
-9.682404428399025
 10
48.37178018428554
 20
-9.902601012015024
 10
48.3262221204164
 20
-10.122592581358608
 10
48.27966355523912
 20
-10.34237458192824
 10
48.23210545265906
 20
-10.56194246356111
 10
48.316200347817464
 20
-10.553536567289427
 10
48.4003845959001
 20
-10.544655554586635
 10
48.48465626379455
 20
-10.535304978347362
 10
48.56901348386293
 20
-10.52549010542703
 10
48.653454448901634
 20
-10.515215938561273
 10
48.73797740761746
 20
-10.50448723603972
 10
48.82258066055493
 20
-10.493308529420485
 10
48.907262556418196
 20
-10.481684139528383
 10
48.99202148874038
 20
-10.469618190944118
 10
49.07685589285922
 20
-10.457114625161903
 10
49.16176424316391
 20
-10.444177212568247
 10
49.24674505058301
 20
-10.430809563373678
 10
49.33179686028682
 20
-10.417015137611752
 10
49.4169182495816
 20
-10.402797254304728
 10
49.494494855393555
 20
-10.027211926025181
 10
49.56921692832251
 20
-9.651048290880372
 10
49.64108015886669
 20
-9.27432804363593
 10
49.710080402404444
 20
-8.897072911159391
 10
49.7762136794333
 20
-8.519304651167127
 10
49.702303765153395
 20
-8.474749924231116
 10
49.62830265922171
 20
-8.430614532119108
 10
49.55421046261183
 20
-8.386902084508455
 10
49.48002725426689
 20
-8.343616334015532
 10
49.4057530896834
 20
-8.300761185492956
 10
49.331387999366534
 20
-8.25834070617223
 10
49.25693198714169
 20
-8.216359136752601
 10
49.18238502830457
 20
-8.174820903552119
 10
49.107747067589536
 20
-8.133730631854643
 10
49.0330180169325
 20
-8.093093160607632
 10
48.95819775300147
 20
-8.052913558650928
 10
48.88328611446206
 20
-8.013197142686513
 10
48.808282898941236
 20
-7.973949497236067
 10
48.73318785964465
 20
-7.93517649687659
 10
48.696577936927035
 20
-8.156832855513935
 10
48.65895984539773
 20
-8.378320342644585
 10
48.62033436386683
 20
-8.599634372796908
 10
48.580702292000524
 20
-8.820770364090368
 10
48.540064450304484
 20
-9.04172373833034
 10
48.623853814125944
 20
-9.030680505369517
 10
48.707717563013624
 20
-9.01915958377569
 10
48.79165393922959
 20
-9.007166584423992
 10
48.87566124149347
 20
-8.994706830234895
 10
48.95973782063312
 20
-8.981785378241122
 10
49.04388207568098
 20
-8.968407039393824
 10
49.12809245035984
 20
-8.95457639639625
 10
49.21236742990905
 20
-8.940297819809604
 10
49.296705538210645
 20
-8.925575482639704
 10
49.38110533517974
 20
-8.910413373583104
 10
49.46556541438903
 20
-8.894815309086445
 10
49.55008440090131
 20
-8.878784944351699
 10
49.63466094928702
 20
-8.86232578340241
 10
49.719293741807434
 20
-8.845441188310993
 10
49.78503464798752
 20
-8.46760444864321
 10
49.84790426476666
 20
-8.08927935051436
 10
49.90789896621859
 20
-7.710487713349742
 10
49.9650152922242
 20
-7.3312513834817015
 10
50.019249948671046
 20
-6.951592232889685
 10
49.94397700667863
 20
-6.909381057532769
 10
49.86862608965714
 20
-6.86759187448244
 10
49.79319741191304
 20
-6.826228288463231
 10
49.71769117022306
 20
-6.785294047760166
 10
49.642107542710676
 20
-6.7447930535558624
 10
49.566446687620854
 20
-6.704729370116707
 10
49.49070874198069
 20
-6.66510723592925
 10
49.41489382013209
 20
-6.625931075903407
 10
49.339002012120346
 20
-6.587205514776672
 10
49.26303338191985
 20
-6.548935391874937
 10
49.186987965475566
 20
-6.511125777410827
 10
49.110865768534374
 20
-6.47378199053049
 10
49.034666764237166
 20
-6.436909619356668
 10
48.95839089043628
 20
-6.400514543319616
 10
48.92876142698483
 20
-6.623211473386773
 10
48.89811898780992
 20
-6.845771282622785
 10
48.86646420730423
 20
-7.068189363355656
 10
48.833797740819
 20
-7.290461110847608
 10
48.800120264650445
 20
-7.512581923390417
 10
48.88352140714889
 20
-7.498912252078123
 10
48.966981893446444
 20
-7.484762791351932
 10
49.050500142914366
 20
-7.470139204530237
 10
49.13407462230874
 20
-7.455046865345477
 10
49.217703842116414
 20
-7.439490880136781
 10
49.30138635327543
 20
-7.423476107768995
 10
49.38512074422272
 20
-7.407007177567927
 10
49.4689056382277
 20
-7.390088505517955
 10
49.55273969097807
 20
-7.372724308931757
 10
49.63662158838753
 20
-7.354918619771865
 10
49.72055004460024
 20
-7.336675296778683
 10
49.8045238001701
 20
-7.317998036538385
 10
49.88854162039549
 20
-7.2988903836064525
 10
49.97260229379318
 20
-7.279355739787493
 10
50.02644262200399
 20
-6.899640467976745
 10
50.07739773791189
 20
-6.519527268059967
 10
50.12546470274449
 20
-6.139038062588984
 10
50.170640744299924
 20
-5.758194795801266
 10
50.212923257106674
 20
-5.377019432354326
 10
50.13636157270769
 20
-5.337193465910366
 10
50.05973520685427
 20
-5.297791732800117
 10
49.98304448697427
 20
-5.2588178292378664
 10
49.90628972748381
 20
-5.220275495478181
 10
49.82947122895756
 20
-5.182168625183688
 10
49.75258927722411
 20
-5.144501275644709
 10
49.675644142377024
 20
-5.107277678952229
 10
49.59863607769155
 20
-5.070502254241175
 10
49.52156531843507
 20
-5.034179621138619
 10
49.44443208055733
 20
-4.998314614573055
 10
49.36723655924475
 20
-4.962912301126207
 10
49.28997892731982
 20
-4.927977997139027
 10
49.21265933346385
 20
-4.893517288820526
 10
49.1352779002372
 20
-4.859536054651915
 10
49.11265813675513
 20
-5.083053781165435
 10
49.08902159032259
 20
-5.306466272845063
 10
49.06436875028874
 20
-5.529768904365659
 10
49.03870012704313
 20
-5.75295705267652
 10
49.01201625200511
 20
-5.976026097097115
 10
49.09494686632204
 20
-5.9597434777485745
 10
49.1779217246058
 20
-5.942979441699474
 10
49.26093942489674
 20
-5.925739699122448
 10
49.34399860350051
 20
-5.908029669258678
 10
49.427097932032936
 20
-5.889854502714364
 10
49.51023611476772
 20
-5.871219101472928
 10
49.59341188624894
 20
-5.852128136914157
 10
49.67662400913479
 20
-5.832586066087557
 10
49.75987127224527
 20
-5.812597146450687
 10
49.84315248878952
 20
-5.792165449252997
 10
49.92646649475217
 20
-5.771294871720545
 10
50.00981214742115
 20
-5.749989148175617
 10
50.09318832404127
 20
-5.72825186020759
 10
50.17659392058033
 20
-5.7060864459960925
 10
50.21848053691816
 20
-5.324867375172076
 10
50.25747086540729
 20
-4.943341199304064
 10
50.29356265732947
 20
-4.561529922435498
 10
50.32675383113588
 20
-4.179455565052656
 10
50.35704247256723
 20
-3.797140162814658
 10
50.27926760290077
 20
-3.759738708704286
 10
50.201441409187304
 20
-3.722763310287666
 10
50.12356433165295
 20
-3.686217551719815
 10
50.0456368020429
 20
-3.6501051615336584
 10
49.96765924308642
 20
-3.614430022029258
 10
49.889632067913645
 20
-3.5791961795168143
 10
49.81155567941803
 20
-3.5444078555151894
 10
49.73343046955823
 20
-3.510069459023162
 10
49.65525681859155
 20
-3.4761855999983737
 10
49.57703509422993
 20
-3.442761104200427
 10
49.49876565070867
 20
-3.409801029580037
 10
49.42044882775527
 20
-3.377310684426381
 10
49.34208494944476
 20
-3.3452956475218176
 10
49.26367432292457
 20
-3.31376179059717
 10
49.248086582387536
 20
-3.5378797285466055
 10
49.23147925511502
 20
-3.7619244215134797
 10
49.21385268492974
 20
-3.985891231084141
 10
49.19520723675588
 20
-4.209775520457364
 10
49.175543296611494
 20
-4.433572654540352
 10
49.257921540242904
 20
-4.414693156135037
 10
49.340328884345425
 20
-4.39533108884266
 10
49.422764107012036
 20
-4.375492204054848
 10
49.505226015443775
 20
-4.355181961173387
 10
49.587713443696394
 20
-4.334405549988519
 10
49.67022525065798
 20
-4.313167910764581
 10
49.75276031822861
 20
-4.291473752325245
 10
49.835317549676354
 20
-4.26932756838658
 10
49.91789586814883
 20
-4.246733652349428
 10
50.000494215321815
 20
-4.223696110732326
 10
50.083111550169136
 20
-4.200218875400892
 10
50.165746847840495
 20
-4.176305714728203
 10
50.24839909863514
 20
-4.151960243802931
 10
50.33106730706149
 20
-4.1271859337866585
 10
50.36095887449302
 20
-3.74483928114714
 10
50.387945936816536
 20
-3.362276649601264
 10
50.41202693758707
 20
-2.9795201029687495
 10
50.43320048796315
 20
-2.5965917162531245
 10
50.45146536678678
 20
-2.213513574368578
 10
50.37255406625933
 20
-2.1785735433114697
 10
50.29360484974295
 20
-2.1440609698426227
 10
50.21461826982754
 20
-2.109979422520653
 10
50.13559487516134
 20
-2.076332614477238
 10
50.05653521021098
 20
-2.0431244128185098
 10
49.97743981500043
 20
-2.010358848881328
 10
49.89830922482544
 20
-1.9780401294463017
 10
49.819143969941294
 20
-1.9461726490249147
 10
49.73994457521989
 20
-1.9147610033559035
 10
49.6607115597725
 20
-1.8838100042675376
 10
49.581445436533734
 20
-1.8533246960879393
 10
49.50214671180083
 20
-1.823310373815866
 10
49.42281588472268
 20
-1.7937726033014438
 10
49.343453446730706
 20
-1.764717243730415
 10
49.33491311235667
 20
-1.9892142157690973
 10
49.32535139367116
 20
-2.2136700049605027
 10
49.31476848863116
 20
-2.438079964380024
 10
49.3031646163353
 20
-2.662439448051873
 10
49.2905400170194
 20
-2.886743811045272
 10
49.372284592584485
 20
-2.8652860653687595
 10
49.454043096406295
 20
-2.8433450748559137
 10
49.53581448783633
 20
-2.8209266264414223
 10
49.61759774614817
 20
-2.798036214299909
 10
49.699391868988116
 20
-2.77467906228396
 10
49.7811958709848
 20
-2.750860144063382
 10
49.863008782497744
 20
-2.726584201258693
 10
49.9448296484872
 20
-2.701855759817769
 10
50.026657527491125
 20
-2.6766791448476677
 10
50.10849149069641
 20
-2.6510584940833732
 10
50.190330621093416
 20
-2.624997770149788
 10
50.27217401270503
 20
-2.598500771751852
 10
50.354020769881394
 20
-2.5715711439098734
 10
50.435870006653964
 20
-2.544212387341775
 10
50.45373702581101
 20
-2.1611154828716383
 10
50.46869418899658
 20
-1.7778939387778867
 10
50.48074063357505
 20
-1.394569856882193
 10
50.48987566478287
 20
-1.0111653449199687
 10
50.49609875576855
 20
-0.6277025152653294
 10
50.41612890030665
 20
-0.5952583888537767
 10
50.3361345743324
 20
-0.5632427000759628
 10
50.25611644225416
 20
-0.5316589983723672
 10
50.17607516908171
 20
-0.5005109778090036
 10
50.0960114204818
 20
-0.4698024864817092
 10
50.01592586283924
 20
-0.4395375367755616
 10
49.93581916332384
 20
-0.4097203165813297
 10
49.85569198996417
 20
-0.3803552015863516
 10
49.77554501172877
 20
-0.3514467687750187
 10
49.695378898615964
 20
-0.3229998112955743
 10
49.61519432175341
 20
-0.29501935487540476
 10
49.53499195350844
 20
-0.2675106759973249
 10
49.45477246761126
 20
-0.24047932208640255
 10
49.374536539292244
 20
-0.21393113400099306
 10
49.373052039360154
 20
-0.43858558872136766
 10
49.37054536552361
 20
-0.663230963372248
 10
49.36701656967845
 20
-0.8878626071040259
 10
49.3624657248816
 20
-1.1124758693513657
  0
CIRCLE
  5
93
330
17
100
AcDbEntity
  8
FLEXSPLINE_INNER_BORE
100
AcDbCircle
 10
0.0
 20
0.0
 30
0.0
 40
47.375
  0
TEXT
  5
94
330
17
100
AcDbEntity
  8
TEXT
100
AcDbText
 10
-50.5
 20
55.5
 30
0.0
 40
5.0
  1
Flexspline cylindrical  m=0.5 z=200
 11
-50.5
 21
55.5
 31
0.0
100
AcDbText
  0
ENDSEC
  0
SECTION
  2
OBJECTS
  0
DICTIONARY
  5
A
330
0
100
AcDbDictionary
281
1
  3
ACAD_COLOR
350
B
  3
ACAD_GROUP
350
C
  3
ACAD_LAYOUT
350
D
  3
ACAD_MATERIAL
350
E
  3
ACAD_MLEADERSTYLE
350
F
  3
ACAD_MLINESTYLE
350
10
  3
ACAD_PLOTSETTINGS
350
11
  3
ACAD_PLOTSTYLENAME
350
12
  3
ACAD_SCALELIST
350
14
  3
ACAD_TABLESTYLE
350
15
  3
ACAD_VISUALSTYLE
350
16
  3
EZDXF_META
350
2D
  0
DICTIONARY
  5
B
330
A
100
AcDbDictionary
281
1
  0
DICTIONARY
  5
C
330
A
100
AcDbDictionary
281
1
  0
DICTIONARY
  5
D
330
A
100
AcDbDictionary
281
1
  3
Model
350
1A
  3
Layout1
350
1E
  0
DICTIONARY
  5
E
330
A
100
AcDbDictionary
281
1
  3
ByBlock
350
1F
  3
ByLayer
350
20
  3
Global
350
21
  0
DICTIONARY
  5
F
330
A
100
AcDbDictionary
281
1
  3
Standard
350
2C
  0
DICTIONARY
  5
10
330
A
100
AcDbDictionary
281
1
  3
Standard
350
22
  0
DICTIONARY
  5
11
330
A
100
AcDbDictionary
281
1
  0
ACDBDICTIONARYWDFLT
  5
12
330
A
100
AcDbDictionary
281
1
  3
Normal
350
13
100
AcDbDictionaryWithDefault
340
13
  0
ACDBPLACEHOLDER
  5
13
330
12
  0
DICTIONARY
  5
14
330
A
100
AcDbDictionary
281
1
  0
DICTIONARY
  5
15
330
A
100
AcDbDictionary
281
1
  0
DICTIONARY
  5
16
330
A
100
AcDbDictionary
281
1
  3
2dWireframe
350
5A
  3
Basic
350
5B
  3
Brighten
350
5C
  3
ColorChange
350
5D
  3
Conceptual
350
5E
  3
Dim
350
5F
  3
EdgeColorOff
350
60
  3
Facepattern
350
61
  3
Flat
350
62
  3
FlatWithEdges
350
63
  3
Gouraud
350
64
  3
GouraudWithEdges
350
65
  3
Hidden
350
66
  3
JitterOff
350
67
  3
Linepattern
350
68
  3
Modeling
350
69
  3
OverhangOff
350
6A
  3
Realistic
350
6B
  3
Shaded
350
6C
  3
Shaded with edges
350
6D
  3
Shades of Gray
350
6E
  3
Sketchy
350
6F
  3
Thicken
350
70
  3
Wireframe
350
71
  3
X-Ray
350
72
  0
LAYOUT
  5
1A
330
D
100
AcDbPlotSettings
  1

  4
A3
  6

 40
7.5
 41
20.0
 42
7.5
 43
20.0
 44
420.0
 45
297.0
 46
0.0
 47
0.0
 48
0.0
 49
0.0
140
0.0
141
0.0
142
1.0
143
1.0
 70
1024
 72
1
 73
0
 74
5
  7

 75
16
 76
0
 77
2
 78
300
147
1.0
148
0.0
149
0.0
100
AcDbLayout
  1
Model
 70
1
 71
0
 10
0.0
 20
0.0
 11
420.0
 21
297.0
 12
0.0
 22
0.0
 32
0.0
 14
1e+20
 24
1e+20
 34
1e+20
 15
-1e+20
 25
-1e+20
 35
-1e+20
146
0.0
 13
0.0
 23
0.0
 33
0.0
 16
1.0
 26
0.0
 36
0.0
 17
0.0
 27
1.0
 37
0.0
 76
1
330
17
  0
LAYOUT
  5
1E
330
D
100
AcDbPlotSettings
  1

  4
A3
  6

 40
7.5
 41
20.0
 42
7.5
 43
20.0
 44
420.0
 45
297.0
 46
0.0
 47
0.0
 48
0.0
 49
0.0
140
0.0
141
0.0
142
1.0
143
1.0
 70
0
 72
1
 73
0
 74
5
  7

 75
16
 76
0
 77
2
 78
300
147
1.0
148
0.0
149
0.0
100
AcDbLayout
  1
Layout1
 70
1
 71
1
 10
0.0
 20
0.0
 11
420.0
 21
297.0
 12
0.0
 22
0.0
 32
0.0
 14
1e+20
 24
1e+20
 34
1e+20
 15
-1e+20
 25
-1e+20
 35
-1e+20
146
0.0
 13
0.0
 23
0.0
 33
0.0
 16
1.0
 26
0.0
 36
0.0
 17
0.0
 27
1.0
 37
0.0
 76
1
330
1B
  0
MATERIAL
  5
1F
102
{ACAD_REACTORS
330
E
102
}
330
E
100
AcDbMaterial
  1
ByBlock
  2

 70
0
 40
1.0
 71
1
 41
1.0
 91
-1023410177
 42
1.0
 72
1
  3

 73
1
 74
1
 75
1
 44
0.5
 73
0
 45
1.0
 46
1.0
 77
1
  4

 78
1
 79
1
170
1
 48
1.0
171
1
  6

172
1
173
1
174
1
140
1.0
141
1.0
175
1
  7

176
1
177
1
178
1
143
1.0
179
1
  8

270
1
271
1
272
1
145
1.0
146
1.0
273
1
  9

274
1
275
1
276
1
 42
1.0
 72
1
  3

 73
1
 74
1
 75
1
 94
63
  0
MATERIAL
  5
20
102
{ACAD_REACTORS
330
E
102
}
330
E
100
AcDbMaterial
  1
ByLayer
  2

 70
0
 40
1.0
 71
1
 41
1.0
 91
-1023410177
 42
1.0
 72
1
  3

 73
1
 74
1
 75
1
 44
0.5
 73
0
 45
1.0
 46
1.0
 77
1
  4

 78
1
 79
1
170
1
 48
1.0
171
1
  6

172
1
173
1
174
1
140
1.0
141
1.0
175
1
  7

176
1
177
1
178
1
143
1.0
179
1
  8

270
1
271
1
272
1
145
1.0
146
1.0
273
1
  9

274
1
275
1
276
1
 42
1.0
 72
1
  3

 73
1
 74
1
 75
1
 94
63
  0
MATERIAL
  5
21
102
{ACAD_REACTORS
330
E
102
}
330
E
100
AcDbMaterial
  1
Global
  2

 70
0
 40
1.0
 71
1
 41
1.0
 91
-1023410177
 42
1.0
 72
1
  3

 73
1
 74
1
 75
1
 44
0.5
 73
0
 45
1.0
 46
1.0
 77
1
  4

 78
1
 79
1
170
1
 48
1.0
171
1
  6

172
1
173
1
174
1
140
1.0
141
1.0
175
1
  7

176
1
177
1
178
1
143
1.0
179
1
  8

270
1
271
1
272
1
145
1.0
146
1.0
273
1
  9

274
1
275
1
276
1
 42
1.0
 72
1
  3

 73
1
 74
1
 75
1
 94
63
  0
MLINESTYLE
  5
22
102
{ACAD_REACTORS
330
10
102
}
330
10
100
AcDbMlineStyle
  2
Standard
 70
0
  3

 62
256
 51
90.0
 52
90.0
 71
2
 49
0.5
 62
256
  6
BYLAYER
 49
-0.5
 62
256
  6
BYLAYER
  0
MLEADERSTYLE
  5
2C
102
{ACAD_REACTORS
330
F
102
}
330
F
100
AcDbMLeaderStyle
179
2
170
2
171
1
172
0
 90
2
 40
0.0
 41
0.0
173
1
 91
-1056964608
 92
-2
290
1
 42
2.0
291
1
 43
8.0
  3
Standard
 44
4.0
300

342
29
174
1
175
1
176
0
178
1
 93
-1056964608
 45
4.0
292
0
297
0
 46
4.0
 94
-1056964608
 47
1.0
 49
1.0
140
1.0
294
1
141
0.0
177
0
142
1.0
295
0
296
0
143
3.75
271
0
272
9
273
9
  0
DICTIONARY
  5
2D
330
A
100
AcDbDictionary
280
1
281
1
  3
CREATED_BY_EZDXF
350
2E
  3
WRITTEN_BY_EZDXF
350
97
  0
DICTIONARYVAR
  5
2E
330
2D
100
DictionaryVariables
280
0
  1
1.4.4 @ 2026-07-26T14:10:42.226484+00:00
  0
VISUALSTYLE
  5
5A
102
{ACAD_REACTORS
330
16
102
}
330
16
100
AcDbVisualStyle
  2
2dWireframe
 70
4
 90
0
 40
0.6
 62
7
290
0
291
0
  0
VISUALSTYLE
  5
5B
102
{ACAD_REACTORS
330
16
102
}
330
16
100
AcDbVisualStyle
  2
Basic
 70
7
 90
1
 40
0.6
 62
7
290
0
291
1
  0
VISUALSTYLE
  5
5C
102
{ACAD_REACTORS
330
16
102
}
330
16
100
AcDbVisualStyle
  2
Brighten
 70
12
 90
2
 40
0.6
 62
7
290
0
291
1
  0
VISUALSTYLE
  5
5D
102
{ACAD_REACTORS
330
16
102
}
330
16
100
AcDbVisualStyle
  2
ColorChange
 70
16
 90
2
 40
0.6
 62
8
290
0
291
1
  0
VISUALSTYLE
  5
5E
102
{ACAD_REACTORS
330
16
102
}
330
16
100
AcDbVisualStyle
  2
Conceptual
 70
9
 90
3
 40
0.6
 62
7
290
0
291
0
  0
VISUALSTYLE
  5
5F
102
{ACAD_REACTORS
330
16
102
}
330
16
100
AcDbVisualStyle
  2
Dim
 70
11
 90
2
 40
0.6
 62
7
290
0
291
1
  0
VISUALSTYLE
  5
60
102
{ACAD_REACTORS
330
16
102
}
330
16
100
AcDbVisualStyle
  2
EdgeColorOff
 70
22
 90
2
 40
0.6
 62
7
290
0
291
1
  0
VISUALSTYLE
  5
61
102
{ACAD_REACTORS
330
16
102
}
330
16
100
AcDbVisualStyle
  2
Facepattern
 70
15
 90
2
 40
0.6
 62
7
290
0
291
1
  0
VISUALSTYLE
  5
62
102
{ACAD_REACTORS
330
16
102
}
330
16
100
AcDbVisualStyle
  2
Flat
 70
0
 90
2
 40
0.6
 62
7
290
0
291
1
  0
VISUALSTYLE
  5
63
102
{ACAD_REACTORS
330
16
102
}
330
16
100
AcDbVisualStyle
  2
FlatWithEdges
 70
1
 90
2
 40
0.6
 62
7
290
0
291
1
  0
VISUALSTYLE
  5
64
102
{ACAD_REACTORS
330
16
102
}
330
16
100
AcDbVisualStyle
  2
Gouraud
 70
2
 90
2
 40
0.6
 62
7
290
0
291
1
  0
VISUALSTYLE
  5
65
102
{ACAD_REACTORS
330
16
102
}
330
16
100
AcDbVisualStyle
  2
GouraudWithEdges
 70
3
 90
2
 40
0.6
 62
7
290
0
291
1
  0
VISUALSTYLE
  5
66
102
{ACAD_REACTORS
330
16
102
}
330
16
100
AcDbVisualStyle
  2
Hidden
 70
6
 90
1
 40
0.6
 62
7
290
0
291
0
  0
VISUALSTYLE
  5
67
102
{ACAD_REACTORS
330
16
102
}
330
16
100
AcDbVisualStyle
  2
JitterOff
 70
20
 90
2
 40
0.6
 62
7
290
0
291
1
  0
VISUALSTYLE
  5
68
102
{ACAD_REACTORS
330
16
102
}
330
16
100
AcDbVisualStyle
  2
Linepattern
 70
14
 90
2
 40
0.6
 62
7
290
0
291
1
  0
VISUALSTYLE
  5
69
102
{ACAD_REACTORS
330
16
102
}
330
16
100
AcDbVisualStyle
  2
Modeling
 70
10
 90
2
 40
0.6
 62
7
290
0
291
0
  0
VISUALSTYLE
  5
6A
102
{ACAD_REACTORS
330
16
102
}
330
16
100
AcDbVisualStyle
  2
OverhangOff
 70
21
 90
2
 40
0.6
 62
7
290
0
291
1
  0
VISUALSTYLE
  5
6B
102
{ACAD_REACTORS
330
16
102
}
330
16
100
AcDbVisualStyle
  2
Realistic
 70
8
 90
2
 40
0.6
 62
7
290
0
291
0
  0
VISUALSTYLE
  5
6C
102
{ACAD_REACTORS
330
16
102
}
330
16
100
AcDbVisualStyle
  2
Shaded
 70
27
 90
2
 40
0.6
 62
7
290
0
291
0
  0
VISUALSTYLE
  5
6D
102
{ACAD_REACTORS
330
16
102
}
330
16
100
AcDbVisualStyle
  2
Shaded with edges
 70
26
 90
2
 40
0.6
 62
7
290
0
291
0
  0
VISUALSTYLE
  5
6E
102
{ACAD_REACTORS
330
16
102
}
330
16
100
AcDbVisualStyle
  2
Shades of Gray
 70
23
 90
2
 40
0.6
 62
7
290
0
291
0
  0
VISUALSTYLE
  5
6F
102
{ACAD_REACTORS
330
16
102
}
330
16
100
AcDbVisualStyle
  2
Sketchy
 70
24
 90
1
 40
0.6
 62
7
290
0
291
0
  0
VISUALSTYLE
  5
70
102
{ACAD_REACTORS
330
16
102
}
330
16
100
AcDbVisualStyle
  2
Thicken
 70
13
 90
2
 40
0.6
 62
7
290
0
291
1
  0
VISUALSTYLE
  5
71
102
{ACAD_REACTORS
330
16
102
}
330
16
100
AcDbVisualStyle
  2
Wireframe
 70
5
 90
0
 40
0.6
 62
7
290
0
291
0
  0
VISUALSTYLE
  5
72
102
{ACAD_REACTORS
330
16
102
}
330
16
100
AcDbVisualStyle
  2
X-Ray
 70
25
 90
2
 40
0.5
 62
7
290
0
291
0
  0
DICTIONARYVAR
  5
97
330
2D
100
DictionaryVariables
280
0
  1
1.4.4 @ 2026-07-26T14:10:42.758262+00:00
  0
ENDSEC
  0
EOF
