  0
SECTION
  2
HEADER
  9
$ACADVER
  1
AC1024
  9
$ACADMAINTVER
 70
6
  9
$DWGCODEPAGE
  3
ANSI_1252
  9
$LASTSAVEDBY
  1
ezdxf
  9
$INSBASE
 10
0.0
 20
0.0
 30
0.0
  9
$EXTMIN
 10
1e+20
 20
1e+20
 30
1e+20
  9
$EXTMAX
 10
-1e+20
 20
-1e+20
 30
-1e+20
  9
$LIMMIN
 10
0.0
 20
0.0
  9
$LIMMAX
 10
420.0
 20
297.0
  9
$ORTHOMODE
 70
0
  9
$REGENMODE
 70
1
  9
$FILLMODE
 70
1
  9
$QTEXTMODE
 70
0
  9
$MIRRTEXT
 70
1
  9
$LTSCALE
 40
1.0
  9
$ATTMODE
 70
1
  9
$TEXTSIZE
 40
2.5
  9
$TRACEWID
 40
1.0
  9
$TEXTSTYLE
  7
OpenSans
  9
$CLAYER
  8
0
  9
$CELTYPE
  6
ByLayer
  9
$CECOLOR
 62
256
  9
$CELTSCALE
 40
1.0
  9
$DISPSILH
 70
0
  9
$DIMSCALE
 40
1.0
  9
$DIMASZ
 40
0.175
  9
$DIMEXO
 40
0.125
  9
$DIMDLI
 40
3.75
  9
$DIMRND
 40
0.0
  9
$DIMDLE
 40
0.0
  9
$DIMEXE
 40
0.375
  9
$DIMTP
 40
0.0
  9
$DIMTM
 40
0.0
  9
$DIMTXT
 40
0.25
  9
$DIMCEN
 40
2.5
  9
$DIMTSZ
 40
0.0
  9
$DIMTOL
 70
0
  9
$DIMLIM
 70
0
  9
$DIMTIH
 70
0
  9
$DIMTOH
 70
0
  9
$DIMSE1
 70
0
  9
$DIMSE2
 70
0
  9
$DIMTAD
 70
1
  9
$DIMZIN
 70
12
  9
$DIMBLK
  1
ARCHTICK
  9
$DIMASO
 70
1
  9
$DIMSHO
 70
1
  9
$DIMPOST
  1

  9
$DIMAPOST
  1

  9
$DIMALT
 70
0
  9
$DIMALTD
 70
3
  9
$DIMALTF
 40
0.03937007874
  9
$DIMLFAC
 40
100.0
  9
$DIMTOFL
 70
1
  9
$DIMTVP
 40
0.0
  9
$DIMTIX
 70
0
  9
$DIMSOXD
 70
0
  9
$DIMSAH
 70
0
  9
$DIMBLK1
  1

  9
$DIMBLK2
  1

  9
$DIMSTYLE
  2
EZDXF
  9
$DIMCLRD
 70
0
  9
$DIMCLRE
 70
0
  9
$DIMCLRT
 70
0
  9
$DIMTFAC
 40
0.5
  9
$DIMGAP
 40
0.1
  9
$DIMJUST
 70
0
  9
$DIMSD1
 70
0
  9
$DIMSD2
 70
0
  9
$DIMTOLJ
 70
0
  9
$DIMTZIN
 70
8
  9
$DIMALTZ
 70
0
  9
$DIMALTTZ
 70
0
  9
$DIMUPT
 70
1
  9
$DIMDEC
 70
2
  9
$DIMTDEC
 70
2
  9
$DIMALTU
 70
2
  9
$DIMALTTD
 70
3
  9
$DIMTXSTY
  7
OpenSansCondensed-Light
  9
$DIMAUNIT
 70
0
  9
$DIMADEC
 70
2
  9
$DIMALTRND
 40
0.0
  9
$DIMAZIN
 70
3
  9
$DIMDSEP
 70
46
  9
$DIMATFIT
 70
3
  9
$DIMFRAC
 70
0
  9
$DIMLDRBLK
  1

  9
$DIMLUNIT
 70
2
  9
$DIMLWD
 70
-2
  9
$DIMLWE
 70
-2
  9
$DIMTMOVE
 70
2
  9
$DIMFXL
 40
1.0
  9
$DIMFXLON
 70
0
  9
$DIMJOGANG
 40
0.785398163397
  9
$DIMTFILL
 70
0
  9
$DIMTFILLCLR
 70
0
  9
$DIMARCSYM
 70
0
  9
$DIMLTYPE
  6

  9
$DIMLTEX1
  6

  9
$DIMLTEX2
  6

  9
$DIMTXTDIRECTION
 70
0
  9
$LUNITS
 70
2
  9
$LUPREC
 70
4
  9
$SKETCHINC
 40
1.0
  9
$FILLETRAD
 40
10.0
  9
$AUNITS
 70
0
  9
$AUPREC
 70
2
  9
$MENU
  1
.
  9
$ELEVATION
 40
0.0
  9
$PELEVATION
 40
0.0
  9
$THICKNESS
 40
0.0
  9
$LIMCHECK
 70
0
  9
$CHAMFERA
 40
0.0
  9
$CHAMFERB
 40
0.0
  9
$CHAMFERC
 40
0.0
  9
$CHAMFERD
 40
0.0
  9
$SKPOLY
 70
0
  9
$TDCREATE
 40
2461273.4297569445
  9
$TDUCREATE
 40
2458532.153996898
  9
$TDUPDATE
 40
2461273.4297685185
  9
$TDUUPDATE
 40
2458532.1544311
  9
$TDINDWG
 40
0.0
  9
$TDUSRTIMER
 40
0.0
  9
$USRTIMER
 70
1
  9
$ANGBASE
 50
0.0
  9
$ANGDIR
 70
0
  9
$PDMODE
 70
0
  9
$PDSIZE
 40
0.0
  9
$PLINEWID
 40
0.0
  9
$SPLFRAME
 70
0
  9
$SPLINETYPE
 70
6
  9
$SPLINESEGS
 70
8
  9
$HANDSEED
  5
98
  9
$SURFTAB1
 70
6
  9
$SURFTAB2
 70
6
  9
$SURFTYPE
 70
6
  9
$SURFU
 70
6
  9
$SURFV
 70
6
  9
$UCSBASE
  2

  9
$UCSNAME
  2

  9
$UCSORG
 10
0.0
 20
0.0
 30
0.0
  9
$UCSXDIR
 10
1.0
 20
0.0
 30
0.0
  9
$UCSYDIR
 10
0.0
 20
1.0
 30
0.0
  9
$UCSORTHOREF
  2

  9
$UCSORTHOVIEW
 70
0
  9
$UCSORGTOP
 10
0.0
 20
0.0
 30
0.0
  9
$UCSORGBOTTOM
 10
0.0
 20
0.0
 30
0.0
  9
$UCSORGLEFT
 10
0.0
 20
0.0
 30
0.0
  9
$UCSORGRIGHT
 10
0.0
 20
0.0
 30
0.0
  9
$UCSORGFRONT
 10
0.0
 20
0.0
 30
0.0
  9
$UCSORGBACK
 10
0.0
 20
0.0
 30
0.0
  9
$PUCSBASE
  2

  9
$PUCSNAME
  2

  9
$PUCSORG
 10
0.0
 20
0.0
 30
0.0
  9
$PUCSXDIR
 10
1.0
 20
0.0
 30
0.0
  9
$PUCSYDIR
 10
0.0
 20
1.0
 30
0.0
  9
$PUCSORTHOREF
  2

  9
$PUCSORTHOVIEW
 70
0
  9
$PUCSORGTOP
 10
0.0
 20
0.0
 30
0.0
  9
$PUCSORGBOTTOM
 10
0.0
 20
0.0
 30
0.0
  9
$PUCSORGLEFT
 10
0.0
 20
0.0
 30
0.0
  9
$PUCSORGRIGHT
 10
0.0
 20
0.0
 30
0.0
  9
$PUCSORGFRONT
 10
0.0
 20
0.0
 30
0.0
  9
$PUCSORGBACK
 10
0.0
 20
0.0
 30
0.0
  9
$USERI1
 70
0
  9
$USERI2
 70
0
  9
$USERI3
 70
0
  9
$USERI4
 70
0
  9
$USERI5
 70
0
  9
$USERR1
 40
0.0
  9
$USERR2
 40
0.0
  9
$USERR3
 40
0.0
  9
$USERR4
 40
0.0
  9
$USERR5
 40
0.0
  9
$WORLDVIEW
 70
1
  9
$SHADEDGE
 70
3
  9
$SHADEDIF
 70
70
  9
$TILEMODE
 70
1
  9
$MAXACTVP
 70
64
  9
$PINSBASE
 10
0.0
 20
0.0
 30
0.0
  9
$PLIMCHECK
 70
0
  9
$PEXTMIN
 10
1e+20
 20
1e+20
 30
1e+20
  9
$PEXTMAX
 10
-1e+20
 20
-1e+20
 30
-1e+20
  9
$PLIMMIN
 10
0.0
 20
0.0
  9
$PLIMMAX
 10
420.0
 20
297.0
  9
$UNITMODE
 70
0
  9
$VISRETAIN
 70
1
  9
$PLINEGEN
 70
0
  9
$PSLTSCALE
 70
1
  9
$TREEDEPTH
 70
3020
  9
$CMLSTYLE
  2
Standard
  9
$CMLJUST
 70
0
  9
$CMLSCALE
 40
20.0
  9
$PROXYGRAPHICS
 70
1
  9
$MEASUREMENT
 70
1
  9
$CELWEIGHT
370
-1
  9
$ENDCAPS
280
0
  9
$JOINSTYLE
280
0
  9
$LWDISPLAY
290
0
  9
$INSUNITS
 70
4
  9
$HYPERLINKBASE
  1

  9
$STYLESHEET
  1

  9
$XEDIT
290
1
  9
$CEPSNTYPE
380
0
  9
$PSTYLEMODE
290
1
  9
$FINGERPRINTGUID
  2
{55EE78F4-73AD-4F7E-A325-18F1CE919D6D}
  9
$VERSIONGUID
  2
{F8A946D8-CDAB-4E10-B9CB-68A66AE41079}
  9
$EXTNAMES
290
1
  9
$PSVPSCALE
 40
0.0
  9
$OLESTARTUP
290
0
  9
$SORTENTS
280
127
  9
$INDEXCTL
280
0
  9
$HIDETEXT
280
1
  9
$XCLIPFRAME
280
1
  9
$HALOGAP
280
0
  9
$OBSCOLOR
 70
257
  9
$OBSLTYPE
280
0
  9
$INTERSECTIONDISPLAY
280
0
  9
$INTERSECTIONCOLOR
 70
257
  9
$DIMASSOC
280
2
  9
$PROJECTNAME
  1

  9
$CAMERADISPLAY
290
0
  9
$LENSLENGTH
 40
50.0
  9
$CAMERAHEIGHT
 40
0.0
  9
$STEPSPERSEC
 40
24.0
  9
$STEPSIZE
 40
100.0
  9
$3DDWFPREC
 40
2.0
  9
$PSOLWIDTH
 40
0.005
  9
$PSOLHEIGHT
 40
0.08
  9
$LOFTANG1
 40
1.570796326795
  9
$LOFTANG2
 40
1.570796326795
  9
$LOFTMAG1
 40
0.0
  9
$LOFTMAG2
 40
0.0
  9
$LOFTPARAM
 70
7
  9
$LOFTNORMALS
280
1
  9
$LATITUDE
 40
37.795
  9
$LONGITUDE
 40
-122.394
  9
$NORTHDIRECTION
 40
0.0
  9
$TIMEZONE
 70
-8000
  9
$LIGHTGLYPHDISPLAY
280
1
  9
$TILEMODELIGHTSYNCH
280
1
  9
$CMATERIAL
347
20
  9
$SOLIDHIST
280
0
  9
$SHOWHIST
280
1
  9
$DWFFRAME
280
2
  9
$DGNFRAME
280
2
  9
$REALWORLDSCALE
290
1
  9
$INTERFERECOLOR
 62
256
  9
$CSHADOW
280
0
  9
$SHADOWPLANELOCATION
 40
0.0
  0
ENDSEC
  0
SECTION
  2
CLASSES
  0
CLASS
  1
ACDBDICTIONARYWDFLT
  2
AcDbDictionaryWithDefault
  3
ObjectDBX Classes
 90
0
 91
0
280
0
281
0
  0
CLASS
  1
SUN
  2
AcDbSun
  3
SCENEOE
 90
1153
 91
0
280
0
281
0
  0
CLASS
  1
VISUALSTYLE
  2
AcDbVisualStyle
  3
ObjectDBX Classes
 90
4095
 91
0
280
0
281
0
  0
CLASS
  1
MATERIAL
  2
AcDbMaterial
  3
ObjectDBX Classes
 90
1153
 91
0
280
0
281
0
  0
CLASS
  1
SCALE
  2
AcDbScale
  3
ObjectDBX Classes
 90
1153
 91
0
280
0
281
0
  0
CLASS
  1
TABLESTYLE
  2
AcDbTableStyle
  3
ObjectDBX Classes
 90
4095
 91
0
280
0
281
0
  0
CLASS
  1
MLEADERSTYLE
  2
AcDbMLeaderStyle
  3
ACDB_MLEADERSTYLE_CLASS
 90
4095
 91
0
280
0
281
0
  0
CLASS
  1
DICTIONARYVAR
  2
AcDbDictionaryVar
  3
ObjectDBX Classes
 90
0
 91
0
280
0
281
0
  0
CLASS
  1
CELLSTYLEMAP
  2
AcDbCellStyleMap
  3
ObjectDBX Classes
 90
1152
 91
0
280
0
281
0
  0
CLASS
  1
MENTALRAYRENDERSETTINGS
  2
AcDbMentalRayRenderSettings
  3
SCENEOE
 90
1024
 91
0
280
0
281
0
  0
CLASS
  1
ACDBDETAILVIEWSTYLE
  2
AcDbDetailViewStyle
  3
ObjectDBX Classes
 90
1025
 91
0
280
0
281
0
  0
CLASS
  1
ACDBSECTIONVIEWSTYLE
  2
AcDbSectionViewStyle
  3
ObjectDBX Classes
 90
1025
 91
0
280
0
281
0
  0
CLASS
  1
RASTERVARIABLES
  2
AcDbRasterVariables
  3
ISM
 90
0
 91
0
280
0
281
0
  0
CLASS
  1
LAYOUT
  2
AcDbLayout
  3
ObjectDBX Classes
 90
0
 91
0
280
0
281
0
  0
CLASS
  1
ACDBPLACEHOLDER
  2
AcDbPlaceHolder
  3
ObjectDBX Classes
 90
0
 91
0
280
0
281
0
  0
ENDSEC
  0
SECTION
  2
TABLES
  0
TABLE
  2
VPORT
  5
8
330
0
100
AcDbSymbolTable
 70
1
  0
VPORT
  5
23
330
8
100
AcDbSymbolTableRecord
100
AcDbViewportTableRecord
  2
*Active
 70
0
 10
0.0
 20
0.0
 11
1.0
 21
1.0
 12
0.0
 22
0.0
 13
0.0
 23
0.0
 14
0.5
 24
0.5
 15
0.5
 25
0.5
 16
0.0
 26
0.0
 36
1.0
 17
0.0
 27
0.0
 37
0.0
 40
1000.0
 41
1.34
 42
50.0
 43
0.0
 44
0.0
 50
0.0
 51
0.0
 71
0
 72
1000
 73
1
 74
3
 75
0
 76
0
 77
0
 78
0
281
0
 65
0
146
0.0
  0
ENDTAB
  0
TABLE
  2
LTYPE
  5
2
330
0
100
AcDbSymbolTable
 70
21
  0
LTYPE
  5
24
330
2
100
AcDbSymbolTableRecord
100
AcDbLinetypeTableRecord
  2
ByBlock
 70
0
  3

 72
65
 73
0
 40
0.0
  0
LTYPE
  5
25
330
2
100
AcDbSymbolTableRecord
100
AcDbLinetypeTableRecord
  2
ByLayer
 70
0
  3

 72
65
 73
0
 40
0.0
  0
LTYPE
  5
26
330
2
100
AcDbSymbolTableRecord
100
AcDbLinetypeTableRecord
  2
Continuous
 70
0
  3

 72
65
 73
0
 40
0.0
  0
LTYPE
  5
2F
330
2
100
AcDbSymbolTableRecord
100
AcDbLinetypeTableRecord
  2
CENTER
 70
0
  3
Center ____ _ ____ _ ____ _ ____ _ ____ _ ____
 72
65
 73
4
 40
5.08
 49
3.175
 74
0
 49
-0.635
 74
0
 49
0.635
 74
0
 49
-0.635
 74
0
  0
LTYPE
  5
30
330
2
100
AcDbSymbolTableRecord
100
AcDbLinetypeTableRecord
  2
CENTERX2
 70
0
  3
Center (2x) ________  __  ________  __  ________
 72
65
 73
4
 40
8.89
 49
6.35
 74
0
 49
-0.635
 74
0
 49
1.27
 74
0
 49
-0.635
 74
0
  0
LTYPE
  5
31
330
2
100
AcDbSymbolTableRecord
100
AcDbLinetypeTableRecord
  2
CENTER2
 70
0
  3
Center (.5x) ____ _ ____ _ ____ _ ____ _ ____
 72
65
 73
4
 40
2.54
 49
1.587
 74
0
 49
-0.318
 74
0
 49
0.318
 74
0
 49
-0.318
 74
0
  0
LTYPE
  5
32
330
2
100
AcDbSymbolTableRecord
100
AcDbLinetypeTableRecord
  2
DASHED
 70
0
  3
Dashed __ __ __ __ __ __ __ __ __ __ __ __ __ _
 72
65
 73
2
 40
1.524
 49
1.27
 74
0
 49
-0.254
 74
0
  0
LTYPE
  5
33
330
2
100
AcDbSymbolTableRecord
100
AcDbLinetypeTableRecord
  2
DASHEDX2
 70
0
  3
Dashed (2x) ____  ____  ____  ____  ____  ____
 72
65
 73
2
 40
3.048
 49
2.54
 74
0
 49
-0.508
 74
0
  0
LTYPE
  5
34
330
2
100
AcDbSymbolTableRecord
100
AcDbLinetypeTableRecord
  2
DASHED2
 70
0
  3
Dashed (.5x) _ _ _ _ _ _ _ _ _ _ _ _ _ _
 72
65
 73
2
 40
0.762
 49
0.635
 74
0
 49
-0.127
 74
0
  0
LTYPE
  5
35
330
2
100
AcDbSymbolTableRecord
100
AcDbLinetypeTableRecord
  2
PHANTOM
 70
0
  3
Phantom ______  __  __  ______  __  __  ______
 72
65
 73
6
 40
6.35
 49
3.175
 74
0
 49
-0.635
 74
0
 49
0.635
 74
0
 49
-0.635
 74
0
 49
0.635
 74
0
 49
-0.635
 74
0
  0
LTYPE
  5
36
330
2
100
AcDbSymbolTableRecord
100
AcDbLinetypeTableRecord
  2
PHANTOMX2
 70
0
  3
Phantom (2x)____________    ____    ____    ____________
 72
65
 73
6
 40
10.795
 49
6.35
 74
0
 49
-0.635
 74
0
 49
1.27
 74
0
 49
-0.635
 74
0
 49
1.27
 74
0
 49
-0.635
 74
0
  0
LTYPE
  5
37
330
2
100
AcDbSymbolTableRecord
100
AcDbLinetypeTableRecord
  2
PHANTOM2
 70
0
  3
Phantom (.5x) ___ _ _ ___ _ _ ___ _ _ ___ _ _ ___
 72
65
 73
6
 40
3.175
 49
1.587
 74
0
 49
-0.318
 74
0
 49
0.318
 74
0
 49
-0.318
 74
0
 49
0.318
 74
0
 49
-0.318
 74
0
  0
LTYPE
  5
38
330
2
100
AcDbSymbolTableRecord
100
AcDbLinetypeTableRecord
  2
DASHDOT
 70
0
  3
Dash dot __ . __ . __ . __ . __ . __ . __ . __
 72
65
 73
4
 40
3.556
 49
2.54
 74
0
 49
-0.508
 74
0
 49
0.0
 74
0
 49
-0.508
 74
0
  0
LTYPE
  5
39
330
2
100
AcDbSymbolTableRecord
100
AcDbLinetypeTableRecord
  2
DASHDOTX2
 70
0
  3
Dash dot (2x) ____  .  ____  .  ____  .  ____
 72
65
 73
4
 40
6.096
 49
5.08
 74
0
 49
-0.508
 74
0
 49
0.0
 74
0
 49
-0.508
 74
0
  0
LTYPE
  5
3A
330
2
100
AcDbSymbolTableRecord
100
AcDbLinetypeTableRecord
  2
DASHDOT2
 70
0
  3
Dash dot (.5x) _ . _ . _ . _ . _ . _ . _ . _
 72
65
 73
4
 40
1.778
 49
1.27
 74
0
 49
-0.254
 74
0
 49
0.0
 74
0
 49
-0.254
 74
0
  0
LTYPE
  5
3B
330
2
100
AcDbSymbolTableRecord
100
AcDbLinetypeTableRecord
  2
DOT
 70
0
  3
Dot .  .  .  .  .  .  .  .  .  .  .  .  .  .  .  .
 72
65
 73
2
 40
0.508
 49
0.0
 74
0
 49
-0.508
 74
0
  0
LTYPE
  5
3C
330
2
100
AcDbSymbolTableRecord
100
AcDbLinetypeTableRecord
  2
DOTX2
 70
0
  3
Dot (2x) .    .    .    .    .    .    .    . 
 72
65
 73
2
 40
1.016
 49
0.0
 74
0
 49
-1.016
 74
0
  0
LTYPE
  5
3D
330
2
100
AcDbSymbolTableRecord
100
AcDbLinetypeTableRecord
  2
DOT2
 70
0
  3
Dot (.5) . . . . . . . . . . . . . . . . . . . 
 72
65
 73
2
 40
0.254
 49
0.0
 74
0
 49
-0.254
 74
0
  0
LTYPE
  5
3E
330
2
100
AcDbSymbolTableRecord
100
AcDbLinetypeTableRecord
  2
DIVIDE
 70
0
  3
Divide __ . . __ . . __ . . __ . . __ . . __
 72
65
 73
6
 40
4.064
 49
2.54
 74
0
 49
-0.508
 74
0
 49
0.0
 74
0
 49
-0.508
 74
0
 49
0.0
 74
0
 49
-0.508
 74
0
  0
LTYPE
  5
3F
330
2
100
AcDbSymbolTableRecord
100
AcDbLinetypeTableRecord
  2
DIVIDEX2
 70
0
  3
Divide (2x) ____  . .  ____  . .  ____  . .  ____
 72
65
 73
6
 40
6.604
 49
5.08
 74
0
 49
-0.508
 74
0
 49
0.0
 74
0
 49
-0.508
 74
0
 49
0.0
 74
0
 49
-0.508
 74
0
  0
LTYPE
  5
40
330
2
100
AcDbSymbolTableRecord
100
AcDbLinetypeTableRecord
  2
DIVIDE2
 70
0
  3
Divide(.5x) _ . _ . _ . _ . _ . _ . _ . _
 72
65
 73
6
 40
2.032
 49
1.27
 74
0
 49
-0.254
 74
0
 49
0.0
 74
0
 49
-0.254
 74
0
 49
0.0
 74
0
 49
-0.254
 74
0
  0
ENDTAB
  0
TABLE
  2
LAYER
  5
1
330
0
100
AcDbSymbolTable
 70
10
  0
LAYER
  5
27
330
1
100
AcDbSymbolTableRecord
100
AcDbLayerTableRecord
  2
0
 70
0
 62
7
  6
Continuous
370
-3
390
13
347
21
  0
LAYER
  5
28
330
1
100
AcDbSymbolTableRecord
100
AcDbLayerTableRecord
  2
Defpoints
 70
0
 62
7
  6
Continuous
290
0
370
-3
390
13
347
21
  0
LAYER
  5
8A
330
1
100
AcDbSymbolTableRecord
100
AcDbLayerTableRecord
  2
FLEXSPLINE_CYLINDRICAL
 70
0
 62
5
  6
Continuous
370
-3
390
13
347
21
  0
LAYER
  5
8B
330
1
100
AcDbSymbolTableRecord
100
AcDbLayerTableRecord
  2
FLEXSPLINE_INNER_BORE
 70
0
 62
5
  6
Continuous
370
-3
390
13
347
21
  0
LAYER
  5
8C
330
1
100
AcDbSymbolTableRecord
100
AcDbLayerTableRecord
  2
FLEXSPLINE_DEFORMED
 70
0
 62
3
  6
Continuous
370
-3
390
13
347
21
  0
LAYER
  5
8D
330
1
100
AcDbSymbolTableRecord
100
AcDbLayerTableRecord
  2
CIRCULAR_SPLINE_TEETH
 70
0
 62
1
  6
Continuous
370
-3
390
13
347
21
  0
LAYER
  5
8E
330
1
100
AcDbSymbolTableRecord
100
AcDbLayerTableRecord
  2
CIRCULAR_SPLINE_OUTER
 70
0
 62
1
  6
Continuous
370
-3
390
13
347
21
  0
LAYER
  5
8F
330
1
100
AcDbSymbolTableRecord
100
AcDbLayerTableRecord
  2
WAVE_GENERATOR_CAM
 70
0
 62
6
  6
Continuous
370
-3
390
13
347
21
  0
LAYER
  5
90
330
1
100
AcDbSymbolTableRecord
100
AcDbLayerTableRecord
  2
WAVE_GENERATOR_BORE
 70
0
 62
6
  6
Continuous
370
-3
390
13
347
21
  0
LAYER
  5
91
330
1
100
AcDbSymbolTableRecord
100
AcDbLayerTableRecord
  2
TEXT
 70
0
 62
7
  6
Continuous
370
-3
390
13
347
21
  0
ENDTAB
  0
TABLE
  2
STYLE
  5
5
330
0
100
AcDbSymbolTable
 70
26
  0
STYLE
  5
29
330
5
100
AcDbSymbolTableRecord
100
AcDbTextStyleTableRecord
  2
Standard
 70
0
 40
0.0
 41
1.0
 50
0.0
 71
0
 42
2.5
  3
txt
  4

  0
STYLE
  5
41
330
5
100
AcDbSymbolTableRecord
100
AcDbTextStyleTableRecord
  2
OpenSans-Light
 70
0
 40
0.0
 41
1.0
 50
0.0
 71
0
 42
2.5
  3
OpenSans-Light.ttf
  4

  0
STYLE
  5
42
330
5
100
AcDbSymbolTableRecord
100
AcDbTextStyleTableRecord
  2
OpenSans-Light-Italic
 70
0
 40
0.0
 41
1.0
 50
0.0
 71
0
 42
2.5
  3
OpenSans-LightItalic.ttf
  4

  0
STYLE
  5
43
330
5
100
AcDbSymbolTableRecord
100
AcDbTextStyleTableRecord
  2
OpenSans
 70
0
 40
0.0
 41
1.0
 50
0.0
 71
0
 42
2.5
  3
OpenSans-Regular.ttf
  4

  0
STYLE
  5
44
330
5
100
AcDbSymbolTableRecord
100
AcDbTextStyleTableRecord
  2
OpenSans-Italic
 70
0
 40
0.0
 41
1.0
 50
0.0
 71
0
 42
2.5
  3
OpenSans-Italic.ttf
  4

  0
STYLE
  5
45
330
5
100
AcDbSymbolTableRecord
100
AcDbTextStyleTableRecord
  2
OpenSans-SemiBold
 70
0
 40
0.0
 41
1.0
 50
0.0
 71
0
 42
2.5
  3
OpenSans-SemiBold.ttf
  4

  0
STYLE
  5
46
330
5
100
AcDbSymbolTableRecord
100
AcDbTextStyleTableRecord
  2
OpenSans-SemiBoldItalic
 70
0
 40
0.0
 41
1.0
 50
0.0
 71
0
 42
2.5
  3
OpenSans-SemiBoldItalic.ttf
  4

  0
STYLE
  5
47
330
5
100
AcDbSymbolTableRecord
100
AcDbTextStyleTableRecord
  2
OpenSans-Bold
 70
0
 40
0.0
 41
1.0
 50
0.0
 71
0
 42
2.5
  3
OpenSans-Bold.ttf
  4

  0
STYLE
  5
48
330
5
100
AcDbSymbolTableRecord
100
AcDbTextStyleTableRecord
  2
OpenSans-BoldItalic
 70
0
 40
0.0
 41
1.0
 50
0.0
 71
0
 42
2.5
  3
OpenSans-BoldItalic.ttf
  4

  0
STYLE
  5
49
330
5
100
AcDbSymbolTableRecord
100
AcDbTextStyleTableRecord
  2
OpenSans-ExtraBold
 70
0
 40
0.0
 41
1.0
 50
0.0
 71
0
 42
2.5
  3
OpenSans-ExtraBold.ttf
  4

  0
STYLE
  5
4A
330
5
100
AcDbSymbolTableRecord
100
AcDbTextStyleTableRecord
  2
OpenSans-ExtraBoldItalic
 70
0
 40
0.0
 41
1.0
 50
0.0
 71
0
 42
2.5
  3
OpenSans-ExtraBoldItalic.ttf
  4

  0
STYLE
  5
4B
330
5
100
AcDbSymbolTableRecord
100
AcDbTextStyleTableRecord
  2
OpenSansCondensed-Bold
 70
0
 40
0.0
 41
1.0
 50
0.0
 71
0
 42
2.5
  3
OpenSansCondensed-Bold.ttf
  4

  0
STYLE
  5
4C
330
5
100
AcDbSymbolTableRecord
100
AcDbTextStyleTableRecord
  2
OpenSansCondensed-Light
 70
0
 40
0.0
 41
1.0
 50
0.0
 71
0
 42
2.5
  3
OpenSansCondensed-Light.ttf
  4

  0
STYLE
  5
4D
330
5
100
AcDbSymbolTableRecord
100
AcDbTextStyleTableRecord
  2
OpenSansCondensed-Italic
 70
0
 40
0.0
 41
1.0
 50
0.0
 71
0
 42
2.5
  3
OpenSansCondensed-LightItalic.ttf
  4

  0
STYLE
  5
4E
330
5
100
AcDbSymbolTableRecord
100
AcDbTextStyleTableRecord
  2
LiberationSans
 70
0
 40
0.0
 41
1.0
 50
0.0
 71
0
 42
2.5
  3
LiberationSans-Regular.ttf
  4

  0
STYLE
  5
4F
330
5
100
AcDbSymbolTableRecord
100
AcDbTextStyleTableRecord
  2
LiberationSans-Bold
 70
0
 40
0.0
 41
1.0
 50
0.0
 71
0
 42
2.5
  3
LiberationSans-Bold.ttf
  4

  0
STYLE
  5
50
330
5
100
AcDbSymbolTableRecord
100
AcDbTextStyleTableRecord
  2
LiberationSans-BoldItalic
 70
0
 40
0.0
 41
1.0
 50
0.0
 71
0
 42
2.5
  3
LiberationSans-BoldItalic.ttf
  4

  0
STYLE
  5
51
330
5
100
AcDbSymbolTableRecord
100
AcDbTextStyleTableRecord
  2
LiberationSans-Italic
 70
0
 40
0.0
 41
1.0
 50
0.0
 71
0
 42
2.5
  3
LiberationSans-Italic.ttf
  4

  0
STYLE
  5
52
330
5
100
AcDbSymbolTableRecord
100
AcDbTextStyleTableRecord
  2
LiberationSerif
 70
0
 40
0.0
 41
1.0
 50
0.0
 71
0
 42
2.5
  3
LiberationSerif-Regular.ttf
  4

  0
STYLE
  5
53
330
5
100
AcDbSymbolTableRecord
100
AcDbTextStyleTableRecord
  2
LiberationSerif-Bold
 70
0
 40
0.0
 41
1.0
 50
0.0
 71
0
 42
2.5
  3
LiberationSerif-Bold.ttf
  4

  0
STYLE
  5
54
330
5
100
AcDbSymbolTableRecord
100
AcDbTextStyleTableRecord
  2
LiberationSerif-BoldItalic
 70
0
 40
0.0
 41
1.0
 50
0.0
 71
0
 42
2.5
  3
LiberationSerif-BoldItalic.ttf
  4

  0
STYLE
  5
55
330
5
100
AcDbSymbolTableRecord
100
AcDbTextStyleTableRecord
  2
LiberationSerif-Italic
 70
0
 40
0.0
 41
1.0
 50
0.0
 71
0
 42
2.5
  3
LiberationSerif-Italic.ttf
  4

  0
STYLE
  5
56
330
5
100
AcDbSymbolTableRecord
100
AcDbTextStyleTableRecord
  2
LiberationMono
 70
0
 40
0.0
 41
1.0
 50
0.0
 71
0
 42
2.5
  3
LiberationMono-Regular.ttf
  4

  0
STYLE
  5
57
330
5
100
AcDbSymbolTableRecord
100
AcDbTextStyleTableRecord
  2
LiberationMono-Bold
 70
0
 40
0.0
 41
1.0
 50
0.0
 71
0
 42
2.5
  3
LiberationMono-Bold.ttf
  4

  0
STYLE
  5
58
330
5
100
AcDbSymbolTableRecord
100
AcDbTextStyleTableRecord
  2
LiberationMono-BoldItalic
 70
0
 40
0.0
 41
1.0
 50
0.0
 71
0
 42
2.5
  3
LiberationMono-BoldItalic.ttf
  4

  0
STYLE
  5
59
330
5
100
AcDbSymbolTableRecord
100
AcDbTextStyleTableRecord
  2
LiberationMono-Italic
 70
0
 40
0.0
 41
1.0
 50
0.0
 71
0
 42
2.5
  3
LiberationMono-Italic.ttf
  4

  0
ENDTAB
  0
TABLE
  2
VIEW
  5
7
330
0
100
AcDbSymbolTable
 70
0
  0
ENDTAB
  0
TABLE
  2
UCS
  5
6
330
0
100
AcDbSymbolTable
 70
0
  0
ENDTAB
  0
TABLE
  2
APPID
  5
3
330
0
100
AcDbSymbolTable
 70
3
  0
APPID
  5
2A
330
3
100
AcDbSymbolTableRecord
100
AcDbRegAppTableRecord
  2
ACAD
 70
0
  0
APPID
  5
95
330
3
100
AcDbSymbolTableRecord
100
AcDbRegAppTableRecord
  2
HATCHBACKGROUNDCOLOR
 70
0
  0
APPID
  5
96
330
3
100
AcDbSymbolTableRecord
100
AcDbRegAppTableRecord
  2
EZDXF
 70
0
  0
ENDTAB
  0
TABLE
  2
DIMSTYLE
  5
4
330
0
100
AcDbSymbolTable
 70
12
100
AcDbDimStyleTable
  0
DIMSTYLE
105
2B
330
4
100
AcDbSymbolTableRecord
100
AcDbDimStyleTableRecord
  2
Standard
 70
0
 40
1.0
 41
2.5
 42
0.625
 43
3.75
 44
1.25
 45
0.0
 46
0.0
 47
0.0
 48
0.0
 49
2.5
140
2.5
141
2.5
142
0.0
143
0.03937007874
144
1.0
145
0.0
146
1.0
147
0.625
148
0.0
 69
0
 70
0
 71
0
 72
0
 73
0
 74
0
 75
0
 76
0
 77
1
 78
8
 79
3
170
0
171
3
172
1
173
0
174
0
175
0
176
0
177
0
178
0
179
2
271
2
272
2
273
2
274
3
275
0
276
0
277
2
278
44
279
0
280
0
281
0
282
0
283
0
284
8
285
0
286
0
288
0
289
3
290
0
371
-2
372
-2
  0
DIMSTYLE
105
73
330
4
100
AcDbSymbolTableRecord
100
AcDbDimStyleTableRecord
  2
EZDXF
 70
0
 40
1.0
 41
0.175
 42
0.125
 43
3.75
 44
0.375
 45
0.0
 46
0.0
 47
0.0
 48
0.0
 49
2.5
140
0.25
141
2.5
142
0.0
143
0.03937007874
144
100.0
145
0.0
146
0.5
147
0.1
148
0.0
 69
0
 70
0
 71
0
 72
0
 73
0
 74
0
 75
0
 76
0
 77
1
 78
12
 79
3
170
0
171
3
172
1
173
0
174
0
175
0
176
0
177
0
178
0
179
2
271
2
272
2
273
2
274
3
275
0
276
0
277
2
278
46
279
2
280
0
281
0
282
0
283
0
284
8
285
0
286
0
288
1
289
3
290
0
340
4C
342
74
371
-2
372
-2
  0
DIMSTYLE
105
7C
330
4
100
AcDbSymbolTableRecord
100
AcDbDimStyleTableRecord
  2
EZ_M_100_H25_CM
 70
0
 40
1.0
 41
0.25
 42
0.125
 43
3.75
 44
0.375
 45
0.0
 46
0.0
 47
0.0
 48
0.0
 49
2.5
140
0.25
141
2.5
142
0.125
143
0.03937007874
144
100.0
145
0.0
146
0.5
147
0.1
148
0.0
 69
0
 70
0
 71
0
 72
0
 73
0
 74
0
 75
0
 76
0
 77
1
 78
12
 79
3
170
0
171
3
172
1
173
0
174
0
175
0
176
0
177
0
178
0
179
2
271
2
272
2
273
2
274
3
275
0
276
0
277
2
278
46
279
2
280
0
281
0
282
0
283
0
284
8
285
0
286
0
288
1
289
3
290
0
340
4C
371
-2
372
-2
  0
DIMSTYLE
105
7D
330
4
100
AcDbSymbolTableRecord
100
AcDbDimStyleTableRecord
  2
EZ_M_50_H25_CM
 70
0
 40
1.0
 41
0.125
 42
0.0625
 43
3.75
 44
0.1875
 45
0.0
 46
0.0
 47
0.0
 48
0.0
 49
2.5
140
0.125
141
2.5
142
0.0625
143
0.03937007874
144
100.0
145
0.0
146
0.5
147
0.05
148
0.0
 69
0
 70
0
 71
0
 72
0
 73
0
 74
0
 75
0
 76
0
 77
1
 78
12
 79
3
170
0
171
3
172
1
173
0
174
0
175
0
176
0
177
0
178
0
179
2
271
2
272
2
273
2
274
3
275
0
276
0
277
2
278
46
279
2
280
0
281
0
282
0
283
0
284
8
285
0
286
0
288
1
289
3
290
0
340
4C
371
-2
372
-2
  0
DIMSTYLE
105
7E
330
4
100
AcDbSymbolTableRecord
100
AcDbDimStyleTableRecord
  2
EZ_M_25_H25_CM
 70
0
 40
1.0
 41
0.0625
 42
0.03125
 43
3.75
 44
0.09375
 45
0.0
 46
0.0
 47
0.0
 48
0.0
 49
2.5
140
0.0625
141
2.5
142
0.03125
143
0.03937007874
144
100.0
145
0.0
146
0.5
147
0.025
148
0.0
 69
0
 70
0
 71
0
 72
0
 73
0
 74
0
 75
0
 76
0
 77
1
 78
12
 79
3
170
0
171
3
172
1
173
0
174
0
175
0
176
0
177
0
178
0
179
2
271
2
272
2
273
2
274
3
275
0
276
0
277
2
278
46
279
2
280
0
281
0
282
0
283
0
284
8
285
0
286
0
288
1
289
3
290
0
340
4C
371
-2
372
-2
  0
DIMSTYLE
105
7F
330
4
100
AcDbSymbolTableRecord
100
AcDbDimStyleTableRecord
  2
EZ_M_20_H25_CM
 70
0
 40
1.0
 41
0.05
 42
0.025
 43
3.75
 44
0.07500000000000001
 45
0.0
 46
0.0
 47
0.0
 48
0.0
 49
2.5
140
0.05
141
2.5
142
0.025
143
0.03937007874
144
100.0
145
0.0
146
0.5
147
0.020000000000000004
148
0.0
 69
0
 70
0
 71
0
 72
0
 73
0
 74
0
 75
0
 76
0
 77
1
 78
12
 79
3
170
0
171
3
172
1
173
0
174
0
175
0
176
0
177
0
178
0
179
2
271
2
272
2
273
2
274
3
275
0
276
0
277
2
278
46
279
2
280
0
281
0
282
0
283
0
284
8
285
0
286
0
288
1
289
3
290
0
340
4C
371
-2
372
-2
  0
DIMSTYLE
105
80
330
4
100
AcDbSymbolTableRecord
100
AcDbDimStyleTableRecord
  2
EZ_M_10_H25_CM
 70
0
 40
1.0
 41
0.025
 42
0.0125
 43
3.75
 44
0.037500000000000006
 45
0.0
 46
0.0
 47
0.0
 48
0.0
 49
2.5
140
0.025
141
2.5
142
0.0125
143
0.03937007874
144
100.0
145
0.0
146
0.5
147
0.010000000000000002
148
0.0
 69
0
 70
0
 71
0
 72
0
 73
0
 74
0
 75
0
 76
0
 77
1
 78
12
 79
3
170
0
171
3
172
1
173
0
174
0
175
0
176
0
177
0
178
0
179
2
271
2
272
2
273
2
274
3
275
0
276
0
277
2
278
46
279
2
280
0
281
0
282
0
283
0
284
8
285
0
286
0
288
1
289
3
290
0
340
4C
371
-2
372
-2
  0
DIMSTYLE
105
81
330
4
100
AcDbSymbolTableRecord
100
AcDbDimStyleTableRecord
  2
EZ_M_5_H25_CM
 70
0
 40
1.0
 41
0.0125
 42
0.00625
 43
3.75
 44
0.018750000000000003
 45
0.0
 46
0.0
 47
0.0
 48
0.0
 49
2.5
140
0.0125
141
2.5
142
0.00625
143
0.03937007874
144
100.0
145
0.0
146
0.5
147
0.005000000000000001
148
0.0
 69
0
 70
0
 71
0
 72
0
 73
0
 74
0
 75
0
 76
0
 77
1
 78
12
 79
3
170
0
171
3
172
1
173
0
174
0
175
0
176
0
177
0
178
0
179
2
271
2
272
2
273
2
274
3
275
0
276
0
277
2
278
46
279
2
280
0
281
0
282
0
283
0
284
8
285
0
286
0
288
1
289
3
290
0
340
4C
371
-2
372
-2
  0
DIMSTYLE
105
82
330
4
100
AcDbSymbolTableRecord
100
AcDbDimStyleTableRecord
  2
EZ_M_1_H25_CM
 70
0
 40
1.0
 41
0.0025
 42
0.00125
 43
3.75
 44
0.00375
 45
0.0
 46
0.0
 47
0.0
 48
0.0
 49
2.5
140
0.0025
141
2.5
142
0.00125
143
0.03937007874
144
100.0
145
0.0
146
0.5
147
0.001
148
0.0
 69
0
 70
0
 71
0
 72
0
 73
0
 74
0
 75
0
 76
0
 77
1
 78
12
 79
3
170
0
171
3
172
1
173
0
174
0
175
0
176
0
177
0
178
0
179
2
271
2
272
2
273
2
274
3
275
0
276
0
277
2
278
46
279
2
280
0
281
0
282
0
283
0
284
8
285
0
286
0
288
1
289
3
290
0
340
4C
371
-2
372
-2
  0
DIMSTYLE
105
83
330
4
100
AcDbSymbolTableRecord
100
AcDbDimStyleTableRecord
  2
EZ_RADIUS
 70
0
 40
1.0
 41
0.25
 42
0.125
 43
3.75
 44
0.375
 45
0.0
 46
0.0
 47
0.0
 48
0.0
 49
2.5
140
0.25
141
0.0
142
0.0
143
0.03937007874
144
100.0
145
0.0
146
0.5
147
0.1
148
0.0
 69
0
 70
0
 71
0
 72
0
 73
0
 74
0
 75
0
 76
0
 77
1
 78
12
 79
3
170
0
171
3
172
0
173
0
174
0
175
0
176
0
177
0
178
0
179
2
271
2
272
2
273
2
274
3
275
0
276
0
277
2
278
46
279
1
280
0
281
0
282
0
283
0
284
8
285
0
286
0
288
1
289
3
290
0
340
4C
342
84
371
-2
372
-2
  0
DIMSTYLE
105
88
330
4
100
AcDbSymbolTableRecord
100
AcDbDimStyleTableRecord
  2
EZ_RADIUS_INSIDE
 70
0
 40
1.0
 41
0.25
 42
0.125
 43
3.75
 44
0.375
 45
0.0
 46
0.0
 47
0.0
 48
0.0
 49
2.5
140
0.25
141
0.0
142
0.0
143
0.03937007874
144
100.0
145
0.0
146
0.5
147
0.1
148
0.0
 69
0
 70
0
 71
0
 72
0
 73
0
 74
0
 75
0
 76
0
 77
0
 78
12
 79
3
170
0
171
3
172
0
173
0
174
1
175
0
176
0
177
0
178
0
179
2
271
2
272
2
273
2
274
3
275
0
276
0
277
2
278
46
279
0
280
0
281
0
282
0
283
0
284
8
285
0
286
0
288
1
289
0
290
0
340
4C
342
84
371
-2
372
-2
  0
DIMSTYLE
105
89
330
4
100
AcDbSymbolTableRecord
100
AcDbDimStyleTableRecord
  2
EZ_CURVED
 70
0
 40
1.0
 41
0.25
 42
0.125
 43
3.75
 44
0.375
 45
0.0
 46
0.0
 47
0.0
 48
0.0
 49
2.5
140
0.25
141
2.5
142
0.0
143
0.03937007874
144
100.0
145
0.0
146
0.5
147
0.1
148
0.0
 69
0
 70
0
 71
0
 72
0
 73
0
 74
0
 75
0
 76
0
 77
1
 78
12
 79
2
 90
2
170
0
171
3
172
1
173
0
174
0
175
0
176
0
177
0
178
0
179
2
271
2
272
2
273
2
274
3
275
0
276
0
277
2
278
46
279
2
280
0
281
0
282
0
283
0
284
8
285
0
286
0
288
1
289
3
290
0
340
4C
371
-2
372
-2
  0
ENDTAB
  0
TABLE
  2
BLOCK_RECORD
  5
9
330
0
100
AcDbSymbolTable
 70
5
  0
BLOCK_RECORD
  5
17
330
9
100
AcDbSymbolTableRecord
100
AcDbBlockTableRecord
  2
*Model_Space
340
1A
 70
0
280
1
281
0
  0
BLOCK_RECORD
  5
1B
330
9
100
AcDbSymbolTableRecord
100
AcDbBlockTableRecord
  2
*Paper_Space
340
1E
 70
0
280
1
281
0
  0
BLOCK_RECORD
  5
74
330
9
100
AcDbSymbolTableRecord
100
AcDbBlockTableRecord
  2
_ARCHTICK
340
0
 70
0
280
1
281
0
  0
BLOCK_RECORD
  5
78
330
9
100
AcDbSymbolTableRecord
100
AcDbBlockTableRecord
  2
_CLOSEDFILLED
340
0
 70
0
280
1
281
0
  0
BLOCK_RECORD
  5
84
330
9
100
AcDbSymbolTableRecord
100
AcDbBlockTableRecord
  2
_CLOSEDBLANK
340
0
 70
0
280
1
281
0
  0
ENDTAB
  0
ENDSEC
  0
SECTION
  2
BLOCKS
  0
BLOCK
  5
18
330
17
100
AcDbEntity
  8
0
100
AcDbBlockBegin
  2
*Model_Space
 70
0
 10
0.0
 20
0.0
 30
0.0
  3
*Model_Space
  1

  0
ENDBLK
  5
19
330
17
100
AcDbEntity
  8
0
100
AcDbBlockEnd
  0
BLOCK
  5
1C
330
1B
100
AcDbEntity
  8
0
100
AcDbBlockBegin
  2
*Paper_Space
 70
0
 10
0.0
 20
0.0
 30
0.0
  3
*Paper_Space
  1

  0
ENDBLK
  5
1D
330
1B
100
AcDbEntity
  8
0
100
AcDbBlockEnd
  0
BLOCK
  5
75
330
74
100
AcDbEntity
  8
0
100
AcDbBlockBegin
  2
_ARCHTICK
 70
0
 10
0.0
 20
0.0
 30
0.0
  3
_ARCHTICK
  1

  0
LWPOLYLINE
  5
77
330
74
100
AcDbEntity
  8
0
  6
BYBLOCK
 62
0
100
AcDbPolyline
 90
2
 70
0
 43
0.15
 10
-0.5
 20
-0.5
 10
0.5
 20
0.5
  0
ENDBLK
  5
76
330
74
100
AcDbEntity
  8
0
100
AcDbBlockEnd
  0
BLOCK
  5
79
330
78
100
AcDbEntity
  8
0
100
AcDbBlockBegin
  2
_CLOSEDFILLED
 70
0
 10
0.0
 20
0.0
 30
0.0
  3
_CLOSEDFILLED
  1

  0
SOLID
  5
7B
330
78
100
AcDbEntity
  8
0
  6
BYBLOCK
 62
0
100
AcDbTrace
 10
-1.0
 20
0.16439898372402537
 30
0.0
 11
0.0
 21
0.0
 31
0.0
 12
-1.0
 22
-0.16439898372402537
 32
0.0
 13
-1.0
 23
-0.16439898372402537
 33
0.0
  0
ENDBLK
  5
7A
330
78
100
AcDbEntity
  8
0
100
AcDbBlockEnd
  0
BLOCK
  5
85
330
84
100
AcDbEntity
  8
0
100
AcDbBlockBegin
  2
_CLOSEDBLANK
 70
0
 10
0.0
 20
0.0
 30
0.0
  3
_CLOSEDBLANK
  1

  0
LWPOLYLINE
  5
87
330
84
100
AcDbEntity
  8
0
  6
BYBLOCK
 62
0
100
AcDbPolyline
 90
3
 70
1
 10
-1.0
 20
0.16439898372402537
 10
0.0
 20
0.0
 10
-1.0
 20
-0.16439898372402537
  0
ENDBLK
  5
86
330
84
100
AcDbEntity
  8
0
100
AcDbBlockEnd
  0
ENDSEC
  0
SECTION
  2
ENTITIES
  0
LWPOLYLINE
  5
92
330
17
100
AcDbEntity
  8
FLEXSPLINE_DEFORMED
100
AcDbPolyline
 90
11600
 70
1
 10
49.951900245399116
 20
-0.5760312852406134
 10
50.03256425350142
 20
-0.5503310147547553
 10
50.11321871965898
 20
-0.5241532242579825
 10
50.193862857100115
 20
-0.49750344843744115
 10
50.2744958852026
 20
-0.47038695118190155
 10
50.355117029021045
 20
-0.4428087457610978
 10
50.435725518862
 20
-0.41477361299528825
 10
50.516320589900054
 20
-0.3862861176644657
 10
50.59690148183059
 20
-0.35735062336965706
 10
50.67746743855472
 20
-0.3279713060284201
 10
50.75801770789249
 20
-0.29815216616117446
 10
50.83855154132149
 20
-0.26789704010351484
 10
50.91906819373797
 20
-0.23720961026183363
 10
50.967706778240334
 20
-0.2184087512240591
 10
50.97826501903555
 20
-0.21279478428819296
 10
50.98718851910076
 20
-0.2048348664659493
 10
50.99396688124751
 20
-0.1949842547120375
 10
50.998212398659994
 20
-0.18380634199468734
 10
50.9996822353784
 20
-0.17194043477490362
 10
50.99984409220379
 20
-0.12365628116414715
 10
50.99998267690254
 20
-0.041218799130705
 10
50.99998267690254
 20
0.041218799130705024
 10
50.99984409220379
 20
0.12365628116414715
 10
50.9996822353784
 20
0.17194043477490362
 10
50.998212398659994
 20
0.18380634199468734
 10
50.99396688124751
 20
0.1949842547120375
 10
50.98718851910076
 20
0.2048348664659493
 10
50.97826501903555
 20
0.21279478428819296
 10
50.967706778240334
 20
0.2184087512240591
 10
50.91906819373797
 20
0.23720961026183363
 10
50.83855154132149
 20
0.26789704010351484
 10
50.75801770789249
 20
0.29815216616117446
 10
50.67746743855472
 20
0.3279713060284201
 10
50.59690148183059
 20
0.35735062336965706
 10
50.516320589900054
 20
0.3862861176644657
 10
50.435725518862
 20
0.41477361299528825
 10
50.355117029021045
 20
0.4428087457610978
 10
50.2744958852026
 20
0.47038695118190155
 10
50.193862857100115
 20
0.49750344843744115
 10
50.11321871965898
 20
0.5241532242579825
 10
50.03256425350142
 20
0.5503310147547553
 10
49.951900245399116
 20
0.5760312852406134
 10
49.93443485008043
 20
0.5814906830651003
 10
49.91364183654444
 20
0.5909867861046425
 10
49.89585693580443
 20
0.6053479183710238
 10
49.88219442642964
 20
0.6236742146501321
 10
49.87351028479426
 20
0.6448173550668719
 10
49.870348577441625
 20
0.6674525188548105
 10
49.870302244510874
 20
0.670936954380925
 10
49.86927563449538
 20
0.7406242847559457
 10
49.868147661151916
 20
0.8103100517762171
 10
49.86691832711597
 20
0.8799941083501811
 10
49.86685186320055
 20
0.8834782208277545
 10
49.86927938623301
 20
0.9062011467649915
 10
49.877274843506655
 20
0.9276062831855317
 10
49.890337326446634
 20
0.9463523976872015
 10
49.9076484582678
 20
0.9612648715768167
 10
49.92812364510015
 20
0.9714092998193712
 10
49.94540354150051
 20
0.9774145556457664
 10
50.025195143140124
 20
1.0056356175773025
 10
50.104961837615534
 20
1.034333642744151
 10
50.18470301950047
 20
1.0635030740504487
 10
50.26441808070946
 20
1.0931386252583377
 10
50.34410641068087
 20
1.1232352608039244
 10
50.42376739654225
 20
1.1537881776235008
 10
50.50340042325971
 20
1.1847927887405258
 10
50.58300487377357
 20
1.2162447084008836
 10
50.66258012912187
 20
1.2481397385742703
 10
50.74212556855285
 20
1.2804738566650318
 10
50.821640569628
 20
1.3132432042972693
 10
50.90112450831656
 20
1.3464440770568689
 10
50.949130783731974
 20
1.3667631155375113
 10
50.959502195157924
 20
1.3727058467290798
 10
50.968163804799886
 20
1.3809419587988225
 10
50.974620194220115
 20
1.3910003964476825
 10
50.978502070818976
 20
1.4023058786976375
 10
50.97958739527649
 20
1.414211801708041
 10
50.97818750760067
 20
1.4624759595949932
 10
50.975659739315475
 20
1.5448748804812666
 10
50.97299346210042
 20
1.6272694454435868
 10
50.970188684260506
 20
1.7096594221953259
 10
50.9684652669007
 20
1.7579131619367747
 10
50.96661237577764
 20
1.769726664849615
 10
50.96200741496136
 20
1.7807653371688357
 10
50.954913776856934
 20
1.790397837229451
 10
50.94573719929956
 20
1.7980732483140855
 10
50.93500255398702
 20
1.8033525872439151
 10
50.8857796801488
 20
1.8206156250357668
 10
50.80430980863232
 20
1.8487575472196711
 10
50.72283665741171
 20
1.8764668329059997
 10
50.64136109181705
 20
1.9037398256356028
 10
50.55988398560335
 20
1.9305727152150258
 10
50.47840622152255
 20
1.956961527474033
 10
50.39692869194906
 20
1.9829021130676752
 10
50.31545229956541
 20
2.0083901352057203
 10
50.233977958115595
 20
2.033421056174482
 10
50.15250659323486
 20
2.0579901224945916
 10
50.07103914336617
 20
2.082092348532864
 10
49.989576560775205
 20
2.105722498356074
 10
49.908119812677775
 20
2.128875065577537
 10
49.89048616798721
 20
2.1337828877966305
 10
49.869395870202695
 20
2.1426207263923263
 10
49.85115478472977
 20
2.1564154943987144
 10
49.836905773800034
 20
2.174302807678988
 10
49.82754156666037
 20
2.195161846194802
 10
49.823648848295946
 20
2.2176855863013927
 10
49.82348977252077
 20
2.2211667027756907
 10
49.8202084061787
 20
2.2907844666744532
 10
49.81682579113441
 20
2.3603973957093345
 10
49.813341935288534
 20
2.4300053430043733
 10
49.813162751022986
 20
2.433485490771574
 10
49.81485376578481
 20
2.4562724314541784
 10
49.82215271645445
 20
2.4779171999942693
 10
49.83460234200128
 20
2.49706355395832
 10
49.851422668450226
 20
2.5125118027288487
 10
49.871559853356516
 20
2.523293976732999
 10
49.888637215494555
 20
2.5298388337998436
 10
49.967477751360235
 20
2.5605512856809214
 10
50.04627804337487
 20
2.591739650658642
 10
50.125037668138944
 20
2.6233983551517848
 10
50.20375619078759
 20
2.655522096211325
 10
50.28243316582903
 20
2.6881058213529383
 10
50.36106813790018
 20
2.7211447103981157
 10
50.439660642448914
 20
2.754634159074606
 10
50.51821020635255
 20
2.788569764163879
 10
50.59671634847978
 20
2.8229473100136047
 10
50.675178580202285
 20
2.8577627562585883
 10
50.75359640586216
 20
2.8930122266151126
 10
50.83196932319958
 20
2.928691998631408
 10
50.87929599633909
 20
2.9505080776136987
 10
50.88947036840914
 20
2.95677338539294
 10
50.897861576214936
 20
2.9652771076913913
 10
50.90398966706394
 20
2.9755328818438342
 10
50.90750412455887
 20
2.986954138763757
 10
50.90820392225186
 20
2.9988876517506067
 10
50.90524390718075
 20
3.047081433684065
 10
50.900052700969816
 20
3.129355783156886
 10
50.89472322127418
 20
3.2116213108969216
 10
50.8892554846856
 20
3.293877785124863
 10
50.885972491446154
 20
3.3420507454578714
 10
50.88373844562243
 20
3.3537995108903234
 10
50.87877865371133
 20
3.364687412947734
 10
50.87137680064882
 20
3.374091734102375
 10
50.86195625126626
 20
3.381474609611441
 10
50.85105583078656
 20
3.386413789263412
 10
50.80129736620816
 20
3.4021208898551727
 10
50.71895487820912
 20
3.4276877654688795
 10
50.63662301619935
 20
3.4528221183392733
 10
50.554302764741635
 20
3.477520321856944
 10
50.47199512181943
 20
3.501778596035027
 10
50.38970109974136
 20
3.5255929972906754
 10
50.30742172612996
 20
3.548959407273268
 10
50.22515804500566
 20
3.571873520622528
 10
50.142911117977256
 20
3.5943308315218307
 10
50.060682025553405
 20
3.616326618890676
 10
49.97847186859061
 20
3.6378559300348514
 10
49.896281769896895
 20
3.658913562542623
 10
49.81411287601304
 20
3.679494044178433
 10
49.79632842850317
 20
3.683845120813193
 10
49.77496173562515
 20
3.692015410596263
 10
49.75628257964853
 20
3.7052293579193507
 10
49.74146127222145
 20
3.722658965568012
 10
49.73142640610701
 20
3.743212086718237
 10
49.72680669581078
 20
3.7656008621782657
 10
49.72653506156807
 20
3.7690750223996945
 10
49.72100273395658
 20
3.838550481497365
 10
49.7153693892757
 20
3.908017841305125
 10
49.709635040673724
 20
3.9774769553774387
 10
49.70934334288505
 20
3.980949502547398
 10
49.710296376486674
 20
4.003776659475027
 10
49.71689180210258
 20
4.025638470963652
 10
49.72871644542613
 20
4.045165100219486
 10
49.74502949425918
 20
4.061133035678324
 10
49.76480888897109
 20
4.072541751120654
 10
49.78166691242935
 20
4.07961942252118
 10
49.859478807561985
 20
4.112791415518472
 10
49.93723516794087
 20
4.146437779615082
 10
50.014935752653194
 20
4.180552930689818
 10
50.092580300527636
 20
4.215131554742745
 10
50.17016853162721
 20
4.250168587765425
 10
50.24770014859408
 20
4.285659197616041
 10
50.32517483786409
 20
4.321598767650536
 10
50.40259227076732
 20
4.357982881897922
 10
50.479952104527726
 20
4.3948073115980275
 10
50.55725398317337
 20
4.43206800294546
 10
50.634497538367626
 20
4.469761065904974
 10
50.711682390169486
 20
4.507882763981171
 10
50.75828294054551
 20
4.5311732775924884
 10
50.76825028803747
 20
4.537754659255846
 10
50.776362892235596
 20
4.546517148623644
 10
50.78215673547408
 20
4.556959581480584
 10
50.78530041799562
 20
4.568484711324963
 10
50.785614118304586
 20
4.580433369241264
 10
50.7810973904454
 20
4.628506497666055
 10
50.77324872986512
 20
4.710570446770243
 10
50.76526219040468
 20
4.792621121165621
 10
50.75713779690621
 20
4.874658289916393
 10
50.752299008790644
 20
4.922700222616968
 10
50.74968614734194
 20
4.934371990698946
 10
50.74437654640994
 20
4.945097750467105
 10
50.7366738961218
 20
4.954264058835101
 10
50.72701876388596
 20
4.961346665398201
 10
50.71596339126407
 20
4.9659404951877555
 10
50.66571866414351
 20
4.98007509558569
 10
50.58258518876206
 20
5.003039955801903
 10
50.499476233884394
 20
5.025572853411934
 10
50.41639290216763
 20
5.047670195515205
 10
50.333336314668905
 20
5.069328236351926
 10
50.25030761208115
 20
5.090543067119213
 10
50.16730795608418
 20
5.111310604837215
 10
50.0843385308253
 20
5.131626580148758
 10
50.001400544545966
 20
5.151486523918269
 10
49.918495231373015
 20
5.17088575247451
 10
49.835623853296816
 20
5.189819351316205
 10
49.75278770236157
 20
5.208282157069662
 10
49.6699881030982
 20
5.2262687374507015
 10
49.65207047867872
 20
5.230058454036327
 10
49.63044860524221
 20
5.237552579481076
 10
49.611350004154424
 20
5.25017183739144
 10
49.59597127020221
 20
5.267125486563082
 10
49.58527592861855
 20
5.287351197388708
 10
49.57993408577959
 20
5.309581622293119
 10
49.57955020741004
 20
5.313045199279912
 10
49.57177331250976
 20
5.382305823588629
 10
49.563895748667186
 20
5.4515550960301775
 10
49.55591753424917
 20
5.52079287080272
 10
49.55551365963989
 20
5.5242541925793445
 10
49.55572809007477
 20
5.547097750886032
 10
49.561613781387564
 20
5.569153823703243
 10
49.57280203444541
 20
5.589040407554793
 10
49.5885919128782
 20
5.6055114431807676
 10
49.6079941349717
 20
5.617534886767143
 10
49.62461626249353
 20
5.62513806497622
 10
49.701323101182325
 20
5.660735347630312
 10
49.777959177152965
 20
5.696804969709425
 10
49.85452443221724
 20
5.733341342510166
 10
49.93101877915845
 20
5.770339146655056
 10
50.00744210387714
 20
5.807793312021653
 10
50.083794267323405
 20
5.845698999670722
 10
50.16007510724233
 20
5.884051585525298
 10
50.236284439755245
 20
5.922846645589397
 10
50.312422060795996
 20
5.962079942525202
 10
50.38848774741865
 20
6.00174741343294
 10
50.46448125899147
 20
6.041845158699017
 10
50.5404023382891
 20
6.08236943179573
 10
50.58623106263051
 20
6.10711033882937
 10
50.59598163450834
 20
6.114000985810105
 10
50.603807750426256
 20
6.123013152556252
 10
50.609261778885724
 20
6.133631393234903
 10
50.612031755367205
 20
6.145248404538158
 10
50.61195923111785
 20
6.157199761124661
 10
50.60589099506965
 20
6.205102134102954
 10
50.59539391905039
 20
6.286870159694948
 10
50.584759517050244
 20
6.368620476878797
 10
50.57398782210738
 20
6.450352855895401
 10
50.567598808196465
 20
6.498213702897922
 10
50.56460990613003
 20
6.509796304874397
 10
50.558955921977585
 20
6.520348724765726
 10
50.550960240639
 20
6.529267434245316
 10
50.54108018775998
 20
6.536042345424134
 10
50.529880868430155
 20
6.540285983280619
 10
50.47919978586274
 20
6.552833098863585
 10
50.39535789478508
 20
6.573171586385594
 10
50.31155439199955
 20
6.5930791171265835
 10
50.22779049697696
 20
6.6125521357043215
 10
50.1440674525452
 20
6.631586934556129
 10
50.06038652645493
 20
6.650179643800349
 10
49.97674901309117
 20
6.668326220152056
 10
49.893156235349196
 20
6.686022434777033
 10
49.80960954669507
 20
6.703263859950397
 10
49.72611033343482
 20
6.720045854365012
 10
49.64266001722015
 20
6.736363546909731
 10
49.55926005782297
 20
6.752211818707343
 10
49.475911956217075
 20
6.7675852831657375
 10
49.45787894207566
 20
6.770809588034379
 10
49.4360234059165
 20
6.777619615676799
 10
49.41652447623058
 20
6.789630923913117
 10
49.40060383388283
 20
6.806090858577294
 10
49.38925896488451
 20
6.82596802020989
 10
49.38320068187901
 20
6.848016897865145
 10
49.3827050029891
 20
6.851466280137826
 10
49.37269251956359
 20
6.920439853641081
 10
49.36257983104819
 20
6.98939883927171
 10
49.35236696098779
 20
7.058343092082534
 10
49.35185137539443
 20
7.061789580036579
 10
49.351327429492116
 20
7.084625743052205
 10
49.3564979900964
 20
7.106853135987198
 10
49.367039170744334
 20
7.127079026306772
 10
49.38229057946467
 20
7.144036100756883
 10
49.40129667040319
 20
7.156661866671321
 10
49.41766660762224
 20
7.164782733554172
 10
49.493193205932705
 20
7.202768698708904
 10
49.56863389352125
 20
7.241224484788657
 10
49.643988794939695
 20
7.280144504468327
 10
49.719257996975166
 20
7.319523438670117
 10
49.79444155144586
 20
7.35935621657263
 10
49.86953947771887
 20
7.39963799761104
 10
49.944551764984396
 20
7.440364155221225
 10
50.01947837431582
 20
7.481530262117374
 10
50.09431924054088
 20
7.523132076922739
 10
50.169074273945455
 20
7.565165531998209
 10
50.24374336182884
 20
7.607626722334984
 10
50.3183263699265
 20
7.650511895394968
 10
50.3633384250319
 20
7.676677752190846
 10
50.37286271338303
 20
7.683870559490019
 10
50.380394780235775
 20
7.693123080177722
 10
50.38550381286847
 20
7.703906120120519
 10
50.38789757851272
 20
7.715602948847684
 10
50.38743914457437
 20
7.727544574544922
 10
50.37982638351887
 20
7.775226338070894
 10
50.36669296658622
 20
7.856613346227763
 10
50.35342293365869
 20
7.937978237928961
 10
50.34001632589841
 20
8.01932078492109
 10
50.33208443118853
 20
8.066950750484288
 10
50.32872269505067
 20
8.078432126314581
 10
50.3227301502768
 20
8.088800199494603
 10
50.31444954343895
 20
8.09746198585809
 10
50.30435449467973
 20
8.103922093218076
 10
50.29302240479403
 20
8.107811053000047
 10
50.2419554006733
 20
8.118757301135448
 10
50.157488521999845
 20
8.136447708672224
 10
50.07307385718094
 20
8.153708609638263
 10
49.98871274108099
 20
8.170536489923578
 10
49.904406536850644
 20
8.186927684075938
 10
49.82015663782024
 20
8.202878365218334
 10
49.73596446957019
 20
8.218384534025844
 10
49.6518314921997
 20
8.233442006646696
 10
49.567759202818905
 20
8.248046401434513
 10
49.483749138293255
 20
8.26219312433787
 10
49.3998028782739
 20
8.275877352768035
 10
49.3159220485533
 20
8.289094017736105
 10
49.232108324791795
 20
8.301837784014262
 10
49.21397785090881
 20
8.304493194942404
 10
49.191910450357646
 20
8.310611885796035
 10
49.17203077853488
 20
8.322002612556114
 10
49.155584375860776
 20
8.337951599809822
 10
49.14360167792388
 20
8.357459458453793
 10
49.13683347096005
 20
8.379303815088432
 10
49.13622656344093
 20
8.382735411896904
 10
49.12399003523655
 20
8.451350137055263
 10
49.11165388049887
 20
8.519947059570868
 10
49.09921812789918
 20
8.588526035559083
 10
49.0985914252681
 20
8.591954102845591
 10
49.0973301748002
 20
8.614759126364715
 10
49.101781023027776
 20
8.637134771377779
 10
49.111665182587174
 20
8.657679021806786
 10
49.126363428528414
 20
8.675104622726622
 10
49.144954870847634
 20
8.688319729562105
 10
49.16105660150015
 20
8.69694996683175
 10
49.235329077376896
 20
8.737285700626735
 10
49.30950059134538
 20
8.77808825353204
 10
49.38357145049086
 20
8.819352045554355
 10
49.45754191544152
 20
8.86107176358743
 10
49.53141220381109
 20
8.903242341522052
 10
49.60518249329921
 20
8.945858942337104
 10
49.67885292449167
 20
8.988916941925755
 10
49.75242360339696
 20
9.032411914447465
 10
49.825894603750264
 20
9.076339619026225
 10
49.89926596911106
 20
9.120695987640685
 10
49.972537714778106
 20
9.165477114072917
 10
50.045709829540954
 20
9.210679243800213
 10
50.08986127344096
 20
9.238243238300633
 10
50.09915002192481
 20
9.245730814145128
 10
50.10638080893454
 20
9.255214144510713
 10
50.11114005425251
 20
9.266150832925632
 10
50.113155531092325
 20
9.277915359550848
 10
50.11231194202631
 20
9.289834859239393
 10
50.103163402477364
 20
9.33724647866937
 10
50.08740872841957
 20
9.418167926568835
 10
50.071518303894486
 20
9.499062881900807
 10
50.05549217809884
 20
9.57993111824122
 10
50.04602650751174
 20
9.627280740181314
 10
50.042295570060155
 20
9.638648955863442
 10
50.035970676263524
 20
9.648821882215053
 10
50.02741357903045
 20
9.65721769680104
 10
50.01711371042251
 20
9.663356220549378
 10
50.00566018475213
 20
9.666886379020312
 10
49.95425816635376
 20
9.67622000079106
 10
49.8692504962782
 20
9.691243306410417
 10
49.78430880797219
 20
9.70583899814724
 10
49.699434550137674
 20
9.720003606856244
 10
49.61462920465799
 20
9.733733513046252
 10
49.52989428881725
 20
9.74702493686414
 10
49.44523135772683
 20
9.75987392714443
 10
49.3606420069844
 20
9.772276349410019
 10
49.27612787559466
 20
9.784227872691941
 10
49.191690649185794
 20
9.79572395501524
 10
49.107332063561024
 20
9.806759827373167
 10
49.02305390863103
 20
9.817330475982075
 10
48.9388580327816
 20
9.827430622573518
 10
48.92064815306572
 20
9.829514232766812
 10
48.89839094345062
 20
9.834935053887387
 10
48.878150563638556
 20
9.845693214961186
 10
48.86119515900896
 20
9.861114570529764
 10
48.84858706524268
 20
9.880232787729812
 10
48.84111626340811
 20
9.901849905627543
 10
48.840398826176404
 20
9.905260152103635
 10
48.825952336563844
 20
9.9734447528596
 10
48.81140691241086
 20
10.041608362025471
 10
48.79676258745231
 20
10.109750836983254
 10
48.796025488538355
 20
10.113156923481785
 10
48.79402884450814
 20
10.13590714961853
 10
48.797756213594376
 20
10.158407884392126
 10
48.80697414289005
 20
10.179249279547664
 10
48.82110515076831
 20
10.197125467604652
 10
48.83926388439528
 20
10.210916375720203
 10
48.85508168500538
 20
10.22004717581021
 10
48.92802752590517
 20
10.26269150857999
 10
49.000857467185995
 20
10.305799179489375
 10
49.073571998038766
 20
10.349364621813775
 10
49.14617155255896
 20
10.393382534075778
 10
49.21865651383209
 20
10.437847860276786
 10
49.2910272176129
 20
10.48275577209769
 10
49.36328395564847
 20
10.528101652824049
 10
49.43542697868826
 20
10.573881082787759
 10
49.50745649921809
 20
10.620089826146762
 10
49.57937269394935
 20
10.666723818849324
 10
49.65117570609115
 20
10.713779157650505
 10
49.72286564742891
 20
10.76125209006588
 10
49.76611347883638
 20
10.790186076937612
 10
49.775157690642
 20
10.797960752633603
 10
49.782080302491835
 20
10.807665140595097
 10
49.78648536120396
 20
10.818744199874569
 10
49.788120897769716
 20
10.830564266328237
 10
49.78689334454541
 20
10.842449296835042
 10
49.776219517334674
 20
10.88954162718167
 10
49.757861646450785
 20
10.969913643024423
 10
49.739369044294214
 20
11.05025482829416
 10
49.720741767990006
 20
11.130564958713311
 10
49.709753166636126
 20
11.177585178454017
 10
49.70565708059833
 20
11.188828443012852
 10
49.69900642973115
 20
11.198795644694522
 10
49.690181596204
 20
11.206916727647483
 10
49.67968732318688
 20
11.212727226797774
 10
49.668123842636916
 20
11.215894830135111
 10
49.61643813596858
 20
11.223605710089226
 10
49.530974548445776
 20
11.235945609304816
 10
49.44559063764755
 20
11.24786022729828
 10
49.36028796442456
 20
11.259346143514481
 10
49.275068127664625
 20
11.270399788205292
 10
49.189932766835405
 20
11.281017432490511
 10
49.10488356476412
 20
11.291195177491558
 10
49.01992225068384
 20
11.300928942424347
 10
48.93505060357948
 20
11.31021445152031
 10
48.85027045587235
 20
11.319047219623736
 10
48.765583697488886
 20
11.327422536289053
 10
48.68099228036538
 20
11.335335448171971
 10
48.59649822345142
 20
11.34278073947297
 10
48.578227096524344
 20
11.34429022286274
 10
48.55580236602189
 20
11.349007358015415
 10
48.53522173674776
 20
11.359121634987837
 10
48.517774677825344
 20
11.373999247820638
 10
48.50455433857046
 20
11.392707929905276
 10
48.49638907112691
 20
11.4140753798468
 10
48.49556192859395
 20
11.417460742064076
 10
48.478922069781284
 20
11.485144564982262
 10
48.46218408034875
 20
11.552804237681098
 10
48.44534799902156
 20
11.620439619008815
 10
48.44450134981624
 20
11.62382019636835
 10
48.44177205497231
 20
11.64649208687864
 10
48.44477299152738
 20
11.669094687045115
 10
48.45331622541739
 20
11.690211771633157
 10
48.46686654804227
 20
11.708520204692695
 10
48.4845749857461
 20
11.722872833941242
 10
48.50009343977677
 20
11.732494911260298
 10
48.571641567799055
 20
11.777404470183043
 10
48.64305898839514
 20
11.822773411910964
 10
48.714346372214045
 20
11.86859618889903
 10
48.785504326235014
 20
11.914867516932233
 10
48.85653339849114
 20
11.961582355499594
 10
48.92743408232305
 20
12.00873589012295
 10
48.998206820220986
 20
12.056323516397912
 10
49.068852007304855
 20
12.104340825540374
 10
49.13936999448502
 20
12.152783591261475
 10
49.209761091340134
 20
12.201647757818582
 10
49.28002556874397
 20
12.25092942911094
 10
49.350163661268354
 20
12.300624858705797
 10
49.392465857304245
 20
12.330899395419905
 10
49.40125680261723
 20
12.33895323537043
 10
49.407864684246455
 20
12.348868734082986
 10
49.411911551105945
 20
12.36007877514964
 10
49.41316592121847
 20
12.371942201576333
 10
49.41155602701929
 20
12.38378048888659
 10
49.399369124615504
 20
12.43050484373212
 10
49.37842905471099
 20
12.510244344288608
 10
49.35735542420125
 20
12.589948720408836
 10
49.336148298017044
 20
12.669617750271355
 10
49.32364932781237
 20
12.716259981467172
 10
49.3191925587568
 20
12.727366663546912
 10
49.31222311365908
 20
12.737117800089463
 10
49.30313960567549
 20
12.74495569309857
 10
49.29246157068632
 20
12.750432075124193
 10
49.28079974944673
 20
12.753233744935844
 10
49.22888204345456
 20
12.75931342877531
 10
49.14304799800591
 20
12.768956363231373
 10
49.05730723610308
 20
12.778176786001433
 10
48.971661428927774
 20
12.786971328673541
 10
48.88611229050977
 20
12.79533647495051
 10
48.800661580589804
 20
12.803268550798037
 10
48.71531110774929
 20
12.810763713673808
 10
48.630062732840344
 20
12.817817940724915
 10
48.54491837275305
 20
12.824427015823668
 10
48.45988000456406
 20
12.830586515291365
 10
48.37494967011745
 20
12.836291792135148
 10
48.290129481096784
 20
12.841537958593703
 10
48.20542162465831
 20
12.84631986675238
 10
48.18710749431936
 20
12.847253482579857
 10
48.16453773919701
 20
12.851261841965085
 10
48.14363771906725
 20
12.860721599419357
 10
48.125716920479924
 20
12.87503995528997
 10
48.1118981843507
 20
12.893319681885538
 10
48.10304736633033
 20
12.914415354784806
 10
48.10211146660763
 20
12.917772334707967
 10
48.083297303582235
 20
12.98488544789733
 10
48.06438592404412
 20
13.0519712869437
 10
48.0453773716253
 20
13.11902971235593
 10
48.04442214152224
 20
13.122381288926832
 10
48.040963761145846
 20
13.144951457882762
 10
48.04323612197137
 20
13.167632668819088
 10
48.051096942398125
 20
13.189003776557216
 10
48.0640537697727
 20
13.207725733923333
 10
48.081294811748265
 20
13.222625481695419
 10
48.09649882321324
 20
13.232729084230286
 10
48.166579657708034
 20
13.279858347569405
 10
48.236515123039446
 20
13.32744256942547
 10
48.306306070449274
 20
13.37547622730826
 10
48.3759532790092
 20
13.42395405986609
 10
48.4454574609769
 20
13.472871047422505
 10
48.5148192666195
 20
13.522222394451616
 10
48.584039288569905
 20
13.572003513751348
 10
48.653118065773015
 20
13.622210012109907
 10
48.72205608706947
 20
13.672837677289545
 10
48.79085379445894
 20
13.723882466176763
 10
48.85951158607838
 20
13.77534049396842
 10
48.9280298189267
 20
13.827208024280656
 10
48.96934537111737
 20
13.85879240804246
 10
48.97787459409912
 20
13.867117219898264
 10
48.98416153484933
 20
13.877233700814553
 10
48.98784659972867
 20
13.888563238343202
 10
48.98871900043987
 20
13.900457839614148
 10
48.98672881558595
 20
13.912237195729864
 10
48.973042745863594
 20
13.958545414521451
 10
48.94954436719322
 20
14.037570219899012
 10
48.925913747555065
 20
14.116555657000148
 10
48.90215095954744
 20
14.195501506760506
 10
48.888155872303805
 20
14.241717702257807
 10
48.88334329065438
 20
14.25267634626137
 10
48.876062374800675
 20
14.262201329150056
 10
48.86672955000052
 20
14.269747887641158
 10
48.85587860954248
 20
14.27488441758107
 10
48.84413018190002
 20
14.277317156405045
 10
48.79203247162793
 20
14.281758866535808
 10
48.70591391944342
 20
14.288694049162482
 10
48.619902154486255
 20
14.29520992283729
 10
48.53399895632703
 20
14.301303174767115
 10
48.44820615214483
 20
14.30697034573411
 10
48.36252561990699
 20
14.31220782034129
 10
48.27695929184551
 20
14.317011816348169
 10
48.19150915826642
 20
14.321378372984897
 10
48.10617727173423
 20
14.325303338116278
 10
48.020965751679555
 20
14.328782354106764
 10
47.93587678948697
 20
14.331810842213134
 10
47.850912654128344
 20
14.334383985302823
 10
47.76607569841942
 20
14.33649670866068
 10
47.747736873822404
 20
14.336853305326636
 10
47.72504477311885
 20
14.340148534323617
 10
47.70384659558064
 20
14.3489438359794
 10
47.685470515340484
 20
14.362688040004072
 10
47.67106790877433
 20
14.380519891517839
 10
47.6615412249399
 20
14.40132202914272
 10
47.66049763779004
 20
14.404647169449538
 10
47.639530667174654
 20
14.471120458927086
 10
47.61846750237535
 20
14.537563389308428
 10
47.59730819183752
 20
14.603975822951545
 10
47.596245471544805
 20
14.60729494858762
 10
47.59206238256897
 20
14.629740194292754
 10
47.59360482986925
 20
14.652476762376288
 10
47.60077626746827
 20
14.67408004463176
 10
47.61312743470037
 20
14.69319645127581
 10
47.62988448229068
 20
14.708628210805172
 10
47.6447592888254
 20
14.719203132038858
 10
47.71330480646997
 20
14.768504484822486
 10
47.78169045516001
 20
14.818255908890526
 10
47.84991726564959
 20
14.868451912638072
 10
47.91798618810589
 20
14.91908726313614
 10
47.98589809809179
 20
14.970156966851166
 10
48.0536538019532
 20
15.021656252285045
 10
48.121254041684935
 20
15.07358055429714
 10
48.18869949933814
 20
15.125925499905403
 10
48.2559908010232
 20
15.178686895392632
 10
48.32312852055436
 20
15.231860714567993
 10
48.390113182776204
 20
15.285443088054876
 10
48.456945266606716
 20
15.339430293492875
 10
48.497234215156915
 20
15.372292598915989
 10
48.50549354044117
 20
15.380879943829314
 10
48.51145367756705
 20
15.391187109724177
 10
48.514773725780856
 20
15.402624577191204
 10
48.51526377448891
 20
15.414538179117066
 10
48.512895770508294
 20
15.426246518505883
 10
48.49772610709983
 20
15.472091032005112
 10
48.471696151487656
 20
15.550319977247339
 10
48.445535420716695
 20
15.628505366101917
 10
48.41924399489953
 20
15.706646982552982
 10
48.403768702025715
 20
15.752389699463091
 10
48.39860557425511
 20
15.763189041183395
 10
48.39102086074995
 20
15.772478047874397
 10
48.38144836000257
 20
15.77972545261137
 10
48.370435571223695
 20
15.784516761593961
 10
48.358612378061494
 20
15.786577957858226
 10
48.30638690686601
 20
15.789376606729228
 10
48.22007019537162
 20
15.793596043250693
 10
48.133873656837075
 20
15.797399802505078
 10
48.047799177159355
 20
15.800784630711458
 10
47.961848694548614
 20
15.803747129275322
 10
47.876024203021274
 20
15.806283745141627
 10
47.79032775621875
 20
15.808390760247953
 10
47.704761471592214
 20
15.810064279967413
 10
47.619327534999
 20
15.81130022041411
 10
47.534028205764166
 20
15.812094294463805
 10
47.44886582226933
 20
15.81244199631863
 10
47.363842808140916
 20
15.81233858441573
 10
47.278961679122666
 20
15.811779062445487
 10
47.260616514698945
 20
15.811558080604962
 10
47.23782490439159
 20
15.814136567494229
 10
47.21635015161774
 20
15.822258191218408
 10
47.1975377663541
 20
15.835413989210835
 10
47.18256647174139
 20
15.852779573186638
 10
47.17237435898187
 20
15.873266797858854
 10
47.17122427352534
 20
15.87655668661834
 10
47.14812837755914
 20
15.942321949788468
 10
47.12493741578078
 20
16.008053812007383
 10
47.10165144134634
 20
16.07375213766427
 10
47.10048244055654
 20
16.07703540837877
 10
47.09557981908401
 20
16.099332744417953
 10
47.09639181412902
 20
16.12210144764146
 10
47.102867648439336
 20
16.143914901693925
 10
47.11460164249164
 20
16.163406352397264
 10
47.130858611058876
 20
16.17935453127562
 10
47.145389796450765
 20
16.19039012238822
 10
47.21233358879922
 20
16.24181391337393
 10
47.27910318990539
 20
16.293682432056688
 10
47.34569980874293
 20
16.345990223493597
 10
47.412124565375024
 20
16.398732088687503
 10
47.478378497556456
 20
16.451903065509278
 10
47.54446256667871
 20
16.505498411520374
 10
47.61037766313962
 20
16.559513588459804
 10
47.676124611207065
 20
16.613944248194624
 10
47.74170417343623
 20
16.668786219961852
 10
47.807117054691474
 20
16.72403549875355
 10
47.87236390581712
 20
16.779688234717447
 10
47.93744532699541
 20
16.835740723462052
 10
47.976668793349354
 20
16.869847840882688
 10
47.98465033206369
 20
16.878689043834747
 10
47.9902781536245
 20
16.88917644175468
 10
47.99323036552482
 20
16.90071020626788
 10
47.99333809629492
 20
16.912630661459897
 10
47.99059515917888
 20
16.924256017040186
 10
47.97395910856229
 20
16.969589910709843
 10
47.94542709295944
 20
17.0469429538584
 10
47.916765911098494
 20
17.12424831374936
 10
47.887975650438804
 20
17.20150577769618
 10
47.871037689407316
 20
17.24672824036555
 10
47.865529668448595
 20
17.257357222056523
 10
47.85764916831059
 20
17.266400709379717
 10
47.84784690254161
 20
17.273341477433778
 10
47.83668350935865
 20
17.277782570586695
 10
47.8247974843717
 20
17.279470003008182
 10
47.772496685300496
 20
17.28062220417331
 10
47.68606846136897
 20
17.28212071086135
 10
47.599773663595485
 20
17.283207596113876
 10
47.513614282025245
 20
17.283879668468845
 10
47.42759236366045
 20
17.284133593409916
 10
47.341710016262624
 20
17.28396588383692
 10
47.255969412509344
 20
17.28337288964732
 10
47.17037279454939
 20
17.28235078631972
 10
47.08492247900601
 20
17.280895562373782
 10
46.9996208624865
 20
17.27900300556094
 10
46.91447042766561
 20
17.276668687616887
 10
46.82947375002147
 20
17.273887947378093
 10
46.74463350531633
 20
17.270655872030883
 10
46.72630038047998
 20
17.269857346914648
 10
46.70343222719241
 20
17.271716229544722
 10
46.681702803155254
 20
17.279155681176974
 10
46.66247358223747
 20
17.291709479762446
 10
46.64694941471106
 20
17.30859095601774
 10
46.63610304295195
 20
17.32874229919244
 10
46.6348477651418
 20
17.33199357438373
 10
46.609649161022915
 20
17.396983610324178
 10
46.584356723125524
 20
17.461937250533968
 10
46.55897050920479
 20
17.526854361608443
 10
46.55769655403429
 20
17.530098424068633
 10
46.55208036132947
 20
17.55222510939133
 10
46.55216215663465
 20
17.575002787240415
 10
46.557936914961935
 20
17.5970042840826
 10
46.56904288027468
 20
17.616851067422207
 10
46.58478421123361
 20
17.63329960627205
 10
46.598957717414905
 20
17.644784788592375
 10
46.66423504593585
 20
17.698279388368277
 10
46.72932405364262
 20
17.75221292304709
 10
46.79422612622712
 20
17.80657998006199
 10
46.8589425522498
 20
17.861375399798185
 10
46.923474530353374
 20
17.916594256737536
 10
46.98782317575904
 20
17.972231842481328
 10
47.05198952613359
 20
18.028283650418107
 10
47.115974546903836
 20
18.084745361837964
 10
47.17977913608314
 20
18.141612833323258
 10
47.243404128665794
 20
18.198882085269155
 10
47.30685030063794
 20
18.25654929140791
 10
47.37011837264665
 20
18.314610769227095
 10
47.40823859035759
 20
18.349928443558138
 10
47.41593474567936
 20
18.359014603731772
 10
47.42122509283093
 20
18.369671637831775
 10
47.42380704270285
 20
18.381290014695818
 10
47.42353290182853
 20
18.393205218026015
 10
47.42041832451117
 20
18.404735756637315
 10
47.40233469000139
 20
18.449512831760472
 10
47.37133285477045
 20
18.52591115803057
 10
47.34020360192823
 20
18.602257740715647
 10
47.308947026100086
 20
18.678552370727882
 10
47.29056552385148
 20
18.723208531402953
 10
47.284718638771594
 20
18.733656316241035
 10
47.276550688550095
 20
18.74244503314397
 10
47.26652882500949
 20
18.749072028192455
 10
47.25522624381334
 20
18.753158291908644
 10
47.243289399470065
 20
18.754470133312076
 10
47.19096583591739
 20
18.75397421015566
 10
47.104512947908944
 20
18.75274942773196
 10
47.01820659238758
 20
18.75111749850575
 10
46.93204886125778
 20
18.749075296549634
 10
46.846041907959
 20
18.746619554786825
 10
46.76018795157261
 20
18.74374685558869
 10
46.6744892813121
 20
18.740453620495156
 10
46.58894826144325
 20
18.736736098950463
 10
46.50356733668859
 20
18.732590355930345
 10
46.418349038178576
 20
18.728012258316834
 10
46.33329599002267
 20
18.722997459854046
 10
46.248410916585186
 20
18.71754138448986
 10
46.16369665056577
 20
18.71163920787493
 10
46.14539394923781
 20
18.71026377082148
 10
46.122472323542496
 20
18.71140094218757
 10
46.100510426347306
 20
18.718150468127373
 10
46.08088430497787
 20
18.730089353544763
 10
46.064823687949456
 20
18.746469458003883
 10
46.053334939664936
 20
18.766264387635548
 10
46.05197588954218
 20
18.769473741493098
 10
46.024703074392185
 20
18.83362243775734
 10
45.997337758587804
 20
18.897731794401363
 10
45.969880004363496
 20
18.96180168039406
 10
45.9685025345747
 20
18.96500323623992
 10
45.96217950161261
 20
18.986936804182275
 10
45.96153213170817
 20
19.00970038668394
 10
45.966601086697935
 20
19.03186769827822
 10
45.97706882972291
 20
19.052049820387605
 10
45.99227950175494
 20
19.068982211644116
 10
46.00608164026327
 20
19.080905489321257
 10
46.06962948889281
 20
19.136417349399203
 10
46.13297509469494
 20
19.19236191006295
 10
46.19612001837405
 20
19.24873380676466
 10
46.25906571539349
 20
19.305527924655614
 10
46.32181354379302
 20
19.362739379972417
 10
46.38436477122844
 20
19.42036350327741
 10
46.446720581329515
 20
19.47839582432295
 10
46.50888207945908
 20
19.53683205834376
 10
46.5708502979431
 20
19.59566809360931
 10
46.63262620083276
 20
19.654899980091542
 10
46.69421068825079
 20
19.714523919123536
 10
46.75560460036727
 20
19.774536253940653
 10
46.79258494430359
 20
19.81102912396835
 10
46.79998841656265
 20
19.82035112513884
 10
46.80493648527181
 20
19.831167069370863
 10
46.80714613956108
 20
19.84285833634633
 10
46.806490980405016
 20
19.85475623996052
 10
46.80300845451096
 20
19.866180277271457
 10
46.78349759733969
 20
19.910355109611658
 10
46.75006083958168
 20
19.98572123135546
 10
46.71649854901133
 20
20.061031620803252
 10
46.68281082722679
 20
20.136286072723127
 10
46.663006460698526
 20
20.180330669721222
 10
46.656827105681266
 20
20.190586655611778
 10
46.64838035445284
 20
20.199111655202984
 10
46.638149302468676
 20
20.205418097122095
 10
46.62671910745071
 20
20.209145305654744
 10
46.6147435207321
 20
20.210080126193937
 10
46.562449826489406
 20
20.207936118267337
 10
46.47605922531643
 20
20.203988521869377
 10
46.38982810203123
 20
20.19963866623301
 10
46.30375864800302
 20
20.19488349408657
 10
46.2178531206429
 20
20.189719809056683
 10
46.13211384781114
 20
20.18414426640244
 10
46.04654323263534
 20
20.178153362885173
 10
45.96114375879029
 20
20.17174342566791
 10
45.87591799629724
 20
20.16491060012223
 10
45.790868607910014
 20
20.157650836401153
 10
45.70599835616622
 20
20.14995987461339
 10
45.621310111194724
 20
20.14183322840701
 10
45.53680685938655
 20
20.133266166737275
 10
45.51855294937668
 20
20.1313150459212
 10
45.49560099875069
 20
20.131729158627707
 10
45.47342909230327
 20
20.137781757134142
 10
45.453426443668505
 20
20.149093512660166
 10
45.43684638320526
 20
20.164955579805355
 10
45.424727831626505
 20
20.184374026413412
 10
45.423266540370314
 20
20.187538209584794
 10
45.39395023210362
 20
20.25078062525169
 10
45.36454285464873
 20
20.313980811938396
 10
45.33504447459194
 20
20.377138641146647
 10
45.33356504061226
 20
20.380294451120456
 10
45.326542651274856
 20
20.402012737277975
 10
45.32516792214425
 20
20.424739273135177
 10
45.32952708812942
 20
20.447050099049314
 10
45.339347080819756
 20
20.467547307090957
 10
45.35401262028879
 20
20.484946613846123
 10
45.36743008320364
 20
20.497296086711362
 10
45.42918720845137
 20
20.554769799473732
 10
45.49072839086759
 20
20.612669545177173
 10
45.55205536426319
 20
20.670990012856322
 10
45.61316974921903
 20
20.729726137737526
 10
45.67407306149801
 20
20.788873082885576
 10
45.73476671962
 20
20.848426222678686
 10
45.79525205170357
 20
20.90838112788475
 10
45.855530301662824
 20
20.9687335521456
 10
45.915602634835324
 20
21.029479419703694
 10
45.9754701431063
 20
21.090614814228633
 10
46.03513384958537
 20
21.152135968620666
 10
46.094594712884685
 20
21.21403925568437
 10
46.13039972680787
 20
21.251670893715247
 10
46.137503518149614
 20
21.261219414633636
 10
46.14210486035648
 20
21.272183425253168
 10
46.14394057526367
 20
21.28393583646962
 10
46.14290565242028
 20
21.295804464310237
 10
46.13905925932841
 20
21.307110479119956
 10
46.11814305701148
 20
21.350638474945814
 10
46.082308859276836
 20
21.424896327103554
 10
46.0463511458568
 20
21.499094534702483
 10
46.010270025117656
 20
21.57323289661081
 10
45.989064979099936
 20
21.616621509823432
 10
45.982559901788946
 20
21.626675342510122
 10
45.97384329758436
 20
21.634927993363625
 10
45.96341369384965
 20
21.640907467082954
 10
45.95186760199028
 20
21.644271788445
 10
45.93986539993964
 20
21.644828558211298
 10
45.88765421876357
 20
21.641038225135404
 10
45.80141285818046
 20
21.634371130272665
 10
45.71534374619801
 20
21.627307070289483
 10
45.629449171154945
 20
21.61984305959282
 10
45.5437314918633
 20
21.611975975675406
 10
45.45819314231081
 20
21.60370254999594
 10
45.37283663680171
 20
21.59501935800842
 10
45.287664575590206
 20
21.585922808236464
 10
45.202679651067974
 20
21.57640913027222
 10
45.11788465457798
 20
21.566474361560736
 10
45.03328248393777
 20
21.556114332807716
 10
44.948876151769774
 20
21.545324651821726
 10
44.864668794752724
 20
21.53410068556914
 10
44.84648200703835
 20
21.531575705914303
 10
44.82352292853224
 20
21.531266175496402
 10
44.80116371361923
 20
21.536615606657566
 10
44.78080532018932
 20
21.547288728593983
 10
44.76372337833037
 20
21.562616712462667
 10
44.75098826445142
 20
21.581639093817838
 10
44.74942637123951
 20
21.584754919322044
 10
44.718099445641705
 20
21.647027364046107
 10
44.68668297775267
 20
21.709254748414224
 10
44.65517703837613
 20
21.771436946611715
 10
44.65359729812934
 20
21.774543834486256
 10
44.64588377114651
 20
21.79602500335649
 10
44.64378424842047
 20
21.81869168709043
 10
44.647430376612895
 20
21.841123680441335
 10
44.65659375891759
 20
21.861915485731274
 10
44.67070024951327
 20
21.879764360596422
 10
44.683720119877925
 20
21.89252773718717
 10
44.74362709853443
 20
21.951906096555607
 10
44.803304670401445
 20
22.01170339657415
 10
44.86275474029542
 20
22.071914385336143
 10
44.92197909194284
 20
22.132534053369717
 10
44.9809793969772
 20
22.193557615563606
 10
45.03975722304098
 20
22.25498049489346
 10
45.098314041102896
 20
22.31679830772505
 10
45.15665123208582
 20
22.379006850504187
 10
45.21477009288605
 20
22.441602087670123
 10
45.27267184185365
 20
22.50458014065211
 10
45.33035762379442
 20
22.567937277828086
 10
45.38782851454542
 20
22.63166990534034
 10
45.42242393710228
 20
22.670402857111018
 10
45.42922135572733
 20
22.68016838185579
 10
45.433471879982946
 20
22.691269509715525
 10
45.434932398461996
 20
22.70307130920265
 10
45.433519361287644
 20
22.7148987710021
 10
45.4293135625617
 20
22.726075418894812
 10
45.40701536476724
 20
22.76891286820883
 10
45.36882371951547
 20
22.841987898975077
 10
45.330510703998605
 20
22.914999453944077
 10
45.292076433135996
 20
22.987947336314754
 10
45.26949435566958
 20
23.03063643988615
 10
45.262670644926196
 20
23.04047802532535
 10
45.253693420641355
 20
23.0484500220122
 10
45.24307611408373
 20
23.054096485602162
 10
45.2314259698465
 20
23.0570944867488
 10
45.21940931496396
 20
23.05727257775361
 10
45.167333239788206
 20
23.051839400649726
 10
45.08132797611389
 20
23.0424589650895
 10
44.995507543627866
 20
23.032687258216008
 10
44.90987432504798
 20
23.022521369036355
 10
44.82443077791667
 20
23.011958251967656
 10
44.73917943959303
 20
23.0009947178723
 10
44.654122932710614
 20
22.989627424256874
 10
44.56926397115787
 20
22.97785286453224
 10
44.484605366647216
 20
22.965667356216617
 10
44.40015003594855
 20
22.953067027944527
 10
44.31590100887636
 20
22.940047805122806
 10
44.231861437133226
 20
22.926605394047446
 10
44.1480346041315
 20
22.912735264263635
 10
44.12993321207456
 20
22.909638846531692
 10
44.10699022475682
 20
22.90860585361521
 10
44.084466609620634
 20
22.913246647949286
 10
44.06377363369583
 20
22.92327036012072
 10
44.04620790081404
 20
22.938048853785354
 10
44.03287010930235
 20
22.95665609814572
 10
44.031209357997405
 20
22.959720445120645
 10
43.997906782336045
 20
23.0209605539612
 10
43.96451628365195
 20
23.082152832314435
 10
43.93103793682557
 20
23.143297157191007
 10
43.92935965239165
 20
23.14635201348549
 10
43.92096392213049
 20
23.167574583808094
 10
43.91814291812888
 20
23.190158781837347
 10
43.921073490730535
 20
23.212689574478265
 10
43.9295720721473
 20
23.23375527520835
 10
43.94310616378386
 20
23.25203597915392
 10
43.95571592552522
 20
23.26520058987324
 10
44.01371520002885
 20
23.326424652575316
 10
44.07147185343598
 20
23.38806014813129
 10
44.12898795927797
 20
23.450101889074606
 10
44.1862654622736
 20
23.51254492637242
 10
44.2433061879009
 20
23.57538453164859
 10
44.30011185101673
 20
23.638616181177714
 10
44.35668406364161
 20
23.702235541430067
 10
44.41302434201099
 20
23.766238455980503
 10
44.469134112979
 20
23.830620933620764
 10
44.52501471984893
 20
23.895379137537102
 10
44.58066742769466
 20
23.960509375434253
 10
44.63609342822831
 20
24.0260080905023
 10
44.66944621740615
 20
24.065803915270557
 10
44.675930881404085
 20
24.075776743545536
 10
44.67982685301331
 20
24.087003946147902
 10
44.680911301215076
 20
24.098843380951593
 10
44.67912218677457
 20
24.110617885660634
 10
44.67456181401502
 20
24.121654011977515
 10
44.6509063961578
 20
24.16375813880606
 10
44.610399726351766
 20
24.235577395268255
 10
44.569773955769634
 20
24.307329430027966
 10
44.52902920565946
 20
24.379014050831255
 10
44.50509516120361
 20
24.42096106287265
 10
44.4979602343363
 20
24.43058057883948
 10
44.48873189318361
 20
24.438263951656086
 10
44.47793792947016
 20
24.443571743623533
 10
44.466195689246256
 20
24.446200394899257
 10
44.45417676476357
 20
24.44599958241978
 10
44.402288276683926
 20
24.438928762839353
 10
44.31660576816982
 20
24.426843984374432
 10
44.23112047221192
 20
24.414374020761247
 10
44.14583486322707
 20
24.401516038424504
 10
44.06075149472336
 20
24.388267071656568
 10
43.97587300457638
 20
24.37462401381675
 10
43.891202120797594
 20
24.36058360770952
 10
43.806741667855455
 20
24.34614243504109
 10
43.72249457361818
 20
24.33129690483831
 10
43.63846387699927
 20
24.316043240695265
 10
43.55465273639904
 20
24.300377466691625
 10
43.4710644390518
 20
24.284295391800043
 10
43.38770241140641
 20
24.267792592568828
 10
43.369704609949665
 20
24.264127751616222
 10
43.346800927190515
 20
24.262372242899133
 10
43.324135997684195
 20
24.266299708555284
 10
43.30312995128795
 20
24.27566397527235
 10
43.28509901760752
 20
24.28987822874729
 10
43.27117305173239
 20
24.308051796581694
 10
43.269415287411846
 20
24.311061613811095
 10
43.23417405092021
 20
24.371208417644848
 10
43.198846599854335
 20
24.431304685161795
 10
43.16343301302515
 20
24.491350296330467
 10
43.16165804714585
 20
24.4943500818045
 10
43.15258974335729
 20
24.515292950534675
 10
43.14905130307668
 20
24.537772226128254
 10
43.1512645263906
 20
24.560379453021373
 10
43.159090786634806
 20
24.581698156529907
 10
43.1720397036371
 20
24.60039257766494
 10
43.18422725099737
 20
24.61394538805184
 10
43.240263172527335
 20
24.676954535370534
 10
43.29604352146058
 20
24.740367201814827
 10
43.35157053756881
 20
24.804178269637738
 10
43.40684632423383
 20
24.868382855286264
 10
43.46187285858361
 20
24.93297629193948
 10
43.51665200061967
 20
24.997954113786093
 10
43.571185501460754
 20
25.06331204182563
 10
43.62547501080949
 20
25.129045971009393
 10
43.67952208373343
 20
25.195151958563503
 10
43.733328186839096
 20
25.26162621335841
 10
43.78689470390677
 20
25.328465086208038
 10
43.84022294104494
 20
25.39566506099683
 10
43.87230129714422
 20
25.436484371738885
 10
43.878467137940895
 20
25.446654629097022
 10
43.882005178642785
 20
25.45799678237991
 10
43.88271306184636
 20
25.46986211523445
 10
43.88055028732737
 20
25.48157198385445
 10
43.87564053150145
 20
25.492456635951328
 10
43.85065404630013
 20
25.533785645571264
 10
43.80787712253957
 20
25.60427785410935
 10
43.76498348716749
 20
25.67469918440436
 10
43.721973267528206
 20
25.745049448951235
 10
43.69671368813709
 20
25.78621277816979
 10
43.689275277662475
 20
25.795600685066773
 10
43.67980557822118
 20
25.80298780893448
 10
43.66884618395247
 20
25.807951654705285
 10
43.65702390030254
 20
25.81020833354037
 10
43.64501489537408
 20
25.809628796820046
 10
43.593366302539245
 20
25.80092725315176
 10
43.5080929086
 20
25.78614996321577
 10
43.423028894632914
 20
25.77099395887814
 10
43.33817682398953
 20
25.75545648669214
 10
43.25353934329035
 20
25.739534663666323
 10
43.1691191879795
 20
25.723225468636564
 10
43.08491918839735
 20
25.70652573283306
 10
43.0009422764349
 20
25.689432129543896
 10
42.91719149284288
 20
25.671941162761033
 10
42.83366999528036
 20
25.65404915467727
 10
42.75038106720171
 20
25.635752231880883
 10
42.6673281276965
 20
25.617046310068872
 10
42.584514742417795
 20
25.597927077069404
 10
42.566638627302716
 20
25.59369741926846
 10
42.54379742896318
 20
25.591221107311508
 10
42.52101441837287
 20
25.594431335844614
 10
42.49971713259659
 20
25.60312687329484
 10
42.481240058981044
 20
25.6167628098233
 10
42.466741014677595
 20
25.634484713968913
 10
42.46488818002428
 20
25.637437023180368
 10
42.42774722161406
 20
25.696431014529956
 10
42.39052184295064
 20
25.755371830883224
 10
42.35321212662436
 20
25.814259355289558
 10
42.351342439072226
 20
25.817201104207054
 10
42.34161186570927
 20
25.837843569067385
 10
42.337360751859
 20
25.860195706117352
 10
42.33885554848464
 20
25.882857028841343
 10
42.34600263733573
 20
25.904407673388405
 10
42.3583541859465
 20
25.923497345645778
 10
42.370107832442294
 20
25.937424969733765
 10
42.424126701813016
 20
26.00215696963409
 10
42.477877322585776
 20
26.0672841789769
 10
42.531362098120134
 20
26.132801554905505
 10
42.5845832879616
 20
26.198704284284887
 10
42.637543018530494
 20
26.264987766571952
 10
42.690243292746985
 20
26.33164759839239
 10
42.742685998724305
 20
26.39867955961215
 10
42.79487291764246
 20
26.466079600723106
 10
42.84680573089906
 20
26.5338438313885
 10
42.89848602661978
 20
26.601968510014874
 10
42.949915305600435
 20
26.67045003423594
 10
43.00109498674237
 20
26.739284932208665
 10
43.03186837392655
 20
26.781087435854488
 10
43.03770963936571
 20
26.79144508382947
 10
43.04088672658519
 20
26.802890993663045
 10
43.041217924662334
 20
26.814770515193835
 10
43.03868427931127
 20
26.82640419298625
 10
43.033430679620764
 20
26.837126631750404
 10
43.00714060686407
 20
26.877639754747563
 10
42.96214046147936
 20
26.94673539601699
 10
42.917026108784
 20
27.015756595613155
 10
42.87179768197913
 20
27.084703170966623
 10
42.845240316734454
 20
27.125042260107957
 10
42.83750645673197
 20
27.134189310952504
 10
42.82780539765807
 20
27.14127291346724
 10
42.81669196430734
 20
27.145887931039084
 10
42.8048017700481
 20
27.14777042488369
 10
42.79281486489562
 20
27.146812747181432
 10
42.74145824143818
 20
27.136489108522756
 10
42.65667992196615
 20
27.119033961632677
 10
42.57212292357788
 20
27.101206947471074
 10
42.48778989571651
 20
27.08300539532216
 10
42.40368357517912
 20
27.064426507639585
 10
42.31980679194339
 20
27.045467351599545
 10
42.23616247553775
 20
27.026124849865923
 10
42.15275366202184
 20
27.006395770470863
 10
42.06958350165355
 20
26.98627671569914
 10
41.986655267332004
 20
26.96576410984765
 10
41.903972363919856
 20
26.94485418570978
 10
41.82153833856528
 20
26.92354296960969
 10
41.739356892165596
 20
26.90182626478104
 10
41.7216204392148
 20
26.89703598460345
 10
41.698864843807485
 20
26.89384134642172
 10
41.67598710243261
 20
26.8963312171215
 10
41.65442069633977
 20
26.90434950315839
 10
41.63551698446901
 20
26.91739373384178
 10
41.62046052365976
 20
26.934646558052137
 10
41.618514655232005
 20
26.93753845697918
 10
41.57951478880362
 20
26.995321651119777
 10
41.54043237890904
 20
27.053049101367698
 10
41.50126751176293
 20
27.11072069396638
 10
41.49930515559242
 20
27.113601517122557
 10
41.48892326881831
 20
27.13392329768824
 10
41.48396494601143
 20
27.156126323256302
 10
41.48474094621283
 20
27.178819452605836
 10
41.4912026826025
 20
27.200580828615838
 10
41.502945257847564
 20
27.220046950313208
 10
41.51425374477379
 20
27.234335664056406
 10
41.56620385121237
 20
27.30072673359424
 10
41.61787332076676
 20
27.367504317289225
 10
41.669264717560516
 20
27.434663452230858
 10
41.72038045463948
 20
27.502199400531282
 10
41.771222805201546
 20
27.57010763254476
 10
41.821793912708785
 20
27.638383811759
 10
41.872095800020304
 20
27.707023781150433
 10
41.922130377664395
 20
27.776023550827247
 10
41.97189945135114
 20
27.84537928680839
 10
42.021404728812044
 20
27.915087300808135
 10
42.07064782604275
 20
27.98514404091414
 10
42.11963027301326
 20
28.055546083061117
 10
42.14906943950021
 20
28.098290620707083
 10
42.15458069658133
 20
28.108825466836883
 10
42.1573941622877
 20
28.120363880212302
 10
42.15734892474737
 20
28.13224592064825
 10
42.15444756138273
 20
28.143791988699146
 10
42.14885599373055
 20
28.154341699303696
 10
42.12129108850654
 20
28.193999232378633
 10
42.07411692704696
 20
28.26163061073424
 10
42.02683117305128
 20
28.32918408055045
 10
41.97943396533219
 20
28.396659464364816
 10
41.95160782828756
 20
28.43613483038872
 10
41.94358684041161
 20
28.445032079960306
 10
41.93366464486988
 20
28.45180524857634
 10
41.92240871252439
 20
28.456066953329074
 10
41.91046280470908
 20
28.457573461816708
 10
41.898510155757535
 20
28.45623862980141
 10
41.847497280901464
 20
28.444303227290447
 10
41.76329949588857
 20
28.424187686310084
 10
41.67933473480974
 20
28.403707492975514
 10
41.59560573028364
 20
28.38286006179409
 10
41.512115306270985
 20
28.3616426832795
 10
41.42886638416695
 20
28.340052515694254
 10
41.3458619894618
 20
28.318086576021944
 10
41.26310525903957
 20
28.295741730074557
 10
41.18059944919471
 20
28.273014681626176
 10
41.09834794446015
 20
28.249901960446774
 10
41.01635426735455
 20
28.226399909089615
 10
40.934622089174965
 20
28.20250466826097
 10
40.85315524198331
 20
28.178212160571416
 10
40.835576286490856
 20
28.17286603633499
 10
40.81292932338037
 20
28.16895631078684
 10
40.789980287963175
 20
28.170723493548422
 10
40.76816713716259
 20
28.17805677585733
 10
40.74885669922056
 20
28.190496612598512
 10
40.73325902251984
 20
28.207263528448607
 10
40.73122224691995
 20
28.210092193651523
 10
40.69040608464964
 20
28.266608184888614
 10
40.649509334677674
 20
28.32306593553397
 10
40.6085320866846
 20
28.37946533512838
 10
40.60647920438427
 20
28.382282422634834
 10
40.59545758989211
 20
28.402263679916825
 10
40.58979820810139
 20
28.424295885518944
 10
40.589855740439596
 20
28.446998603161607
 10
40.59562661084882
 20
28.468949373901683
 10
40.606749202798326
 20
28.488772826152115
 10
40.6176017072953
 20
28.5034085809012
 10
40.66743336519004
 20
28.57139344883006
 10
40.71697229735912
 20
28.63975576072769
 10
40.76622122570142
 20
28.70849063856476
 10
40.8151827139421
 20
28.777593424415418
 10
40.86385917939089
 20
28.847059664042277
 10
40.912252903529875
 20
28.916885092116882
 10
40.96036604157622
 20
28.987065618872343
 10
41.00820063114343
 20
29.05759731801558
 10
41.05575860010729
 20
29.128476415750946
 10
41.10304177376738
 20
29.19969928078739
 10
41.15005188138329
 20
29.27126241521986
 10
41.196790562153474
 20
29.343162446188728
 10
41.22486755911639
 20
29.386807033235232
 10
41.230043696411805
 20
29.39750874096415
 10
41.23249122562084
 20
29.409128356858655
 10
41.232070166282
 20
29.42100129723716
 10
41.22880459244242
 20
29.432448483359856
 10
41.22288125756123
 20
29.442815185239198
 10
41.19407149720991
 20
29.481578528697348
 10
41.144774607770984
 20
29.547679835951918
 10
41.0953688462816
 20
29.613699867522016
 10
41.04585435691617
 20
29.67963845120812
 10
41.01678967381421
 20
29.71821172213846
 10
41.00849015302896
 20
29.726850535272124
 10
40.99835725291047
 20
29.73330672360844
 10
40.98697049387352
 20
29.73721103226396
 10
40.974981117715636
 20
29.738340168599787
 10
40.963074842758274
 20
29.736629571089246
 10
40.91245714024027
 20
29.723094426701365
 10
40.828924749932476
 20
29.70033874393422
 10
40.745636836600276
 20
29.677225982547363
 10
40.66259621305415
 20
29.653753644651967
 10
40.57980578733441
 20
29.629919111321396
 10
40.49726856906253
 20
29.605719634531223
 10
40.41498767638499
 20
29.58115232834704
 10
40.33296634358221
 20
29.55621415926839
 10
40.251207929426
 20
29.53090193562195
 10
40.16971592638294
 20
29.505212295881442
 10
40.08849397077598
 20
29.479141695770668
 10
40.007545854036046
 20
29.45268639398279
 10
39.92687553519796
 20
29.425842436319908
 10
39.90947175147058
 20
29.419945825102133
 10
39.88695633318182
 20
29.415325009076398
 10
39.8639594962795
 20
29.416367965806213
 10
39.84192220127992
 20
29.42300926843436
 10
39.82222532927625
 20
29.43483273517631
 10
39.80610314820532
 20
29.45109751730151
 10
39.803977678165694
 20
29.453860206743144
 10
39.76138955215614
 20
29.50905421978626
 10
39.71872286963418
 20
29.564187569928443
 10
39.67597772358534
 20
29.619260150101166
 10
39.67383654315045
 20
29.622010773925258
 10
39.66218739291851
 20
29.641632128426842
 10
39.655833770309975
 20
29.663472090029536
 10
39.65517385163307
 20
29.686162269193684
 10
39.66024900786688
 20
29.708280990863283
 10
39.670741207332775
 20
29.72844235581432
 10
39.68112735003613
 20
29.743410791826392
 10
39.728792933748565
 20
29.81292276133028
 10
39.77615401357399
 20
29.882802740727843
 10
39.82321346604016
 20
29.95304594167983
 10
39.869974002579525
 20
30.02364779081765
 10
39.916438181802974
 20
30.09460391370976
 10
39.96260842055195
 20
30.165910120425593
 10
40.00848700388021
 20
30.237562392498425
 10
40.05407609409483
 20
30.309556871118666
 10
40.099377738966865
 20
30.381889846412584
 10
40.1443938792067
 20
30.454557747681946
 10
40.189126355286795
 20
30.52755713449729
 10
40.23357691368239
 20
30.600884688551556
 10
40.26026511293085
 20
30.645386554720996
 10
40.26510134270589
 20
30.656244653169374
 10
40.26718097166321
 20
30.66793413307572
 10
40.26638506300573
 20
30.679786415928124
 10
40.26275913179107
 20
30.6911236048917
 10
40.25651054309782
 20
30.70129726092707
 10
40.22648707315142
 20
30.739128952812283
 10
40.17512073399339
 20
30.803636326261422
 10
40.12364834414258
 20
30.86805915946002
 10
40.07207005288208
 20
30.93239728561178
 10
40.04179820690956
 20
30.970031234023775
 10
40.033229007012544
 20
30.978403293041612
 10
40.02289602700206
 20
30.984536326305317
 10
40.01139022931431
 20
30.988079560033327
 10
39.9993696621048
 20
30.98883035160632
 10
39.98752182553574
 20
30.98674577765244
 10
39.93735030347789
 20
30.971624590475447
 10
39.85456746928827
 20
30.946251784610002
 10
39.77204030418081
 20
30.920529823357857
 10
39.68977169811215
 20
30.89445629870211
 10
39.607764640052615
 20
30.868028684659233
 10
39.5260222245896
 20
30.841244329424004
 10
39.44454765914701
 20
30.81410044678161
 10
39.36334427189615
 20
30.786594106697134
 10
39.282415520444985
 20
30.758722224978705
 10
39.201765001406635
 20
30.730481551894382
 10
39.12139646096445
 20
30.701868659603328
 10
39.04131380657016
 20
30.67287992823831
 10
38.96152111993573
 20
30.643511530448734
 10
38.94431000102891
 20
30.63707036217356
 10
38.92194889573177
 20
30.631743205580648
 10
38.89892777512434
 20
30.63206119013854
 10
38.87668912958291
 20
30.638004318385054
 10
38.85662646443412
 20
30.64920016063653
 10
38.839996973276016
 20
30.66494720029299
 10
38.837785103682535
 20
30.66764125566723
 10
38.79347098636874
 20
30.721460192057638
 10
38.74908041555693
 20
30.77521611959768
 10
38.704613487375134
 20
30.828908934692738
 10
38.70238631832022
 20
30.831590450949584
 10
38.69012240692861
 20
30.85083299918219
 10
38.6830820121862
 20
30.872459595894142
 10
38.681706337072335
 20
30.895115221070245
 10
38.68608159348268
 20
30.917380362284252
 10
38.69593359719328
 20
30.937859941168096
 10
38.70584344948678
 20
30.95314640113776
 10
38.751297426323234
 20
31.024117412629902
 10
38.79643544252678
 20
31.095446647358376
 10
38.84126052595684
 20
31.167129411351993
 10
38.885775532636835
 20
31.239161220270425
 10
38.92998315952999
 20
31.311537783767456
 10
38.973885956043546
 20
31.384254991412252
 10
39.01748633441883
 20
31.457308899975004
 10
39.060786579142025
 20
31.530695721912554
 10
39.10378885549059
 20
31.604411814912567
 10
39.14649521731442
 20
31.678453672374935
 10
39.18890761413736
 20
31.75281791472572
 10
39.231027897653256
 20
31.82750128147251
 10
39.25630200816756
 20
31.872816910672295
 10
39.260793868228
 20
31.88382080426547
 10
39.262503982311976
 20
31.895568782377435
 10
39.26133454955536
 20
31.90738892188688
 10
39.25735245022002
 20
31.918605164964003
 10
39.25078542146115
 20
31.928575989873753
 10
39.21958050083909
 20
31.965439736726648
 10
39.16619988675183
 20
32.02829131141018
 10
39.11271613930991
 20
32.09105518641443
 10
39.05912941264987
 20
32.1537312004711
 10
39.02768288949773
 20
32.190389773601815
 10
39.018853108499115
 20
32.198487084880135
 10
39.008330850057035
 20
32.20429116440573
 10
38.996717900996295
 20
32.20747005107671
 10
38.984678436064044
 20
32.20784193929864
 10
38.97290103421674
 20
32.20538557562335
 10
38.92322622558813
 20
32.18869370563399
 10
38.841276311993774
 20
32.160729534579566
 10
38.75959298795839
 20
32.13242447122798
 10
38.678179217482636
 20
32.10377619958937
 10
38.597038067257365
 20
32.07478228888958
 10
38.51617271351219
 20
32.045440185927596
 10
38.4355864495025
 20
32.01574720672002
 10
38.35528269371389
 20
31.985700527345088
 10
38.27526499887368
 20
31.955297173885413
 10
38.195537061874404
 20
31.92453401135289
 10
38.11610273473075
 20
31.89340773145972
 10
38.03696603671167
 20
31.86191483907752
 10
37.95813116781418
 20
31.83005163719822
 10
37.94113000550581
 20
31.82307240790519
 10
37.91894580974467
 20
31.817044407482502
 10
37.89592391797282
 20
31.816637464167783
 10
37.87350687695068
 20
31.82187700783881
 10
37.85309937744575
 20
31.83243470048871
 10
37.83598022487016
 20
31.84764901743375
 10
37.83368432874249
 20
31.850271866246423
 10
37.78769175244636
 20
31.9026643458303
 10
37.741624893863225
 20
31.95499154872165
 10
37.695483852100196
 20
32.00725337487316
 10
37.69317308143146
 20
32.009863225869836
 10
37.680307742066205
 20
32.02870855532511
 10
37.67258867632268
 20
32.05010098677809
 10
37.67049960607151
 20
32.07270017242483
 10
37.67417143629893
 20
32.0950901330792
 10
37.68337405159228
 20
32.11586796406196
 10
37.6927981424844
 20
32.1314575066632
 10
37.73599710392513
 20
32.20381820060346
 10
37.7788689796341
 20
32.276526990104166
 10
37.82141694536187
 20
32.34957928010482
 10
37.86364399846918
 20
32.422970679635924
 10
37.90555297119108
 20
32.49669698659407
 10
37.947146542580654
 20
32.57075417403389
 10
37.9884272492962
 20
32.645138377788676
 10
38.02939749537156
 20
32.719845885259204
 10
38.070059561089
 20
32.794873125233416
 10
38.11041561105772
 20
32.87021665861863
 10
38.15046770158647
 20
32.945873169984296
 10
38.19021778742793
 20
33.02183945982682
 10
38.21405387082035
 20
33.067924629830664
 10
38.21819722611162
 20
33.07906360778152
 10
38.21953655749431
 20
33.09085870083099
 10
38.21799527245482
 20
33.10263529245979
 10
38.21366152081238
 20
33.11371981629207
 10
38.2067831535643
 20
33.12347828422677
 10
38.17443009928972
 20
33.15933898847267
 10
38.11909218716035
 20
33.220474943681914
 10
38.06365415007417
 20
33.281520147180764
 10
38.008116146765126
 20
33.342474443338276
 10
37.97552847926043
 20
33.37812278982926
 10
37.96644744468406
 20
33.385937689504246
 10
37.955746870007495
 20
33.39140739641378
 10
37.944038739625945
 20
33.39421907200478
 10
37.931992670391786
 20
33.394211911382776
 10
37.92029761702127
 20
33.39138633917199
 10
37.87116952082477
 20
33.3731407885458
 10
37.790134998471274
 20
33.34261371821214
 10
37.70937770426861
 20
33.3117543485878
 10
37.62890067310796
 20
33.28056045775165
 10
37.54870704613709
 20
33.249029712287886
 10
37.46880007784636
 20
33.21715965986306
 10
37.3891831438156
 20
33.18494772111081
 10
37.3098597492031
 20
33.15239118073897
 10
37.230833538069824
 20
33.11948717776149
 10
37.15210830364709
 20
33.086232694741575
 10
37.07368799967371
 20
33.05262454591425
 10
36.9955767529491
 20
33.01865936403459
 10
36.91777887727451
 20
32.98433358577085
 10
36.901004742319586
 20
32.976823350078426
 10
36.879019854055514
 20
32.97010074202522
 10
36.85602066818118
 20
32.968969702621926
 10
36.8334483165189
 20
32.973501037664846
 10
36.8127172282945
 20
32.98341079109741
 10
36.79512648888179
 20
32.9980780437995
 10
36.79274901333027
 20
33.00062720120274
 10
36.74512698935627
 20
33.05154359867519
 10
36.697432918863
 20
33.1023925312475
 10
36.64966690377292
 20
33.15317390248312
 10
36.64727499193987
 20
33.15570961851663
 10
36.63382209221033
 20
33.17413982110268
 10
36.625433070698094
 20
33.195277623526245
 10
36.622633621966486
 20
33.21779863178173
 10
36.62559915527147
 20
33.240291761297996
 10
36.63414380434912
 20
33.261347637120174
 10
36.643073126994175
 20
33.27722505055166
 10
36.68397581827875
 20
33.350904830248126
 10
36.72454064010639
 20
33.42492224860507
 10
36.76477091254224
 20
33.49927281387599
 10
36.80466977090051
 20
33.5739522326727
 10
36.84424017948256
 20
33.648956395166415
 10
36.883484943947444
 20
33.7242813617635
 10
36.92240672248447
 20
33.799923351072565
 10
36.961008035932586
 20
33.8758787290072
 10
36.99929127697023
 20
33.952143998890755
 10
37.0372587184823
 20
34.02871579244806
 10
37.07491252119626
 20
34.10559086158507
 10
37.11225474066714
 20
34.182766070870336
 10
37.13463022564427
 20
34.22957589279994
 10
37.13842126962689
 20
34.24083913844217
 10
37.13938889473137
 20
34.25266995518699
 10
37.13747776950745
 20
34.264391684775
 10
37.13279719820548
 20
34.27533389955992
 10
37.125614869294765
 20
34.2848707509082
 10
37.092148000997994
 20
34.319694534902084
 10
37.03491147503347
 20
34.37905713498195
 10
36.97757791864341
 20
34.43832604068378
 10
36.92014749490346
 20
34.49750110210825
 10
36.88645320747777
 20
34.53210559541222
 10
36.877130461650246
 20
34.53963075423317
 10
36.86626267767724
 20
34.54476105222696
 10
36.85447140243435
 20
34.54720306139101
 10
36.84243100660779
 20
34.54681711784434
 10
36.830830118554466
 20
34.54362530890986
 10
36.782298141873355
 20
34.5238447009056
 10
36.702260492107996
 20
34.4907858699945
 10
36.62251041739066
 20
34.457403652504546
 10
36.543051020303686
 20
34.42369592251184
 10
36.46388551313911
 20
34.389660445990486
 10
36.38501722521473
 20
34.355294873616316
 10
36.3064496108724
 20
34.32059673289925
 10
36.2281862582426
 20
34.28556341956196
 10
36.15023089887143
 20
34.25019218806995
 10
36.072587418321625
 20
34.21448014120295
 10
35.9952598678777
 20
34.17842421854015
 10
35.91825247750663
 20
34.14202118370971
 10
35.841569670251914
 20
34.1052676102279
 10
35.825039392960036
 20
34.09723397300584
 10
35.803275984992744
 20
34.089823724467415
 10
35.78032291667473
 20
34.08797020387076
 10
35.75761843759857
 20
34.09178949241045
 10
35.73658526224765
 20
34.101042256944055
 10
35.7185414080402
 20
34.11514875114307
 10
35.71608487021865
 20
34.11762182152626
 10
35.666883807878676
 20
34.16701429810598
 10
35.61761299570954
 20
34.21633720252286
 10
35.56827253828627
 20
34.26559044200497
 10
35.56580201513205
 20
34.26804964291715
 10
35.55177593282575
 20
34.28604732687818
 10
35.54272626636072
 20
34.306910387882574
 10
35.53922009953687
 20
34.32933164529007
 10
35.541477116791086
 20
34.35190626024214
 10
35.54935584057365
 20
34.373219745647624
 10
35.557781858458085
 20
34.38936956117633
 10
35.59634920662512
 20
34.46429665554971
 10
35.63456825220605
 20
34.5395506144565
 10
35.67244245587552
 20
34.61512705372514
 10
35.709975087394206
 20
34.691021781623824
 10
35.747169239806254
 20
34.76723078450151
 10
35.7840278422233
 20
34.84375021385993
 10
35.820553671370625
 20
34.920576374678426
 10
35.856749362044646
 20
34.99770571484085
 10
35.89261741660995
 20
35.07513481553459
 10
35.92816021364587
 20
35.15286038251025
 10
35.96338001583772
 20
35.23087923810597
 10
35.99827897719516
 20
35.30918831395247
 10
36.01917267309438
 20
35.35667727155129
 10
36.02260792891984
 20
35.36805387152291
 10
36.02320326571171
 20
35.379909021888686
 10
36.02092464624694
 20
35.39156467422902
 10
36.015902394970155
 20
35.402354181237506
 10
36.008423743876705
 20
35.41166042865415
 10
35.973878328346565
 20
35.44541465543367
 10
35.91480348539698
 20
35.50294828496773
 10
35.855634787777475
 20
35.56038538849679
 10
35.796372402651045
 20
35.61772582193249
 10
35.761606955905485
 20
35.651254080439244
 10
35.75205224129797
 20
35.65848250778368
 10
35.74102848381768
 20
35.663268745077126
 10
35.729166150366225
 20
35.665339040891595
 10
35.717143674333386
 20
35.664574989326994
 10
35.70564865740517
 20
35.66102030164918
 10
35.657761558442104
 20
35.63972485711838
 10
35.57880117949229
 20
35.60416803801059
 10
35.500138421433164
 20
35.56829705428331
 10
35.42177645129797
 20
35.532109877825334
 10
35.34371854916679
 20
35.49560437591524
 10
35.265968115704865
 20
35.45877830425835
 10
35.18852868040403
 20
35.42162929937412
 10
35.111403910613575
 20
35.38415487025418
 10
35.034597621459625
 20
35.34635238919927
 10
34.958113786768465
 20
35.308219081728716
 10
34.881956551127345
 20
35.269752015438705
 10
34.80613024323898
 20
35.23094808766506
 10
34.730639390753076
 20
35.19180401178124
 10
34.71436954193052
 20
35.18325511904935
 10
34.69284953576574
 20
35.175164918475595
 10
34.669965901740404
 20
35.17259130892895
 10
34.647152545809064
 20
35.17569549773842
 10
34.62583901024361
 20
35.184282966420724
 10
34.60736088244999
 20
35.19781566207025
 10
34.604827865523504
 20
35.20021034041201
 10
34.55409949147091
 20
35.248032870740296
 10
34.503303721590164
 20
35.2957838036864
 10
34.45244066294737
 20
35.343463050187545
 10
34.449894123676685
 20
35.345843446681755
 10
34.435309722573244
 20
35.36339174703121
 10
34.42560929898231
 20
35.383960319123815
 10
34.42140070639077
 20
35.40626043239024
 10
34.422947635796554
 20
35.42889483352396
 10
34.430153097421446
 20
35.450445282479244
 10
34.438067750235774
 20
35.466851787980794
 10
34.47426289071256
 20
35.54295331428247
 10
34.510099654790984
 20
35.619370625936156
 10
34.545581639929
 20
35.6960994504607
 10
34.58071224671082
 20
35.77313570171757
 10
34.6154946934885
 20
35.8504754660053
 10
34.64993202956614
 20
35.928114989539495
 10
34.684027147106995
 20
36.006050667146354
 10
34.717782791918324
 20
36.0842790320235
 10
34.751201573245346
 20
36.1627967464422
 10
34.784285972688274
 20
36.241600593283074
 10
34.817038352340354
 20
36.32068746831239
 10
34.84946096223187
 20
36.40005437311761
 10
34.86885307170318
 20
36.44817636181657
 10
34.871929393213726
 20
36.45965531509628
 10
34.87215219836373
 20
36.47152341897891
 10
34.86950875793559
 20
36.48310188588202
 10
34.864150263593594
 20
36.49372848432121
 10
34.856383179898714
 20
36.50279541799472
 10
34.820795375936726
 20
36.535448708814656
 10
34.75994403135377
 20
36.59109990232082
 10
34.699002084211074
 20
36.646651850631756
 10
34.63796970550749
 20
36.702104415535075
 10
34.60216944112785
 20
36.734525319494495
 10
34.5923926858137
 20
36.74145036656528
 10
34.58122430374373
 20
36.74588827699249
 10
34.56930303292468
 20
36.74758521990631
 10
34.55731067637499
 20
36.74644414107023
 10
34.54593311148391
 20
36.74253031373669
 10
34.49873894372091
 20
36.71974182531782
 10
34.42093505872976
 20
36.68172338115366
 10
34.34343853050974
 20
36.643400292898
 10
34.2662525872686
 20
36.6047706319555
 10
34.189380573479674
 20
36.56583236870735
 10
34.112825957634534
 20
36.526583365787815
 10
34.036592340718734
 20
36.48702137073352
 10
33.96068346549958
 20
36.44714400792854
 10
33.88510322672763
 20
36.40694876975665
 10
33.80985568237065
 20
36.36643300685789
 10
33.734945066017566
 20
36.32559391737027
 10
33.66037580061271
 20
36.28442853501704
 10
33.58615251370935
 20
36.24293371587595
 10
33.57015938600592
 20
36.233878244949466
 10
33.54890442623231
 20
36.22511649135679
 10
33.5261134192875
 20
36.2218259553357
 10
33.503214473784865
 20
36.22421277278206
 10
33.48164249997089
 20
36.23212738258479
 10
33.462749280944976
 20
36.24507389921923
 10
33.46014243009123
 20
36.24738797220696
 10
33.40793970833355
 20
36.29359636659797
 10
33.355671998487104
 20
36.33973122132399
 10
33.30333940994963
 20
36.38579245106678
 10
33.30071951113279
 20
36.38809184579293
 10
33.28559211699485
 20
36.405174433301106
 10
33.275251382593865
 20
36.425429146171545
 10
33.27034527662105
 20
36.447586916986154
 10
33.27118118922545
 20
36.470259405648896
 10
33.277706677225886
 20
36.492025978359024
 10
33.285102386441324
 20
36.50867323185504
 10
33.3188906882758
 20
36.58587525834303
 10
33.35231090744062
 20
36.66338169826928
 10
33.385366774237305
 20
36.7411883948108
 10
33.418061816341876
 20
36.81929137121896
 10
33.45039937387516
 20
36.89768681737999
 10
33.482382612973005
 20
36.97637107771466
 10
33.514014538042325
 20
37.055340640250854
 10
33.54529800286148
 20
37.134592126727576
 10
33.576235720661074
 20
37.21412228360903
 10
33.606830273302066
 20
37.29392797390409
 10
33.63708411965189
 20
37.374006169701744
 10
33.66699960324642
 20
37.45435394534344
 10
33.68487173414812
 20
37.50306231112771
 10
33.687586306723084
 20
37.51463253792881
 10
33.68743667267635
 20
37.52650223366845
 10
33.68443140535718
 20
37.537992521530064
 10
33.67874239231182
 20
37.54844621477093
 10
33.67069500325081
 20
37.557265406953185
 10
33.63410180707451
 20
37.58878765569763
 10
33.571537201525
 20
37.64250512199995
 10
33.50888531707164
 20
37.69612073747809
 10
33.44614632830127
 20
37.74963436984698
 10
33.40934841456772
 20
37.78091807518932
 10
33.39935971785697
 20
37.787533437419405
 10
33.38805815774709
 20
37.79161914072922
 10
33.37609008884747
 20
37.792941496733725
 10
33.36413998968442
 20
37.79142487336345
 10
33.35289131927261
 20
37.78715602092194
 10
33.30643737687746
 20
37.762897824987704
 10
33.2298679440015
 20
37.72245666305416
 10
33.15361528535953
 20
37.68172066525062
 10
33.07768268702624
 20
37.640688004089526
 10
33.0020735544397
 20
37.59935675473725
 10
32.926791420360395
 20
37.55772488853647
 10
32.85183995357249
 20
37.51579026592394
 10
32.7772229684188
 20
37.47355062866994
 10
32.70294443527375
 20
37.43100359135374
 10
32.62900849207636
 20
37.38814663197629
 10
32.55541945706428
 20
37.34497708159487
 10
32.48218184287377
 20
37.30149211284566
 10
32.409300372199006
 20
37.25768872719644
 10
32.39359996189911
 20
37.248135876101195
 10
32.37263139113651
 20
37.23871166727225
 10
32.349956051663156
 20
37.23470812905864
 10
32.32699481054001
 20
37.236376080573926
 10
32.30518648571808
 20
37.24361101204056
 10
32.28589767133028
 20
37.255959632620325
 10
32.28321968979196
 20
37.25819097954506
 10
32.22959674273751
 20
37.30274290174742
 10
32.1759112655539
 20
37.34721942563417
 10
32.12216336981404
 20
37.391620469658434
 10
32.11947282544466
 20
37.393836758074556
 10
32.10381820229909
 20
37.41043784686223
 10
32.092848143524144
 20
37.43035971848138
 10
32.08725004474983
 20
37.452354157430136
 10
32.08737464981675
 20
37.475043051434675
 10
32.093214081018914
 20
37.497004731166975
 10
32.10008375518757
 20
37.51387657436271
 10
32.13143284500933
 20
37.59210418295119
 10
32.1624045211649
 20
37.67062455277811
 10
32.193002642753726
 20
37.74943364649675
 10
32.22323086071009
 20
37.8285276004028
 10
32.25309263328671
 20
37.907902711473106
 10
32.28259123999694
 20
37.98755542569592
 10
32.31172979420648
 20
38.0674823275326
 10
32.34051125453812
 20
38.1476801303737
 10
32.36893843522872
 20
38.228145667873136
 10
32.39701401555864
 20
38.30887588605888
 10
32.42474054845745
 20
38.38986783613411
 10
32.45212046837564
 20
38.47111866789291
 10
32.4684556449483
 20
38.52036624598721
 10
32.47080598621866
 20
38.53201659651682
 10
32.47028433820442
 20
38.543876549057245
 10
32.46692055233881
 20
38.5552677859501
 10
32.46090702272311
 20
38.56553878714462
 10
32.452587680899676
 20
38.57410209597081
 10
32.415026872330714
 20
38.60446448056088
 10
32.35081357996675
 20
38.656199122040015
 10
32.28651639917267
 20
38.707829421492114
 10
32.22213550788022
 20
38.759355252597445
 10
32.18437788600507
 20
38.78947320177274
 10
32.17418750431381
 20
38.79577292046842
 10
32.162764295132476
 20
38.79950292184391
 10
32.15076157045767
 20
38.80044985989624
 10
32.13886579003791
 20
38.7985595721954
 10
32.12775730482634
 20
38.79394017844154
 10
32.08209006942552
 20
38.76823712487657
 10
32.00683169419172
 20
38.72541464642793
 10
31.931899184233068
 20
38.68230741697743
 10
31.857295880156666
 20
38.63891371162689
 10
31.783025244907833
 20
38.59523171189622
 10
31.70909087192717
 20
38.55125949949709
 10
31.63549649406849
 20
38.50699504952579
 10
31.562245993371018
 20
38.46243622300385
 10
31.489343411793136
 20
38.41758075868453
 10
31.416792963032364
 20
38.372426264029706
 10
31.344599045576434
 20
38.32697020524716
 10
31.272766257154277
 20
38.281209896258474
 10
31.2012994107852
 20
38.23514248644665
 10
31.185907400080456
 20
38.225101962629324
 10
31.165246234558914
 20
38.215025082288925
 10
31.142709422761737
 20
38.21031321828524
 10
31.119709157223706
 20
38.211261580420825
 10
31.09768670472314
 20
38.2178107558299
 10
31.078022077235516
 20
38.229550429128224
 10
31.075275722440963
 20
38.231697022564475
 10
31.020287753316598
 20
38.274552003225345
 10
30.965239758794105
 20
38.317329811059786
 10
30.910131852468414
 20
38.36003036831076
 10
30.9073734300916
 20
38.36216153933081
 10
30.891207756908383
 20
38.378265893130944
 10
30.879619882197474
 20
38.3978363397182
 10
30.873335907613487
 20
38.419646679338165
 10
30.87274954791334
 20
38.44233032829144
 10
30.87789747008653
 20
38.46446593802199
 10
30.884234509881818
 20
38.481546009849986
 10
30.913114294672674
 20
38.560723358760114
 10
30.941607717327745
 20
38.64018154896925
 10
30.969718761599694
 20
38.71991666627425
 10
30.997451197752966
 20
38.79992496352602
 10
31.02480859844449
 20
38.88020284815822
 10
31.051794353023244
 20
38.960746870958886
 10
31.078411680444926
 20
39.04155371593026
 10
31.104663640968973
 20
39.12262019110612
 10
31.130553146781015
 20
39.203943220213326
 10
31.15608297166397
 20
39.285519835081075
 10
31.18125575982429
 20
39.36734716871434
 10
31.20607403396535
 20
39.44942244895856
 10
31.220856707343884
 20
39.49916160235613
 10
31.222840667794724
 20
39.510880865449444
 10
31.221947760808494
 20
39.52271977420042
 10
31.218229072548933
 20
39.53400121651423
 10
31.211897296727017
 20
39.54407995363163
 10
31.203314568043325
 20
39.552379526263366
 10
31.16482465770304
 20
39.58155451719906
 10
31.099028496067948
 20
39.631259444159944
 10
31.033151898666624
 20
39.68085765293511
 10
30.96719504653829
 20
39.73034902319582
 10
30.928516378051807
 20
39.75927395317491
 10
30.918134711061352
 20
39.76525241643348
 10
30.90660144931849
 20
39.76862360527059
 10
30.894576199127933
 20
39.76919469400306
 10
30.882746707869977
 20
39.766933014470666
 10
30.87178953396185
 20
39.76196792569347
 10
30.826954622894796
 20
39.73484634558807
 10
30.753082473005332
 20
39.68968639224105
 10
30.679544945454268
 20
39.64425203821171
 10
30.606345432023975
 20
39.59854166256407
 10
30.533487449684827
 20
39.55255355462677
 10
30.460974648942027
 20
39.50628590802379
 10
30.38881082296097
 20
39.45973681414813
 10
30.316999917566708
 20
39.412904255010375
 10
30.24554604222739
 20
39.36578609538335
 10
30.17445348214931
 20
39.318380074151484
 10
30.103726711631506
 20
39.270683794759215
 10
30.03337040885299
 20
39.222694714634244
 10
29.963389472295383
 20
39.174410133440915
 10
29.948321212075005
 20
39.16389214180263
 10
29.927988117901087
 20
39.15317304581286
 10
29.905612486744833
 20
39.14775827365283
 10
29.88259641657881
 20
39.14798708678291
 10
29.860382167327316
 20
39.15384516689919
 10
29.840361768877568
 20
39.16496550850405
 10
29.837549848645413
 20
39.16702541478556
 10
29.781253065602474
 20
39.20814486083861
 10
29.724898805297983
 20
39.24918544402416
 10
29.668487183199776
 20
39.2901470903859
 10
29.66566370012642
 20
39.29219122682511
 10
29.649003547995694
 20
39.30778416398368
 10
29.636809870011824
 20
39.326985008906476
 10
29.629846721403077
 20
39.3485907159318
 10
29.628550368475427
 20
39.37124751606516
 10
29.633001962766855
 20
39.393535734967486
 10
29.638800265779533
 20
39.41080748514517
 10
29.66518295452664
 20
39.49085787159511
 10
29.691170721975233
 20
39.57117692428959
 10
29.716767672295056
 20
39.651760855684266
 10
29.741977691064783
 20
39.73260603855177
 10
29.766804461533493
 20
39.81370899401149
 10
29.79125147926298
 20
39.89506638075229
 10
29.815322065351978
 20
39.97667498529992
 10
29.839019378413536
 20
40.05853171320331
 10
29.862346425451964
 20
40.14063358103134
 10
29.885306071765687
 20
40.22297770908726
 10
29.90790104998487
 20
40.30556131476046
 10
29.93013396833827
 20
40.38838170644602
 10
29.943350026456088
 20
40.43856436431416
 10
29.944965789935626
 20
40.45034127595574
 10
29.943702705722867
 20
40.46214788237931
 10
29.93963303266233
 20
40.47330892103693
 10
29.932989539876104
 20
40.48318604135311
 10
29.924152191729
 20
40.4912143164829
 10
29.88477236944911
 20
40.519175682677485
 10
29.817460311472697
 20
40.56680622310567
 10
29.75007132807407
 20
40.61432778462015
 10
29.682605603169034
 20
40.661740252897175
 10
29.64304521855796
 20
40.68944620049622
 10
29.632482795715028
 20
40.69509814343886
 10
29.620851130970763
 20
40.6981077914242
 10
29.608815458822754
 20
40.698302995176896
 10
29.597064122224207
 20
40.69567258282212
 10
29.586269208593183
 20
40.690367000532994
 10
29.542311324756525
 20
40.66185467188637
 10
29.46989904751898
 20
40.61440346874393
 10
29.39782980859219
 20
40.566688469369026
 10
29.326107047557983
 20
40.51870815805359
 10
29.254734331909145
 20
40.47046093327887
 10
29.18371536557748
 20
40.42194510200852
 10
29.11305399825728
 20
40.37315887344885
 10
29.042754235621974
 20
40.32410035221165
 10
28.97282025054615
 20
40.27476753080384
 10
28.90325639546318
 20
40.22515828135688
 10
28.83406721600996
 20
40.17527034649478
 10
28.765257466135296
 20
40.12510132922202
 10
28.6968321248793
 20
40.07464868169285
 10
28.68210261807198
 20
40.06366391197667
 10
28.66211788823539
 20
40.05231371359809
 10
28.639925857198577
 20
40.046202180116005
 10
28.616917122923645
 20
40.045712239864734
 10
28.59453348774685
 20
40.05087461935865
 10
28.574177594538476
 20
40.06136591137237
 10
28.571302963380866
 20
40.06333729087629
 10
28.51375450558239
 20
40.10268449110265
 10
28.45615115879407
 20
40.1419512230546
 10
28.398493040212077
 20
40.18113741658027
 10
28.395607359833924
 20
40.1830926954105
 10
28.37846966973392
 20
40.198160092707155
 10
28.365682688012836
 20
40.21697357438462
 10
28.358047640569932
 20
40.23835436124329
 10
28.3560428900093
 20
40.260962769786765
 10
28.359793973192026
 20
40.28338214958543
 10
28.365047938495376
 20
40.30082885219671
 10
28.388908062790044
 20
40.38167477517946
 10
28.412365102249737
 20
40.46277694691854
 10
28.435423277140526
 20
40.5441317098914
 10
28.45808658425835
 20
40.62573556001409
 10
28.480358813554474
 20
40.70758513518259
 10
28.502243563105797
 20
40.78967720495624
 10
28.523744252635026
 20
40.87200866124133
 10
28.544864135756196
 20
40.95457650985406
 10
28.565606311095042
 20
41.037377862859685
 10
28.585973732413496
 20
41.12040993159844
 10
28.605969217849474
 20
41.203670020321546
 10
28.62559545836869
 20
41.28715552037106
 10
28.637232235301575
 20
41.337733216372705
 10
28.638478319452982
 20
41.349556468119346
 10
28.636846463521156
 20
41.361319563063354
 10
28.63243001845779
 20
41.37234972934511
 10
28.625481587702204
 20
41.38201610342345
 10
28.616398577491513
 20
41.389765813182976
 10
28.576168662130595
 20
41.4164886252666
 10
28.50740875053796
 20
41.46200233027619
 10
28.438575477170883
 20
41.50740491124615
 10
28.369669028598302
 20
41.552696259861115
 10
28.32926687738447
 20
41.57915856456943
 10
28.318534344788898
 20
41.584479068934556
 10
28.306815965594073
 20
41.58712482746694
 10
28.294781934141604
 20
41.58694450168469
 10
28.283120499241186
 20
41.583948395662894
 10
28.272498605632162
 20
41.578307868835566
 10
28.229461489015193
 20
41.54843398037018
 10
28.158581131564755
 20
41.49874007603999
 10
28.088051880630434
 20
41.44879322263249
 10
28.01787722020279
 20
41.3985920108276
 10
27.948060764777722
 20
41.34813494949355
 10
27.87860626805716
 20
41.29742046024693
 10
27.80951763246127
 20
41.24644687150521
 10
27.740798919552045
 20
41.195212411969614
 10
27.672454361482423
 20
41.14371520346637
 10
27.60448837360421
 20
41.09195325306336
 10
27.53690556838911
 20
41.039924444365624
 10
27.469710770843022
 20
40.98762652787678
 10
27.40290903562535
 20
40.93505711029405
 10
27.388532921124646
 20
40.92361672385921
 10
27.368916453294602
 20
40.91164717812904
 10
27.346930182996847
 20
40.90484574625582
 10
27.32395181891831
 20
40.90363859372842
 10
27.301421261715888
 20
40.90810139535294
 10
27.280750359002866
 20
40.9179545848803
 10
27.277815914540838
 20
40.919835692133525
 10
27.21907378049633
 20
40.95737581917126
 10
27.160279382705152
 20
40.99483395717345
 10
27.10143283995234
 20
41.032210039789796
 10
27.09848786817095
 20
41.034074732219004
 10
27.080889929410638
 20
41.048603027596265
 10
27.067522613508622
 20
41.067011806486725
 10
27.05922350473374
 20
41.08814764211383
 10
27.056512571543173
 20
41.11068619126166
 10
27.05955959810176
 20
41.13321517247724
 10
27.064264130596964
 20
41.1508199395901
 10
27.085578564232822
 20
41.232383162795564
 10
27.106482150994758
 20
41.31418998755451
 10
27.126979222846757
 20
41.39623688957679
 10
27.147073883630416
 20
41.47852049099853
 10
27.166770026037703
 20
41.56103754944519
 10
27.186071346893907
 20
41.64378494818474
 10
27.204981360960293
 20
41.726759687235365
 10
27.22350341343523
 20
41.809958875312695
 10
27.24164069130678
 20
41.89337972251791
 10
27.259396233688538
 20
41.97701953368115
 10
27.276772941252325
 20
42.06087570228765
 10
27.293773584856346
 20
42.14494570492252
 10
27.30381986964615
 20
42.195869615499554
 10
27.304695126276254
 20
42.207727862820285
 10
27.302696224958503
 20
42.2194362936259
 10
27.297937509823925
 20
42.230325264637464
 10
27.290691160988434
 20
42.239771989843135
 10
27.28137162497898
 20
42.24723616116184
 10
27.240332015816463
 20
42.2726967924476
 10
27.170193280241975
 20
42.31605343775196
 10
27.099984795616216
 20
42.3592969294671
 10
27.029706750945742
 20
42.40242716527975
 10
26.988503353372685
 20
42.42762246978733
 10
26.977611461094895
 20
42.43260696293349
 10
26.965818081404556
 20
42.43488685993734
 10
26.95379769868043
 20
42.43433174597547
 10
26.94223778099736
 20
42.430973358683644
 10
26.931799466265566
 20
42.425003775534975
 10
26.889725847270896
 20
42.393798888729776
 10
26.820447779738156
 20
42.341913092415695
 10
26.75152853291301
 20
42.28978542537591
 10
26.682971631792498
 20
42.23741458573499
 10
26.614780734343263
 20
42.184799193874554
 10
26.546959640366197
 20
42.131937787265414
 10
26.479512301187928
 20
42.07882881481718
 10
26.41244283028078
 20
42.025470630686854
 10
26.345755514927678
 20
41.971861487477895
 10
26.279454829067657
 20
41.9179995287509
 10
26.213545447479312
 20
41.86388278075401
 10
26.148032261485604
 20
41.80950914326621
 10
26.082920396395853
 20
41.754876379427294
 10
26.0689119335984
 20
41.74299199544509
 10
26.04968320875496
 20
41.730415482726805
 10
26.02792457651805
 20
41.72293171738587
 10
26.004999484755746
 20
41.72100962829127
 10
25.98234449663131
 20
41.72476969591174
 10
25.96137925457669
 20
41.73397639243559
 10
25.958387934079386
 20
41.73576557605806
 10
25.898510912464094
 20
41.771465685158546
 10
25.838584286269853
 20
41.80708236898085
 10
25.778608175736583
 20
41.842615564967545
 10
25.775606857517662
 20
41.84438803635831
 10
25.75756628692858
 20
41.858364230655496
 10
25.743632060136346
 20
41.876351395414595
 10
25.734677279096292
 20
41.89722251545364
 10
25.73126299314715
 20
41.919669825973195
 10
25.733603057221618
 20
41.94228675408767
 10
25.737753571772334
 20
41.96003254942113
 10
25.75650154938478
 20
42.04223416436734
 10
25.774831325018738
 20
42.12466651668876
 10
25.792747337866512
 20
42.20732621838611
 10
25.810253794575534
 20
42.29021002074775
 10
25.827354686551313
 20
42.373314803943806
 10
25.844053805537808
 20
42.45663756765763
 10
25.860354757688494
 20
42.54017542262536
 10
25.876260976310753
 20
42.62392558297448
 10
25.891775733439147
 20
42.707885359266925
 10
25.90690215037228
 20
42.79205215216611
 10
25.92164320728889
 20
42.876423446658066
 10
25.93600175204365
 20
42.96099680676627
 10
25.94444779703399
 20
43.0122177894351
 10
25.944951412430832
 20
43.024099659986284
 10
25.942587510021422
 20
43.035742337398005
 10
25.937491309999693
 20
43.046479941219765
 10
25.929954295308598
 20
43.055698344813074
 10
25.92040753788225
 20
43.06287030027729
 10
25.878599167740866
 20
43.08704642559809
 10
25.807151544803908
 20
43.12820800935976
 10
25.735637830545954
 20
43.16925452535529
 10
25.664058216204428
 20
43.21018587725837
 10
25.622094616678925
 20
43.2340921258938
 10
25.611054206543894
 20
43.23873637926506
 10
25.59919755264006
 20
43.24064881544741
 10
25.58720275886499
 20
43.23972003483388
 10
25.575755829845153
 20
43.23600314450622
 10
25.565511440756776
 20
43.229710723849244
 10
25.52444299539125
 20
43.19720673330692
 10
25.456835837155506
 20
43.14318204916163
 10
25.38959485397828
 20
43.088926792265354
 10
25.3227236084524
 20
43.034439769142246
 10
25.256225798473125
 20
42.979719712708246
 10
25.190105266257916
 20
42.92476527737948
 10
25.124366008207588
 20
42.86957503372389
 10
25.059012185711985
 20
42.81414746260095
 10
24.99404813701932
 20
42.75848094872406
 10
24.9294783903063
 20
42.70257377357182
 10
24.865307678110014
 20
42.64642410756046
 10
24.80154095330768
 20
42.590030001376704
 10
24.738183406863946
 20
42.533389376351415
 10
24.72455646084729
 20
42.52107305745974
 10
24.705734522788603
 20
42.507902566221716
 10
24.684225099184534
 20
42.49974471930234
 10
24.661376024738072
 20
42.49711069206008
 10
24.638619099150883
 20
42.50016558263974
 10
24.61738034962769
 20
42.50871805438941
 10
24.614335126685774
 20
42.510413756890294
 10
24.55338272984963
 20
42.54424278174047
 10
24.49238341860507
 20
42.57798702933709
 10
24.43133731451859
 20
42.61164644090163
 10
24.42828263058209
 20
42.613325150544725
 10
24.40981735252285
 20
42.62673680833928
 10
24.39533007620188
 20
42.64428588124119
 10
24.3857285531739
 20
42.66487279771015
 10
24.38161435480352
 20
42.687207592250196
 10
24.383245192007585
 20
42.709890733824246
 10
24.38683761736976
 20
42.727760386479865
 10
24.403000752146625
 20
42.81052087592387
 10
24.418738741791795
 20
42.89349903433301
 10
24.434056128191518
 20
42.97669161290608
 10
24.448957216496954
 20
43.06009549487176
 10
24.463446092740224
 20
43.14370768562299
 10
24.477526639696563
 20
43.22752530383453
 10
24.491202551209923
 20
43.31154557344182
 10
24.50447734516768
 20
43.39576581637723
 10
24.517354375283333
 20
43.48018344597434
 10
24.52983684182371
 20
43.56479596096382
 10
24.541927801398902
 20
43.64960093999466
 10
24.55363017591705
 20
43.734596036623465
 10
24.56046770462459
 20
43.786064668338284
 10
24.56059919983287
 20
43.79795877019246
 10
24.557872655810858
 20
43.80952467510149
 10
24.552444033670866
 20
43.820100895660175
 10
24.544623829450128
 20
43.829082537517316
 10
24.534859312778927
 20
43.83595589578333
 10
24.492323603004383
 20
43.85882648842028
 10
24.419637859564737
 20
43.89775722585831
 10
24.346889723643784
 20
43.9365710963644
 10
24.274079388512025
 20
43.97526800957645
 10
24.231397110925208
 20
43.997864444878424
 10
24.220219104794328
 20
44.0021645719879
 10
24.20831090274922
 20
44.00370831659348
 10
24.19635355769209
 20
44.00240736479772
 10
24.18503093268651
 20
43.998336107644235
 10
24.174990593201066
 20
43.99172738984678
 10
24.134967900213432
 20
43.957957482115056
 10
24.069098449366653
 20
43.90184904105172
 10
24.003602162672017
 20
43.84552153321508
 10
23.938482636902023
 20
43.78897387438426
 10
23.873743606331626
 20
43.732204910926846
 10
23.80938895190433
 20
43.67521341518745
 10
23.74542271125323
 20
43.61799808044606
 10
23.68184908968196
 20
43.560557515393526
 10
23.618672472226393
 20
43.50289023806319
 10
23.55589743693694
 20
43.4449946691483
 10
23.49352876954434
 20
43.386869124623374
 10
23.431571479698714
 20
43.328511807573705
 10
23.37003081900475
 20
43.26992079912114
 10
23.356798846368836
 20
43.25718503657636
 10
23.338402282130176
 20
43.24343414545986
 10
23.317163308562787
 20
43.23461113994968
 10
23.29441281546708
 20
43.23126888287917
 10
23.271576424462875
 20
43.2336168575281
 10
23.25008513885516
 20
43.241508026951514
 10
23.246989020197027
 20
43.24310878439539
 10
23.18502142053428
 20
43.27503753034228
 10
23.123009624846592
 20
43.3068802309676
 10
23.06095375590493
 20
43.33863683125322
 10
23.057848719558997
 20
43.34022033201332
 10
23.038976946785226
 20
43.35305558167766
 10
23.02395090537255
 20
43.37015052339709
 10
23.013712101919076
 20
43.39043403389999
 10
23.00890203769084
 20
43.412635150057355
 10
23.009822026815772
 20
43.435362708833324
 10
23.012852809366397
 20
43.45333892710689
 10
23.026415109846774
 20
43.53657822881079
 10
23.039545738606055
 20
43.62002193957241
 10
23.05224933563118
 20
43.703666952545305
 10
23.064530300218493
 20
43.787510285543675
 10
23.07639280888547
 20
43.871549071725134
 10
23.087840831498955
 20
43.95578055120216
 10
23.09887814584107
 20
44.04020206346685
 10
23.109508350801622
 20
44.12481104053107
 10
23.11973487835828
 20
44.2096050006976
 10
23.129561004483747
 20
44.29458154288985
 10
23.138989859099734
 20
44.379738341477896
 10
23.1480244351819
 20
44.46507314154642
 10
23.1532466497176
 20
44.51673975718809
 10
23.153005880778665
 20
44.52863468703677
 10
23.149919367132235
 20
44.540112877089754
 10
23.144163657791285
 20
44.55051785879535
 10
23.13606795658396
 20
44.559254533807355
 10
23.12609529074938
 20
44.56582320962426
 10
23.082874108152453
 20
44.58736853655847
 10
23.009021767923386
 20
44.62403485170913
 10
22.935110771442893
 20
44.66058261527481
 10
22.861141313826305
 20
44.69701174282838
 10
22.81778231885472
 20
44.718278900483924
 10
22.806477707430915
 20
44.72223135447417
 10
22.7945296711361
 20
44.72340554059569
 10
22.78262154205059
 20
44.72173428035625
 10
22.77143436884773
 20
44.71731314228924
 10
22.761607969900158
 20
44.7103949798727
 10
22.72267046993185
 20
44.67539359084528
 10
22.658603636062445
 20
44.61725858001409
 10
22.594916585163773
 20
44.55891620473948
 10
22.53161294476883
 20
44.50036549081369
 10
22.468696481979272
 20
44.44160539887167
 10
22.406171112768895
 20
44.38263482006403
 10
22.344040912154593
 20
44.32345257132606
 10
22.28231012534195
 20
44.26405739019383
 10
22.220983179967607
 20
44.2044479291099
 10
22.160064699580534
 20
44.14462274915266
 10
22.09955951852759
 20
44.08458031311264
 10
22.039472698435812
 20
44.02431897782571
 10
21.979809546517984
 20
43.963836985658325
 10
21.966985581911494
 20
43.95069468402466
 10
21.949032503127157
 20
43.93637754326429
 10
21.928084870485716
 20
43.92689895662602
 10
21.905455319100955
 20
43.922852874319766
 10
21.882561890668445
 20
43.92449288851964
 10
21.860839158718374
 20
43.931716326975256
 10
21.857695181175984
 20
43.93322076853524
 10
21.79477315049049
 20
43.9632219035628
 10
21.73180966772395
 20
43.99313580865562
 10
21.668804856735846
 20
44.02296243253376
 10
21.665652510861314
 20
44.02444937038465
 10
21.646392726301922
 20
44.036696903470954
 10
21.630842613018135
 20
44.0533221173273
 10
21.619976512517358
 20
44.07328331389567
 10
21.6144752311603
 20
44.09532971710152
 10
21.61468339577073
 20
44.11807985012684
 10
21.617149503035854
 20
44.136145235417025
 10
21.628097389000647
 20
44.21978280634835
 10
21.638607497442383
 20
44.30361134764573
 10
21.648684561802302
 20
44.387627897025205
 10
21.658333071112317
 20
44.471829609389935
 10
21.667557288184913
 20
44.55621374806917
 10
21.67636126599152
 20
44.640777676930625
 10
21.684748862454573
 20
44.725518853257604
 10
21.69272375384453
 20
44.81043482129875
 10
21.70028944694588
 20
44.895523206411234
 10
21.7074492901335
 20
44.98078170972918
 10
21.714206483480936
 20
45.06620810329873
 10
21.72056408800652
 20
45.15180022562873
 10
21.72416567605194
 20
45.203614956679985
 10
21.723552834211688
 20
45.2154993080311
 10
21.720109332871672
 20
45.226878924137935
 10
21.714032138203233
 20
45.23710297632981
 10
21.705668841249967
 20
45.24558671653234
 10
21.69549777482747
 20
45.25184492043263
 10
21.65163339066877
 20
45.272046536160005
 10
21.57668666432313
 20
45.306417051200846
 10
21.501685051811396
 20
45.34066744390281
 10
21.42662874991512
 20
45.374797635739114
 10
21.382635394377655
 20
45.39471733813001
 10
21.371215226552952
 20
45.398318908970126
 10
21.35923904633428
 20
45.3991230284727
 10
21.34739179649097
 20
45.39708368273804
 10
21.336351044420127
 20
45.39231749073273
 10
21.326748234216996
 20
45.385097038646606
 10
21.28893419102269
 20
45.3488998096731
 10
21.226732931411952
 20
45.28879739981535
 10
21.16491769868459
 20
45.2284995125298
 10
21.103492147714277
 20
45.168005284284526
 10
21.042460074874768
 20
45.10731379069846
 10
20.981825427471428
 20
45.0464240425021
 10
20.92159231405267
 20
44.985334981121305
 10
20.8617650157091
 20
44.924045473838156
 10
20.802347998484663
 20
44.862554308475545
 10
20.743345927043855
 20
44.80086018754363
 10
20.684763679762604
 20
44.738961721776874
 10
20.62660636543786
 20
44.67685742297726
 10
20.56887934184558
 20
44.614545696066024
 10
20.556475985194798
 20
44.60101015748391
 10
20.538984010428567
 20
44.58614146974511
 10
20.5183482388444
 20
44.576017516625015
 10
20.495861764314736
 20
44.57127269561091
 10
20.472933660902726
 20
44.57220438873113
 10
20.45100067063733
 20
44.57875431051867
 10
20.44781189826656
 20
44.580161157934896
 10
20.38399675023072
 20
44.60820920175352
 10
20.32014291710618
 20
44.63616891395041
 10
20.25625052373142
 20
44.66404024695847
 10
20.253053937921432
 20
44.665429360425954
 10
20.233424877389897
 20
44.67707843049455
 10
20.217365780674
 20
44.69321876626242
 10
20.205882879323124
 20
44.71283904391268
 10
20.19969562786029
 20
44.734709840201894
 10
20.19919163778303
 20
44.757460674008684
 10
20.2010905617631
 20
44.775597734839344
 10
20.209412879206916
 20
44.85955261588575
 10
20.217291737964057
 20
44.943684862504426
 10
20.224731960235815
 20
45.02799165943413
 10
20.231738120334214
 20
45.11247030103012
 10
20.23831456313209
 20
45.19711818306676
 10
20.244465420675883
 20
45.28193279535723
 10
20.250194627189313
 20
45.366911715089024
 10
20.255505932661936
 20
45.4520526007887
 10
20.260402915189236
 20
45.53735318684199
 10
20.26488899220721
 20
45.62281127850526
 10
20.268967430745302
 20
45.70842474735385
 10
20.27264135680451
 20
45.79419152711901
 10
20.274618498138025
 20
45.84610434058763
 10
20.27363411002384
 20
45.8579667119785
 10
20.26983691041083
 20
45.86923698475346
 10
20.263444094303896
 20
45.87927058600125
 10
20.254821304399
 20
45.88749366248894
 10
20.244461715520604
 20
45.893435900206185
 10
20.19999676659283
 20
45.91227663936071
 10
20.12402848545391
 20
45.94432216191733
 10
20.048009118742804
 20
45.97624610457345
 10
19.97193886473858
 20
46.008048394663824
 10
19.92735386305895
 20
46.02660374326692
 10
19.9158292358177
 20
46.029851554648445
 10
19.903836567649613
 20
46.030285452768
 10
19.892061745477218
 20
46.02788059730579
 10
19.881178195096226
 20
46.022774510442325
 10
19.871808369937632
 20
46.015259216051305
 10
19.835154833721614
 20
45.9779029488888
 10
19.774880093028088
 20
45.91589421978642
 10
19.714997243968057
 20
45.85370207328833
 10
19.65550996533737
 20
45.791325757108105
 10
19.596422079227576
 20
45.72876446246808
 10
19.53773756057656
 20
45.66601732035129
 10
19.479460547610277
 20
45.60308339740352
 10
19.421595353284687
 20
45.53996169144304
 10
19.364146477853772
 20
45.47665112652837
 10
19.307118622709453
 20
45.41315054752671
 10
19.250516705663166
 20
45.349458714116906
 10
19.19434587786672
 20
45.28557429414869
 10
19.138611542604806
 20
45.2214958562675
 10
19.126640947060007
 20
45.207580764343355
 10
19.109627185124232
 20
45.19217576504335
 10
19.089323404853097
 20
45.18141727940109
 10
19.067001896757247
 20
45.17597947320073
 10
19.04406139497573
 20
45.17620315742391
 10
19.021939413734962
 20
45.182074413275075
 10
19.018708935093404
 20
45.18338248023685
 10
18.95406247085964
 20
45.20945379185229
 10
18.889380109208524
 20
45.23543575249674
 10
18.824661975854426
 20
45.261328318288435
 10
18.82142424371201
 20
45.26261843781931
 10
18.801444879568777
 20
45.27365885882768
 10
18.784892270251618
 20
45.2892996162198
 10
18.772803568549577
 20
45.30856068131424
 10
18.765936188616486
 20
45.33023513004111
 10
18.76472036131854
 20
45.352964776918164
 10
18.76605012160533
 20
45.37115594309159
 10
18.771738156765252
 20
45.455346824370636
 10
18.776977480207538
 20
45.539701312969186
 10
18.78177299815652
 20
45.6242167429632
 10
18.78612936570757
 20
45.7088905503847
 10
18.79005100551966
 20
45.79372026559463
 10
18.793542124646404
 20
45.87870350641616
 10
18.796606729736787
 20
45.963837971934
 10
18.799248640802222
 20
46.04912143687906
 10
18.801471503718687
 20
46.13455174653009
 10
18.803278801608784
 20
46.220126812072294
 10
18.804673865229198
 20
46.305844606362584
 10
18.805659882471996
 20
46.39170316005629
 10
18.806010255030728
 20
46.44366389770761
 10
18.804655182794733
 20
46.45549290095505
 10
18.800507879479664
 20
46.46664315712544
 10
18.793805563152244
 20
46.47647695943041
 10
18.78493157787986
 20
46.484431884110464
 10
18.774393465781113
 20
46.49005295578396
 10
18.729370917617263
 20
46.507516924817985
 10
18.65245447098113
 20
46.537210433677714
 10
18.575490766717664
 20
46.5667810174897
 10
18.498480004444495
 20
46.59622860940816
 10
18.453346392242945
 20
46.61340397629878
 10
18.441728441126845
 20
46.61629548229217
 10
18.429730896453737
 20
46.61635935196921
 10
18.418039925297983
 20
46.61359190769995
 10
18.40732415867348
 20
46.60815140793476
 10
18.398196454309062
 20
46.6003490007554
 10
18.362739227212167
 20
46.561871611496784
 10
18.30444988070177
 20
46.49801947573881
 10
18.246557907516966
 20
46.43399614397332
 10
18.189067006960354
 20
46.3698009756378
 10
18.131981023289246
 20
46.30543327808253
 10
18.07530395537633
 20
46.24089230311652
 10
18.01903996727164
 20
46.17617724323128
 10
17.963193399776383
 20
46.11128722746305
 10
17.907768783155735
 20
46.04622131684774
 10
17.85277085113821
 20
45.980978499415826
 10
17.798204556373342
 20
45.91555768466611
 10
17.74407508754756
 20
45.84995769744639
 10
17.69038788839327
 20
45.784177271157375
 10
17.67886174900381
 20
45.76989667451801
 10
17.662342783281552
 20
45.75397111169747
 10
17.642390716725977
 20
45.742589528447546
 10
17.620255799933513
 20
45.73646514213873
 10
17.597325071449912
 20
45.735981790914494
 10
17.57503542802396
 20
45.74116986106625
 10
17.571766353607412
 20
45.742378052536004
 10
17.506350810592455
 20
45.766450816666676
 10
17.440902176283423
 20
45.79043329218334
 10
17.375420577173806
 20
45.814325438860436
 10
17.37214481376808
 20
45.815515486135936
 10
17.35183433953745
 20
45.825937630506644
 10
17.3348040587537
 20
45.841064562434745
 10
17.32212105345979
 20
45.859948440933735
 10
17.314579977806517
 20
45.88140596749799
 10
17.31265327965272
 20
45.904092541890506
 10
17.313412426329766
 20
45.92232017878788
 10
17.316459918732573
 20
46.006665465630505
 10
17.319053877673223
 20
46.091160460679056
 10
17.321199288623806
 20
46.17580264951744
 10
17.322900882929602
 20
46.26058961194239
 10
17.324163156725994
 20
46.34551901491281
 10
17.324990387971702
 20
46.430588606202406
 10
17.32538665183196
 20
46.51579620866767
 10
17.3253558346108
 20
46.60113971505731
 10
17.32490164640312
 20
46.686617083299396
 10
17.324027632613447
 20
46.772226332211034
 10
17.322737184467922
 20
46.85796553758384
 10
17.32103354862952
 20
46.94383282860385
 10
17.3197563340819
 20
46.99579124656304
 10
17.318031775505613
 20
47.00757551507132
 10
17.313538265979716
 20
47.01859518388822
 10
17.30653282354337
 20
47.02822001683066
 10
17.29741612889199
 20
47.03589954406978
 10
17.28670960594327
 20
47.041194543296434
 10
17.241172718152825
 20
47.05726711146652
 10
17.163381994243643
 20
47.08458374112401
 10
17.085547865033245
 20
47.111776212173545
 10
17.007670531328554
 20
47.13884446354507
 10
16.962031631139915
 20
47.15462548225176
 10
16.95033152127486
 20
47.15715846378598
 10
16.93834065744087
 20
47.156852839795164
 10
16.926744825943437
 20
47.153726064906465
 10
16.916207217528072
 20
47.14795694762116
 10
16.907330501052105
 20
47.13987542884562
 10
16.87310410481352
 20
47.100315900960695
 10
16.816856905174483
 20
47.0346850262506
 10
16.761012173947364
 20
46.96889532663524
 10
16.705573627530615
 20
46.90294627366566
 10
16.65054512879909
 20
46.83683729125145
 10
16.595930696865565
 20
46.77056775250402
 10
16.54173451775297
 20
46.70413697628493
 10
16.48796095608903
 20
46.63754422342397
 10
16.43461456795169
 20
46.570788692565
 10
16.381700115014755
 20
46.50386951559128
 10
16.32922258016684
 20
46.436785752574615
 10
16.277187184805996
 20
46.36953638618229
 10
16.22559940804723
 20
46.30212031546564
 10
16.214528951173257
 20
46.287488611020834
 10
16.19852082495234
 20
46.271058724833836
 10
16.178939769829707
 20
46.259066061089655
 10
16.157012786565407
 20
46.25226213548106
 10
16.13411388019498
 20
46.25107337162675
 10
16.1116779480669
 20
46.25557435859858
 10
16.10837340790343
 20
46.256681670096455
 10
16.04225141172579
 20
46.27873588280629
 10
15.976099146742806
 20
46.30069895030719
 10
15.909916740136586
 20
46.322570835999855
 10
15.906606079616529
 20
46.32365982321188
 10
15.88598389554879
 20
46.333454619696084
 10
15.86849214337537
 20
46.348053935415344
 10
15.855226819930069
 20
46.36654298110709
 10
15.847019069092074
 20
46.387763189752654
 10
15.844383116468096
 20
46.41038482482457
 10
15.844570732783264
 20
46.428631247869646
 10
15.844973887258728
 20
46.51304912755274
 10
15.844919120642809
 20
46.597602688016536
 10
15.844411492846186
 20
46.68228956838196
 10
15.843455806897783
 20
46.76710749416365
 10
15.842056628068214
 20
46.85205427080174
 10
15.840218301088726
 20
46.93712777783872
 10
15.837944965702215
 20
47.022325963661
 10
15.835240570747423
 20
47.107646840737104
 10
15.83210888694902
 20
47.19308848129424
 10
15.828553518561783
 20
47.2786490133825
 10
15.824577913997244
 20
47.364326617283794
 10
15.820185375543629
 20
47.4501195222277
 10
15.817281264338702
 20
47.5020253310098
 10
15.81518875289079
 20
47.513753528156855
 10
15.810353235436281
 20
47.52463214784152
 10
15.80305128970335
 20
47.5340390227193
 10
15.793700554051153
 20
47.54143615093794
 10
15.782835838266458
 20
47.54640046373049
 10
15.736828131974756
 20
47.56106825363539
 10
15.658237462489272
 20
47.585985278089694
 10
15.579607261624687
 20
47.61077702110835
 10
15.500937731237508
 20
47.635443427352044
 10
15.454837120325802
 20
47.64981698330828
 10
15.443066038003979
 20
47.65198954453488
 10
15.431093349286197
 20
47.65131529747102
 10
15.419603802381392
 20
47.647832779368045
 10
15.409254510487045
 20
47.64174114374383
 10
15.400637372774549
 20
47.633388775587974
 10
15.367675018580796
 20
47.592787112213884
 10
15.313524546344619
 20
47.52544384244147
 10
15.259781247787286
 20
47.45795425696507
 10
15.206448852997914
 20
47.390317939751306
 10
15.15353123992579
 20
47.32253443160977
 10
15.101032444233555
 20
47.254603227335515
 10
15.048956670069575
 20
47.18652377258507
 10
14.997308301872321
 20
47.11829546045324
 10
14.94609191733633
 20
47.04991762771331
 10
14.895312301690636
 20
46.98138955067639
 10
14.844974463464265
 20
46.91271044061998
 10
14.795083651943232
 20
46.84387943872583
 10
14.745645376558382
 20
46.77489561045798
 10
14.735041350023684
 20
46.759927526415
 10
14.719559552845256
 20
46.74301002830484
 10
14.700368366499342
 20
46.730418864315304
 10
14.67867035960736
 20
46.72294305984047
 10
14.655825184584955
 20
46.721051143405994
 10
14.633264366261118
 20
46.724861764601414
 10
14.62992750765986
 20
46.725867281468055
 10
14.563162027171932
 20
46.745884735376514
 10
14.496369114783459
 20
46.76581026786035
 10
14.429548898280672
 20
46.785643845916425
 10
14.426206491643182
 20
46.78663087502457
 10
14.405292191199692
 20
46.79578980647636
 10
14.387355515997038
 20
46.809848174715945
 10
14.37352034138103
 20
46.8279250775085
 10
14.364653520496395
 20
46.84888776425552
 10
14.361310580777294
 20
46.87142262864747
 10
14.360926285573397
 20
46.889670117948164
 10
14.358683783167665
 20
46.974078627246485
 10
14.355979408675934
 20
47.058608674086614
 10
14.352818291608036
 20
47.14325805301594
 10
14.349205302081321
 20
47.22802463708768
 10
14.345145070132297
 20
47.312906371980176
 10
14.340642003105062
 20
47.397901270702825
 10
14.335700301355345
 20
47.483007408815254
 10
14.33032397247327
 20
47.5682229200983
 10
14.32451684419919
 20
47.65354599262338
 10
14.318282576182481
 20
47.7389748651744
 10
14.311624670712503
 20
47.82450782398312
 10
14.304546482534214
 20
47.91014319974341
 10
14.300017678383641
 20
47.961946104765445
 10
14.297559083219593
 20
47.97360693238691
 10
14.29238605486861
 20
47.98433415664513
 10
14.284794473388597
 20
47.993514270647005
 10
14.275218541845716
 20
48.000622243913185
 10
14.264205949855947
 20
48.00525154762315
 10
14.21777117719608
 20
48.018502425534486
 10
14.138455285348362
 20
48.04099924174919
 10
14.059103755033185
 20
48.06336976357163
 10
13.97971678902583
 20
48.08561394134887
 10
13.93319826923996
 20
48.0985681621813
 10
13.921367414043932
 20
48.100378726783035
 10
13.909424323278213
 20
48.09933705696244
 10
13.898052053798667
 20
48.095502704109464
 10
13.887901012661121
 20
48.089094943374064
 10
13.879551761343313
 20
48.08048023828705
 10
13.847885321866135
 20
48.03887741390356
 10
13.795883939436731
 20
47.96988968920448
 10
13.744294043240698
 20
47.900768284519465
 10
13.6931193736593
 20
47.83151289644761
 10
13.642363820179359
 20
47.762123182949765
 10
13.59203143132877
 20
47.69259876079276
 10
13.542126425538878
 20
47.622939202755404
 10
13.492653203047421
 20
47.553144034567
 10
13.443616358972976
 20
47.48321273154453
 10
13.39502069771257
 20
47.41314471488968
 10
13.346871248839054
 20
47.34293934760027
 10
13.299173284703885
 20
47.272595929943094
 10
13.251932339987116
 20
47.20211369442601
 10
13.241805003973983
 20
47.18682427309925
 10
13.226864458992875
 20
47.16943632472702
 10
13.20808154383731
 20
47.1562597845943
 10
13.186633241226927
 20
47.14812036502975
 10
13.163863551634861
 20
47.14552818104098
 10
13.141199264033528
 20
47.14864576129004
 10
13.137833249483464
 20
47.14954865794563
 10
13.070487554801021
 20
47.16751292736594
 10
13.003117277721248
 20
47.18538457886109
 10
12.935722546555875
 20
47.203163582994655
 10
12.932351559563136
 20
47.20404784498172
 10
12.911164916790023
 20
47.21256294615419
 10
12.892800205210746
 20
47.226067498333514
 10
12.878408121208379
 20
47.24371529268985
 10
12.868890416951185
 20
47.26440045845798
 10
12.864843409291094
 20
47.286826773271905
 10
12.863887359177626
 20
47.30505758845304
 10
12.8590003668883
 20
47.38937468207412
 10
12.853647990376867
 20
47.47379906663064
 10
12.847835423886327
 20
47.558328693848665
 10
12.841567600001452
 20
47.64296158601011
 10
12.834849209130425
 20
47.72769583066445
 10
12.827684717046445
 20
47.81252957586765
 10
12.82007838072986
 20
47.89746102588316
 10
12.812034262716088
 20
47.982488437288836
 10
12.803556244125106
 20
48.06761011544246
 10
12.79464803652354
 20
48.15282441126404
 10
12.785313192750165
 20
48.23812971830026
 10
12.77555511681759
 20
48.32352447003964
 10
12.7694053405577
 20
48.37517421266468
 10
12.766582866447756
 20
48.38675641965377
 10
12.761077121012624
 20
48.397322024289416
 10
12.753203012318904
 20
48.40626676474488
 10
12.743410901407128
 20
48.41307907441793
 10
12.732260841878592
 20
48.41736933667908
 10
12.685442957458985
 20
48.42919240289789
 10
12.605476909393175
 20
48.44925051432072
 10
12.525479132325044
 20
48.46918142741822
 10
12.445449829826561
 20
48.48898509818046
 10
12.398557399415727
 20
48.50050934406488
 10
12.38667797686514
 20
48.501956651567035
 10
12.37477582764738
 20
48.50054908290151
 10
12.363531668525491
 20
48.496367116607445
 10
12.353588580950712
 20
48.4896499082008
 10
12.345515233925237
 20
48.48078161797241
 10
12.315175217538282
 20
48.43821952959569
 10
12.26537302681356
 20
48.36765680561773
 10
12.215986239578529
 20
48.29697315234448
 10
12.167018603115682
 20
48.22616837914057
 10
12.118474014919533
 20
48.15524226128182
 10
12.07035653270512
 20
48.08419453770347
 10
12.02267038535028
 20
48.01302490853829
 10
11.97541998488606
 20
47.94173303241903
 10
11.928609939667231
 20
47.870318523515586
 10
11.882245068875825
 20
47.798780948272395
 10
11.836330418535283
 20
47.727119821806106
 10
11.790871279242712
 20
47.65533460391689
 10
11.745873205862527
 20
47.583424694658696
 10
11.736232324546162
 20
47.56782927511755
 10
11.721847376894162
 20
47.549988467108946
 10
11.703490666968735
 20
47.536240199373765
 10
11.682312467212666
 20
47.52744601548276
 10
11.659639847528295
 20
47.524157061674096
 10
11.636893508384171
 20
47.526579525829185
 10
11.63350151359615
 20
47.527379065045245
 10
11.565639136990631
 20
47.54327549138807
 10
11.497755038396736
 20
47.55907868237594
 10
11.429849346578417
 20
47.5747886121108
 10
11.426452957817503
 20
47.575569386253356
 10
11.405013915561382
 20
47.58343324172336
 10
11.386238383179872
 20
47.59637157534837
 10
11.371302800003596
 20
47.61357364894155
 10
11.361142977596078
 20
47.63396151291862
 10
11.356395473509815
 20
47.656257568957045
 10
11.35486836475636
 20
47.67445396419605
 10
11.347340543998085
 20
47.75859758415342
 10
11.339344267682394
 20
47.842834157468175
 10
11.330884789895824
 20
47.927161794662105
 10
11.321967101046807
 20
48.01157866880766
 10
11.312595947499018
 20
48.09608301083604
 10
11.30277584924949
 20
48.18067310531339
 10
11.292511115894186
 20
48.26534728662653
 10
11.281805861087525
 20
48.350103935529255
 10
11.27066401567324
 20
48.43494147600654
 10
11.259089339638788
 20
48.51985837242003
 10
11.247085433024976
 20
48.604853126903755
 10
11.234655745904691
 20
48.68992427698235
 10
11.226890238677354
 20
48.74137067613952
 10
11.223706425845993
 20
48.752863067179476
 10
11.217873052000138
 20
48.763256956835804
 10
11.209723762043675
 20
48.771957905581054
 10
11.199724654688294
 20
48.778468292053184
 10
11.188447622160686
 20
48.782415769799115
 10
11.141290756407315
 20
48.79280134926022
 10
11.060749915803529
 20
48.810404349780725
 10
10.980181269940514
 20
48.82787935625147
 10
10.899585023072875
 20
48.84522633026431
 10
10.852362850355862
 20
48.85531118456913
 10
10.840446065051248
 20
48.85639428670865
 10
10.828596114491367
 20
48.854622660606765
 10
10.817490731537442
 20
48.85009760680592
 10
10.80776506211588
 20
48.84307790250902
 10
10.799975341583878
 20
48.833965007309914
 10
10.770990868737531
 20
48.79048642533561
 10
10.723435672289316
 20
48.718419591926484
 10
10.676299398997514
 20
48.646244683382335
 10
10.62958579966304
 20
48.57396162188388
 10
10.583298776265972
 20
48.501570300099765
 10
10.537442392037692
 20
48.42907057924023
 10
10.492020882472874
 20
48.35646228692934
 10
10.44703866739617
 20
48.28374521487376
 10
10.402500364216595
 20
48.21091911630189
 10
10.358410802523272
 20
48.13798370314432
 10
10.314775040201708
 20
48.0649386429207
 10
10.271598381278713
 20
47.991783555292585
 10
10.228886395741586
 20
47.91851800823522
 10
10.219741229657984
 20
47.90263220883219
 10
10.205925635795777
 20
47.88435653940615
 10
10.188012584408245
 20
47.87005069758373
 10
10.167124543454701
 20
47.86061117078302
 10
10.144570395169945
 20
47.856629545424255
 10
10.121763410400904
 20
47.85835541111601
 10
10.118348622484465
 20
47.85905094331615
 10
10.050033321967613
 20
47.8728666210779
 10
9.981699169200809
 20
47.886588524514494
 10
9.91334629333198
 20
47.90021663123986
 10
9.909927692408225
 20
47.90089328440961
 10
9.88825635131568
 20
47.90809902673128
 10
9.869087533821757
 20
47.92045920905972
 10
9.853622324045288
 20
47.937199311719525
 10
9.842829724304288
 20
47.957270325025156
 10
9.837385948007382
 20
47.97941450031026
 10
9.835289018136827
 20
47.99755873958509
 10
9.82512653183574
 20
48.08144688555549
 10
9.814492961115675
 20
48.165413568681615
 10
9.8033936149963
 20
48.24945705976499
 10
9.791833537045735
 20
48.3335756841041
 10
9.779817525147283
 20
48.41776781740259
 10
9.767350149297657
 20
48.502031882085774
 10
9.754435767680853
 20
48.58636634397451
 10
9.74107854122592
 20
48.67076970927326
 10
9.727282446826854
 20
48.75524052183571
 10
9.713051289378214
 20
48.839777360675505
 10
9.698388712758609
 20
48.9243788376954
 10
9.683298209877185
 20
49.00904359561033
 10
9.673923735560209
 20
49.06023659002808
 10
9.670381459418465
 20
49.07162803447196
 10
9.66422583880401
 20
49.08184024952726
 10
9.655808947545534
 20
49.09028918742364
 10
9.64561218834884
 20
49.09649164200374
 10
9.634218757461882
 20
49.10009288060946
 10
9.586767191710123
 20
49.10903251394224
 10
9.505727177368865
 20
49.12416607264278
 10
9.424663293662137
 20
49.13917094901322
 10
9.343575745420347
 20
49.15404711020917
 10
9.296068144179845
 20
49.162684370632256
 10
9.284125193412395
 20
49.16340262783672
 10
9.272338605412642
 20
49.16126909718401
 10
9.261382490645946
 20
49.156405778260265
 10
9.251883459517028
 20
49.14909079432934
 10
9.244384786536088
 20
49.13974249171851
 10
9.216783568258961
 20
49.09539101054036
 10
9.171520834019809
 20
49.02189231006513
 10
9.126680143004814
 20
48.94829848062446
 10
9.082265246159109
 20
48.87460955718485
 10
9.038280046434373
 20
48.800825549800706
 10
8.994728608915453
 20
48.726946441975265
 10
8.951615171891623
 20
48.65297218886857
 10
8.908944158988454
 20
48.578902715334166
 10
8.866720192493759
 20
48.50473791376255
 10
8.824948108032077
 20
48.43047764170674
 10
8.783632970767846
 20
48.35612171926067
 10
8.742780093346738
 20
48.281669926156425
 10
8.702395055821704
 20
48.207121998540664
 10
8.693754354960085
 20
48.19096169936012
 10
8.680521272998174
 20
48.172269552901064
 10
8.663068841416449
 20
48.1574207760467
 10
8.642490660366962
 20
48.1473458821881
 10
8.620076189621276
 20
48.14267627210453
 10
8.597229941592383
 20
48.14370464275738
 10
8.593795557357128
 20
48.14429560536182
 10
8.52509128275396
 20
48.15601936899439
 10
8.456371033499014
 20
48.167648897226414
 10
8.38763493906041
 20
48.179184171159676
 10
8.384197324913826
 20
48.17975615717075
 10
8.36231393314617
 20
48.18629746535085
 10
8.34276967803567
 20
48.1980680374079
 10
8.326789170774997
 20
48.214330290423774
 10
8.315373707142017
 20
48.23406515011273
 10
8.309238535611602
 20
48.25603592770628
 10
8.306573564669282
 20
48.27411030026281
 10
8.293785082874315
 20
48.357661100962076
 10
8.280523331687363
 20
48.44127595629623
 10
8.266793670132396
 20
48.524953298699714
 10
8.252601190255413
 20
48.608691607008225
 10
8.237950737006102
 20
48.69248940297032
 10
8.222846926139626
 20
48.77634524810717
 10
8.207294160383901
 20
48.860257740876946
 10
8.191296644082021
 20
48.94422551410731
 10
8.174858396488956
 20
49.028247232664334
 10
8.15798326387699
 20
49.112321591330634
 10
8.140674930583153
 20
49.196447312869566
 10
8.122936929113843
 20
49.28062314625491
 10
8.111961775924833
 20
49.33151283733755
 10
8.108064246674077
 20
49.342792278247614
 10
8.101592052008199
 20
49.35281300188854
 10
8.092915370136666
 20
49.36100191352675
 10
8.082530460897516
 20
49.36689068050728
 10
8.07103128096948
 20
49.37014251310096
 10
8.023329424158813
 20
49.377628948339435
 10
7.941866070311901
 20
49.390280795367346
 10
7.8603827931506505
 20
49.40280337853098
 10
7.778879797981162
 20
49.4151966705157
 10
7.731131204432235
 20
49.42237934090415
 10
7.719173272222773
 20
49.42273241892844
 10
7.707461111246821
 20
49.42023944219446
 10
7.696664576751333
 20
49.41504296889417
 10
7.687401153896131
 20
49.407440176240414
 10
7.680200643435331
 20
49.39786587017184
 10
7.654008961920571
 20
49.35268585869772
 10
7.611081791309468
 20
49.27782880418498
 10
7.568579382652187
 20
49.202889647468794
 10
7.526505483672798
 20
49.127868536190896
 10
7.484863994789349
 20
49.052765597700876
 10
7.443658979285416
 20
48.97758093772543
 10
7.402894674430642
 20
48.90231463891351
 10
7.362575503666449
 20
48.82696675924254
 10
7.322706089991176
 20
48.75153733026784
 10
7.28329127069979
 20
48.676026355195084
 10
7.244336113658947
 20
48.60043380675242
 10
7.205845935328127
 20
48.52475962483426
 10
7.167826320774095
 20
48.44900371388481
 10
7.159698318381069
 20
48.432585039152066
 10
7.147060299344795
 20
48.41349516478361
 10
7.130084946497309
 20
48.39811855816244
 10
7.109835960393212
 20
48.387418811515055
 10
7.0875821665519485
 20
48.38206648039223
 10
7.064718003161625
 20
48.38239703859089
 10
7.061267227531433
 20
48.38288295541836
 10
6.992238088806165
 20
48.392505367352385
 10
6.9231958595124485
 20
48.402033160198144
 10
6.854140669378936
 20
48.41146631852402
 10
6.850687248712086
 20
48.411933177539176
 10
6.828612192296313
 20
48.417804275918684
 10
6.808710650982693
 20
48.42897425693656
 10
6.792229626256507
 20
48.44474316277489
 10
6.780201781754788
 20
48.464122826218265
 10
6.7733807444703515
 20
48.485898812359366
 10
6.770150055943437
 20
48.50388564840272
 10
6.7547467598336866
 20
48.58701743400281
 10
6.738868454414129
 20
48.67019873766389
 10
6.722520543767781
 20
48.75342815467766
 10
6.7057081637207085
 20
48.836704318605896
 10
6.688436201820231
 20
48.920025898398194
 10
6.670709315323506
 20
49.00339159579743
 10
6.652531947443408
 20
49.08680014299698
 10
6.633908342061883
 20
49.17025030051947
 10
6.614842557091165
 20
49.25374085529101
 10
6.595338476637949
 20
49.33727061888821
 10
6.575399822104289
 20
49.42083842593903
 10
6.555030162341234
 20
49.50444313266036
 10
6.542464143532589
 20
49.554979828028564
 10
6.538214905616788
 20
49.566136291385966
 10
6.531432098766485
 20
49.575955856878906
 10
6.522503664507236
 20
49.583876935497884
 10
6.511940259946709
 20
49.589446514441235
 10
6.5003460498634436
 20
49.5923460614277
 10
6.452438416668089
 20
49.59837324654449
 10
6.370627735729442
 20
49.60853316040193
 10
6.288801085810183
 20
49.61856333499056
 10
6.206958672597558
 20
49.62846374849575
 10
6.159013623759857
 20
49.63418603151968
 10
6.147051875285581
 20
49.634173898283606
 10
6.135425100580405
 20
49.631324233799404
 10
6.124798272852048
 20
49.625799997274555
 10
6.115779172889098
 20
49.61791711172614
 10
6.10888362936957
 20
49.608126401585345
 10
6.084126320594795
 20
49.562162953765835
 10
6.0435754199973415
 20
49.48602224707279
 10
6.003451597265874
 20
49.409812534155705
 10
5.963758593547248
 20
49.333534075141955
 10
5.924500303229429
 20
49.25718711450288
 10
5.885680784148709
 20
49.18077188003245
 10
5.84730426874911
 20
49.104288581730806
 10
5.809375176310848
 20
49.02773741058111
 10
5.771898126382203
 20
48.951118537206334
 10
5.7348779535709
 20
48.87443211039021
 10
5.698319723876106
 20
48.79767825544454
 10
5.662228752772619
 20
48.72085707240158
 10
5.626610625295337
 20
48.64396863400658
 10
5.619003032375622
 20
48.62730793449435
 10
5.606972012384584
 20
48.60783942470995
 10
5.590489685520148
 20
48.59195054063963
 10
5.570588853072666
 20
48.58063697815079
 10
5.548516518173475
 20
48.57460775520694
 10
5.525655742676992
 20
48.574240756496415
 10
5.5221917872040915
 20
48.574621237235526
 10
5.452902024775211
 20
48.5821345772996
 10
5.383602061054674
 20
48.58955299153624
 10
5.314292025975357
 20
48.59687646796239
 10
5.310826011779084
 20
48.59723782597032
 10
5.288579805507443
 20
48.60243348358748
 10
5.2683394257701295
 20
48.61299237593298
 10
5.251373108964351
 20
48.62825282841826
 10
5.238743933021437
 20
48.64725852809484
 10
5.231243211341442
 20
48.66881847066774
 10
5.227449672700875
 20
48.68670015727933
 10
5.2094452568614935
 20
48.769331532875334
 10
5.190964537776118
 20
48.85199784813987
 10
5.172012959627068
 20
48.934697862319034
 10
5.152595697308369
 20
49.01743036476891
 10
5.132717676482186
 20
49.100194172681626
 10
5.112383591637564
 20
49.182988129038584
 10
5.091597922399845
 20
49.26581110076228
 10
5.070364948301377
 20
49.34866197704307
 10
5.048688762194951
 20
49.43153966782001
 10
5.026573282465383
 20
49.514443102398275
 10
5.00402226417372
 20
49.59737122818791
 10
4.981039309250446
 20
49.68032300955038
 10
4.966893762807972
 20
49.730457267258316
 10
4.962296694189615
 20
49.74147987134996
 10
4.955209524181296
 20
49.75108876952717
 10
4.94603760015426
 20
49.75873442217275
 10
4.935305503803265
 20
49.76397957044875
 10
4.923627047171831
 20
49.766524239281296
 10
4.875558237382256
 20
49.77108731569934
 10
4.793476384821499
 20
49.77874711221303
 10
4.711382524122738
 20
49.78627679965993
 10
4.6292768612646
 20
49.79367636170112
 10
4.581179974550133
 20
49.79793365253148
 10
4.569225550913137
 20
49.7975565751968
 10
4.5576950111408125
 20
49.794353275641996
 10
4.547247825890115
 20
49.78850693966095
 10
4.5384815033453245
 20
49.78035191234144
 10
4.531897416647224
 20
49.77035458204
 10
4.5085978549676415
 20
49.7236534675179
 10
4.470461510472349
 20
49.64630491769205
 10
4.432754155708051
 20
49.568900515503906
 10
4.395479521897486
 20
49.491440633298296
 10
4.358641493911203
 20
49.413925632412756
 10
4.322244120501
 20
49.33635586246647
 10
4.286291625487963
 20
49.258731660582875
 10
4.25078842002232
 20
49.18105335053839
 10
4.2157391160498605
 20
49.103321241827345
 10
4.181148541141193
 20
49.02553562863272
 10
4.147021754865746
 20
48.94769678868995
 10
4.113364066922288
 20
48.86980498202908
 10
4.080181057275027
 20
48.7918604495782
 10
4.073101057770405
 20
48.77497428504573
 10
4.061688351098249
 20
48.755146554447045
 10
4.0457144773502
 20
48.73876137337619
 10
4.026180371541797
 20
48.726845539281655
 10
4.004310050523799
 20
48.72014580838119
 10
3.981473912001619
 20
48.71908207557177
 10
3.9779999934658217
 20
48.7193568153327
 10
3.908513950221745
 20
48.72475507178002
 10
3.839020598933833
 20
48.73005817224668
 10
3.7695200696856173
 20
48.73526610818393
 10
3.766044679848178
 20
48.73552167655806
 10
3.743647958630594
 20
48.74003720705691
 10
3.723087477308819
 20
48.74997500170159
 10
3.7056515336640774
 20
48.764712296702136
 10
3.692432638733721
 20
48.7833255554245
 10
3.684259064861442
 20
48.80464836276382
 10
3.679906087698388
 20
48.822407360042725
 10
3.659316760530969
 20
48.90445728016513
 10
3.6382502828562138
 20
48.986527531955005
 10
3.616712133982759
 20
49.0686170395845
 10
3.5947075231477283
 20
49.150724749153206
 10
3.5722414096326247
 20
49.23284962702416
 10
3.549318520875827
 20
49.31499065832649
 10
3.5259433688302946
 20
49.39714684560327
 10
3.502120264778243
 20
49.479317207587485
 10
3.4778533327842482
 20
49.56150077809089
 10
3.4531465219430926
 20
49.643696604992684
 10
3.428003617556961
 20
49.72590374931717
 10
3.402428251358886
 20
49.80812128439025
 10
3.386716038612274
 20
49.85780395782112
 10
3.3817753498455763
 20
49.868681922808975
 10
3.374390350774334
 20
49.87807080978195
 10
3.3649834208594354
 20
49.88543366272542
 10
3.3540925810606663
 20
49.8903493983263
 10
3.34234072157797
 20
49.8925368835579
 10
3.2941554005322318
 20
49.89563218077237
 10
3.211878641527162
 20
49.90078570396641
 10
3.1295938400444427
 20
49.90580885348364
 10
3.0473012022681165
 20
49.91070161844205
 10
2.9990971560808926
 20
49.913490499560254
 10
2.9871611693688123
 20
49.912749041879756
 10
2.9757375976023157
 20
49.90919544901284
 10
2.965479794971903
 20
49.90303294237182
 10
2.9569744399912046
 20
49.894613950224944
 10
2.950707981905795
 20
49.88441995737896
 10
2.9288880665519503
 20
49.83702757236028
 10
2.893202121830267
 20
49.75854801436304
 10
2.857946673668859
 20
49.680025804449045
 10
2.8231254400288934
 20
49.60146142683416
 10
2.7887422927854226
 20
49.522855359384884
 10
2.7548012679775726
 20
49.44420807321792
 10
2.721306577014991
 20
49.36552003226269
 10
2.6882626189578493
 20
49.28679169278225
 10
2.6556739940053706
 20
49.208023502847475
 10
2.6235455183494008
 20
49.12921590175807
 10
2.5918822405753397
 20
49.05036931940395
 10
2.5606894598223575
 20
48.97148417555813
 10
2.5299727459525116
 20
48.89256087909197
 10
2.5234269925780914
 20
48.875466000789835
 10
2.5126432855545704
 20
48.85529876497974
 10
2.4971927643491116
 20
48.83843367685794
 10
2.4780435638273266
 20
48.82592760770297
 10
2.4563955754508098
 20
48.81856429697419
 10
2.433605259821377
 20
48.81680521501286
 10
2.4301245988991775
 20
48.81697399396781
 10
2.3605066936042363
 20
48.82025285628672
 10
2.2908843763167064
 20
48.82343640877901
 10
2.221257777219392
 20
48.82652464631965
 10
2.217776233203381
 20
48.82667422146706
 10
2.195249743770487
 20
48.83050548360468
 10
2.1743881796052715
 20
48.839812666181
 10
2.1564987086410174
 20
48.85401251283079
 10
2.142702266555143
 20
48.87221515942334
 10
2.1338633220453387
 20
48.893279919458834
 10
2.1289548617722347
 20
48.910898776882824
 10
2.105799343902195
 20
48.992286621035
 10
2.082166275403018
 20
49.0736801714384
 10
2.058061165724886
 20
49.15507851803897
 10
2.033489253711339
 20
49.2364807645112
 10
2.0084555277562166
 20
49.31788602720568
 10
1.9829647439531597
 20
49.399293434202164
 10
1.957021442486626
 20
49.480702124454474
 10
1.930629962476802
 20
49.56211124701671
 10
1.9037944554601578
 20
49.64351996034086
 10
1.8765188976621405
 20
49.72492743163766
 10
1.8488071011972178
 20
49.80633283629372
 10
1.820662724313041
 20
49.88773535733867
 10
1.8033982273638116
 20
49.936917640770794
 10
1.7981184604379443
 20
49.947640298444874
 10
1.790442449239017
 20
49.95680000355426
 10
1.7808092154035737
 20
49.96387290798585
 10
1.7697697213774315
 20
49.96845451263952
 10
1.7579553583608973
 20
49.97028279627863
 10
1.709698238211819
 20
49.971907827696704
 10
1.6273029157131298
 20
49.97455094275178
 10
1.5449035195868213
 20
49.97706352440191
 10
1.4625002561390874
 20
49.97944556720932
 10
1.4142337712704875
 20
49.98076380445216
 10
1.4023272998561642
 20
49.97965882441771
 10
1.391021308889669
 20
49.97575856407795
 10
1.380962429043876
 20
49.96928607324138
 10
1.3727259635144322
 20
49.96061150972875
 10
1.366782984617988
 20
49.95023097494431
 10
1.3464631280223411
 20
49.90219429338239
 10
1.3132609652281184
 20
49.82266150732564
 10
1.2804904000329178
 20
49.74309930511507
 10
1.2481551338084413
 20
49.66350828241325
 10
1.216259021965483
 20
49.58388903319676
 10
1.1848060842115473
 20
49.50424214966687
 10
1.1538005157654412
 20
49.42456822215208
 10
1.1232466996461052
 20
49.344867839001886
 10
1.0931492201708772
 20
49.26514158647033
 10
1.0635128778198253
 20
49.185390048588005
 10
1.0343427056484014
 20
49.10561380702124
 10
1.0056439874607932
 20
49.0258134409165
 10
0.9774222779934896
 20
48.945989526727935
 10
0.9714168887083131
 20
48.92870285999855
 10
0.9612722344218619
 20
48.908216114670864
 10
0.946359430665662
 20
48.890887900659
 10
0.9276129118453768
 20
48.877804110782165
 10
0.9062073302039032
 20
48.869784682791696
 10
0.8834839516751176
 20
48.86733219424845
 10
0.8799997716622974
 20
48.86739487736851
 10
0.8103144734251936
 20
48.868551731017476
 10
0.7406276609224767
 20
48.86961319711139
 10
0.6709394643862162
 20
48.87057927394267
 10
0.6674549899567734
 20
48.870622737049736
 10
0.6448195828056996
 20
48.87376613584357
 10
0.6236762293278287
 20
48.882433693319086
 10
0.605349759113396
 20
48.89608222579693
 10
0.5909884970917682
 20
48.91385641123516
 10
0.5814923108482166
 20
48.93464241097233
 10
0.576032865934947
 20
48.95210378397114
 10
0.5503323864756383
 20
49.0327494331566
 10
0.5241544036443458
 20
49.113386157947396
 10
0.49750445203724375
 20
49.19401321478805
 10
0.4703877953568316
 20
49.27462986564291
 10
0.442809446591619
 20
49.35523537755607
 10
0.41477418618577344
 20
49.435829022255476
 10
0.3862865784485514
 20
49.516410075795754
 10
0.3573509864157231
 20
49.59697781823504
 10
0.3279715853451473
 20
49.677531533342055
 10
0.29815237500321257
 20
49.75807050832942
 10
0.26789719087727243
 20
49.83859403361097
 10
0.2372097144312333
 20
49.9191014025798
 10
0.21840883230133634
 20
49.96773487740455
 10
0.21279485922582336
 20
49.978291681118485
 10
0.20483493326943847
 20
49.987213215124335
 10
0.19498431231067817
 20
49.99398925313177
 10
0.18380639023238185
 20
49.99823227572824
 10
0.17194047425719158
 20
49.999699627918176
 10
0.12365629585057379
 20
49.99985308799997
 10
0.04121879967463346
 20
49.99998367643855
 10
-0.041218799674649545
 20
49.99998367643855
 10
-0.12365629585058989
 20
49.99985308799997
 10
-0.17194047425720768
 20
49.999699627918176
 10
-0.18380639023239795
 20
49.99823227572824
 10
-0.19498431231069424
 20
49.99398925313177
 10
-0.20483493326945457
 20
49.987213215124335
 10
-0.2127948592258394
 20
49.978291681118485
 10
-0.2184088323013524
 20
49.96773487740455
 10
-0.23720971443124936
 20
49.9191014025798
 10
-0.26789719087728847
 20
49.83859403361097
 10
-0.29815237500322855
 20
49.75807050832942
 10
-0.3279715853451633
 20
49.677531533342055
 10
-0.35735098641573904
 20
49.59697781823504
 10
-0.3862865784485673
 20
49.516410075795754
 10
-0.41477418618578926
 20
49.435829022255476
 10
-0.44280944659163485
 20
49.35523537755607
 10
-0.47038779535684755
 20
49.274629865642915
 10
-0.4975044520372596
 20
49.19401321478805
 10
-0.5241544036443616
 20
49.113386157947396
 10
-0.5503323864756541
 20
49.0327494331566
 10
-0.5760328659349627
 20
48.95210378397114
 10
-0.5814923108482214
 20
48.93464241097233
 10
-0.5909884970917839
 20
48.91385641123516
 10
-0.6053497591134117
 20
48.89608222579693
 10
-0.6236762293278445
 20
48.882433693319086
 10
-0.6448195828057152
 20
48.87376613584355
 10
-0.6674549899567783
 20
48.870622737049736
 10
-0.670939464386232
 20
48.87057927394267
 10
-0.7406276609224924
 20
48.86961319711139
 10
-0.8103144734252093
 20
48.86855173101747
 10
-0.8799997716623131
 20
48.86739487736851
 10
-0.8834839516751225
 20
48.867332194248455
 10
-0.906207330203919
 20
48.8697846827917
 10
-0.9276129118453925
 20
48.877804110782165
 10
-0.9463594306656776
 20
48.890887900658996
 10
-0.9612722344218775
 20
48.908216114670864
 10
-0.9714168887083178
 20
48.92870285999855
 10
-0.9774222779934943
 20
48.945989526727935
 10
-1.005643987460798
 20
49.0258134409165
 10
-1.034342705648406
 20
49.10561380702124
 10
-1.0635128778198302
 20
49.185390048588005
 10
-1.0931492201708821
 20
49.26514158647033
 10
-1.1232466996461101
 20
49.344867839001886
 10
-1.153800515765446
 20
49.42456822215208
 10
-1.1848060842115522
 20
49.50424214966687
 10
-1.2162590219654876
 20
49.58388903319676
 10
-1.248155133808446
 20
49.66350828241325
 10
-1.280490400032923
 20
49.74309930511507
 10
-1.3132609652281235
 20
49.82266150732564
 10
-1.3464631280223462
 20
49.90219429338239
 10
-1.3667829846179929
 20
49.95023097494431
 10
-1.372725963514437
 20
49.96061150972875
 10
-1.3809624290438811
 20
49.96928607324138
 10
-1.391021308889674
 20
49.97575856407795
 10
-1.4023272998561693
 20
49.97965882441771
 10
-1.4142337712704924
 20
49.98076380445216
 10
-1.4625002561390923
 20
49.97944556720932
 10
-1.5449035195868261
 20
49.97706352440191
 10
-1.6273029157131347
 20
49.97455094275178
 10
-1.7096982382118244
 20
49.971907827696704
 10
-1.7579553583609022
 20
49.97028279627863
 10
-1.7697697213774364
 20
49.96845451263952
 10
-1.7808092154035786
 20
49.96387290798585
 10
-1.7904424492390218
 20
49.95680000355426
 10
-1.7981184604379492
 20
49.947640298444874
 10
-1.8033982273638165
 20
49.936917640770794
 10
-1.8206627243130462
 20
49.88773535733867
 10
-1.8488071011972227
 20
49.80633283629372
 10
-1.8765188976621454
 20
49.72492743163766
 10
-1.9037944554601627
 20
49.64351996034086
 10
-1.9306299624768073
 20
49.56211124701671
 10
-1.9570214424866308
 20
49.48070212445447
 10
-1.9829647439531648
 20
49.39929343420216
 10
-2.008455527756222
 20
49.31788602720568
 10
-2.033489253711344
 20
49.2364807645112
 10
-2.058061165724891
 20
49.15507851803897
 10
-2.082166275403023
 20
49.0736801714384
 10
-2.1057993439022
 20
48.99228662103501
 10
-2.1289548617722396
 20
48.910898776882824
 10
-2.1338633220453325
 20
48.893279919458834
 10
-2.1427022665551476
 20
48.87221515942334
 10
-2.1564987086410223
 20
48.85401251283079
 10
-2.174388179605277
 20
48.839812666181
 10
-2.1952497437704914
 20
48.830505483604675
 10
-2.2177762332033746
 20
48.82667422146706
 10
-2.221257777219397
 20
48.82652464631965
 10
-2.2908843763167117
 20
48.82343640877901
 10
-2.3605066936042416
 20
48.820252856286736
 10
-2.430124598899183
 20
48.81697399396782
 10
-2.433605259821371
 20
48.81680521501286
 10
-2.456395575450815
 20
48.818564296974195
 10
-2.4780435638273315
 20
48.82592760770297
 10
-2.4971927643491165
 20
48.83843367685794
 10
-2.5126432855545753
 20
48.85529876497974
 10
-2.5234269925780857
 20
48.875466000789835
 10
-2.5299727459525165
 20
48.89256087909197
 10
-2.560689459822363
 20
48.97148417555813
 10
-2.5918822405753446
 20
49.05036931940395
 10
-2.6235455183494056
 20
49.12921590175807
 10
-2.6556739940053755
 20
49.208023502847475
 10
-2.6882626189578547
 20
49.28679169278225
 10
-2.7213065770149965
 20
49.36552003226269
 10
-2.7548012679775775
 20
49.44420807321792
 10
-2.7887422927854275
 20
49.522855359384884
 10
-2.8231254400288988
 20
49.60146142683416
 10
-2.857946673668864
 20
49.680025804449045
 10
-2.8932021218302717
 20
49.75854801436304
 10
-2.928888066551955
 20
49.83702757236028
 10
-2.9507079819057997
 20
49.88441995737896
 10
-2.95697443999121
 20
49.894613950224944
 10
-2.965479794971908
 20
49.90303294237182
 10
-2.97573759760232
 20
49.90919544901284
 10
-2.987161169368817
 20
49.912749041879756
 10
-2.999097156080898
 20
49.913490499560254
 10
-3.0473012022681214
 20
49.91070161844205
 10
-3.129593840044448
 20
49.90580885348365
 10
-3.211878641527167
 20
49.90078570396641
 10
-3.2941554005322367
 20
49.89563218077236
 10
-3.342340721577975
 20
49.8925368835579
 10
-3.354092581060671
 20
49.8903493983263
 10
-3.3649834208594407
 20
49.88543366272542
 10
-3.374390350774339
 20
49.87807080978195
 10
-3.38177534984557
 20
49.868681922808975
 10
-3.386716038612279
 20
49.85780395782112
 10
-3.40242825135888
 20
49.808121284390246
 10
-3.428003617556966
 20
49.72590374931717
 10
-3.4531465219430975
 20
49.643696604992684
 10
-3.477853332784253
 20
49.56150077809089
 10
-3.5021202647782474
 20
49.479317207587485
 10
-3.5259433688302995
 20
49.39714684560327
 10
-3.5493185208758318
 20
49.31499065832648
 10
-3.5722414096326296
 20
49.23284962702416
 10
-3.594707523147744
 20
49.150724749153206
 10
-3.6167121339827637
 20
49.0686170395845
 10
-3.6382502828562195
 20
48.986527531955005
 10
-3.659316760530974
 20
48.90445728016513
 10
-3.6799060876983924
 20
48.822407360042725
 10
-3.684259064861436
 20
48.80464836276383
 10
-3.692432638733726
 20
48.7833255554245
 10
-3.705651533664082
 20
48.764712296702136
 10
-3.723087477308825
 20
48.74997500170159
 10
-3.7436479586305986
 20
48.7400372070569
 10
-3.766044679848173
 20
48.735521676558065
 10
-3.7695200696856217
 20
48.73526610818392
 10
-3.8390205989338373
 20
48.73005817224668
 10
-3.90851395022175
 20
48.72475507178002
 10
-3.9779999934658266
 20
48.7193568153327
 10
-3.981473912001615
 20
48.719082075571784
 10
-4.004310050523793
 20
48.7201458083812
 10
-4.026180371541804
 20
48.72684553928167
 10
-4.045714477350206
 20
48.73876137337619
 10
-4.061688351098254
 20
48.755146554447045
 10
-4.073101057770399
 20
48.77497428504574
 10
-4.080181057275032
 20
48.7918604495782
 10
-4.113364066922293
 20
48.86980498202908
 10
-4.147021754865752
 20
48.94769678868995
 10
-4.181148541141197
 20
49.02553562863272
 10
-4.215739116049865
 20
49.103321241827345
 10
-4.250788420022325
 20
49.1810533505384
 10
-4.2862916254879675
 20
49.258731660582875
 10
-4.322244120501005
 20
49.33635586246647
 10
-4.3586414939112075
 20
49.413925632412756
 10
-4.3954795218974905
 20
49.491440633298296
 10
-4.432754155708056
 20
49.56890051550391
 10
-4.470461510472354
 20
49.64630491769205
 10
-4.508597854967647
 20
49.7236534675179
 10
-4.5318974166472294
 20
49.77035458204
 10
-4.53848150334533
 20
49.78035191234144
 10
-4.54724782589012
 20
49.78850693966095
 10
-4.557695011140817
 20
49.794353275641996
 10
-4.569225550913142
 20
49.7975565751968
 10
-4.581179974550138
 20
49.79793365253148
 10
-4.6292768612646045
 20
49.79367636170111
 10
-4.711382524122742
 20
49.78627679965993
 10
-4.7934763848215045
 20
49.77874711221303
 10
-4.875558237382261
 20
49.77108731569934
 10
-4.923627047171835
 20
49.766524239281296
 10
-4.935305503803272
 20
49.763979570448754
 10
-4.9460376001542645
 20
49.75873442217275
 10
-4.955209524181301
 20
49.75108876952717
 10
-4.9622966941896305
 20
49.74147987134996
 10
-4.9668937628079775
 20
49.730457267258316
 10
-4.981039309250451
 20
49.68032300955038
 10
-5.004022264173726
 20
49.59737122818791
 10
-5.026573282465387
 20
49.514443102398275
 10
-5.048688762194956
 20
49.43153966782001
 10
-5.070364948301381
 20
49.34866197704307
 10
-5.091597922399851
 20
49.265811100762285
 10
-5.1123835916375695
 20
49.18298812903859
 10
-5.132717676482191
 20
49.100194172681626
 10
-5.152595697308374
 20
49.01743036476891
 10
-5.1720129596270725
 20
48.934697862319034
 10
-5.190964537776123
 20
48.85199784813987
 10
-5.209445256861498
 20
48.769331532875334
 10
-5.227449672700879
 20
48.68670015727933
 10
-5.231243211341436
 20
48.66881847066774
 10
-5.238743933021443
 20
48.64725852809484
 10
-5.251373108964356
 20
48.62825282841826
 10
-5.268339425770133
 20
48.612992375932976
 10
-5.288579805507448
 20
48.60243348358748
 10
-5.310826011779079
 20
48.59723782597032
 10
-5.314292025975361
 20
48.59687646796238
 10
-5.3836020610546775
 20
48.58955299153622
 10
-5.4529020247752165
 20
48.5821345772996
 10
-5.522191787204097
 20
48.574621237235526
 10
-5.525655742676998
 20
48.574240756496415
 10
-5.5485165181734795
 20
48.57460775520694
 10
-5.570588853072669
 20
48.58063697815078
 10
-5.5904896855201525
 20
48.59195054063962
 10
-5.606972012384587
 20
48.607839424709944
 10
-5.619003032375616
 20
48.62730793449435
 10
-5.626610625295341
 20
48.643968634006576
 10
-5.6622287527726245
 20
48.72085707240158
 10
-5.69831972387611
 20
48.79767825544453
 10
-5.734877953570903
 20
48.8744321103902
 10
-5.771898126382209
 20
48.951118537206334
 10
-5.809375176310851
 20
49.0277374105811
 10
-5.847304268749115
 20
49.1042885817308
 10
-5.885680784148714
 20
49.180771880032445
 10
-5.924500303229434
 20
49.25718711450287
 10
-5.963758593547252
 20
49.33353407514195
 10
-6.003451597265879
 20
49.4098125341557
 10
-6.043575419997346
 20
49.48602224707278
 10
-6.08412632059481
 20
49.56216295376582
 10
-6.108883629369575
 20
49.608126401585345
 10
-6.115779172889113
 20
49.617917111726136
 10
-6.124798272852052
 20
49.625799997274555
 10
-6.1354251005804095
 20
49.631324233799404
 10
-6.147051875285585
 20
49.63417389828359
 10
-6.159013623759861
 20
49.63418603151968
 10
-6.206958672597563
 20
49.62846374849574
 10
-6.288801085810187
 20
49.61856333499054
 10
-6.370627735729446
 20
49.60853316040193
 10
-6.452438416668093
 20
49.598373246544476
 10
-6.500346049863449
 20
49.5923460614277
 10
-6.511940259946712
 20
49.58944651444122
 10
-6.522503664507241
 20
49.583876935497884
 10
-6.531432098766491
 20
49.575955856878906
 10
-6.538214905616791
 20
49.56613629138596
 10
-6.5424641435325945
 20
49.554979828028564
 10
-6.555030162341239
 20
49.504443132660356
 10
-6.575399822104293
 20
49.420838425939024
 10
-6.595338476637951
 20
49.3372706188882
 10
-6.614842557091168
 20
49.25374085529099
 10
-6.633908342061885
 20
49.170250300519456
 10
-6.652531947443412
 20
49.08680014299697
 10
-6.67070931532351
 20
49.00339159579742
 10
-6.6884362018202355
 20
48.920025898398194
 10
-6.705708163720725
 20
48.836704318605896
 10
-6.722520543767786
 20
48.75342815467766
 10
-6.738868454414132
 20
48.67019873766388
 10
-6.75474675983369
 20
48.5870174340028
 10
-6.770150055943451
 20
48.503885648402715
 10
-6.773380744470356
 20
48.485898812359366
 10
-6.780201781754805
 20
48.464122826218265
 10
-6.792229626256521
 20
48.44474316277489
 10
-6.808710650982707
 20
48.42897425693655
 10
-6.828612192296327
 20
48.41780427591868
 10
-6.8506872487121
 20
48.41193317753916
 10
-6.854140669378952
 20
48.41146631852401
 10
-6.923195859512463
 20
48.40203316019813
 10
-6.992238088806181
 20
48.39250536735238
 10
-7.061267227531449
 20
48.38288295541836
 10
-7.064718003161632
 20
48.3823970385909
 10
-7.087582166551964
 20
48.38206648039223
 10
-7.109835960393227
 20
48.38741881151504
 10
-7.130084946497325
 20
48.39811855816244
 10
-7.147060299344808
 20
48.4134951647836
 10
-7.159698318381074
 20
48.432585039152066
 10
-7.167826320774108
 20
48.4490037138848
 10
-7.205845935328142
 20
48.52475962483425
 10
-7.244336113658962
 20
48.600433806752406
 10
-7.283291270699804
 20
48.67602635519507
 10
-7.322706089991201
 20
48.75153733026783
 10
-7.362575503666464
 20
48.82696675924254
 10
-7.402894674430656
 20
48.902314638913495
 10
-7.443658979285434
 20
48.97758093772543
 10
-7.4848639947893645
 20
49.052765597700876
 10
-7.526505483672813
 20
49.12786853619089
 10
-7.568579382652203
 20
49.20288964746879
 10
-7.611081791309485
 20
49.27782880418498
 10
-7.6540089619205975
 20
49.35268585869772
 10
-7.680200643435347
 20
49.397865870171835
 10
-7.6874011538961575
 20
49.40744017624041
 10
-7.696664576751347
 20
49.415042968894156
 10
-7.707461111246846
 20
49.42023944219445
 10
-7.71917327222279
 20
49.42273241892844
 10
-7.73113120443225
 20
49.42237934090415
 10
-7.77887979798118
 20
49.4151966705157
 10
-7.860382793150666
 20
49.402803378530976
 10
-7.941866070311916
 20
49.390280795367346
 10
-8.02332942415883
 20
49.377628948339435
 10
-8.071031280969507
 20
49.37014251310096
 10
-8.082530460897532
 20
49.36689068050727
 10
-8.092915370136692
 20
49.36100191352674
 10
-8.101592052008213
 20
49.352813001888535
 10
-8.108064246674092
 20
49.34279227824761
 10
-8.111961775924849
 20
49.33151283733754
 10
-8.12293692911387
 20
49.28062314625491
 10
-8.14067493058317
 20
49.196447312869566
 10
-8.157983263877005
 20
49.11232159133062
 10
-8.17485839648897
 20
49.02824723266433
 10
-8.191296644082035
 20
48.9442255141073
 10
-8.207294160383919
 20
48.86025774087695
 10
-8.222846926139642
 20
48.77634524810716
 10
-8.237950737006116
 20
48.6924894029703
 10
-8.252601190255426
 20
48.60869160700821
 10
-8.26679367013241
 20
48.5249532986997
 10
-8.280523331687377
 20
48.441275956296224
 10
-8.293785082874331
 20
48.357661100962076
 10
-8.306573564669295
 20
48.274110300262805
 10
-8.309238535611607
 20
48.25603592770628
 10
-8.315373707142033
 20
48.23406515011272
 10
-8.326789170775012
 20
48.214330290423774
 10
-8.342769678035689
 20
48.1980680374079
 10
-8.362313933146172
 20
48.18629746535083
 10
-8.384197324913842
 20
48.17975615717074
 10
-8.387634939060424
 20
48.17918417115966
 10
-8.456371033499028
 20
48.16764889722641
 10
-8.525091282753976
 20
48.15601936899439
 10
-8.593795557357145
 20
48.14429560536182
 10
-8.5972299415924
 20
48.14370464275738
 10
-8.620076189621292
 20
48.14267627210453
 10
-8.642490660366976
 20
48.14734588218809
 10
-8.663068841416461
 20
48.157420776046685
 10
-8.68052127299819
 20
48.17226955290106
 10
-8.6937543549601
 20
48.190961699360116
 10
-8.702395055821707
 20
48.20712199854066
 10
-8.742780093346752
 20
48.28166992615642
 10
-8.783632970767858
 20
48.356121719260656
 10
-8.824948108032093
 20
48.43047764170673
 10
-8.866720192493762
 20
48.50473791376255
 10
-8.908944158988469
 20
48.57890271533415
 10
-8.95161517189163
 20
48.652972188868574
 10
-8.99472860891547
 20
48.726946441975265
 10
-9.03828004643439
 20
48.8008255498007
 10
-9.082265246159121
 20
48.87460955718484
 10
-9.12668014300483
 20
48.94829848062445
 10
-9.171520834019821
 20
49.02189231006511
 10
-9.216783568258975
 20
49.095391010540354
 10
-9.244384786536104
 20
49.13974249171851
 10
-9.251883459517044
 20
49.14909079432934
 10
-9.26138249064596
 20
49.15640577826026
 10
-9.272338605412658
 20
49.16126909718401
 10
-9.284125193412411
 20
49.16340262783672
 10
-9.29606814417986
 20
49.16268437063224
 10
-9.343575745420361
 20
49.15404711020916
 10
-9.424663293662153
 20
49.13917094901321
 10
-9.505727177368884
 20
49.12416607264279
 10
-9.586767191710136
 20
49.109032513942225
 10
-9.6342187574619
 20
49.10009288060945
 10
-9.645612188348855
 20
49.096491642003734
 10
-9.65580894754555
 20
49.09028918742364
 10
-9.664225838804024
 20
49.081840249527254
 10
-9.670381459418481
 20
49.071628034471956
 10
-9.673923735560223
 20
49.06023659002807
 10
-9.683298209877199
 20
49.00904359561032
 10
-9.698388712758625
 20
48.924378837695386
 10
-9.713051289378232
 20
48.839777360675505
 10
-9.72728244682687
 20
48.75524052183571
 10
-9.741078541225937
 20
48.670769709273266
 10
-9.754435767680869
 20
48.586366343974504
 10
-9.767350149297663
 20
48.50203188208578
 10
-9.779817525147296
 20
48.417767817402584
 10
-9.79183353704575
 20
48.3335756841041
 10
-9.803393614996315
 20
48.24945705976499
 10
-9.81449296111569
 20
48.16541356868161
 10
-9.825126531835755
 20
48.08144688555548
 10
-9.83528901813683
 20
47.997558739585074
 10
-9.837385948007386
 20
47.979414500310256
 10
-9.842829724304304
 20
47.957270325025156
 10
-9.8536223240453
 20
47.93719931171952
 10
-9.86908753382177
 20
47.920459209059715
 10
-9.888256351315682
 20
47.90809902673127
 10
-9.909927692408237
 20
47.90089328440959
 10
-9.913346293331996
 20
47.90021663123985
 10
-9.981699169200823
 20
47.88658852451448
 10
-10.050033321967618
 20
47.8728666210779
 10
-10.118348622484481
 20
47.85905094331614
 10
-10.121763410400911
 20
47.858355411116015
 10
-10.144570395169948
 20
47.856629545424255
 10
-10.167124543454712
 20
47.860611170782995
 10
-10.188012584408261
 20
47.87005069758372
 10
-10.205925635795792
 20
47.88435653940614
 10
-10.219741229657988
 20
47.90263220883218
 10
-10.22888639574159
 20
47.91851800823522
 10
-10.271598381278727
 20
47.991783555292585
 10
-10.314775040201715
 20
48.06493864292071
 10
-10.358410802523277
 20
48.13798370314432
 10
-10.402500364216587
 20
48.21091911630189
 10
-10.447038667396175
 20
48.28374521487376
 10
-10.492020882472879
 20
48.35646228692934
 10
-10.537442392037699
 20
48.429070579240225
 10
-10.583298776265975
 20
48.501570300099765
 10
-10.629585799663046
 20
48.57396162188388
 10
-10.676299398997518
 20
48.646244683382335
 10
-10.723435672289321
 20
48.718419591926484
 10
-10.770990868737536
 20
48.7904864253356
 10
-10.799975341583883
 20
48.833965007309914
 10
-10.807765062115894
 20
48.843077902509016
 10
-10.817490731537447
 20
48.85009760680591
 10
-10.828596114491372
 20
48.854622660606765
 10
-10.840446065051253
 20
48.85639428670865
 10
-10.852362850355867
 20
48.85531118456913
 10
-10.899585023072879
 20
48.84522633026431
 10
-10.980181269940509
 20
48.82787935625147
 10
-11.060749915803534
 20
48.810404349780725
 10
-11.14129075640732
 20
48.79280134926022
 10
-11.18844762216069
 20
48.782415769799115
 10
-11.199724654688298
 20
48.778468292053184
 10
-11.209723762043678
 20
48.771957905581054
 10
-11.217873052000144
 20
48.763256956835804
 10
-11.223706425845998
 20
48.752863067179476
 10
-11.226890238677358
 20
48.74137067613951
 10
-11.234655745904684
 20
48.68992427698236
 10
-11.247085433024981
 20
48.60485312690376
 10
-11.259089339638793
 20
48.51985837242003
 10
-11.270664015673244
 20
48.434941476006536
 10
-11.281805861087532
 20
48.350103935529255
 10
-11.29251111589419
 20
48.26534728662653
 10
-11.302775849249485
 20
48.18067310531339
 10
-11.312595947499023
 20
48.09608301083603
 10
-11.32196710104681
 20
48.01157866880766
 10
-11.330884789895828
 20
47.927161794662105
 10
-11.3393442676824
 20
47.84283415746818
 10
-11.34734054399809
 20
47.75859758415342
 10
-11.354868364756365
 20
47.67445396419605
 10
-11.35639547350981
 20
47.656257568957045
 10
-11.361142977596083
 20
47.633961512918624
 10
-11.371302800003603
 20
47.61357364894156
 10
-11.386238383179876
 20
47.59637157534837
 10
-11.405013915561376
 20
47.58343324172336
 10
-11.426452957817498
 20
47.575569386253356
 10
-11.429849346578413
 20
47.57478861211081
 10
-11.497755038396742
 20
47.55907868237595
 10
-11.56563913699064
 20
47.54327549138809
 10
-11.633501513596155
 20
47.52737906504525
 10
-11.636893508384167
 20
47.52657952582919
 10
-11.659639847528291
 20
47.52415706167411
 10
-11.68231246721267
 20
47.52744601548276
 10
-11.703490666968738
 20
47.536240199373765
 10
-11.721847376894168
 20
47.549988467108946
 10
-11.736232324546156
 20
47.56782927511755
 10
-11.74587320586254
 20
47.583424694658696
 10
-11.790871279242715
 20
47.655334603916884
 10
-11.83633041853529
 20
47.727119821806106
 10
-11.882245068875829
 20
47.798780948272395
 10
-11.928609939667234
 20
47.870318523515586
 10
-11.975419984886065
 20
47.94173303241903
 10
-12.022670385350287
 20
48.01302490853829
 10
-12.070356532705125
 20
48.084194537703475
 10
-12.118474014919538
 20
48.15524226128181
 10
-12.167018603115688
 20
48.226168379140574
 10
-12.215986239578534
 20
48.29697315234448
 10
-12.265373026813563
 20
48.36765680561773
 10
-12.315175217538288
 20
48.4382195295957
 10
-12.34551523392524
 20
48.480781617972404
 10
-12.353588580950717
 20
48.48964990820081
 10
-12.363531668525496
 20
48.496367116607445
 10
-12.374775827647385
 20
48.50054908290151
 10
-12.386677976865146
 20
48.501956651567035
 10
-12.398557399415735
 20
48.50050934406489
 10
-12.445449829826567
 20
48.48898509818046
 10
-12.525479132325051
 20
48.46918142741823
 10
-12.60547690939318
 20
48.44925051432072
 10
-12.68544295745899
 20
48.42919240289789
 10
-12.732260841878597
 20
48.41736933667908
 10
-12.743410901407135
 20
48.41307907441794
 10
-12.75320301231891
 20
48.40626676474488
 10
-12.761077121012626
 20
48.397322024289416
 10
-12.766582866447774
 20
48.386756419653764
 10
-12.769405340557714
 20
48.37517421266468
 10
-12.775555116817603
 20
48.32352447003964
 10
-12.78531319275017
 20
48.23812971830026
 10
-12.794648036523542
 20
48.15282441126404
 10
-12.803556244125101
 20
48.06761011544246
 10
-12.812034262716095
 20
47.98248843728884
 10
-12.820078380729866
 20
47.89746102588316
 10
-12.827684717046452
 20
47.81252957586765
 10
-12.834849209130429
 20
47.72769583066445
 10
-12.841567600001445
 20
47.64296158601012
 10
-12.847835423886329
 20
47.558328693848665
 10
-12.853647990376873
 20
47.47379906663064
 10
-12.859000366888306
 20
47.38937468207412
 10
-12.863887359177632
 20
47.30505758845304
 10
-12.864843409291089
 20
47.28682677327191
 10
-12.868890416951189
 20
47.26440045845797
 10
-12.878408121208373
 20
47.24371529268985
 10
-12.89280020521075
 20
47.226067498333514
 10
-12.911164916790028
 20
47.212562946154186
 10
-12.932351559563129
 20
47.204047844981716
 10
-12.935722546555878
 20
47.20316358299464
 10
-13.003117277721252
 20
47.18538457886108
 10
-13.070487554801026
 20
47.167512927365934
 10
-13.137833249483466
 20
47.14954865794563
 10
-13.141199264033522
 20
47.14864576129004
 10
-13.163863551634869
 20
47.14552818104099
 10
-13.186633241226932
 20
47.14812036502975
 10
-13.208081543837304
 20
47.1562597845943
 10
-13.226864458992878
 20
47.16943632472702
 10
-13.241805003973978
 20
47.18682427309925
 10
-13.25193233998711
 20
47.20211369442602
 10
-13.299173284703889
 20
47.272595929943094
 10
-13.34687124883906
 20
47.34293934760027
 10
-13.395020697712573
 20
47.41314471488969
 10
-13.443616358972971
 20
47.48321273154454
 10
-13.492653203047427
 20
47.553144034567
 10
-13.542126425538884
 20
47.622939202755404
 10
-13.59203143132878
 20
47.69259876079276
 10
-13.642363820179364
 20
47.762123182949765
 10
-13.693119373659295
 20
47.83151289644761
 10
-13.744294043240703
 20
47.900768284519465
 10
-13.795883939436736
 20
47.96988968920448
 10
-13.847885321866151
 20
48.038877413903556
 10
-13.879551761343318
 20
48.08048023828706
 10
-13.887901012661127
 20
48.089094943374064
 10
-13.898052053798676
 20
48.09550270410947
 10
-13.909424323278218
 20
48.09933705696244
 10
-13.921367414043937
 20
48.100378726783035
 10
-13.933198269239961
 20
48.0985681621813
 10
-13.979716789025824
 20
48.08561394134887
 10
-14.059103755033188
 20
48.06336976357163
 10
-14.13845528534837
 20
48.04099924174919
 10
-14.217771177196086
 20
48.018502425534486
 10
-14.264205949855953
 20
48.00525154762315
 10
-14.27521854184571
 20
48.000622243913185
 10
-14.284794473388592
 20
47.99351427064701
 10
-14.292386054868617
 20
47.98433415664514
 10
-14.297559083219587
 20
47.97360693238691
 10
-14.300017678383636
 20
47.961946104765445
 10
-14.30454648253421
 20
47.910143199743416
 10
-14.311624670712504
 20
47.82450782398312
 10
-14.318282576182487
 20
47.7389748651744
 10
-14.324516844199199
 20
47.65354599262338
 10
-14.330323972473275
 20
47.5682229200983
 10
-14.33570030135535
 20
47.48300740881525
 10
-14.340642003105057
 20
47.397901270702825
 10
-14.345145070132302
 20
47.312906371980176
 10
-14.349205302081325
 20
47.22802463708767
 10
-14.352818291608044
 20
47.143258053015934
 10
-14.355979408675939
 20
47.058608674086614
 10
-14.358683783167672
 20
46.974078627246485
 10
-14.360926285573402
 20
46.889670117948164
 10
-14.361310580777293
 20
46.87142262864748
 10
-14.3646535204964
 20
46.84888776425552
 10
-14.373520341381035
 20
46.8279250775085
 10
-14.387355515997045
 20
46.80984817471595
 10
-14.405292191199685
 20
46.79578980647635
 10
-14.426206491643196
 20
46.78663087502456
 10
-14.429548898280663
 20
46.785643845916425
 10
-14.49636911478346
 20
46.76581026786035
 10
-14.563162027171938
 20
46.74588473537652
 10
-14.629927507659858
 20
46.725867281468076
 10
-14.633264366261123
 20
46.724861764601414
 10
-14.655825184584952
 20
46.721051143406
 10
-14.678670359607365
 20
46.72294305984047
 10
-14.700368366499346
 20
46.730418864315304
 10
-14.71955955284526
 20
46.74301002830484
 10
-14.735041350023678
 20
46.759927526415
 10
-14.745645376558388
 20
46.77489561045799
 10
-14.795083651943234
 20
46.84387943872583
 10
-14.84497446346427
 20
46.91271044061998
 10
-14.895312301690641
 20
46.98138955067639
 10
-14.946091917336346
 20
47.04991762771331
 10
-14.997308301872325
 20
47.11829546045324
 10
-15.048956670069582
 20
47.18652377258507
 10
-15.101032444233562
 20
47.25460322733552
 10
-15.153531239925796
 20
47.32253443160977
 10
-15.20644885299793
 20
47.3903179397513
 10
-15.259781247787291
 20
47.45795425696507
 10
-15.313524546344624
 20
47.52544384244146
 10
-15.367675018580801
 20
47.592787112213884
 10
-15.400637372774554
 20
47.633388775587974
 10
-15.409254510487042
 20
47.64174114374384
 10
-15.419603802381397
 20
47.647832779368045
 10
-15.431093349286192
 20
47.65131529747102
 10
-15.443066038003984
 20
47.65198954453488
 10
-15.454837120325807
 20
47.64981698330828
 10
-15.500937731237514
 20
47.635443427352044
 10
-15.579607261624703
 20
47.61077702110834
 10
-15.658237462489279
 20
47.5859852780897
 10
-15.736828131974761
 20
47.56106825363539
 10
-15.782835838266465
 20
47.5464004637305
 10
-15.793700554051158
 20
47.54143615093794
 10
-15.803051289703363
 20
47.53403902271929
 10
-15.810353235436287
 20
47.524632147841515
 10
-15.815188752890808
 20
47.513753528156855
 10
-15.817281264338718
 20
47.50202533100979
 10
-15.820185375543645
 20
47.450119522227695
 10
-15.82457791399725
 20
47.36432661728379
 10
-15.82855351856179
 20
47.27864901338249
 10
-15.832108886949026
 20
47.19308848129423
 10
-15.835240570747429
 20
47.10764684073711
 10
-15.837944965702219
 20
47.02232596366099
 10
-15.840218301088731
 20
46.93712777783872
 10
-15.84205662806822
 20
46.85205427080174
 10
-15.843455806897788
 20
46.76710749416365
 10
-15.844411492846193
 20
46.68228956838196
 10
-15.844919120642814
 20
46.597602688016536
 10
-15.844973887258732
 20
46.51304912755274
 10
-15.844570732783268
 20
46.428631247869646
 10
-15.844383116468117
 20
46.410384824824554
 10
-15.847019069092088
 20
46.38776318975265
 10
-15.855226819930074
 20
46.36654298110709
 10
-15.86849214337538
 20
46.34805393541533
 10
-15.885983895548803
 20
46.333454619696084
 10
-15.906606079616541
 20
46.32365982321186
 10
-15.9099167401366
 20
46.322570835999855
 10
-15.976099146742818
 20
46.30069895030718
 10
-16.0422514117258
 20
46.27873588280628
 10
-16.108373407903446
 20
46.25668167009645
 10
-16.111677948066905
 20
46.25557435859858
 10
-16.134113880194995
 20
46.25107337162675
 10
-16.15701278656541
 20
46.25226213548106
 10
-16.178939769829725
 20
46.25906606108965
 10
-16.198520824952354
 20
46.27105872483383
 10
-16.21452895117327
 20
46.287488611020834
 10
-16.225599408047245
 20
46.30212031546564
 10
-16.27718718480601
 20
46.369536386182276
 10
-16.329222580166864
 20
46.4367857525746
 10
-16.38170011501477
 20
46.50386951559127
 10
-16.434614567951705
 20
46.570788692564996
 10
-16.487960956089047
 20
46.637544223423966
 10
-16.541734517752985
 20
46.704136976284914
 10
-16.59593069686558
 20
46.77056775250402
 10
-16.65054512879911
 20
46.83683729125144
 10
-16.70557362753064
 20
46.90294627366565
 10
-16.76101217394738
 20
46.96889532663524
 10
-16.816856905174497
 20
47.034685026250585
 10
-16.873104104813535
 20
47.100315900960695
 10
-16.90733050105212
 20
47.13987542884562
 10
-16.916207217528072
 20
47.147956947621154
 10
-16.92674482594345
 20
47.15372606490646
 10
-16.93834065744089
 20
47.15685283979517
 10
-16.950331521274876
 20
47.157158463785976
 10
-16.96203163113993
 20
47.15462548225175
 10
-17.007670531328575
 20
47.13884446354507
 10
-17.08554786503326
 20
47.111776212173545
 10
-17.163381994243657
 20
47.084583741124
 10
-17.24117271815284
 20
47.057267111466516
 10
-17.286709605943294
 20
47.04119454329642
 10
-17.297416128892007
 20
47.03589954406977
 10
-17.306532823543385
 20
47.02822001683066
 10
-17.313538265979734
 20
47.01859518388822
 10
-17.318031775505627
 20
47.00757551507131
 10
-17.319756334081916
 20
46.99579124656303
 10
-17.321033548629536
 20
46.943832828603846
 10
-17.322737184467936
 20
46.85796553758383
 10
-17.324027632613458
 20
46.77222633221102
 10
-17.324901646403138
 20
46.68661708329939
 10
-17.325355834610814
 20
46.60113971505731
 10
-17.325386651831973
 20
46.515796208667666
 10
-17.324990387971713
 20
46.4305886062024
 10
-17.32416315672601
 20
46.34551901491281
 10
-17.322900882929616
 20
46.26058961194238
 10
-17.32119928862382
 20
46.175802649517436
 10
-17.319053877673227
 20
46.09116046067905
 10
-17.316459918732587
 20
46.0066654656305
 10
-17.313412426329784
 20
45.92232017878788
 10
-17.312653279652736
 20
45.904092541890506
 10
-17.314579977806535
 20
45.881405967497976
 10
-17.3221210534598
 20
45.85994844093373
 10
-17.33480405875371
 20
45.84106456243474
 10
-17.35183433953747
 20
45.825937630506644
 10
-17.372144813768088
 20
45.815515486135936
 10
-17.37542057717382
 20
45.81432543886043
 10
-17.440902176283437
 20
45.79043329218333
 10
-17.50635081059247
 20
45.76645081666667
 10
-17.57176635360742
 20
45.74237805253602
 10
-17.575035428023966
 20
45.74116986106625
 10
-17.59732507144992
 20
45.7359817909145
 10
-17.62025579993353
 20
45.73646514213873
 10
-17.64239071672598
 20
45.742589528447546
 10
-17.66234278328157
 20
45.75397111169746
 10
-17.678861749003815
 20
45.769896674518
 10
-17.690387888393282
 20
45.78417727115738
 10
-17.744075087547564
 20
45.84995769744639
 10
-17.79820455637335
 20
45.91555768466611
 10
-17.852770851138196
 20
45.98097849941583
 10
-17.907768783155728
 20
46.04622131684775
 10
-17.963193399776387
 20
46.11128722746305
 10
-18.019039967271645
 20
46.17617724323128
 10
-18.075303955376338
 20
46.24089230311652
 10
-18.131981023289253
 20
46.30543327808253
 10
-18.189067006960357
 20
46.3698009756378
 10
-18.246557907516973
 20
46.43399614397332
 10
-18.304449880701778
 20
46.49801947573881
 10
-18.362739227212185
 20
46.561871611496784
 10
-18.39819645430907
 20
46.6003490007554
 10
-18.407324158673493
 20
46.608151407934756
 10
-18.41803992529799
 20
46.61359190769995
 10
-18.429730896453755
 20
46.6163593519692
 10
-18.44172844112685
 20
46.616295482292166
 10
-18.45334639224295
 20
46.61340397629877
 10
-18.4984800044445
 20
46.59622860940816
 10
-18.575490766717657
 20
46.5667810174897
 10
-18.652454470981148
 20
46.53721043367772
 10
-18.729370917617278
 20
46.50751692481798
 10
-18.77439346578112
 20
46.490052955783966
 10
-18.784931577879863
 20
46.48443188411046
 10
-18.79380556315225
 20
46.476476959430414
 10
-18.80050787947967
 20
46.466643157125446
 10
-18.80465518279473
 20
46.455492900955065
 10
-18.806010255030724
 20
46.443663897707616
 10
-18.805659882472003
 20
46.391703160056295
 10
-18.804673865229205
 20
46.305844606362584
 10
-18.803278801608787
 20
46.2201268120723
 10
-18.8014715037187
 20
46.13455174653009
 10
-18.79924864080224
 20
46.04912143687906
 10
-18.79660672973679
 20
45.963837971934
 10
-18.79354212464641
 20
45.87870350641616
 10
-18.790051005519665
 20
45.79372026559463
 10
-18.78612936570757
 20
45.7088905503847
 10
-18.781772998156523
 20
45.6242167429632
 10
-18.776977480207545
 20
45.539701312969186
 10
-18.771738156765256
 20
45.455346824370636
 10
-18.766050121605343
 20
45.37115594309159
 10
-18.764720361318535
 20
45.35296477691818
 10
-18.765936188616497
 20
45.33023513004112
 10
-18.772803568549584
 20
45.30856068131425
 10
-18.78489227025162
 20
45.2892996162198
 10
-18.80144487956877
 20
45.27365885882768
 10
-18.821424243712002
 20
45.26261843781931
 10
-18.82466197585443
 20
45.261328318288435
 10
-18.88938010920853
 20
45.23543575249674
 10
-18.954062470859647
 20
45.20945379185229
 10
-19.0187089350934
 20
45.183382480236865
 10
-19.021939413734973
 20
45.18207441327508
 10
-19.04406139497573
 20
45.17620315742392
 10
-19.067001896757258
 20
45.175979473200734
 10
-19.0893234048531
 20
45.18141727940109
 10
-19.109627185124225
 20
45.19217576504335
 10
-19.126640947060007
 20
45.20758076434336
 10
-19.13861154260482
 20
45.221495856267495
 10
-19.194345877866724
 20
45.28557429414869
 10
-19.25051670566317
 20
45.349458714116906
 10
-19.30711862270946
 20
45.41315054752671
 10
-19.364146477853776
 20
45.476651126528374
 10
-19.42159535328469
 20
45.53996169144304
 10
-19.47946054761028
 20
45.60308339740352
 10
-19.537737560576566
 20
45.66601732035129
 10
-19.59642207922758
 20
45.728764462468085
 10
-19.655509965337377
 20
45.79132575710811
 10
-19.714997243968067
 20
45.85370207328834
 10
-19.774880093028095
 20
45.915894219786416
 10
-19.83515483372161
 20
45.9779029488888
 10
-19.87180836993763
 20
46.015259216051305
 10
-19.881178195096226
 20
46.02277451044233
 10
-19.892061745477235
 20
46.02788059730579
 10
-19.903836567649606
 20
46.030285452768005
 10
-19.915829235817704
 20
46.029851554648445
 10
-19.927353863058958
 20
46.02660374326692
 10
-19.97193886473858
 20
46.008048394663824
 10
-20.048009118742808
 20
45.97624610457345
 10
-20.124028485453913
 20
45.94432216191732
 10
-20.199996766592832
 20
45.91227663936071
 10
-20.24446171552061
 20
45.89343590020618
 10
-20.25482130439901
 20
45.88749366248894
 10
-20.2634440943039
 20
45.87927058600125
 10
-20.269836910410838
 20
45.86923698475346
 10
-20.273634110023846
 20
45.8579667119785
 10
-20.274618498138025
 20
45.84610434058762
 10
-20.272641356804517
 20
45.794191527119004
 10
-20.26896743074531
 20
45.70842474735385
 10
-20.26488899220722
 20
45.62281127850526
 10
-20.260402915189232
 20
45.53735318684199
 10
-20.255505932661944
 20
45.4520526007887
 10
-20.250194627189316
 20
45.366911715089024
 10
-20.244465420675887
 20
45.28193279535723
 10
-20.238314563132093
 20
45.19711818306676
 10
-20.231738120334224
 20
45.11247030103013
 10
-20.22473196023582
 20
45.027991659434136
 10
-20.217291737964068
 20
44.943684862504426
 10
-20.20941287920692
 20
44.85955261588575
 10
-20.201090561763106
 20
44.77559773483935
 10
-20.199191637783024
 20
44.757460674008684
 10
-20.199695627860294
 20
44.734709840201894
 10
-20.205882879323124
 20
44.712839043912695
 10
-20.217365780674008
 20
44.69321876626242
 10
-20.233424877389897
 20
44.67707843049453
 10
-20.253053937921425
 20
44.665429360425954
 10
-20.256250523731417
 20
44.66404024695848
 10
-20.320142917106182
 20
44.63616891395041
 10
-20.383996750230725
 20
44.60820920175352
 10
-20.44781189826657
 20
44.5801611579349
 10
-20.45100067063735
 20
44.57875431051867
 10
-20.472933660902722
 20
44.57220438873114
 10
-20.49586176431473
 20
44.57127269561091
 10
-20.518348238844393
 20
44.576017516625015
 10
-20.53898401042856
 20
44.58614146974511
 10
-20.5564759851948
 20
44.60101015748391
 10
-20.568879341845577
 20
44.61454569606602
 10
-20.626606365437876
 20
44.67685742297726
 10
-20.68476367976263
 20
44.73896172177687
 10
-20.74334592704387
 20
44.80086018754363
 10
-20.802347998484652
 20
44.86255430847554
 10
-20.861765015709096
 20
44.92404547383816
 10
-20.92159231405268
 20
44.98533498112129
 10
-20.98182542747144
 20
45.04642404250209
 10
-21.04246007487476
 20
45.10731379069846
 10
-21.103492147714284
 20
45.16800528428453
 10
-21.164917698684615
 20
45.228499512529794
 10
-21.22673293141195
 20
45.28879739981535
 10
-21.28893419102271
 20
45.34889980967308
 10
-21.326748234217014
 20
45.38509703864659
 10
-21.33635104442014
 20
45.39231749073272
 10
-21.34739179649097
 20
45.397083682738035
 10
-21.359239046334284
 20
45.399123028472694
 10
-21.371215226552952
 20
45.39831890897012
 10
-21.382635394377658
 20
45.39471733813
 10
-21.426628749915114
 20
45.374797635739114
 10
-21.501685051811396
 20
45.3406674439028
 10
-21.57668666432312
 20
45.306417051200846
 10
-21.651633390668774
 20
45.27204653616
 10
-21.69549777482748
 20
45.25184492043261
 10
-21.705668841249956
 20
45.24558671653233
 10
-21.714032138203237
 20
45.2371029763298
 10
-21.72010933287168
 20
45.226878924137935
 10
-21.723552834211684
 20
45.21549930803109
 10
-21.72416567605192
 20
45.203614956679985
 10
-21.720564088006522
 20
45.151800225628726
 10
-21.71420648348096
 20
45.06620810329871
 10
-21.707449290133493
 20
44.98078170972918
 10
-21.7002894469459
 20
44.895523206411234
 10
-21.69272375384453
 20
44.81043482129874
 10
-21.68474886245455
 20
44.72551885325761
 10
-21.676361265991495
 20
44.640777676930625
 10
-21.66755728818492
 20
44.55621374806917
 10
-21.658333071112338
 20
44.47182960938992
 10
-21.648684561802284
 20
44.38762789702521
 10
-21.63860749744238
 20
44.303611347645734
 10
-21.62809738900064
 20
44.21978280634835
 10
-21.617149503035844
 20
44.136145235417025
 10
-21.614683395770733
 20
44.11807985012683
 10
-21.614475231160306
 20
44.09532971710152
 10
-21.61997651251736
 20
44.07328331389567
 10
-21.63084261301813
 20
44.05332211732728
 10
-21.646392726301922
 20
44.03669690347095
 10
-21.665652510861296
 20
44.02444937038465
 10
-21.668804856735832
 20
44.02296243253377
 10
-21.731809667723947
 20
43.99313580865563
 10
-21.794773150490492
 20
43.96322190356279
 10
-21.857695181175995
 20
43.93322076853525
 10
-21.860839158718385
 20
43.93171632697527
 10
-21.882561890668455
 20
43.92449288851965
 10
-21.905455319100962
 20
43.922852874319744
 10
-21.92808487048572
 20
43.92689895662601
 10
-21.949032503127146
 20
43.93637754326429
 10
-21.966985581911498
 20
43.95069468402466
 10
-21.97980954651798
 20
43.96383698565834
 10
-22.0394726984358
 20
44.02431897782572
 10
-22.099559518527588
 20
44.084580313112646
 10
-22.16006469958054
 20
44.14462274915266
 10
-22.220983179967597
 20
44.20444792910991
 10
-22.282310125341937
 20
44.26405739019384
 10
-22.344040912154593
 20
44.323452571326065
 10
-22.4061711127689
 20
44.38263482006403
 10
-22.468696481979286
 20
44.441605398871665
 10
-22.53161294476882
 20
44.5003654908137
 10
-22.59491658516378
 20
44.55891620473949
 10
-22.65860363606242
 20
44.61725858001411
 10
-22.72267046993183
 20
44.67539359084529
 10
-22.761607969900155
 20
44.7103949798727
 10
-22.771434368847725
 20
44.71731314228925
 10
-22.78262154205059
 20
44.72173428035626
 10
-22.794529671136107
 20
44.72340554059569
 10
-22.806477707430904
 20
44.72223135447416
 10
-22.81778231885473
 20
44.71827890048393
 10
-22.8611413138263
 20
44.69701174282839
 10
-22.935110771442897
 20
44.660582615274805
 10
-23.00902176792339
 20
44.62403485170913
 10
-23.08287410815245
 20
44.58736853655848
 10
-23.126095290749376
 20
44.56582320962426
 10
-23.13606795658394
 20
44.559254533807376
 10
-23.144163657791267
 20
44.55051785879536
 10
-23.149919367132217
 20
44.54011287708977
 10
-23.153005880778657
 20
44.52863468703678
 10
-23.153246649717595
 20
44.51673975718809
 10
-23.14802443518188
 20
44.46507314154643
 10
-23.138989859099752
 20
44.379738341477896
 10
-23.129561004483737
 20
44.29458154288987
 10
-23.119734878358265
 20
44.20960500069761
 10
-23.109508350801615
 20
44.12481104053107
 10
-23.098878145841063
 20
44.04020206346684
 10
-23.08784083149894
 20
43.95578055120217
 10
-23.076392808885476
 20
43.87154907172514
 10
-23.064530300218493
 20
43.78751028554369
 10
-23.052249335631164
 20
43.70366695254531
 10
-23.03954573860605
 20
43.620021939572425
 10
-23.026415109846774
 20
43.536578228810804
 10
-23.01285280936639
 20
43.45333892710689
 10
-23.009822026815776
 20
43.435362708833324
 10
-23.008902037690845
 20
43.41263515005735
 10
-23.013712101919083
 20
43.3904340339
 10
-23.023950905372548
 20
43.37015052339708
 10
-23.038976946785223
 20
43.35305558167764
 10
-23.057848719559
 20
43.34022033201332
 10
-23.06095375590495
 20
43.338636831253204
 10
-23.123009624846585
 20
43.3068802309676
 10
-23.185021420534273
 20
43.27503753034228
 10
-23.24698902019705
 20
43.24310878439539
 10
-23.250085138855184
 20
43.24150802695151
 10
-23.271576424462886
 20
43.233616857528105
 10
-23.294412815467084
 20
43.231268882879164
 10
-23.317163308562808
 20
43.23461113994966
 10
-23.33840228213019
 20
43.24343414545985
 10
-23.35679884636885
 20
43.25718503657636
 10
-23.370030819004764
 20
43.26992079912113
 10
-23.43157147969872
 20
43.3285118075737
 10
-23.493528769544344
 20
43.38686912462336
 10
-23.555897436936938
 20
43.444994669148294
 10
-23.618672472226397
 20
43.50289023806319
 10
-23.681849089681986
 20
43.560557515393505
 10
-23.74542271125324
 20
43.617998080446036
 10
-23.809388951904346
 20
43.675213415187436
 10
-23.873743606331637
 20
43.73220491092683
 10
-23.938482636902023
 20
43.78897387438425
 10
-24.003602162672028
 20
43.84552153321506
 10
-24.069098449366688
 20
43.9018490410517
 10
-24.134967900213447
 20
43.95795748211505
 10
-24.17499059320108
 20
43.99172738984677
 10
-24.185030932686495
 20
43.99833610764422
 10
-24.196353557692113
 20
44.00240736479771
 10
-24.20831090274925
 20
44.00370831659345
 10
-24.220219104794342
 20
44.00216457198788
 10
-24.23139711092522
 20
43.99786444487841
 10
-24.274079388512035
 20
43.975268009576446
 10
-24.34688972364379
 20
43.93657109636439
 10
-24.419637859564748
 20
43.89775722585829
 10
-24.492323603004387
 20
43.85882648842027
 10
-24.53485931277894
 20
43.83595589578332
 10
-24.54462382945013
 20
43.82908253751731
 10
-24.552444033670877
 20
43.82010089566016
 10
-24.55787265581085
 20
43.8095246751015
 10
-24.560599199832897
 20
43.79795877019243
 10
-24.560467704624603
 20
43.78606466833827
 10
-24.553630175917075
 20
43.734596036623444
 10
-24.54192780139891
 20
43.64960093999466
 10
-24.52983684182373
 20
43.5647959609638
 10
-24.51735437528334
 20
43.48018344597433
 10
-24.504477345167693
 20
43.39576581637722
 10
-24.491202551209934
 20
43.311545573441805
 10
-24.4775266396966
 20
43.2275253038345
 10
-24.463446092740238
 20
43.143707685622985
 10
-24.448957216496968
 20
43.06009549487175
 10
-24.43405612819154
 20
42.97669161290606
 10
-24.418738741791817
 20
42.893499034333
 10
-24.40300075214664
 20
42.81052087592386
 10
-24.38683761736977
 20
42.72776038647986
 10
-24.383245192007585
 20
42.709890733824246
 10
-24.38161435480352
 20
42.687207592250196
 10
-24.385728553173923
 20
42.66487279771014
 10
-24.395330076201873
 20
42.64428588124119
 10
-24.40981735252286
 20
42.62673680833926
 10
-24.428282630582096
 20
42.61332515054471
 10
-24.4313373145186
 20
42.61164644090161
 10
-24.492383418605083
 20
42.57798702933708
 10
-24.55338272984966
 20
42.54424278174046
 10
-24.614335126685788
 20
42.510413756890294
 10
-24.617380349627688
 20
42.50871805438941
 10
-24.638619099150894
 20
42.50016558263974
 10
-24.66137602473809
 20
42.49711069206007
 10
-24.684225099184538
 20
42.499744719302335
 10
-24.705734522788617
 20
42.50790256622171
 10
-24.72455646084729
 20
42.52107305745975
 10
-24.738183406863946
 20
42.53338937635143
 10
-24.801540953307693
 20
42.5900300013767
 10
-24.865307678110014
 20
42.64642410756047
 10
-24.9294783903063
 20
42.70257377357183
 10
-24.99404813701933
 20
42.75848094872407
 10
-25.059012185712003
 20
42.814147462600936
 10
-25.124366008207573
 20
42.869575033723905
 10
-25.190105266257913
 20
42.92476527737948
 10
-25.256225798473125
 20
42.97971971270824
 10
-25.32272360845239
 20
43.03443976914225
 10
-25.389594853978263
 20
43.08892679226537
 10
-25.456835837155523
 20
43.14318204916162
 10
-25.524442995391247
 20
43.19720673330692
 10
-25.565511440756765
 20
43.22971072384926
 10
-25.575755829845168
 20
43.23600314450622
 10
-25.587202758865004
 20
43.23972003483388
 10
-25.599197552640085
 20
43.24064881544739
 10
-25.611054206543898
 20
43.23873637926506
 10
-25.622094616678925
 20
43.23409212589382
 10
-25.664058216204428
 20
43.21018587725837
 10
-25.73563783054596
 20
43.16925452535529
 10
-25.807151544803933
 20
43.128208009359746
 10
-25.878599167740877
 20
43.08704642559808
 10
-25.92040753788226
 20
43.06287030027729
 10
-25.929954295308615
 20
43.05569834481307
 10
-25.937491309999704
 20
43.04647994121977
 10
-25.94258751002141
 20
43.03574233739802
 10
-25.94495141243085
 20
43.02409965998628
 10
-25.94444779703401
 20
43.0122177894351
 10
-25.936001752043662
 20
42.96099680676626
 10
-25.921643207288874
 20
42.87642344665807
 10
-25.906902150372286
 20
42.79205215216611
 10
-25.891775733439147
 20
42.70788535926693
 10
-25.87626097631076
 20
42.62392558297448
 10
-25.86035475768852
 20
42.540175422625346
 10
-25.84405380553783
 20
42.456637567657616
 10
-25.827354686551303
 20
42.37331480394382
 10
-25.81025379457554
 20
42.29021002074776
 10
-25.792747337866523
 20
42.207326218386115
 10
-25.774831325018752
 20
42.12466651668876
 10
-25.756501549384787
 20
42.04223416436734
 10
-25.737753571772352
 20
41.960032549421115
 10
-25.73360305722161
 20
41.94228675408767
 10
-25.731262993147144
 20
41.919669825973195
 10
-25.73467727909631
 20
41.89722251545364
 10
-25.743632060136353
 20
41.87635139541458
 10
-25.75756628692859
 20
41.85836423065549
 10
-25.77560685751767
 20
41.84438803635829
 10
-25.778608175736583
 20
41.84261556496754
 10
-25.838584286269857
 20
41.80708236898084
 10
-25.898510912464115
 20
41.77146568515854
 10
-25.95838793407938
 20
41.735765576058064
 10
-25.961379254576677
 20
41.73397639243561
 10
-25.98234449663131
 20
41.72476969591175
 10
-26.004999484755754
 20
41.72100962829128
 10
-26.02792457651803
 20
41.72293171738589
 10
-26.049683208754978
 20
41.730415482726805
 10
-26.068911933598397
 20
41.742991995445095
 10
-26.082920396395878
 20
41.75487637942729
 10
-26.14803226148562
 20
41.8095091432662
 10
-26.213545447479337
 20
41.863882780754004
 10
-26.279454829067696
 20
41.91799952875088
 10
-26.345755514927696
 20
41.971861487477895
 10
-26.4124428302808
 20
42.02547063068685
 10
-26.479512301187963
 20
42.07882881481716
 10
-26.546959640366225
 20
42.13193778726539
 10
-26.614780734343285
 20
42.18479919387454
 10
-26.682971631792512
 20
42.23741458573498
 10
-26.75152853291304
 20
42.289785425375904
 10
-26.820447779738156
 20
42.341913092415695
 10
-26.88972584727091
 20
42.39379888872977
 10
-26.93179946626558
 20
42.425003775534975
 10
-26.94223778099737
 20
42.43097335868365
 10
-26.95379769868044
 20
42.43433174597546
 10
-26.965818081404574
 20
42.434886859937336
 10
-26.977611461094906
 20
42.432606962933484
 10
-26.988503353372714
 20
42.42762246978732
 10
-27.029706750945774
 20
42.40242716527974
 10
-27.09998479561625
 20
42.35929692946709
 10
-27.170193280241985
 20
42.31605343775197
 10
-27.240332015816477
 20
42.27269679244761
 10
-27.28137162497899
 20
42.24723616116184
 10
-27.290691160988448
 20
42.23977198984313
 10
-27.297937509823942
 20
42.23032526463746
 10
-27.302696224958527
 20
42.219436293625876
 10
-27.304695126276272
 20
42.207727862820285
 10
-27.303819869646173
 20
42.19586961549954
 10
-27.293773584856368
 20
42.144945704922506
 10
-27.276772941252354
 20
42.06087570228764
 10
-27.259396233688552
 20
41.977019533681144
 10
-27.241640691306802
 20
41.893379722517906
 10
-27.223503413435253
 20
41.80995887531268
 10
-27.204981360960293
 20
41.726759687235365
 10
-27.186071346893918
 20
41.64378494818473
 10
-27.166770026037725
 20
41.561037549445174
 10
-27.14707388363043
 20
41.47852049099853
 10
-27.126979222846764
 20
41.396236889576784
 10
-27.106482150994754
 20
41.31418998755452
 10
-27.085578564232843
 20
41.23238316279555
 10
-27.06426413059699
 20
41.1508199395901
 10
-27.05955959810177
 20
41.133215172477236
 10
-27.056512571543195
 20
41.11068619126164
 10
-27.05922350473375
 20
41.088147642113825
 10
-27.067522613508643
 20
41.06701180648672
 10
-27.080889929410645
 20
41.04860302759626
 10
-27.098487868170952
 20
41.034074732219
 10
-27.10143283995236
 20
41.032210039789774
 10
-27.160279382705163
 20
40.994833957173434
 10
-27.219073780496345
 20
40.957375819171254
 10
-27.277815914540856
 20
40.919835692133525
 10
-27.280750359002884
 20
40.917954584880285
 10
-27.3014212617159
 20
40.90810139535294
 10
-27.323951818918317
 20
40.90363859372842
 10
-27.346930182996868
 20
40.9048457462558
 10
-27.368916453294613
 20
40.91164717812904
 10
-27.38853292112466
 20
40.923616723859205
 10
-27.40290903562536
 20
40.935057110294046
 10
-27.469710770843022
 20
40.98762652787678
 10
-27.536905568389102
 20
41.03992444436561
 10
-27.604488373604223
 20
41.09195325306334
 10
-27.672454361482423
 20
41.143715203466364
 10
-27.74079891955206
 20
41.1952124119696
 10
-27.80951763246128
 20
41.2464468715052
 10
-27.87860626805717
 20
41.297420460246926
 10
-27.94806076477773
 20
41.348134949493556
 10
-28.017877220202784
 20
41.39859201082761
 10
-28.088051880630452
 20
41.44879322263247
 10
-28.158581131564773
 20
41.498740076039965
 10
-28.22946148901519
 20
41.54843398037017
 10
-28.272498605632176
 20
41.57830786883556
 10
-28.283120499241196
 20
41.58394839566289
 10
-28.2947819341416
 20
41.58694450168469
 10
-28.306815965594083
 20
41.58712482746693
 10
-28.318534344788905
 20
41.58447906893454
 10
-28.329266877384477
 20
41.57915856456944
 10
-28.3696690285983
 20
41.55269625986112
 10
-28.438575477170897
 20
41.50740491124613
 10
-28.507408750537945
 20
41.46200233027619
 10
-28.57616866213061
 20
41.4164886252666
 10
-28.61639857749152
 20
41.389765813182976
 10
-28.625481587702197
 20
41.38201610342346
 10
-28.63243001845778
 20
41.37234972934511
 10
-28.63684646352117
 20
41.36131956306333
 10
-28.638478319452975
 20
41.349556468119346
 10
-28.637232235301582
 20
41.3377332163727
 10
-28.625595458368682
 20
41.28715552037106
 10
-28.605969217849488
 20
41.20367002032153
 10
-28.585973732413493
 20
41.12040993159843
 10
-28.565606311095056
 20
41.037377862859685
 10
-28.5448641357562
 20
40.95457650985405
 10
-28.523744252635023
 20
40.87200866124132
 10
-28.502243563105797
 20
40.78967720495624
 10
-28.48035881355449
 20
40.70758513518259
 10
-28.45808658425835
 20
40.6257355600141
 10
-28.435423277140526
 20
40.5441317098914
 10
-28.41236510224973
 20
40.46277694691853
 10
-28.388908062790055
 20
40.38167477517945
 10
-28.365047938495387
 20
40.30082885219671
 10
-28.359793973192026
 20
40.28338214958543
 10
-28.356042890009316
 20
40.26096276978676
 10
-28.358047640569936
 20
40.238354361243275
 10
-28.365682688012853
 20
40.216973574384596
 10
-28.37846966973392
 20
40.19816009270714
 10
-28.395607359833946
 20
40.18309269541049
 10
-28.39849304021207
 20
40.18113741658028
 10
-28.456151158794086
 20
40.14195122305458
 10
-28.513754505582405
 20
40.102684491102636
 10
-28.57130296338089
 20
40.06333729087628
 10
-28.57417759453849
 20
40.06136591137236
 10
-28.594533487746858
 20
40.05087461935866
 10
-28.616917122923656
 20
40.04571223986473
 10
-28.639925857198595
 20
40.04620218011598
 10
-28.66211788823539
 20
40.05231371359808
 10
-28.682102618071973
 20
40.063663911976676
 10
-28.696832124879293
 20
40.07464868169286
 10
-28.765257466135285
 20
40.125101329222026
 10
-28.83406721600996
 20
40.17527034649478
 10
-28.90325639546319
 20
40.225158281356876
 10
-28.97282025054615
 20
40.27476753080384
 10
-29.042754235621956
 20
40.324100352211666
 10
-29.11305399825729
 20
40.373158873448844
 10
-29.18371536557747
 20
40.421945102008536
 10
-29.254734331909148
 20
40.47046093327887
 10
-29.326107047557983
 20
40.518708158053585
 10
-29.3978298085922
 20
40.56668846936902
 10
-29.46989904751897
 20
40.61440346874394
 10
-29.542311324756533
 20
40.66185467188636
 10
-29.586269208593194
 20
40.69036700053298
 10
-29.59706412222421
 20
40.69567258282212
 10
-29.608815458822754
 20
40.698302995176896
 10
-29.620851130970763
 20
40.6981077914242
 10
-29.63248279571504
 20
40.695098143438855
 10
-29.643045218557972
 20
40.689446200496214
 10
-29.682605603169034
 20
40.661740252897175
 10
-29.750071328074057
 20
40.614327784620166
 10
-29.817460311472683
 20
40.56680622310569
 10
-29.884772369449113
 20
40.519175682677485
 10
-29.924152191729
 20
40.4912143164829
 10
-29.932989539876097
 20
40.48318604135311
 10
-29.93963303266232
 20
40.47330892103694
 10
-29.943702705722874
 20
40.462147882379305
 10
-29.944965789935626
 20
40.45034127595574
 10
-29.94335002645608
 20
40.438564364314175
 10
-29.930133968338264
 20
40.388381706446026
 10
-29.907901049984858
 20
40.305561314760475
 10
-29.88530607176567
 20
40.22297770908727
 10
-29.862346425451975
 20
40.14063358103133
 10
-29.839019378413536
 20
40.05853171320331
 10
-29.815322065351967
 20
39.97667498529993
 10
-29.791251479262968
 20
39.89506638075229
 10
-29.766804461533503
 20
39.813708994011485
 10
-29.741977691064793
 20
39.732606038551765
 10
-29.716767672295067
 20
39.65176085568426
 10
-29.691170721975226
 20
39.571176924289595
 10
-29.66518295452663
 20
39.49085787159511
 10
-29.638800265779526
 20
39.41080748514517
 10
-29.63300196276684
 20
39.39353573496747
 10
-29.628550368475423
 20
39.37124751606516
 10
-29.629846721403077
 20
39.34859071593179
 10
-29.636809870011827
 20
39.32698500890647
 10
-29.649003547995676
 20
39.307784163983676
 10
-29.6656637001264
 20
39.29219122682511
 10
-29.668487183199762
 20
39.290147090385915
 10
-29.72489880529798
 20
39.24918544402415
 10
-29.781253065602456
 20
39.208144860838615
 10
-29.837549848645406
 20
39.16702541478556
 10
-29.840361768877575
 20
39.16496550850406
 10
-29.860382167327305
 20
39.153845166899195
 10
-29.882596416578814
 20
39.1479870867829
 10
-29.905612486744825
 20
39.14775827365284
 10
-29.92798811790108
 20
39.15317304581286
 10
-29.948321212074994
 20
39.16389214180264
 10
-29.963389472295386
 20
39.174410133440915
 10
-30.033370408853
 20
39.22269471463424
 10
-30.10372671163151
 20
39.270683794759215
 10
-30.174453482149307
 20
39.31838007415149
 10
-30.24554604222739
 20
39.36578609538334
 10
-30.316999917566694
 20
39.412904255010375
 10
-30.38881082296097
 20
39.45973681414812
 10
-30.46097464894203
 20
39.50628590802379
 10
-30.53348744968482
 20
39.552553554626776
 10
-30.606345432023986
 20
39.59854166256406
 10
-30.679544945454285
 20
39.64425203821171
 10
-30.753082473005332
 20
39.68968639224105
 10
-30.826954622894814
 20
39.734846345588046
 10
-30.87178953396184
 20
39.76196792569347
 10
-30.882746707869973
 20
39.76693301447066
 10
-30.894576199127947
 20
39.769194694003055
 10
-30.9066014493185
 20
39.768623605270584
 10
-30.918134711061377
 20
39.76525241643347
 10
-30.928516378051807
 20
39.75927395317491
 10
-30.967195046538293
 20
39.730349023195814
 10
-31.03315189866663
 20
39.68085765293511
 10
-31.099028496067945
 20
39.63125944415995
 10
-31.16482465770305
 20
39.58155451719905
 10
-31.203314568043332
 20
39.55237952626335
 10
-31.21189729672702
 20
39.54407995363162
 10
-31.218229072548922
 20
39.53400121651422
 10
-31.221947760808483
 20
39.52271977420043
 10
-31.22284066779473
 20
39.51088086544942
 10
-31.220856707343884
 20
39.49916160235613
 10
-31.20607403396535
 20
39.44942244895856
 10
-31.181255759824282
 20
39.367347168714346
 10
-31.156082971663988
 20
39.28551983508106
 10
-31.130553146781025
 20
39.20394322021331
 10
-31.104663640968987
 20
39.12262019110611
 10
-31.078411680444926
 20
39.04155371593026
 10
-31.05179435302325
 20
38.96074687095887
 10
-31.02480859844449
 20
38.88020284815822
 10
-30.99745119775296
 20
38.799924963526024
 10
-30.969718761599683
 20
38.71991666627427
 10
-30.94160771732777
 20
38.64018154896924
 10
-30.913114294672695
 20
38.56072335876009
 10
-30.88423450988184
 20
38.48154600984998
 10
-30.877897470086538
 20
38.46446593802198
 10
-30.87274954791334
 20
38.44233032829144
 10
-30.87333590761349
 20
38.419646679338165
 10
-30.879619882197492
 20
38.3978363397182
 10
-30.89120775690838
 20
38.378265893130944
 10
-30.90737343009161
 20
38.362161539330806
 10
-30.910131852468414
 20
38.36003036831074
 10
-30.96523975879412
 20
38.317329811059764
 10
-31.02028775331661
 20
38.27455200322534
 10
-31.075275722440963
 20
38.231697022564475
 10
-31.078022077235516
 20
38.22955042912824
 10
-31.09768670472316
 20
38.2178107558299
 10
-31.119709157223713
 20
38.21126158042082
 10
-31.14270942276173
 20
38.21031321828525
 10
-31.16524623455892
 20
38.21502508228892
 10
-31.185907400080463
 20
38.225101962629324
 10
-31.201299410785207
 20
38.23514248644665
 10
-31.272766257154267
 20
38.28120989625848
 10
-31.344599045576427
 20
38.32697020524717
 10
-31.416792963032357
 20
38.37242626402972
 10
-31.489343411793136
 20
38.41758075868453
 10
-31.562245993371043
 20
38.46243622300384
 10
-31.635496494068484
 20
38.5069950495258
 10
-31.709090871927174
 20
38.55125949949709
 10
-31.783025244907833
 20
38.59523171189622
 10
-31.85729588015667
 20
38.63891371162689
 10
-31.93189918423307
 20
38.68230741697744
 10
-32.00683169419174
 20
38.72541464642792
 10
-32.082090069425526
 20
38.768237124876585
 10
-32.127757304826346
 20
38.793940178441545
 10
-32.13886579003792
 20
38.7985595721954
 10
-32.150761570457675
 20
38.800449859896226
 10
-32.16276429513248
 20
38.79950292184391
 10
-32.17418750431382
 20
38.79577292046842
 10
-32.18437788600509
 20
38.789473201772736
 10
-32.22213550788022
 20
38.75935525259746
 10
-32.286516399172676
 20
38.70782942149212
 10
-32.350813579966754
 20
38.656199122040015
 10
-32.41502687233071
 20
38.60446448056088
 10
-32.452587680899676
 20
38.57410209597081
 10
-32.46090702272312
 20
38.56553878714461
 10
-32.46692055233881
 20
38.5552677859501
 10
-32.47028433820443
 20
38.54387654905725
 10
-32.470805986218686
 20
38.53201659651682
 10
-32.46845564494832
 20
38.520366245987205
 10
-32.45212046837565
 20
38.47111866789291
 10
-32.42474054845745
 20
38.389867836134115
 10
-32.39701401555867
 20
38.30887588605887
 10
-32.368938435228735
 20
38.22814566787313
 10
-32.34051125453813
 20
38.14768013037371
 10
-32.31172979420648
 20
38.06748232753261
 10
-32.28259123999696
 20
37.987555425695916
 10
-32.25309263328672
 20
37.90790271147311
 10
-32.223230860710096
 20
37.8285276004028
 10
-32.19300264275375
 20
37.74943364649674
 10
-32.16240452116493
 20
37.670624552778094
 10
-32.13143284500933
 20
37.59210418295119
 10
-32.10008375518758
 20
37.5138765743627
 10
-32.09321408101893
 20
37.497004731166975
 10
-32.08737464981674
 20
37.47504305143468
 10
-32.08725004474984
 20
37.45235415743014
 10
-32.09284814352415
 20
37.43035971848137
 10
-32.10381820229909
 20
37.41043784686222
 10
-32.11947282544467
 20
37.39383675807455
 10
-32.122163369814025
 20
37.39162046965843
 10
-32.175911265553914
 20
37.34721942563416
 10
-32.22959674273753
 20
37.302742901747415
 10
-32.283219689791956
 20
37.25819097954508
 10
-32.285897671330275
 20
37.25595963262035
 10
-32.30518648571808
 20
37.243611012040574
 10
-32.32699481054002
 20
37.236376080573926
 10
-32.34995605166314
 20
37.234708129058646
 10
-32.372631391136515
 20
37.23871166727224
 10
-32.3935999618991
 20
37.24813587610121
 10
-32.40930037219901
 20
37.25768872719643
 10
-32.482181842873786
 20
37.30149211284564
 10
-32.5554194570643
 20
37.34497708159485
 10
-32.62900849207637
 20
37.388146631976284
 10
-32.70294443527376
 20
37.43100359135375
 10
-32.777222968418805
 20
37.47355062866993
 10
-32.851839953572515
 20
37.51579026592392
 10
-32.926791420360416
 20
37.55772488853645
 10
-33.00207355443971
 20
37.599356754737244
 10
-33.07768268702625
 20
37.64068800408951
 10
-33.153615285359535
 20
37.681720665250616
 10
-33.229867944001505
 20
37.72245666305415
 10
-33.30643737687749
 20
37.76289782498769
 10
-33.352891319272636
 20
37.787156020921934
 10
-33.36413998968443
 20
37.79142487336342
 10
-33.37609008884748
 20
37.79294149673372
 10
-33.3880581577471
 20
37.791619140729196
 10
-33.39935971785698
 20
37.7875334374194
 10
-33.40934841456773
 20
37.78091807518932
 10
-33.44614632830127
 20
37.74963436984697
 10
-33.50888531707164
 20
37.69612073747809
 10
-33.571537201525004
 20
37.64250512199995
 10
-33.63410180707452
 20
37.588787655697615
 10
-33.67069500325082
 20
37.557265406953185
 10
-33.678742392311825
 20
37.54844621477092
 10
-33.684431405357174
 20
37.53799252153006
 10
-33.68743667267638
 20
37.526502233668424
 10
-33.6875863067231
 20
37.5146325379288
 10
-33.68487173414813
 20
37.5030623111277
 10
-33.66699960324644
 20
37.454353945343435
 10
-33.63708411965191
 20
37.37400616970173
 10
-33.606830273302066
 20
37.29392797390409
 10
-33.576235720661096
 20
37.214122283609
 10
-33.54529800286148
 20
37.134592126727576
 10
-33.514014538042346
 20
37.05534064025085
 10
-33.48238261297302
 20
36.97637107771466
 10
-33.450399373875186
 20
36.89768681737998
 10
-33.4180618163419
 20
36.81929137121895
 10
-33.38536677423731
 20
36.741188394810784
 10
-33.35231090744061
 20
36.66338169826927
 10
-33.31889068827582
 20
36.585875258343016
 10
-33.28510238644134
 20
36.50867323185505
 10
-33.2777066772259
 20
36.49202597835902
 10
-33.27118118922547
 20
36.470259405648875
 10
-33.27034527662106
 20
36.44758691698614
 10
-33.27525138259388
 20
36.42542914617153
 10
-33.285592116994835
 20
36.405174433301084
 10
-33.300719511132776
 20
36.388091845792935
 10
-33.30333940994963
 20
36.38579245106678
 10
-33.355671998487104
 20
36.339731221323966
 10
-33.407939708333544
 20
36.293596366597974
 10
-33.460142430091224
 20
36.24738797220696
 10
-33.462749280945
 20
36.245073899219214
 10
-33.48164249997089
 20
36.232127382584785
 10
-33.50321447378487
 20
36.22421277278205
 10
-33.52611341928751
 20
36.22182595533569
 10
-33.54890442623232
 20
36.225116491356786
 10
-33.57015938600595
 20
36.23387824494944
 10
-33.58615251370934
 20
36.24293371587594
 10
-33.66037580061272
 20
36.284428535017035
 10
-33.73494506601756
 20
36.32559391737026
 10
-33.809855682370646
 20
36.36643300685789
 10
-33.88510322672762
 20
36.40694876975666
 10
-33.960683465499564
 20
36.44714400792855
 10
-34.03659234071875
 20
36.487021370733515
 10
-34.11282595763454
 20
36.52658336578781
 10
-34.18938057347968
 20
36.56583236870735
 10
-34.266252587268596
 20
36.6047706319555
 10
-34.34343853050975
 20
36.64340029289798
 10
-34.42093505872975
 20
36.68172338115366
 10
-34.498738943720916
 20
36.719741825317804
 10
-34.54593311148392
 20
36.74253031373669
 10
-34.55731067637499
 20
36.74644414107023
 10
-34.56930303292468
 20
36.74758521990632
 10
-34.58122430374373
 20
36.745888276992474
 10
-34.59239268581369
 20
36.74145036656528
 10
-34.60216944112785
 20
36.73452531949449
 10
-34.63796970550749
 20
36.70210441553507
 10
-34.69900208421107
 20
36.646651850631756
 10
-34.75994403135377
 20
36.59109990232081
 10
-34.82079537593673
 20
36.535448708814634
 10
-34.85638317989872
 20
36.50279541799471
 10
-34.864150263593594
 20
36.4937284843212
 10
-34.869508757935606
 20
36.483101885882
 10
-34.872152198363736
 20
36.47152341897889
 10
-34.87192939321371
 20
36.459655315096285
 10
-34.86885307170318
 20
36.44817636181658
 10
-34.84946096223187
 20
36.40005437311761
 10
-34.817038352340354
 20
36.32068746831238
 10
-34.784285972688274
 20
36.24160059328307
 10
-34.751201573245346
 20
36.1627967464422
 10
-34.71778279191832
 20
36.08427903202351
 10
-34.684027147106995
 20
36.00605066714636
 10
-34.64993202956613
 20
35.92811498953948
 10
-34.61549469348852
 20
35.850475466005285
 10
-34.58071224671082
 20
35.77313570171757
 10
-34.54558163992899
 20
35.6960994504607
 10
-34.51009965479098
 20
35.61937062593614
 10
-34.474262890712566
 20
35.542953314282464
 10
-34.43806775023577
 20
35.46685178798078
 10
-34.430153097421446
 20
35.450445282479244
 10
-34.42294763579656
 20
35.42889483352395
 10
-34.42140070639078
 20
35.406260432390226
 10
-34.42560929898231
 20
35.38396031912379
 10
-34.43530972257324
 20
35.363391747031194
 10
-34.44989412367667
 20
35.345843446681755
 10
-34.45244066294739
 20
35.34346305018753
 10
-34.503303721590164
 20
35.2957838036864
 10
-34.55409949147093
 20
35.24803287074029
 10
-34.604827865523525
 20
35.20021034041199
 10
-34.60736088245
 20
35.19781566207025
 10
-34.625839010243624
 20
35.18428296642072
 10
-34.647152545809064
 20
35.17569549773843
 10
-34.66996590174043
 20
35.17259130892893
 10
-34.69284953576573
 20
35.17516491847558
 10
-34.71436954193052
 20
35.18325511904934
 10
-34.7306393907531
 20
35.191804011781215
 10
-34.806130243238975
 20
35.23094808766506
 10
-34.88195655112736
 20
35.26975201543869
 10
-34.95811378676847
 20
35.3082190817287
 10
-35.03459762145962
 20
35.34635238919927
 10
-35.11140391061356
 20
35.38415487025419
 10
-35.18852868040404
 20
35.42162929937412
 10
-35.26596811570487
 20
35.458778304258345
 10
-35.343718549166795
 20
35.495604375915235
 10
-35.42177645129796
 20
35.53210987782534
 10
-35.500138421433164
 20
35.56829705428331
 10
-35.57880117949229
 20
35.60416803801059
 10
-35.657761558442104
 20
35.639724857118374
 10
-35.705648657405185
 20
35.661020301649174
 10
-35.71714367433339
 20
35.66457498932699
 10
-35.72916615036622
 20
35.6653390408916
 10
-35.74102848381768
 20
35.663268745077126
 10
-35.75205224129796
 20
35.65848250778369
 10
-35.761606955905485
 20
35.651254080439244
 10
-35.79637240265104
 20
35.617725821932495
 10
-35.855634787777475
 20
35.56038538849679
 10
-35.91480348539698
 20
35.50294828496773
 10
-35.973878328346565
 20
35.44541465543368
 10
-36.0084237438767
 20
35.41166042865415
 10
-36.01590239497015
 20
35.40235418123752
 10
-36.02092464624693
 20
35.39156467422903
 10
-36.02320326571172
 20
35.37990902188868
 10
-36.02260792891984
 20
35.36805387152291
 10
-36.019172673094374
 20
35.3566772715513
 10
-35.99827897719517
 20
35.30918831395246
 10
-35.96338001583772
 20
35.23087923810597
 10
-35.92816021364587
 20
35.152860382510234
 10
-35.89261741660995
 20
35.07513481553459
 10
-35.85674936204466
 20
34.99770571484085
 10
-35.82055367137061
 20
34.92057637467843
 10
-35.78402784222329
 20
34.843750213859934
 10
-35.747169239806254
 20
34.76723078450151
 10
-35.70997508739422
 20
34.69102178162381
 10
-35.672442455875526
 20
34.61512705372513
 10
-35.63456825220605
 20
34.5395506144565
 10
-35.59634920662511
 20
34.46429665554971
 10
-35.557781858458085
 20
34.38936956117632
 10
-35.54935584057364
 20
34.373219745647624
 10
-35.54147711679109
 20
34.35190626024214
 10
-35.53922009953686
 20
34.32933164529007
 10
-35.54272626636069
 20
34.30691038788259
 10
-35.551775932825734
 20
34.28604732687819
 10
-35.56580201513202
 20
34.26804964291717
 10
-35.568272538286266
 20
34.265590442004964
 10
-35.61761299570954
 20
34.21633720252285
 10
-35.66688380787866
 20
34.167014298106
 10
-35.71608487021864
 20
34.11762182152625
 10
-35.71854140804022
 20
34.11514875114307
 10
-35.73658526224766
 20
34.101042256944055
 10
-35.75761843759859
 20
34.09178949241044
 10
-35.78032291667473
 20
34.08797020387075
 10
-35.80327598499274
 20
34.089823724467415
 10
-35.82503939296002
 20
34.09723397300585
 10
-35.84156967025191
 20
34.105267610227884
 10
-35.91825247750664
 20
34.142021183709694
 10
-35.99525986787771
 20
34.17842421854012
 10
-36.0725874183216
 20
34.214480141202955
 10
-36.15023089887143
 20
34.25019218806995
 10
-36.22818625824262
 20
34.285563419561946
 10
-36.306449610872406
 20
34.32059673289923
 10
-36.385017225214746
 20
34.3552948736163
 10
-36.46388551313911
 20
34.38966044599049
 10
-36.54305102030368
 20
34.42369592251185
 10
-36.622510417390664
 20
34.45740365250454
 10
-36.702260492108
 20
34.49078586999448
 10
-36.78229814187336
 20
34.523844700905585
 10
-36.83083011855448
 20
34.54362530890986
 10
-36.84243100660778
 20
34.54681711784432
 10
-36.85447140243437
 20
34.54720306139098
 10
-36.866262677677256
 20
34.54476105222693
 10
-36.87713046165025
 20
34.53963075423315
 10
-36.88645320747777
 20
34.532105595412204
 10
-36.92014749490346
 20
34.49750110210824
 10
-36.97757791864341
 20
34.438326040683776
 10
-37.034911475033475
 20
34.37905713498193
 10
-37.092148000998
 20
34.31969453490207
 10
-37.125614869294765
 20
34.284870750908176
 10
-37.13279719820549
 20
34.27533389955991
 10
-37.13747776950745
 20
34.264391684774985
 10
-37.13938889473137
 20
34.25266995518698
 10
-37.138421269626896
 20
34.240839138442155
 10
-37.13463022564428
 20
34.229575892799936
 10
-37.11225474066714
 20
34.182766070870336
 10
-37.07491252119627
 20
34.105590861585064
 10
-37.03725871848232
 20
34.02871579244805
 10
-36.99929127697024
 20
33.95214399889075
 10
-36.96100803593261
 20
33.875878729007184
 10
-36.922406722484475
 20
33.799923351072565
 10
-36.88348494394745
 20
33.724281361763495
 10
-36.84424017948256
 20
33.64895639516641
 10
-36.80466977090052
 20
33.57395223267269
 10
-36.764770912542254
 20
33.499272813875976
 10
-36.7245406401064
 20
33.42492224860505
 10
-36.68397581827876
 20
33.35090483024812
 10
-36.64307312699417
 20
33.277225050551635
 10
-36.63414380434913
 20
33.26134763712016
 10
-36.62559915527148
 20
33.24029176129798
 10
-36.62263362196649
 20
33.21779863178173
 10
-36.62543307069808
 20
33.19527762352624
 10
-36.63382209221034
 20
33.17413982110267
 10
-36.647274991939895
 20
33.155709618516624
 10
-36.64966690377291
 20
33.15317390248312
 10
-36.697432918863015
 20
33.10239253124748
 10
-36.74512698935629
 20
33.05154359867517
 10
-36.79274901333027
 20
33.00062720120275
 10
-36.7951264888818
 20
32.99807804379952
 10
-36.81271722829451
 20
32.98341079109741
 10
-36.8334483165189
 20
32.97350103766484
 10
-36.85602066818118
 20
32.96896970262193
 10
-36.87901985405552
 20
32.9701007420252
 10
-36.90100474231959
 20
32.976823350078426
 10
-36.91777887727449
 20
32.98433358577086
 10
-36.9955767529491
 20
33.01865936403459
 10
-37.0736879996737
 20
33.05262454591426
 10
-37.15210830364709
 20
33.08623269474157
 10
-37.230833538069824
 20
33.11948717776149
 10
-37.30985974920312
 20
33.15239118073895
 10
-37.3891831438156
 20
33.1849477211108
 10
-37.46880007784637
 20
33.21715965986305
 10
-37.54870704613708
 20
33.24902971228789
 10
-37.628900673107964
 20
33.28056045775164
 10
-37.7093777042686
 20
33.311754348587804
 10
-37.79013499847128
 20
33.34261371821214
 10
-37.87116952082477
 20
33.3731407885458
 10
-37.92029761702126
 20
33.39138633917199
 10
-37.931992670391786
 20
33.394211911382776
 10
-37.94403873962596
 20
33.39421907200476
 10
-37.95574687000749
 20
33.39140739641378
 10
-37.96644744468406
 20
33.385937689504246
 10
-37.975528479260426
 20
33.37812278982927
 10
-38.008116146765126
 20
33.342474443338276
 10
-38.06365415007417
 20
33.28152014718078
 10
-38.119092187160355
 20
33.220474943681914
 10
-38.17443009928973
 20
33.15933898847267
 10
-38.206783153564295
 20
33.123478284226785
 10
-38.21366152081239
 20
33.11371981629206
 10
-38.21799527245483
 20
33.10263529245979
 10
-38.21953655749431
 20
33.09085870083099
 10
-38.21819722611162
 20
33.079063607781514
 10
-38.214053870820365
 20
33.06792462983066
 10
-38.19021778742794
 20
33.021839459826815
 10
-38.15046770158647
 20
32.945873169984296
 10
-38.110415611057725
 20
32.87021665861862
 10
-38.07005956108901
 20
32.79487312523341
 10
-38.02939749537157
 20
32.7198458852592
 10
-37.988427249296215
 20
32.64513837778866
 10
-37.94714654258067
 20
32.57075417403387
 10
-37.90555297119108
 20
32.496696986594074
 10
-37.86364399846918
 20
32.422970679635924
 10
-37.82141694536186
 20
32.34957928010483
 10
-37.778868979634105
 20
32.27652699010415
 10
-37.73599710392514
 20
32.20381820060344
 10
-37.6927981424844
 20
32.131457506663196
 10
-37.68337405159227
 20
32.115867964061955
 10
-37.67417143629892
 20
32.09509013307919
 10
-37.67049960607151
 20
32.07270017242483
 10
-37.672588676322704
 20
32.05010098677808
 10
-37.680307742066184
 20
32.02870855532511
 10
-37.69317308143145
 20
32.009863225869836
 10
-37.695483852100175
 20
32.007253374873166
 10
-37.74162489386324
 20
31.95499154872164
 10
-37.78769175244636
 20
31.902664345830285
 10
-37.83368432874249
 20
31.85027186624643
 10
-37.83598022487018
 20
31.847649017433753
 10
-37.85309937744575
 20
31.832434700488715
 10
-37.8735068769507
 20
31.821877007838808
 10
-37.89592391797281
 20
31.8166374641678
 10
-37.91894580974467
 20
31.817044407482502
 10
-37.94113000550581
 20
31.82307240790518
 10
-37.95813116781419
 20
31.830051637198206
 10
-38.03696603671168
 20
31.861914839077517
 10
-38.11610273473078
 20
31.893407731459693
 10
-38.19553706187442
 20
31.924534011352872
 10
-38.27526499887369
 20
31.9552971738854
 10
-38.35528269371389
 20
31.985700527345077
 10
-38.43558644950252
 20
32.01574720672001
 10
-38.5161727135122
 20
32.045440185927596
 10
-38.59703806725738
 20
32.074782288889566
 10
-38.67817921748264
 20
32.103776199589355
 10
-38.75959298795841
 20
32.13242447122795
 10
-38.84127631199378
 20
32.160729534579566
 10
-38.923226225588145
 20
32.18869370563398
 10
-38.972901034216754
 20
32.205385575623325
 10
-38.98467843606406
 20
32.20784193929861
 10
-38.9967179009963
 20
32.2074700510767
 10
-39.00833085005705
 20
32.204291164405724
 10
-39.018853108499144
 20
32.198487084880114
 10
-39.02768288949775
 20
32.1903897736018
 10
-39.059129412649874
 20
32.153731200471086
 10
-39.11271613930991
 20
32.09105518641443
 10
-39.16619988675184
 20
32.02829131141017
 10
-39.2195805008391
 20
31.96543973672665
 10
-39.25078542146116
 20
31.928575989873746
 10
-39.25735245022003
 20
31.918605164963985
 10
-39.26133454955537
 20
31.907388921886884
 10
-39.26250398231198
 20
31.895568782377417
 10
-39.260793868228006
 20
31.883820804265465
 10
-39.25630200816755
 20
31.87281691067229
 10
-39.23102789765326
 20
31.827501281472497
 10
-39.18890761413738
 20
31.752817914725703
 10
-39.14649521731444
 20
31.678453672374914
 10
-39.10378885549059
 20
31.604411814912567
 10
-39.06078657914203
 20
31.530695721912544
 10
-39.01748633441884
 20
31.457308899974986
 10
-38.97388595604355
 20
31.384254991412245
 10
-38.92998315953002
 20
31.311537783767427
 10
-38.88577553263685
 20
31.239161220270415
 10
-38.84126052595684
 20
31.167129411352
 10
-38.79643544252679
 20
31.095446647358383
 10
-38.75129742632324
 20
31.0241174126299
 10
-38.70584344948681
 20
30.953146401137747
 10
-38.69593359719328
 20
30.937859941168096
 10
-38.68608159348269
 20
30.91738036228424
 10
-38.681706337072335
 20
30.895115221070238
 10
-38.68308201218621
 20
30.872459595894124
 10
-38.690122406928616
 20
30.850832999182185
 10
-38.70238631832023
 20
30.831590450949573
 10
-38.704613487375134
 20
30.828908934692734
 10
-38.74908041555694
 20
30.77521611959767
 10
-38.79347098636874
 20
30.72146019205764
 10
-38.837785103682535
 20
30.667641255667224
 10
-38.83999697327602
 20
30.66494720029297
 10
-38.85662646443412
 20
30.649200160636532
 10
-38.87668912958292
 20
30.638004318385033
 10
-38.89892777512435
 20
30.63206119013853
 10
-38.92194889573177
 20
30.63174320558064
 10
-38.94431000102891
 20
30.63707036217355
 10
-38.96152111993574
 20
30.64351153044872
 10
-39.04131380657016
 20
30.672879928238306
 10
-39.12139646096446
 20
30.70186865960331
 10
-39.201765001406635
 20
30.730481551894375
 10
-39.28241552044498
 20
30.758722224978712
 10
-39.363344271896146
 20
30.78659410669713
 10
-39.44454765914702
 20
30.814100446781588
 10
-39.52602222458961
 20
30.841244329423983
 10
-39.607764640052615
 20
30.868028684659222
 10
-39.68977169811215
 20
30.894456298702103
 10
-39.772040304180805
 20
30.920529823357853
 10
-39.85456746928826
 20
30.946251784610013
 10
-39.93735030347789
 20
30.971624590475447
 10
-39.98752182553574
 20
30.98674577765243
 10
-39.99936966210481
 20
30.988830351606303
 10
-40.0113902293143
 20
30.98807956003334
 10
-40.02289602700206
 20
30.98453632630531
 10
-40.033229007012544
 20
30.97840329304162
 10
-40.04179820690956
 20
30.970031234023764
 10
-40.072070052882076
 20
30.93239728561178
 10
-40.12364834414258
 20
30.868059159460007
 10
-40.17512073399338
 20
30.80363632626142
 10
-40.22648707315142
 20
30.739128952812283
 10
-40.25651054309782
 20
30.70129726092707
 10
-40.26275913179107
 20
30.691123604891693
 10
-40.266385063005735
 20
30.67978641592811
 10
-40.267180971663215
 20
30.667934133075708
 10
-40.26510134270588
 20
30.65624465316937
 10
-40.26026511293085
 20
30.645386554720996
 10
-40.23357691368239
 20
30.600884688551556
 10
-40.18912635528681
 20
30.52755713449727
 10
-40.14439387920671
 20
30.454557747681918
 10
-40.099377738966865
 20
30.381889846412573
 10
-40.05407609409483
 20
30.309556871118673
 10
-40.008487003880205
 20
30.237562392498425
 10
-39.96260842055195
 20
30.16591012042559
 10
-39.916438181802974
 20
30.09460391370975
 10
-39.869974002579525
 20
30.023647790817645
 10
-39.823213466040144
 20
29.95304594167984
 10
-39.776154013573986
 20
29.882802740727836
 10
-39.728792933748565
 20
29.812922761330277
 10
-39.68112735003613
 20
29.743410791826392
 10
-39.67074120733278
 20
29.728442355814312
 10
-39.66024900786689
 20
29.70828099086328
 10
-39.655173851633066
 20
29.68616226919369
 10
-39.655833770309975
 20
29.66347209002952
 10
-39.6621873929185
 20
29.641632128426842
 10
-39.67383654315045
 20
29.622010773925254
 10
-39.67597772358534
 20
29.619260150101148
 10
-39.71872286963418
 20
29.56418756992843
 10
-39.76138955215615
 20
29.509054219786258
 10
-39.803977678165694
 20
29.45386020674314
 10
-39.806103148205324
 20
29.4510975173015
 10
-39.82222532927626
 20
29.43483273517632
 10
-39.84192220127992
 20
29.423009268434352
 10
-39.8639594962795
 20
29.416367965806195
 10
-39.886956333181814
 20
29.415325009076398
 10
-39.9094717514706
 20
29.419945825102122
 10
-39.92687553519794
 20
29.42584243631993
 10
-40.00754585403604
 20
29.452686393982802
 10
-40.088493970775986
 20
29.479141695770668
 10
-40.169715926382935
 20
29.50521229588145
 10
-40.251207929426
 20
29.530901935621955
 10
-40.332966343582186
 20
29.556214159268396
 10
-40.41498767638499
 20
29.58115232834705
 10
-40.49726856906253
 20
29.605719634531226
 10
-40.579805787334394
 20
29.62991911132141
 10
-40.66259621305415
 20
29.653753644651957
 10
-40.745636836600255
 20
29.67722598254738
 10
-40.828924749932455
 20
29.700338743934243
 10
-40.91245714024027
 20
29.723094426701365
 10
-40.963074842758274
 20
29.73662957108925
 10
-40.974981117715636
 20
29.738340168599777
 10
-40.986970493873514
 20
29.73721103226397
 10
-40.99835725291046
 20
29.73330672360845
 10
-41.00849015302895
 20
29.726850535272135
 10
-41.01678967381421
 20
29.718211722138467
 10
-41.04585435691617
 20
29.679638451208124
 10
-41.09536884628158
 20
29.613699867522037
 10
-41.14477460777097
 20
29.547679835951936
 10
-41.194071497209904
 20
29.481578528697355
 10
-41.22288125756123
 20
29.442815185239187
 10
-41.22880459244242
 20
29.43244848335986
 10
-41.23207016628199
 20
29.42100129723718
 10
-41.232491225620855
 20
29.40912835685864
 10
-41.23004369641179
 20
29.39750874096416
 10
-41.22486755911638
 20
29.38680703323524
 10
-41.196790562153474
 20
29.343162446188728
 10
-41.15005188138328
 20
29.27126241521986
 10
-41.10304177376737
 20
29.1996992807874
 10
-41.05575860010729
 20
29.12847641575094
 10
-41.008200631143424
 20
29.0575973180156
 10
-40.9603660415762
 20
28.987065618872357
 10
-40.91225290352987
 20
28.91688509211689
 10
-40.86385917939089
 20
28.84705966404228
 10
-40.81518271394211
 20
28.777593424415407
 10
-40.76622122570141
 20
28.708490638564772
 10
-40.71697229735912
 20
28.639755760727716
 10
-40.66743336519003
 20
28.571393448830072
 10
-40.61760170729529
 20
28.503408580901212
 10
-40.60674920279831
 20
28.488772826152136
 10
-40.595626610848804
 20
28.468949373901697
 10
-40.589855740439596
 20
28.446998603161624
 10
-40.5897982081014
 20
28.424295885518937
 10
-40.595457589892106
 20
28.402263679916825
 10
-40.60647920438425
 20
28.38228242263485
 10
-40.6085320866846
 20
28.37946533512838
 10
-40.649509334677674
 20
28.323065935533965
 10
-40.69040608464964
 20
28.26660818488862
 10
-40.73122224691994
 20
28.21009219365154
 10
-40.73325902251984
 20
28.207263528448593
 10
-40.74885669922055
 20
28.190496612598515
 10
-40.76816713716259
 20
28.17805677585734
 10
-40.789980287963175
 20
28.170723493548426
 10
-40.81292932338036
 20
28.168956310786854
 10
-40.83557628649084
 20
28.172866036335005
 10
-40.853155241983316
 20
28.17821216057141
 10
-40.93462208917498
 20
28.20250466826096
 10
-41.01635426735454
 20
28.226399909089608
 10
-41.09834794446015
 20
28.24990196044678
 10
-41.18059944919471
 20
28.273014681626176
 10
-41.26310525903957
 20
28.295741730074546
 10
-41.345861989461824
 20
28.31808657602193
 10
-41.428866384166945
 20
28.34005251569425
 10
-41.512115306270985
 20
28.36164268327949
 10
-41.59560573028365
 20
28.38286006179409
 10
-41.67933473480973
 20
28.403707492975514
 10
-41.763299495888575
 20
28.424187686310066
 10
-41.84749728090147
 20
28.444303227290437
 10
-41.89851015575755
 20
28.45623862980139
 10
-41.91046280470908
 20
28.457573461816704
 10
-41.92240871252441
 20
28.456066953329053
 10
-41.93366464486988
 20
28.45180524857633
 10
-41.94358684041161
 20
28.445032079960313
 10
-41.951607828287564
 20
28.43613483038871
 10
-41.9794339653322
 20
28.396659464364813
 10
-42.02683117305128
 20
28.32918408055045
 10
-42.07411692704697
 20
28.261630610734223
 10
-42.121291088506545
 20
28.193999232378623
 10
-42.14885599373056
 20
28.154341699303703
 10
-42.15444756138273
 20
28.14379198869913
 10
-42.15734892474737
 20
28.13224592064824
 10
-42.15739416228771
 20
28.120363880212313
 10
-42.15458069658134
 20
28.10882546683688
 10
-42.14906943950022
 20
28.09829062070708
 10
-42.11963027301325
 20
28.05554608306112
 10
-42.07064782604276
 20
27.985144040914136
 10
-42.02140472881206
 20
27.91508730080811
 10
-41.97189945135115
 20
27.845379286808395
 10
-41.92213037766441
 20
27.77602355082725
 10
-41.8720958000203
 20
27.707023781150436
 10
-41.821793912708785
 20
27.638383811758995
 10
-41.77122280520155
 20
27.57010763254476
 10
-41.72038045463949
 20
27.502199400531264
 10
-41.66926471756053
 20
27.434663452230843
 10
-41.617873320766755
 20
27.36750431728923
 10
-41.56620385121237
 20
27.300726733594235
 10
-41.514253744773804
 20
27.234335664056385
 10
-41.502945257847564
 20
27.220046950313197
 10
-41.4912026826025
 20
27.20058082861584
 10
-41.48474094621283
 20
27.178819452605822
 10
-41.48396494601142
 20
27.156126323256302
 10
-41.48892326881832
 20
27.13392329768823
 10
-41.499305155592424
 20
27.113601517122554
 10
-41.50126751176293
 20
27.110720693966364
 10
-41.540432378909045
 20
27.053049101367687
 10
-41.579514788803635
 20
26.99532165111976
 10
-41.61851465523201
 20
26.93753845697917
 10
-41.620460523659766
 20
26.934646558052133
 10
-41.63551698446901
 20
26.917393733841784
 10
-41.65442069633977
 20
26.90434950315837
 10
-41.67598710243259
 20
26.89633121712151
 10
-41.69886484380749
 20
26.893841346421713
 10
-41.72162043921481
 20
26.897035984603445
 10
-41.739356892165596
 20
26.901826264781047
 10
-41.82153833856529
 20
26.923542969609684
 10
-41.90397236391984
 20
26.9448541857098
 10
-41.986655267332
 20
26.96576410984766
 10
-42.06958350165353
 20
26.98627671569915
 10
-42.15275366202185
 20
27.006395770470856
 10
-42.23616247553775
 20
27.02612484986593
 10
-42.319806791943385
 20
27.04546735159956
 10
-42.40368357517913
 20
27.064426507639574
 10
-42.48778989571651
 20
27.08300539532216
 10
-42.57212292357787
 20
27.101206947471074
 10
-42.65667992196615
 20
27.11903396163267
 10
-42.74145824143819
 20
27.136489108522746
 10
-42.79281486489561
 20
27.146812747181432
 10
-42.80480177004811
 20
27.14777042488368
 10
-42.816691964307346
 20
27.14588793103908
 10
-42.827805397658075
 20
27.14127291346723
 10
-42.83750645673197
 20
27.134189310952504
 10
-42.845240316734454
 20
27.125042260107957
 10
-42.87179768197913
 20
27.084703170966634
 10
-42.917026108784
 20
27.01575659561317
 10
-42.96214046147937
 20
26.946735396016972
 10
-43.00714060686408
 20
26.87763975474756
 10
-43.03343067962077
 20
26.837126631750394
 10
-43.03868427931127
 20
26.82640419298625
 10
-43.041217924662334
 20
26.814770515193842
 10
-43.04088672658519
 20
26.802890993663045
 10
-43.0377096393657
 20
26.791445083829473
 10
-43.03186837392654
 20
26.7810874358545
 10
-43.00109498674237
 20
26.739284932208683
 10
-42.949915305600435
 20
26.67045003423594
 10
-42.898486026619786
 20
26.601968510014864
 10
-42.84680573089906
 20
26.5338438313885
 10
-42.79487291764247
 20
26.466079600723095
 10
-42.74268599872432
 20
26.39867955961213
 10
-42.690243292746985
 20
26.33164759839239
 10
-42.637543018530494
 20
26.26498776657195
 10
-42.58458328796161
 20
26.198704284284876
 10
-42.53136209812014
 20
26.132801554905498
 10
-42.47787732258578
 20
26.067284178976895
 10
-42.424126701813016
 20
26.002156969634097
 10
-42.3701078324423
 20
25.937424969733755
 10
-42.358354185946496
 20
25.92349734564579
 10
-42.34600263733573
 20
25.904407673388405
 10
-42.33885554848464
 20
25.882857028841343
 10
-42.337360751859
 20
25.86019570611736
 10
-42.341611865709254
 20
25.837843569067385
 10
-42.351342439072226
 20
25.817201104207044
 10
-42.353212126624356
 20
25.81425935528957
 10
-42.39052184295065
 20
25.755371830883206
 10
-42.427747221614084
 20
25.696431014529953
 10
-42.46488818002429
 20
25.63743702318038
 10
-42.4667410146776
 20
25.634484713968924
 10
-42.48124005898105
 20
25.616762809823303
 10
-42.49971713259661
 20
25.603126873294844
 10
-42.52101441837286
 20
25.594431335844614
 10
-42.54379742896318
 20
25.591221107311508
 10
-42.56663862730271
 20
25.59369741926847
 10
-42.58451474241781
 20
25.597927077069393
 10
-42.66732812769651
 20
25.617046310068865
 10
-42.75038106720172
 20
25.635752231880858
 10
-42.83366999528035
 20
25.654049154677274
 10
-42.91719149284289
 20
25.671941162761026
 10
-43.0009422764349
 20
25.6894321295439
 10
-43.08491918839736
 20
25.70652573283304
 10
-43.16911918797951
 20
25.723225468636535
 10
-43.253539343290356
 20
25.739534663666312
 10
-43.338176823989535
 20
25.75545648669214
 10
-43.42302889463292
 20
25.77099395887813
 10
-43.5080929086
 20
25.786149963215774
 10
-43.593366302539245
 20
25.800927253151745
 10
-43.64501489537408
 20
25.809628796820032
 10
-43.65702390030255
 20
25.810208333540352
 10
-43.668846183952475
 20
25.807951654705278
 10
-43.67980557822118
 20
25.802987808934464
 10
-43.689275277662475
 20
25.795600685066752
 10
-43.696713688137095
 20
25.78621277816978
 10
-43.72197326752823
 20
25.74504944895122
 10
-43.76498348716749
 20
25.67469918440434
 10
-43.80787712253957
 20
25.604277854109338
 10
-43.85065404630014
 20
25.533785645571253
 10
-43.87564053150146
 20
25.49245663595132
 10
-43.88055028732737
 20
25.48157198385444
 10
-43.88271306184637
 20
25.469862115234434
 10
-43.88200517864281
 20
25.45799678237989
 10
-43.8784671379409
 20
25.446654629097008
 10
-43.87230129714422
 20
25.436484371738878
 10
-43.84022294104494
 20
25.395665060996823
 10
-43.786894703906775
 20
25.32846508620802
 10
-43.733328186839096
 20
25.26162621335842
 10
-43.67952208373344
 20
25.1951519585635
 10
-43.625475010809495
 20
25.12904597100938
 10
-43.57118550146076
 20
25.063312041825633
 10
-43.51665200061968
 20
24.997954113786086
 10
-43.46187285858361
 20
24.932976291939482
 10
-43.40684632423383
 20
24.86838285528625
 10
-43.35157053756882
 20
24.804178269637728
 10
-43.29604352146058
 20
24.74036720181482
 10
-43.24026317252735
 20
24.676954535370513
 10
-43.18422725099738
 20
24.613945388051825
 10
-43.1720397036371
 20
24.60039257766494
 10
-43.15909078663483
 20
24.581698156529878
 10
-43.15126452639062
 20
24.560379453021355
 10
-43.14905130307669
 20
24.537772226128236
 10
-43.15258974335728
 20
24.515292950534665
 10
-43.161658047145856
 20
24.494350081804495
 10
-43.163433013025156
 20
24.49135029633045
 10
-43.19884659985434
 20
24.431304685161777
 10
-43.234174050920224
 20
24.371208417644844
 10
-43.26941528741185
 20
24.31106161381109
 10
-43.2711730517324
 20
24.308051796581676
 10
-43.285099017607536
 20
24.28987822874728
 10
-43.303129951287964
 20
24.275663975272344
 10
-43.32413599768421
 20
24.266299708555255
 10
-43.34680092719053
 20
24.262372242899115
 10
-43.36970460994967
 20
24.26412775161621
 10
-43.38770241140641
 20
24.267792592568835
 10
-43.4710644390518
 20
24.284295391800043
 10
-43.55465273639905
 20
24.3003774666916
 10
-43.63846387699927
 20
24.316043240695247
 10
-43.72249457361818
 20
24.331296904838304
 10
-43.80674166785545
 20
24.346142435041088
 10
-43.8912021207976
 20
24.360583607709493
 10
-43.97587300457638
 20
24.37462401381675
 10
-44.06075149472336
 20
24.388267071656568
 10
-44.145834863227066
 20
24.401516038424507
 10
-44.23112047221192
 20
24.41437402076123
 10
-44.316605768169815
 20
24.42684398437444
 10
-44.402288276683926
 20
24.438928762839346
 10
-44.45417676476357
 20
24.445999582419773
 10
-44.46619568924626
 20
24.446200394899247
 10
-44.47793792947016
 20
24.44357174362354
 10
-44.48873189318362
 20
24.43826395165608
 10
-44.49796023433629
 20
24.430580578839475
 10
-44.50509516120361
 20
24.420961062872642
 10
-44.529029205659455
 20
24.379014050831255
 10
-44.569773955769634
 20
24.307329430027963
 10
-44.610399726351766
 20
24.23557739526825
 10
-44.6509063961578
 20
24.163758138806045
 10
-44.67456181401502
 20
24.121654011977512
 10
-44.67912218677458
 20
24.110617885660627
 10
-44.680911301215076
 20
24.098843380951582
 10
-44.67982685301332
 20
24.08700394614788
 10
-44.67593088140408
 20
24.075776743545543
 10
-44.66944621740615
 20
24.06580391527056
 10
-44.636093428228314
 20
24.026008090502295
 10
-44.58066742769466
 20
23.960509375434253
 10
-44.52501471984893
 20
23.895379137537088
 10
-44.46913411297899
 20
23.83062093362076
 10
-44.41302434201099
 20
23.766238455980496
 10
-44.35668406364161
 20
23.70223554143006
 10
-44.30011185101674
 20
23.638616181177703
 10
-44.24330618790089
 20
23.575384531648595
 10
-44.186265462273596
 20
23.512544926372417
 10
-44.128987959277964
 20
23.450101889074613
 10
-44.071471853435966
 20
23.38806014813129
 10
-44.01371520002885
 20
23.32642465257532
 10
-43.95571592552522
 20
23.26520058987322
 10
-43.94310616378385
 20
23.252035979153916
 10
-43.92957207214729
 20
23.233755275208352
 10
-43.92107349073055
 20
23.212689574478247
 10
-43.918142918128886
 20
23.190158781837333
 10
-43.920963922130476
 20
23.1675745838081
 10
-43.92935965239166
 20
23.14635201348547
 10
-43.93103793682556
 20
23.143297157191004
 10
-43.96451628365195
 20
23.082152832314424
 10
-43.997906782336045
 20
23.020960553961217
 10
-44.0312093579974
 20
22.959720445120645
 10
-44.03287010930235
 20
22.956656098145707
 10
-44.046207900814046
 20
22.938048853785357
 10
-44.06377363369584
 20
22.923270360120725
 10
-44.08446660962063
 20
22.913246647949276
 10
-44.106990224756814
 20
22.908605853615214
 10
-44.12993321207456
 20
22.909638846531696
 10
-44.1480346041315
 20
22.912735264263624
 10
-44.23186143713324
 20
22.926605394047428
 10
-44.31590100887637
 20
22.94004780512279
 10
-44.400150035948556
 20
22.953067027944517
 10
-44.484605366647216
 20
22.96566735621661
 10
-44.56926397115789
 20
22.977852864532224
 10
-44.654122932710614
 20
22.989627424256845
 10
-44.739179439593045
 20
23.000994717872288
 10
-44.824430777916675
 20
23.01195825196764
 10
-44.90987432504797
 20
23.022521369036347
 10
-44.995507543627866
 20
23.032687258216
 10
-45.081327976113904
 20
23.04245896508947
 10
-45.167333239788206
 20
23.05183940064972
 10
-45.219409314963976
 20
23.057272577753587
 10
-45.2314259698465
 20
23.05709448674877
 10
-45.24307611408372
 20
23.05409648560216
 10
-45.25369342064136
 20
23.04845002201219
 10
-45.262670644926196
 20
23.04047802532534
 10
-45.269494355669586
 20
23.030636439886123
 10
-45.292076433135996
 20
22.98794733631474
 10
-45.33051070399861
 20
22.91499945394406
 10
-45.36882371951548
 20
22.841987898975052
 10
-45.40701536476723
 20
22.768912868208805
 10
-45.4293135625617
 20
22.726075418894784
 10
-45.433519361287644
 20
22.714898771002087
 10
-45.43493239846201
 20
22.70307130920262
 10
-45.43347187998296
 20
22.69126950971549
 10
-45.429221355727336
 20
22.680168381855783
 10
-45.42242393710229
 20
22.670402857111007
 10
-45.38782851454542
 20
22.63166990534033
 10
-45.33035762379442
 20
22.567937277828086
 10
-45.27267184185365
 20
22.504580140652088
 10
-45.214770092886056
 20
22.441602087670102
 10
-45.15665123208583
 20
22.379006850504172
 10
-45.09831404110291
 20
22.31679830772503
 10
-45.03975722304097
 20
22.254980494893445
 10
-44.9809793969772
 20
22.193557615563606
 10
-44.92197909194285
 20
22.132534053369696
 10
-44.862754740295436
 20
22.071914385336115
 10
-44.80330467040146
 20
22.01170339657413
 10
-44.74362709853443
 20
21.9519060965556
 10
-44.68372011987792
 20
21.892527737187148
 10
-44.67070024951329
 20
21.8797643605964
 10
-44.65659375891761
 20
21.861915485731256
 10
-44.6474303766129
 20
21.841123680441306
 10
-44.643784248420495
 20
21.818691687090396
 10
-44.64588377114651
 20
21.796025003356466
 10
-44.65359729812935
 20
21.77454383448623
 10
-44.65517703837614
 20
21.77143694661169
 10
-44.68668297775268
 20
21.709254748414196
 10
-44.718099445641705
 20
21.64702736404608
 10
-44.74942637123951
 20
21.584754919322044
 10
-44.75098826445142
 20
21.58163909381783
 10
-44.76372337833039
 20
21.56261671246265
 10
-44.780805320189344
 20
21.547288728593966
 10
-44.801163713619246
 20
21.536615606657538
 10
-44.82352292853226
 20
21.53126617549639
 10
-44.846482007038354
 20
21.531575705914282
 10
-44.86466879475273
 20
21.53410068556913
 10
-44.94887615176977
 20
21.545324651821723
 10
-45.03328248393776
 20
21.556114332807713
 10
-45.11788465457796
 20
21.56647436156074
 10
-45.20267965106798
 20
21.576409130272204
 10
-45.287664575590206
 20
21.585922808236443
 10
-45.37283663680172
 20
21.59501935800841
 10
-45.45819314231081
 20
21.60370254999595
 10
-45.543731491863305
 20
21.611975975675396
 10
-45.62944917115496
 20
21.619843059592807
 10
-45.715343746198
 20
21.627307070289483
 10
-45.80141285818046
 20
21.634371130272637
 10
-45.88765421876357
 20
21.641038225135393
 10
-45.93986539993965
 20
21.644828558211284
 10
-45.951867601990294
 20
21.644271788444986
 10
-45.96341369384966
 20
21.64090746708294
 10
-45.97384329758437
 20
21.63492799336361
 10
-45.98255990178895
 20
21.62667534251012
 10
-45.98906497909995
 20
21.61662150982341
 10
-46.010270025117656
 20
21.573232896610815
 10
-46.046351145856804
 20
21.499094534702476
 10
-46.08230885927684
 20
21.42489632710354
 10
-46.11814305701149
 20
21.350638474945807
 10
-46.13905925932842
 20
21.30711047911996
 10
-46.14290565242028
 20
21.29580446431024
 10
-46.14394057526367
 20
21.283935836469624
 10
-46.14210486035649
 20
21.272183425253157
 10
-46.13750351814962
 20
21.26121941463363
 10
-46.13039972680787
 20
21.25167089371524
 10
-46.09459471288469
 20
21.214039255684355
 10
-46.035133849585364
 20
21.15213596862066
 10
-45.9754701431063
 20
21.090614814228623
 10
-45.91560263483532
 20
21.029479419703673
 10
-45.855530301662824
 20
20.968733552145594
 10
-45.79525205170358
 20
20.908381127884752
 10
-45.73476671962
 20
20.848426222678683
 10
-45.674073061498
 20
20.788873082885573
 10
-45.61316974921903
 20
20.729726137737508
 10
-45.5520553642632
 20
20.670990012856308
 10
-45.490728390867595
 20
20.612669545177145
 10
-45.42918720845138
 20
20.554769799473718
 10
-45.367430083203644
 20
20.497296086711344
 10
-45.35401262028879
 20
20.484946613846112
 10
-45.33934708081975
 20
20.467547307090953
 10
-45.329527088129424
 20
20.447050099049306
 10
-45.32516792214427
 20
20.424739273135156
 10
-45.32654265127485
 20
20.40201273727798
 10
-45.33356504061226
 20
20.38029445112043
 10
-45.33504447459193
 20
20.37713864114664
 10
-45.36454285464873
 20
20.313980811938382
 10
-45.393950232103634
 20
20.25078062525167
 10
-45.423266540370314
 20
20.187538209584783
 10
-45.42472783162651
 20
20.18437402641341
 10
-45.43684638320526
 20
20.164955579805365
 10
-45.4534264436685
 20
20.149093512660162
 10
-45.47342909230326
 20
20.137781757134142
 10
-45.495600998750696
 20
20.131729158627707
 10
-45.51855294937668
 20
20.1313150459212
 10
-45.53680685938655
 20
20.133266166737283
 10
-45.621310111194724
 20
20.14183322840701
 10
-45.70599835616622
 20
20.14995987461339
 10
-45.790868607910014
 20
20.157650836401157
 10
-45.87591799629724
 20
20.164910600122237
 10
-45.9611437587903
 20
20.171743425667895
 10
-46.04654323263534
 20
20.178153362885176
 10
-46.13211384781114
 20
20.18414426640244
 10
-46.2178531206429
 20
20.189719809056683
 10
-46.30375864800302
 20
20.194883494086568
 10
-46.389828102031224
 20
20.199638666233025
 10
-46.47605922531644
 20
20.203988521869366
 10
-46.562449826489406
 20
20.207936118267337
 10
-46.61474352073209
 20
20.210080126193958
 10
-46.626719107450704
 20
20.209145305654747
 10
-46.63814930246868
 20
20.205418097122088
 10
-46.64838035445284
 20
20.199111655202987
 10
-46.65682710568126
 20
20.190586655611778
 10
-46.663006460698526
 20
20.18033066972123
 10
-46.68281082722679
 20
20.13628607272312
 10
-46.71649854901133
 20
20.061031620803256
 10
-46.75006083958168
 20
19.98572123135546
 10
-46.7834975973397
 20
19.91035510961165
 10
-46.80300845451096
 20
19.866180277271464
 10
-46.806490980405016
 20
19.85475623996052
 10
-46.80714613956107
 20
19.842858336346332
 10
-46.80493648527181
 20
19.83116706937087
 10
-46.79998841656264
 20
19.82035112513885
 10
-46.79258494430359
 20
19.81102912396835
 10
-46.75560460036727
 20
19.77453625394067
 10
-46.69421068825079
 20
19.714523919123543
 10
-46.63262620083276
 20
19.654899980091535
 10
-46.5708502979431
 20
19.59566809360931
 10
-46.50888207945908
 20
19.536832058343766
 10
-46.44672058132952
 20
19.478395824322934
 10
-46.38436477122844
 20
19.420363503277407
 10
-46.32181354379301
 20
19.362739379972428
 10
-46.25906571539349
 20
19.30552792465561
 10
-46.19612001837405
 20
19.24873380676466
 10
-46.13297509469494
 20
19.192361910062942
 10
-46.06962948889281
 20
19.1364173493992
 10
-46.006081640263275
 20
19.08090548932125
 10
-45.992279501754936
 20
19.06898221164412
 10
-45.977068829722896
 20
19.05204982038763
 10
-45.966601086697935
 20
19.031867698278223
 10
-45.96153213170815
 20
19.009700386683953
 10
-45.962179501612596
 20
18.98693680418226
 10
-45.96850253457469
 20
18.96500323623991
 10
-45.96988000436349
 20
18.961801680394064
 10
-45.997337758587804
 20
18.897731794401366
 10
-46.02470307439218
 20
18.83362243775733
 10
-46.05197588954217
 20
18.76947374149311
 10
-46.053334939664936
 20
18.766264387635548
 10
-46.06482368794946
 20
18.74646945800388
 10
-46.08088430497787
 20
18.73008935354476
 10
-46.100510426347306
 20
18.71815046812735
 10
-46.12247232354248
 20
18.711400942187574
 10
-46.1453939492378
 20
18.710263770821488
 10
-46.16369665056577
 20
18.711639207874935
 10
-46.24841091658519
 20
18.717541384489852
 10
-46.33329599002267
 20
18.72299745985405
 10
-46.41834903817856
 20
18.72801225831684
 10
-46.50356733668858
 20
18.73259035593034
 10
-46.58894826144324
 20
18.73673609895046
 10
-46.67448928131209
 20
18.740453620495146
 10
-46.76018795157262
 20
18.743746855588668
 10
-46.846041907959005
 20
18.746619554786815
 10
-46.932048861257776
 20
18.74907529654963
 10
-47.01820659238758
 20
18.751117498505753
 10
-47.104512947908944
 20
18.75274942773197
 10
-47.19096583591739
 20
18.75397421015565
 10
-47.243289399470065
 20
18.754470133312058
 10
-47.25522624381334
 20
18.75315829190863
 10
-47.26652882500948
 20
18.749072028192447
 10
-47.276550688550095
 20
18.74244503314396
 10
-47.2847186387716
 20
18.733656316241007
 10
-47.29056552385148
 20
18.723208531402932
 10
-47.308947026100086
 20
18.67855237072787
 10
-47.34020360192823
 20
18.60225774071564
 10
-47.37133285477044
 20
18.525911158030578
 10
-47.402334690001396
 20
18.44951283176045
 10
-47.420418324511175
 20
18.404735756637294
 10
-47.42353290182853
 20
18.393205218026008
 10
-47.42380704270285
 20
18.381290014695818
 10
-47.42122509283093
 20
18.369671637831747
 10
-47.41593474567936
 20
18.35901460373175
 10
-47.408238590357584
 20
18.349928443558124
 10
-47.370118372646644
 20
18.31461076922709
 10
-47.30685030063794
 20
18.256549291407907
 10
-47.24340412866579
 20
18.198882085269148
 10
-47.17977913608314
 20
18.14161283332324
 10
-47.11597454690384
 20
18.084745361837932
 10
-47.05198952613358
 20
18.028283650418107
 10
-46.98782317575904
 20
17.97223184248132
 10
-46.92347453035337
 20
17.916594256737532
 10
-46.858942552249815
 20
17.861375399798163
 10
-46.79422612622712
 20
17.806579980061972
 10
-46.72932405364261
 20
17.752212923047097
 10
-46.66423504593585
 20
17.698279388368256
 10
-46.5989577174149
 20
17.64478478859236
 10
-46.584784211233625
 20
17.633299606272036
 10
-46.56904288027468
 20
17.616851067422207
 10
-46.557936914961935
 20
17.597004284082583
 10
-46.55216215663465
 20
17.57500278724041
 10
-46.552080361329466
 20
17.55222510939131
 10
-46.55769655403429
 20
17.530098424068637
 10
-46.55897050920479
 20
17.526854361608432
 10
-46.58435672312554
 20
17.46193725053395
 10
-46.60964916102292
 20
17.396983610324167
 10
-46.63484776514181
 20
17.33199357438373
 10
-46.636103042951966
 20
17.32874229919241
 10
-46.64694941471106
 20
17.308590956017728
 10
-46.66247358223748
 20
17.29170947976244
 10
-46.68170280315526
 20
17.279155681176952
 10
-46.70343222719241
 20
17.271716229544708
 10
-46.72630038047999
 20
17.269857346914648
 10
-46.74463350531633
 20
17.270655872030872
 10
-46.829473750021464
 20
17.273887947378082
 10
-46.91447042766562
 20
17.276668687616862
 10
-46.999620862486495
 20
17.27900300556096
 10
-47.084922479006
 20
17.28089556237378
 10
-47.17037279454938
 20
17.28235078631972
 10
-47.25596941250934
 20
17.283372889647293
 10
-47.341710016262624
 20
17.283965883836895
 10
-47.42759236366045
 20
17.284133593409916
 10
-47.513614282025245
 20
17.28387966846885
 10
-47.59977366359548
 20
17.283207596113886
 10
-47.686068461368954
 20
17.282120710861363
 10
-47.772496685300496
 20
17.2806222041733
 10
-47.82479748437171
 20
17.279470003008157
 10
-47.83668350935865
 20
17.277782570586687
 10
-47.847846902541605
 20
17.273341477433778
 10
-47.85764916831059
 20
17.266400709379717
 10
-47.86552966844859
 20
17.257357222056516
 10
-47.87103768940732
 20
17.246728240365538
 10
-47.8879756504388
 20
17.201505777696173
 10
-47.9167659110985
 20
17.124248313749334
 10
-47.94542709295944
 20
17.046942953858398
 10
-47.97395910856229
 20
16.969589910709836
 10
-47.99059515917888
 20
16.924256017040186
 10
-47.993338096294906
 20
16.9126306614599
 10
-47.99323036552482
 20
16.90071020626787
 10
-47.99027815362451
 20
16.889176441754664
 10
-47.98465033206369
 20
16.878689043834743
 10
-47.97666879334935
 20
16.8698478408827
 10
-47.93744532699541
 20
16.835740723462056
 10
-47.872363905817124
 20
16.779688234717433
 10
-47.80711705469147
 20
16.724035498753565
 10
-47.74170417343624
 20
16.668786219961838
 10
-47.676124611207065
 20
16.613944248194617
 10
-47.61037766313962
 20
16.55951358845981
 10
-47.54446256667871
 20
16.505498411520374
 10
-47.478378497556456
 20
16.45190306550929
 10
-47.412124565375024
 20
16.3987320886875
 10
-47.34569980874292
 20
16.3459902234936
 10
-47.279103189905385
 20
16.2936824320567
 10
-47.212333588799225
 20
16.24181391337392
 10
-47.14538979645077
 20
16.190390122388205
 10
-47.130858611058876
 20
16.179354531275614
 10
-47.11460164249164
 20
16.163406352397267
 10
-47.10286764843934
 20
16.14391490169392
 10
-47.09639181412903
 20
16.122101447641437
 10
-47.095579819083994
 20
16.099332744417943
 10
-47.10048244055653
 20
16.07703540837876
 10
-47.101651441346334
 20
16.073752137664275
 10
-47.12493741578078
 20
16.008053812007383
 10
-47.14812837755914
 20
15.94232194978846
 10
-47.17122427352534
 20
15.876556686618331
 10
-47.172374358981884
 20
15.87326679785884
 10
-47.18256647174139
 20
15.852779573186641
 10
-47.19753776635412
 20
15.835413989210837
 10
-47.21635015161774
 20
15.822258191218397
 10
-47.23782490439159
 20
15.814136567494229
 10
-47.26061651469895
 20
15.811558080604964
 10
-47.27896167912267
 20
15.811779062445476
 10
-47.363842808140916
 20
15.812338584415711
 10
-47.44886582226933
 20
15.812441996318622
 10
-47.534028205764166
 20
15.812094294463796
 10
-47.61932753499901
 20
15.811300220414086
 10
-47.70476147159222
 20
15.810064279967408
 10
-47.79032775621876
 20
15.808390760247939
 10
-47.87602420302127
 20
15.806283745141629
 10
-47.96184869454863
 20
15.803747129275305
 10
-48.04779917715936
 20
15.800784630711446
 10
-48.133873656837075
 20
15.79739980250508
 10
-48.220070195371626
 20
15.793596043250673
 10
-48.306386906866024
 20
15.789376606729206
 10
-48.35861237806149
 20
15.786577957858224
 10
-48.3704355712237
 20
15.784516761593943
 10
-48.38144836000257
 20
15.779725452611375
 10
-48.391020860749954
 20
15.772478047874383
 10
-48.398605574255114
 20
15.763189041183374
 10
-48.40376870202573
 20
15.752389699463073
 10
-48.419243994899546
 20
15.706646982552957
 10
-48.44553542071669
 20
15.628505366101912
 10
-48.47169615148766
 20
15.550319977247309
 10
-48.497726107099844
 20
15.47209103200509
 10
-48.5128957705083
 20
15.42624651850586
 10
-48.51526377448892
 20
15.414538179117049
 10
-48.51477372578087
 20
15.40262457719119
 10
-48.51145367756704
 20
15.391187109724184
 10
-48.50549354044117
 20
15.380879943829296
 10
-48.497234215156915
 20
15.372292598915978
 10
-48.456945266606716
 20
15.339430293492873
 10
-48.39011318277621
 20
15.28544308805487
 10
-48.32312852055437
 20
15.231860714567967
 10
-48.255990801023216
 20
15.178686895392605
 10
-48.188699499338135
 20
15.12592549990538
 10
-48.12125404168494
 20
15.073580554297127
 10
-48.05365380195321
 20
15.021656252285043
 10
-47.98589809809179
 20
14.970156966851171
 10
-47.91798618810591
 20
14.91908726313612
 10
-47.849917265649594
 20
14.868451912638061
 10
-47.78169045516001
 20
14.81825590889052
 10
-47.71330480646997
 20
14.768504484822474
 10
-47.6447592888254
 20
14.719203132038835
 10
-47.62988448229068
 20
14.708628210805157
 10
-47.61312743470037
 20
14.693196451275805
 10
-47.60077626746828
 20
14.674080044631742
 10
-47.59360482986926
 20
14.65247676237629
 10
-47.59206238256896
 20
14.62974019429274
 10
-47.596245471544805
 20
14.607294948587601
 10
-47.59730819183751
 20
14.603975822951528
 10
-47.61846750237535
 20
14.537563389308406
 10
-47.63953066717467
 20
14.471120458927068
 10
-47.66049763779006
 20
14.404647169449529
 10
-47.66154122493991
 20
14.401322029142698
 10
-47.67106790877434
 20
14.380519891517825
 10
-47.68547051534048
 20
14.362688040004054
 10
-47.70384659558064
 20
14.348943835979398
 10
-47.72504477311886
 20
14.340148534323593
 10
-47.74773687382241
 20
14.336853305326626
 10
-47.76607569841942
 20
14.33649670866069
 10
-47.850912654128344
 20
14.334383985302823
 10
-47.93587678948696
 20
14.33181084221314
 10
-48.02096575167956
 20
14.328782354106755
 10
-48.10617727173423
 20
14.325303338116266
 10
-48.19150915826642
 20
14.321378372984888
 10
-48.27695929184551
 20
14.317011816348147
 10
-48.36252561990698
 20
14.312207820341296
 10
-48.44820615214483
 20
14.306970345734104
 10
-48.53399895632703
 20
14.301303174767119
 10
-48.619902154486255
 20
14.295209922837298
 10
-48.705913919443425
 20
14.288694049162453
 10
-48.79203247162793
 20
14.281758866535796
 10
-48.84413018190002
 20
14.277317156405033
 10
-48.855878609542486
 20
14.274884417581053
 10
-48.86672955000052
 20
14.269747887641149
 10
-48.87606237480068
 20
14.262201329150031
 10
-48.88334329065438
 20
14.252676346261358
 10
-48.88815587230381
 20
14.241717702257791
 10
-48.902150959547434
 20
14.195501506760493
 10
-48.925913747555065
 20
14.116555657000148
 10
-48.949544367193226
 20
14.037570219898997
 10
-48.9730427458636
 20
13.958545414521433
 10
-48.98672881558594
 20
13.912237195729857
 10
-48.98871900043987
 20
13.900457839614143
 10
-48.98784659972867
 20
13.888563238343202
 10
-48.984161534849335
 20
13.87723370081454
 10
-48.97787459409912
 20
13.867117219898248
 10
-48.96934537111737
 20
13.858792408042461
 10
-48.9280298189267
 20
13.827208024280647
 10
-48.859511586078376
 20
13.775340493968415
 10
-48.79085379445894
 20
13.72388246617675
 10
-48.722056087069475
 20
13.672837677289522
 10
-48.653118065773015
 20
13.622210012109905
 10
-48.58403928856991
 20
13.572003513751335
 10
-48.51481926661948
 20
13.52222239445162
 10
-48.44545746097689
 20
13.472871047422508
 10
-48.3759532790092
 20
13.423954059866066
 10
-48.306306070449274
 20
13.375476227308232
 10
-48.23651512303944
 20
13.327442569425447
 10
-48.16657965770804
 20
13.279858347569391
 10
-48.096498823213246
 20
13.232729084230266
 10
-48.081294811748265
 20
13.222625481695415
 10
-48.06405376977269
 20
13.207725733923336
 10
-48.05109694239813
 20
13.1890037765572
 10
-48.04323612197137
 20
13.167632668819092
 10
-48.04096376114584
 20
13.14495145788276
 10
-48.04442214152223
 20
13.122381288926821
 10
-48.0453773716253
 20
13.119029712355935
 10
-48.064385924044124
 20
13.05197128694369
 10
-48.08329730358224
 20
12.984885447897316
 10
-48.10211146660763
 20
12.917772334707957
 10
-48.10304736633034
 20
12.914415354784794
 10
-48.11189818435071
 20
12.89331968188554
 10
-48.12571692047993
 20
12.875039955289951
 10
-48.14363771906725
 20
12.860721599419366
 10
-48.16453773919702
 20
12.85126184196507
 10
-48.18710749431936
 20
12.847253482579848
 10
-48.20542162465831
 20
12.846319866752378
 10
-48.29012948109679
 20
12.841537958593713
 10
-48.37494967011745
 20
12.83629179213515
 10
-48.45988000456406
 20
12.830586515291365
 10
-48.54491837275305
 20
12.824427015823668
 10
-48.63006273284035
 20
12.817817940724904
 10
-48.71531110774929
 20
12.810763713673802
 10
-48.8006615805898
 20
12.803268550798048
 10
-48.88611229050978
 20
12.795336474950505
 10
-48.97166142892777
 20
12.786971328673552
 10
-49.05730723610307
 20
12.778176786001447
 10
-49.14304799800591
 20
12.768956363231355
 10
-49.22888204345456
 20
12.759313428775299
 10
-49.280799749446736
 20
12.75323374493583
 10
-49.29246157068632
 20
12.75043207512418
 10
-49.30313960567549
 20
12.74495569309858
 10
-49.31222311365908
 20
12.737117800089454
 10
-49.319192558756804
 20
12.727366663546912
 10
-49.32364932781237
 20
12.716259981467168
 10
-49.336148298017044
 20
12.669617750271355
 10
-49.35735542420125
 20
12.589948720408849
 10
-49.378429054711
 20
12.510244344288592
 10
-49.399369124615504
 20
12.43050484373212
 10
-49.41155602701929
 20
12.38378048888659
 10
-49.41316592121847
 20
12.37194220157634
 10
-49.411911551105945
 20
12.360078775149653
 10
-49.40786468424646
 20
12.34886873408297
 10
-49.40125680261723
 20
12.338953235370445
 10
-49.392465857304245
 20
12.330899395419914
 10
-49.350163661268354
 20
12.300624858705795
 10
-49.280025568743966
 20
12.250929429110961
 10
-49.209761091340134
 20
12.20164775781858
 10
-49.13936999448502
 20
12.152783591261471
 10
-49.068852007304855
 20
12.104340825540378
 10
-48.998206820220986
 20
12.056323516397912
 10
-48.927434082323046
 20
12.008735890122967
 10
-48.85653339849113
 20
11.961582355499612
 10
-48.785504326235014
 20
11.91486751693223
 10
-48.714346372214045
 20
11.868596188899033
 10
-48.64305898839515
 20
11.822773411910944
 10
-48.571641567799055
 20
11.777404470183043
 10
-48.50009343977677
 20
11.732494911260298
 10
-48.4845749857461
 20
11.722872833941247
 10
-48.46686654804227
 20
11.708520204692697
 10
-48.45331622541739
 20
11.690211771633154
 10
-48.44477299152737
 20
11.669094687045124
 10
-48.4417720549723
 20
11.646492086878647
 10
-48.444501349816235
 20
11.62382019636834
 10
-48.44534799902154
 20
11.62043961900882
 10
-48.462184080348734
 20
11.552804237681087
 10
-48.47892206978127
 20
11.485144564982264
 10
-48.49556192859394
 20
11.417460742064087
 10
-48.49638907112691
 20
11.414075379846787
 10
-48.50455433857046
 20
11.392707929905283
 10
-48.517774677825344
 20
11.373999247820638
 10
-48.535221736747744
 20
11.359121634987845
 10
-48.55580236602188
 20
11.349007358015418
 10
-48.578227096524344
 20
11.344290222862746
 10
-48.59649822345142
 20
11.342780739472957
 10
-48.68099228036538
 20
11.33533544817197
 10
-48.76558369748888
 20
11.32742253628903
 10
-48.85027045587235
 20
11.319047219623737
 10
-48.93505060357948
 20
11.310214451520293
 10
-49.019922250683834
 20
11.30092894242435
 10
-49.10488356476412
 20
11.29119517749154
 10
-49.18993276683542
 20
11.28101743249048
 10
-49.27506812766462
 20
11.27039978820529
 10
-49.36028796442455
 20
11.259346143514476
 10
-49.44559063764755
 20
11.24786022729829
 10
-49.53097454844577
 20
11.235945609304803
 10
-49.61643813596858
 20
11.223605710089217
 10
-49.668123842636916
 20
11.215894830135099
 10
-49.67968732318688
 20
11.212727226797746
 10
-49.69018159620399
 20
11.206916727647465
 10
-49.699006429731156
 20
11.198795644694508
 10
-49.70565708059833
 20
11.188828443012847
 10
-49.709753166636126
 20
11.177585178454
 10
-49.72074176799
 20
11.130564958713293
 10
-49.739369044294214
 20
11.050254828294163
 10
-49.75786164645078
 20
10.969913643024407
 10
-49.776219517334674
 20
10.88954162718166
 10
-49.78689334454542
 20
10.842449296835028
 10
-49.788120897769716
 20
10.830564266328237
 10
-49.78648536120396
 20
10.818744199874565
 10
-49.782080302491835
 20
10.807665140595066
 10
-49.775157690642004
 20
10.797960752633589
 10
-49.766113478836374
 20
10.790186076937594
 10
-49.72286564742891
 20
10.761252090065877
 10
-49.65117570609115
 20
10.713779157650512
 10
-49.57937269394935
 20
10.666723818849311
 10
-49.507456499218094
 20
10.62008982614674
 10
-49.43542697868826
 20
10.573881082787738
 10
-49.36328395564847
 20
10.52810165282405
 10
-49.2910272176129
 20
10.482755772097695
 10
-49.218656513832094
 20
10.437847860276756
 10
-49.14617155255897
 20
10.393382534075759
 10
-49.07357199803877
 20
10.349364621813748
 10
-49.00085746718599
 20
10.305799179489375
 10
-48.92802752590517
 20
10.262691508579973
 10
-48.85508168500539
 20
10.220047175810198
 10
-48.83926388439528
 20
10.210916375720194
 10
-48.821105150768304
 20
10.197125467604662
 10
-48.806974142890056
 20
10.17924927954764
 10
-48.79775621359439
 20
10.158407884392112
 10
-48.79402884450814
 20
10.135907149618513
 10
-48.796025488538355
 20
10.113156923481764
 10
-48.7967625874523
 20
10.109750836983245
 10
-48.81140691241085
 20
10.041608362025459
 10
-48.82595233656386
 20
9.973444752859573
 10
-48.8403988261764
 20
9.905260152103631
 10
-48.84111626340812
 20
9.901849905627522
 10
-48.8485870652427
 20
9.880232787729799
 10
-48.86119515900897
 20
9.861114570529752
 10
-48.87815056363856
 20
9.845693214961154
 10
-48.898390943450615
 20
9.834935053887367
 10
-48.92064815306573
 20
9.829514232766796
 10
-48.9388580327816
 20
9.82743062257352
 10
-49.023053908631034
 20
9.817330475982063
 10
-49.107332063561024
 20
9.806759827373146
 10
-49.191690649185794
 20
9.79572395501524
 10
-49.27612787559466
 20
9.78422787269193
 10
-49.360642006984406
 20
9.772276349409998
 10
-49.44523135772683
 20
9.759873927144422
 10
-49.52989428881725
 20
9.747024936864127
 10
-49.61462920465798
 20
9.733733513046257
 10
-49.699434550137674
 20
9.72000360685625
 10
-49.78430880797219
 20
9.705838998147243
 10
-49.86925049627819
 20
9.691243306410424
 10
-49.95425816635375
 20
9.676220000791053
 10
-50.00566018475214
 20
9.666886379020296
 10
-50.017113710422514
 20
9.66335622054936
 10
-50.02741357903045
 20
9.657217696801036
 10
-50.035970676263524
 20
9.648821882215035
 10
-50.042295570060155
 20
9.638648955863445
 10
-50.04602650751174
 20
9.627280740181307
 10
-50.05549217809884
 20
9.57993111824121
 10
-50.07151830389448
 20
9.499062881900812
 10
-50.087408728419575
 20
9.418167926568822
 10
-50.10316340247736
 20
9.337246478669366
 10
-50.11231194202631
 20
9.289834859239402
 10
-50.113155531092325
 20
9.277915359550848
 10
-50.11114005425251
 20
9.26615083292564
 10
-50.10638080893454
 20
9.255214144510694
 10
-50.09915002192481
 20
9.245730814145123
 10
-50.08986127344096
 20
9.238243238300635
 10
-50.045709829540954
 20
9.210679243800222
 10
-49.972537714778106
 20
9.165477114072909
 10
-49.89926596911106
 20
9.120695987640696
 10
-49.825894603750264
 20
9.076339619026216
 10
-49.75242360339696
 20
9.032411914447467
 10
-49.67885292449167
 20
8.988916941925751
 10
-49.6051824932992
 20
8.945858942337113
 10
-49.531412203811094
 20
8.903242341522034
 10
-49.45754191544152
 20
8.861071763587425
 10
-49.38357145049087
 20
8.819352045554337
 10
-49.30950059134538
 20
8.778088253532038
 10
-49.235329077376896
 20
8.737285700626726
 10
-49.16105660150015
 20
8.696949966831744
 10
-49.144954870847634
 20
8.688319729562098
 10
-49.126363428528414
 20
8.675104622726636
 10
-49.11166518258718
 20
8.657679021806787
 10
-49.10178102302777
 20
8.637134771377774
 10
-49.09733017480019
 20
8.61475912636472
 10
-49.09859142526809
 20
8.591954102845582
 10
-49.09921812789917
 20
8.588526035559081
 10
-49.11165388049888
 20
8.519947059570853
 10
-49.123990035236545
 20
8.451350137055261
 10
-49.13622656344093
 20
8.382735411896908
 10
-49.13683347096006
 20
8.37930381508842
 10
-49.14360167792389
 20
8.35745945845379
 10
-49.155584375860776
 20
8.337951599809807
 10
-49.172030778534875
 20
8.322002612556096
 10
-49.19191045035764
 20
8.310611885796021
 10
-49.213977850908805
 20
8.304493194942413
 10
-49.23210832479179
 20
8.301837784014241
 10
-49.31592204855329
 20
8.289094017736092
 10
-49.3998028782739
 20
8.27587735276803
 10
-49.48374913829325
 20
8.262193124337855
 10
-49.567759202818905
 20
8.248046401434497
 10
-49.6518314921997
 20
8.233442006646666
 10
-49.735964469570185
 20
8.218384534025814
 10
-49.82015663782023
 20
8.202878365218337
 10
-49.904406536850644
 20
8.18692768407593
 10
-49.988712741080995
 20
8.170536489923562
 10
-50.07307385718093
 20
8.15370860963826
 10
-50.15748852199985
 20
8.136447708672193
 10
-50.241955400673305
 20
8.118757301135426
 10
-50.29302240479404
 20
8.107811053000015
 10
-50.30435449467973
 20
8.103922093218053
 10
-50.31444954343894
 20
8.097461985858084
 10
-50.322730150276804
 20
8.088800199494582
 10
-50.32872269505068
 20
8.078432126314569
 10
-50.33208443118853
 20
8.066950750484278
 10
-50.34001632589842
 20
8.01932078492107
 10
-50.35342293365869
 20
7.9379782379289505
 10
-50.366692966586214
 20
7.856613346227731
 10
-50.37982638351887
 20
7.7752263380708815
 10
-50.387439144574365
 20
7.727544574544907
 10
-50.38789757851272
 20
7.71560294884766
 10
-50.38550381286847
 20
7.703906120120513
 10
-50.380394780235775
 20
7.693123080177703
 10
-50.37286271338303
 20
7.6838705594900105
 10
-50.363338425031905
 20
7.676677752190829
 10
-50.318326369926496
 20
7.650511895394957
 10
-50.24374336182884
 20
7.607626722334989
 10
-50.16907427394546
 20
7.565165531998184
 10
-50.09431924054088
 20
7.523132076922718
 10
-50.01947837431582
 20
7.481530262117364
 10
-49.94455176498439
 20
7.440364155221217
 10
-49.86953947771887
 20
7.399637997611026
 10
-49.79444155144586
 20
7.359356216572628
 10
-49.71925799697517
 20
7.319523438670087
 10
-49.64398879493969
 20
7.280144504468313
 10
-49.568633893521245
 20
7.241224484788637
 10
-49.493193205932705
 20
7.2027686987088835
 10
-49.41766660762223
 20
7.164782733554152
 10
-49.40129667040319
 20
7.156661866671299
 10
-49.38229057946468
 20
7.144036100756873
 10
-49.367039170744334
 20
7.127079026306762
 10
-49.3564979900964
 20
7.106853135987196
 10
-49.35132742949212
 20
7.084625743052181
 10
-49.35185137539442
 20
7.0617895800365424
 10
-49.35236696098779
 20
7.058343092082509
 10
-49.36257983104819
 20
6.98939883927169
 10
-49.37269251956361
 20
6.920439853641062
 10
-49.382705002989105
 20
6.851466280137812
 10
-49.38320068187901
 20
6.848016897865131
 10
-49.38925896488451
 20
6.825968020209876
 10
-49.400603833882826
 20
6.8060908585772735
 10
-49.416524476230585
 20
6.789630923913089
 10
-49.436023405916494
 20
6.777619615676774
 10
-49.45787894207566
 20
6.770809588034377
 10
-49.47591195621707
 20
6.767585283165744
 10
-49.55926005782297
 20
6.752211818707339
 10
-49.64266001722015
 20
6.736363546909713
 10
-49.72611033343483
 20
6.720045854365019
 10
-49.80960954669507
 20
6.703263859950385
 10
-49.893156235349196
 20
6.686022434777018
 10
-49.97674901309117
 20
6.668326220152037
 10
-50.060386526454934
 20
6.650179643800325
 10
-50.1440674525452
 20
6.6315869345561245
 10
-50.22779049697696
 20
6.612552135704315
 10
-50.31155439199954
 20
6.593079117126577
 10
-50.39535789478507
 20
6.573171586385573
 10
-50.47919978586274
 20
6.552833098863581
 10
-50.529880868430155
 20
6.540285983280607
 10
-50.54108018775999
 20
6.536042345424124
 10
-50.550960240639
 20
6.5292674342453125
 10
-50.558955921977585
 20
6.520348724765707
 10
-50.56460990613002
 20
6.509796304874373
 10
-50.567598808196465
 20
6.498213702897914
 10
-50.57398782210737
 20
6.45035285589539
 10
-50.584759517050244
 20
6.368620476878794
 10
-50.59539391905038
 20
6.286870159694931
 10
-50.60589099506965
 20
6.205102134102948
 10
-50.61195923111785
 20
6.1571997611246445
 10
-50.612031755367205
 20
6.14524840453815
 10
-50.609261778885724
 20
6.1336313932349
 10
-50.603807750426256
 20
6.123013152556237
 10
-50.59598163450834
 20
6.114000985810109
 10
-50.58623106263051
 20
6.107110338829374
 10
-50.540402338289105
 20
6.082369431795721
 10
-50.46448125899146
 20
6.04184515869902
 10
-50.38848774741865
 20
6.001747413432929
 10
-50.312422060795996
 20
5.962079942525194
 10
-50.236284439755245
 20
5.922846645589395
 10
-50.16007510724233
 20
5.884051585525285
 10
-50.083794267323405
 20
5.845698999670717
 10
-50.00744210387714
 20
5.807793312021663
 10
-49.93101877915845
 20
5.770339146655045
 10
-49.854524432217225
 20
5.73334134251015
 10
-49.777959177152965
 20
5.696804969709421
 10
-49.701323101182325
 20
5.660735347630314
 10
-49.62461626249353
 20
5.625138064976206
 10
-49.6079941349717
 20
5.6175348867671335
 10
-49.5885919128782
 20
5.605511443180781
 10
-49.57280203444542
 20
5.5890404075547915
 10
-49.561613781387585
 20
5.569153823703232
 10
-49.555728090074766
 20
5.547097750886021
 10
-49.55551365963989
 20
5.524254192579337
 10
-49.55591753424916
 20
5.520792870802707
 10
-49.563895748667186
 20
5.451555096030177
 10
-49.571773312509784
 20
5.382305823588606
 10
-49.579550207410044
 20
5.313045199279903
 10
-49.57993408577959
 20
5.309581622293094
 10
-49.58527592861855
 20
5.287351197388704
 10
-49.59597127020222
 20
5.267125486563072
 10
-49.61135000415443
 20
5.250171837391415
 10
-49.63044860524221
 20
5.23755257948106
 10
-49.65207047867872
 20
5.230058454036323
 10
-49.6699881030982
 20
5.226268737450705
 10
-49.75278770236157
 20
5.208282157069656
 10
-49.835623853296816
 20
5.189819351316201
 10
-49.918495231373015
 20
5.17088575247452
 10
-50.001400544545966
 20
5.151486523918281
 10
-50.0843385308253
 20
5.131626580148742
 10
-50.16730795608419
 20
5.111310604837205
 10
-50.25030761208116
 20
5.0905430671192216
 10
-50.333336314668905
 20
5.069328236351937
 10
-50.41639290216763
 20
5.047670195515206
 10
-50.49947623388439
 20
5.025572853411949
 10
-50.58258518876206
 20
5.003039955801904
 10
-50.66571866414351
 20
4.980075095585694
 10
-50.71596339126407
 20
4.965940495187756
 10
-50.72701876388596
 20
4.961346665398204
 10
-50.7366738961218
 20
4.954264058835107
 10
-50.74437654640993
 20
4.945097750467111
 10
-50.74968614734195
 20
4.93437199069894
 10
-50.752299008790644
 20
4.922700222616976
 10
-50.75713779690621
 20
4.874658289916397
 10
-50.76526219040468
 20
4.792621121165638
 10
-50.77324872986512
 20
4.710570446770244
 10
-50.7810973904454
 20
4.628506497666064
 10
-50.785614118304586
 20
4.580433369241277
 10
-50.78530041799562
 20
4.56848471132496
 10
-50.78215673547408
 20
4.556959581480589
 10
-50.776362892235596
 20
4.5465171486236295
 10
-50.76825028803747
 20
4.537754659255851
 10
-50.75828294054551
 20
4.5311732775925035
 10
-50.711682390169486
 20
4.507882763981166
 10
-50.634497538367626
 20
4.469761065904989
 10
-50.55725398317337
 20
4.432068002945446
 10
-50.479952104527726
 20
4.394807311598035
 10
-50.40259227076732
 20
4.357982881897921
 10
-50.32517483786409
 20
4.321598767650537
 10
-50.24770014859408
 20
4.285659197616056
 10
-50.17016853162722
 20
4.250168587765442
 10
-50.092580300527636
 20
4.215131554742731
 10
-50.014935752653194
 20
4.180552930689808
 10
-49.93723516794087
 20
4.14643777961508
 10
-49.859478807561985
 20
4.112791415518473
 10
-49.78166691242935
 20
4.079619422521168
 10
-49.76480888897108
 20
4.072541751120656
 10
-49.74502949425918
 20
4.061133035678332
 10
-49.72871644542613
 20
4.045165100219476
 10
-49.716891802102566
 20
4.025638470963657
 10
-49.71029637648667
 20
4.003776659475026
 10
-49.709343342885035
 20
3.980949502547396
 10
-49.709635040673724
 20
3.977476955377451
 10
-49.7153693892757
 20
3.9080178413051234
 10
-49.72100273395658
 20
3.838550481497355
 10
-49.72653506156807
 20
3.7690750223997025
 10
-49.72680669581077
 20
3.765600862178259
 10
-49.73142640610701
 20
3.743212086718254
 10
-49.74146127222145
 20
3.7226589655680145
 10
-49.75628257964853
 20
3.7052293579193503
 10
-49.77496173562515
 20
3.6920154105962655
 10
-49.796328428503166
 20
3.6838451208131926
 10
-49.81411287601304
 20
3.679494044178434
 10
-49.896281769896895
 20
3.658913562542621
 10
-49.9784718685906
 20
3.637855930034834
 10
-50.060682025553405
 20
3.6163266188906724
 10
-50.142911117977256
 20
3.5943308315218236
 10
-50.22515804500566
 20
3.5718735206225025
 10
-50.30742172612995
 20
3.5489594072732453
 10
-50.38970109974136
 20
3.525592997290653
 10
-50.47199512181943
 20
3.501778596035017
 10
-50.554302764741635
 20
3.4775203218569324
 10
-50.63662301619935
 20
3.452822118339269
 10
-50.718954878209125
 20
3.427687765468854
 10
-50.80129736620816
 20
3.4021208898551456
 10
-50.851055830786564
 20
3.386413789263383
 10
-50.86195625126626
 20
3.3814746096114217
 10
-50.87137680064882
 20
3.3740917341023775
 10
-50.87877865371133
 20
3.3646874129477187
 10
-50.88373844562242
 20
3.353799510890317
 10
-50.88597249144616
 20
3.342050745457864
 10
-50.8892554846856
 20
3.2938777851248453
 10
-50.89472322127418
 20
3.211621310896927
 10
-50.90005270096982
 20
3.1293557831568553
 10
-50.90524390718075
 20
3.0470814336840504
 10
-50.90820392225186
 20
2.9988876517505965
 10
-50.90750412455887
 20
2.986954138763739
 10
-50.90398966706394
 20
2.9755328818438316
 10
-50.897861576214936
 20
2.9652771076913815
 10
-50.889470368409135
 20
2.956773385392925
 10
-50.87929599633909
 20
2.950508077613683
 10
-50.83196932319959
 20
2.928691998631402
 10
-50.75359640586216
 20
2.8930122266150815
 10
-50.675178580202285
 20
2.8577627562585746
 10
-50.59671634847978
 20
2.8229473100135984
 10
-50.51821020635255
 20
2.788569764163868
 10
-50.439660642448914
 20
2.7546341590746075
 10
-50.36106813790018
 20
2.7211447103981112
 10
-50.28243316582904
 20
2.6881058213529094
 10
-50.20375619078759
 20
2.6555220962113135
 10
-50.125037668138944
 20
2.6233983551517706
 10
-50.04627804337487
 20
2.591739650658639
 10
-49.96747775136023
 20
2.5605512856809187
 10
-49.888637215494555
 20
2.529838833799832
 10
-49.871559853356516
 20
2.523293976732999
 10
-49.851422668450226
 20
2.5125118027288553
 10
-49.83460234200129
 20
2.497063553958301
 10
-49.82215271645445
 20
2.4779171999942524
 10
-49.814853765784804
 20
2.456272431454175
 10
-49.813162751022986
 20
2.4334854907715666
 10
-49.81334193528852
 20
2.430005343004365
 10
-49.8168257911344
 20
2.360397395709328
 10
-49.8202084061787
 20
2.290784466674432
 10
-49.82348977252077
 20
2.2211667027756876
 10
-49.823648848295946
 20
2.217685586301376
 10
-49.82754156666038
 20
2.195161846194794
 10
-49.83690577380004
 20
2.174302807678973
 10
-49.85115478472977
 20
2.1564154943986926
 10
-49.869395870202695
 20
2.142620726392317
 10
-49.89048616798721
 20
2.1337828877966305
 10
-49.908119812677775
 20
2.1288750655775392
 10
-49.989576560775205
 20
2.1057224983560756
 10
-50.07103914336617
 20
2.082092348532857
 10
-50.15250659323486
 20
2.0579901224946084
 10
-50.233977958115595
 20
2.033421056174482
 10
-50.31545229956541
 20
2.008390135205697
 10
-50.39692869194906
 20
1.9829021130676716
 10
-50.47840622152255
 20
1.9569615274740146
 10
-50.55988398560335
 20
1.9305727152150292
 10
-50.64136109181705
 20
1.903739825635611
 10
-50.72283665741171
 20
1.8764668329059992
 10
-50.80430980863232
 20
1.8487575472196518
 10
-50.8857796801488
 20
1.8206156250357637
 10
-50.93500255398702
 20
1.803352587243904
 10
-50.94573719929956
 20
1.7980732483140773
 10
-50.954913776856934
 20
1.7903978372294533
 10
-50.96200741496136
 20
1.7807653371688243
 10
-50.96661237577764
 20
1.7697266648496017
 10
-50.9684652669007
 20
1.7579131619367647
 10
-50.970188684260506
 20
1.7096594221953296
 10
-50.97299346210042
 20
1.6272694454435934
 10
-50.975659739315475
 20
1.5448748804812495
 10
-50.97818750760067
 20
1.4624759595949957
 10
-50.97958739527649
 20
1.4142118017080432
 10
-50.978502070818976
 20
1.4023058786976392
 10
-50.974620194220115
 20
1.3910003964476736
 10
-50.968163804799886
 20
1.3809419587988117
 10
-50.959502195157924
 20
1.3727058467290922
 10
-50.949130783731974
 20
1.366763115537515
 10
-50.90112450831656
 20
1.3464440770568629
 10
-50.821640569628
 20
1.3132432042972662
 10
-50.74212556855285
 20
1.28047385666501
 10
-50.66258012912187
 20
1.248139738574258
 10
-50.58300487377357
 20
1.2162447084008716
 10
-50.50340042325971
 20
1.1847927887405272
 10
-50.42376739654225
 20
1.153788177623505
 10
-50.34410641068087
 20
1.1232352608039236
 10
-50.26441808070946
 20
1.0931386252583222
 10
-50.18470301950047
 20
1.0635030740504412
 10
-50.104961837615534
 20
1.0343336427441523
 10
-50.025195143140124
 20
1.0056356175773062
 10
-49.94540354150051
 20
0.9774145556457496
 10
-49.92812364510015
 20
0.9714092998193649
 10
-49.9076484582678
 20
0.9612648715768269
 10
-49.89033732644664
 20
0.9463523976871865
 10
-49.877274843506655
 20
0.9276062831855237
 10
-49.869279386233
 20
0.9062011467649936
 10
-49.866851863200544
 20
0.8834782208277511
 10
-49.86691832711597
 20
0.8799941083501863
 10
-49.868147661151916
 20
0.8103100517762026
 10
-49.86927563449538
 20
0.7406242847559258
 10
-49.870302244510874
 20
0.6709369543809264
 10
-49.870348577441625
 20
0.6674525188547984
 10
-49.87351028479427
 20
0.6448173550668838
 10
-49.88219442642964
 20
0.6236742146501214
 10
-49.89585693580443
 20
0.6053479183710143
 10
-49.91364183654444
 20
0.5909867861046306
 10
-49.93443485008043
 20
0.581490683065098
 10
-49.951900245399116
 20
0.5760312852406126
 10
-50.03256425350142
 20
0.5503310147547358
 10
-50.11321871965898
 20
0.5241532242579597
 10
-50.193862857100115
 20
0.49750344843742905
 10
-50.2744958852026
 20
0.4703869511818809
 10
-50.355117029021045
 20
0.44280874576106016
 10
-50.435725518862
 20
0.4147736129952544
 10
-50.516320589900054
 20
0.3862861176644286
 10
-50.59690148183059
 20
0.35735062336964407
 10
-50.67746743855472
 20
0.3279713060284174
 10
-50.75801770789249
 20
0.29815216616116136
 10
-50.83855154132149
 20
0.26789704010347687
 10
-50.91906819373797
 20
0.2372096102618066
 10
-50.967706778240334
 20
0.21840875122403283
 10
-50.97826501903555
 20
0.21279478428816936
 10
-50.98718851910076
 20
0.20483486646593468
 10
-50.99396688124751
 20
0.19498425471202233
 10
-50.998212398659994
 20
0.18380634199466098
 10
-50.9996822353784
 20
0.17194043477489712
 10
-50.99984409220379
 20
0.12365628116412658
 10
-50.99998267690254
 20
0.0412187991306903
 10
-50.99998267690254
 20
-0.04121879913071295
 10
-50.99984409220379
 20
-0.12365628116414923
 10
-50.9996822353784
 20
-0.17194043477491977
 10
-50.998212398659994
 20
-0.18380634199470627
 10
-50.99396688124751
 20
-0.19498425471206762
 10
-50.98718851910076
 20
-0.20483486646595733
 10
-50.97826501903555
 20
-0.21279478428821463
 10
-50.967706778240334
 20
-0.2184087512240781
 10
-50.91906819373797
 20
-0.23720961026185183
 10
-50.83855154132149
 20
-0.26789704010352205
 10
-50.75801770789249
 20
-0.2981521661611839
 10
-50.67746743855472
 20
-0.3279713060284399
 10
-50.59690148183059
 20
-0.35735062336966655
 10
-50.516320589900054
 20
-0.38628611766447346
 10
-50.435725518862
 20
-0.4147736129952992
 10
-50.355117029021045
 20
-0.4428087457611049
 10
-50.274495885202604
 20
-0.47038695118190327
 10
-50.193862857100115
 20
-0.49750344843745137
 10
-50.11321871965898
 20
-0.5241532242580043
 10
-50.03256425350142
 20
-0.550331014754758
 10
-49.951900245399116
 20
-0.5760312852406348
 10
-49.93443485008043
 20
-0.5814906830651202
 10
-49.91364183654444
 20
-0.5909867861046528
 10
-49.89585693580443
 20
-0.6053479183710364
 10
-49.88219442642964
 20
-0.6236742146501435
 10
-49.87351028479426
 20
-0.6448173550669057
 10
-49.870348577441625
 20
-0.6674525188548206
 10
-49.870302244510874
 20
-0.6709369543809485
 10
-49.86927563449538
 20
-0.740624284755948
 10
-49.868147661151916
 20
-0.8103100517762248
 10
-49.86691832711597
 20
-0.8799941083502084
 10
-49.86685186320055
 20
-0.8834782208277734
 10
-49.86927938623301
 20
-0.9062011467650158
 10
-49.877274843506655
 20
-0.9276062831855459
 10
-49.890337326446634
 20
-0.9463523976872084
 10
-49.9076484582678
 20
-0.9612648715768269
 10
-49.92812364510015
 20
-0.9714092998193871
 10
-49.94540354150051
 20
-0.9774145556457717
 10
-50.025195143140124
 20
-1.0056356175773062
 10
-50.104961837615534
 20
-1.0343336427441523
 10
-50.18470301950047
 20
-1.0635030740504636
 10
-50.26441808070947
 20
-1.0931386252583448
 10
-50.34410641068087
 20
-1.1232352608039236
 10
-50.42376739654225
 20
-1.153788177623505
 10
-50.50340042325971
 20
-1.1847927887405272
 10
-50.58300487377357
 20
-1.216244708400894
 10
-50.66258012912187
 20
-1.2481397385742807
 10
-50.74212556855285
 20
-1.2804738566650327
 10
-50.821640569628
 20
-1.3132432042972662
 10
-50.90112450831656
 20
-1.3464440770568629
 10
-50.949130783731974
 20
-1.366763115537515
 10
-50.959502195157924
 20
-1.3727058467290922
 10
-50.968163804799886
 20
-1.3809419587988343
 10
-50.974620194220115
 20
-1.3910003964476736
 10
-50.978502070818976
 20
-1.4023058786976392
 10
-50.97958739527649
 20
-1.4142118017080432
 10
-50.97818750760067
 20
-1.4624759595950183
 10
-50.97565973931548
 20
-1.5448748804812722
 10
-50.97299346210042
 20
-1.6272694454435934
 10
-50.970188684260506
 20
-1.7096594221953296
 10
-50.9684652669007
 20
-1.7579131619367874
 10
-50.96661237577764
 20
-1.7697266648496244
 10
-50.96200741496137
 20
-1.7807653371688472
 10
-50.954913776856934
 20
-1.7903978372294533
 10
-50.945737199299565
 20
-1.7980732483141002
 10
-50.93500255398702
 20
-1.8033525872439267
 10
-50.8857796801488
 20
-1.8206156250357863
 10
-50.80430980863232
 20
-1.8487575472196742
 10
-50.72283665741171
 20
-1.8764668329059992
 10
-50.64136109181705
 20
-1.903739825635611
 10
-50.55988398560335
 20
-1.9305727152150292
 10
-50.47840622152255
 20
-1.9569615274740373
 10
-50.39692869194906
 20
-1.982902113067694
 10
-50.31545229956541
 20
-2.00839013520572
 10
-50.23397795811559
 20
-2.033421056174482
 10
-50.15250659323487
 20
-2.057990122494609
 10
-50.07103914336617
 20
-2.0820923485328793
 10
-49.989576560775205
 20
-2.1057224983560756
 10
-49.90811981267778
 20
-2.1288750655775392
 10
-49.89048616798721
 20
-2.1337828877966527
 10
-49.869395870202695
 20
-2.142620726392339
 10
-49.85115478472977
 20
-2.156415494398715
 10
-49.836905773800034
 20
-2.1743028076789948
 10
-49.82754156666037
 20
-2.1951618461948157
 10
-49.823648848295946
 20
-2.217685586301398
 10
-49.82348977252077
 20
-2.22116670277571
 10
-49.8202084061787
 20
-2.290784466674454
 10
-49.81682579113441
 20
-2.3603973957093505
 10
-49.813341935288534
 20
-2.4300053430043875
 10
-49.813162751022986
 20
-2.433485490771589
 10
-49.81485376578481
 20
-2.4562724314541975
 10
-49.82215271645445
 20
-2.4779171999942746
 10
-49.83460234200128
 20
-2.497063553958323
 10
-49.851422668450226
 20
-2.5125118027288553
 10
-49.871559853356516
 20
-2.5232939767330214
 10
-49.88863721549455
 20
-2.5298388337998543
 10
-49.967477751360235
 20
-2.560551285680919
 10
-50.04627804337487
 20
-2.591739650658639
 10
-50.125037668138944
 20
-2.6233983551517928
 10
-50.20375619078759
 20
-2.655522096211336
 10
-50.28243316582903
 20
-2.688105821352932
 10
-50.36106813790018
 20
-2.7211447103981112
 10
-50.439660642448914
 20
-2.7546341590746075
 10
-50.51821020635255
 20
-2.7885697641638907
 10
-50.59671634847978
 20
-2.822947310013621
 10
-50.675178580202285
 20
-2.857762756258597
 10
-50.75359640586216
 20
-2.8930122266151037
 10
-50.83196932319959
 20
-2.928691998631402
 10
-50.87929599633909
 20
-2.950508077613683
 10
-50.88947036840914
 20
-2.9567733853929252
 10
-50.897861576214936
 20
-2.9652771076913815
 10
-50.90398966706394
 20
-2.9755328818438316
 10
-50.90750412455887
 20
-2.986954138763739
 10
-50.90820392225186
 20
-2.9988876517505965
 10
-50.90524390718075
 20
-3.047081433684073
 10
-50.900052700969816
 20
-3.129355783156878
 10
-50.89472322127418
 20
-3.211621310896927
 10
-50.8892554846856
 20
-3.2938777851248453
 10
-50.885972491446154
 20
-3.3420507454578856
 10
-50.88373844562243
 20
-3.3537995108903402
 10
-50.87877865371133
 20
-3.3646874129477413
 10
-50.87137680064882
 20
-3.3740917341023775
 10
-50.86195625126626
 20
-3.3814746096114443
 10
-50.851055830786564
 20
-3.386413789263406
 10
-50.80129736620815
 20
-3.402120889855168
 10
-50.71895487820912
 20
-3.427687765468876
 10
-50.63662301619935
 20
-3.452822118339269
 10
-50.554302764741635
 20
-3.4775203218569324
 10
-50.47199512181943
 20
-3.501778596035017
 10
-50.38970109974136
 20
-3.5255929972906754
 10
-50.30742172612996
 20
-3.548959407273268
 10
-50.22515804500566
 20
-3.571873520622525
 10
-50.142911117977256
 20
-3.5943308315218236
 10
-50.060682025553405
 20
-3.6163266188906724
 10
-49.97847186859061
 20
-3.637855930034857
 10
-49.896281769896895
 20
-3.658913562542621
 10
-49.81411287601304
 20
-3.679494044178434
 10
-49.79632842850317
 20
-3.683845120813193
 10
-49.77496173562515
 20
-3.6920154105962655
 10
-49.75628257964853
 20
-3.7052293579193503
 10
-49.74146127222145
 20
-3.7226589655680145
 10
-49.731426406107005
 20
-3.7432120867182532
 10
-49.72680669581078
 20
-3.7656008621782595
 10
-49.726535061568065
 20
-3.769075022399702
 10
-49.72100273395658
 20
-3.838550481497355
 10
-49.7153693892757
 20
-3.9080178413051234
 10
-49.709635040673724
 20
-3.977476955377451
 10
-49.70934334288505
 20
-3.9809495025473973
 10
-49.710296376486674
 20
-4.003776659475027
 10
-49.71689180210258
 20
-4.025638470963636
 10
-49.72871644542613
 20
-4.045165100219476
 10
-49.74502949425918
 20
-4.06113303567831
 10
-49.76480888897109
 20
-4.0725417511206565
 10
-49.78166691242935
 20
-4.079619422521191
 10
-49.85947880756198
 20
-4.112791415518495
 10
-49.93723516794086
 20
-4.146437779615101
 10
-50.014935752653194
 20
-4.18055293068983
 10
-50.092580300527636
 20
-4.2151315547427535
 10
-50.17016853162722
 20
-4.250168587765442
 10
-50.24770014859408
 20
-4.285659197616056
 10
-50.32517483786409
 20
-4.321598767650537
 10
-50.40259227076732
 20
-4.357982881897943
 10
-50.479952104527726
 20
-4.394807311598057
 10
-50.557253983173375
 20
-4.432068002945468
 10
-50.634497538367626
 20
-4.469761065904989
 10
-50.71168239016949
 20
-4.507882763981167
 10
-50.75828294054552
 20
-4.531173277592504
 10
-50.76825028803748
 20
-4.537754659255852
 10
-50.776362892235596
 20
-4.546517148623652
 10
-50.78215673547408
 20
-4.556959581480589
 10
-50.78530041799562
 20
-4.56848471132496
 10
-50.785614118304586
 20
-4.580433369241277
 10
-50.78109739044541
 20
-4.628506497666086
 10
-50.773248729865124
 20
-4.710570446770267
 10
-50.76526219040468
 20
-4.792621121165638
 10
-50.75713779690621
 20
-4.874658289916397
 10
-50.75229900879064
 20
-4.9227002226169985
 10
-50.74968614734194
 20
-4.9343719906989625
 10
-50.74437654640993
 20
-4.945097750467134
 10
-50.7366738961218
 20
-4.954264058835107
 10
-50.727018763885944
 20
-4.961346665398225
 10
-50.71596339126407
 20
-4.965940495187779
 10
-50.665718664143505
 20
-4.9800750955857165
 10
-50.58258518876205
 20
-5.003039955801927
 10
-50.49947623388439
 20
-5.025572853411949
 10
-50.41639290216763
 20
-5.047670195515206
 10
-50.333336314668905
 20
-5.069328236351937
 10
-50.25030761208116
 20
-5.0905430671192216
 10
-50.16730795608419
 20
-5.111310604837227
 10
-50.0843385308253
 20
-5.131626580148765
 10
-50.001400544545966
 20
-5.151486523918281
 10
-49.918495231373015
 20
-5.17088575247452
 10
-49.835623853296816
 20
-5.189819351316223
 10
-49.75278770236157
 20
-5.208282157069656
 10
-49.669988103098206
 20
-5.226268737450706
 10
-49.65207047867872
 20
-5.230058454036345
 10
-49.63044860524221
 20
-5.237552579481081
 10
-49.611350004154424
 20
-5.250171837391437
 10
-49.59597127020221
 20
-5.267125486563092
 10
-49.58527592861855
 20
-5.287351197388726
 10
-49.57993408577959
 20
-5.309581622293116
 10
-49.57955020741004
 20
-5.313045199279923
 10
-49.57177331250976
 20
-5.382305823588627
 10
-49.56389574866718
 20
-5.451555096030199
 10
-49.55591753424917
 20
-5.5207928708027305
 10
-49.55551365963989
 20
-5.52425419257936
 10
-49.55572809007477
 20
-5.547097750886043
 10
-49.561613781387564
 20
-5.569153823703253
 10
-49.57280203444541
 20
-5.589040407554813
 10
-49.588591912878194
 20
-5.60551144318078
 10
-49.6079941349717
 20
-5.617534886767155
 10
-49.62461626249353
 20
-5.625138064976228
 10
-49.701323101182325
 20
-5.660735347630314
 10
-49.777959177152965
 20
-5.696804969709421
 10
-49.85452443221723
 20
-5.733341342510174
 10
-49.93101877915845
 20
-5.7703391466550675
 10
-50.00744210387714
 20
-5.807793312021663
 10
-50.083794267323405
 20
-5.845698999670717
 10
-50.16007510724232
 20
-5.884051585525308
 10
-50.236284439755245
 20
-5.922846645589417
 10
-50.312422060795996
 20
-5.962079942525216
 10
-50.38848774741865
 20
-6.001747413432951
 10
-50.46448125899146
 20
-6.04184515869902
 10
-50.540402338289105
 20
-6.082369431795721
 10
-50.58623106263051
 20
-6.107110338829374
 10
-50.59598163450834
 20
-6.114000985810109
 10
-50.60380775042625
 20
-6.123013152556259
 10
-50.609261778885724
 20
-6.1336313932349
 10
-50.612031755367205
 20
-6.14524840453815
 10
-50.61195923111785
 20
-6.1571997611246445
 10
-50.60589099506965
 20
-6.2051021341029715
 10
-50.59539391905039
 20
-6.286870159694954
 10
-50.584759517050244
 20
-6.368620476878794
 10
-50.57398782210738
 20
-6.450352855895391
 10
-50.567598808196465
 20
-6.498213702897914
 10
-50.56460990613003
 20
-6.509796304874397
 10
-50.55895592197758
 20
-6.5203487247657295
 10
-50.550960240639
 20
-6.5292674342453125
 10
-50.54108018775998
 20
-6.536042345424147
 10
-50.529880868430155
 20
-6.54028598328063
 10
-50.47919978586274
 20
-6.552833098863604
 10
-50.39535789478508
 20
-6.573171586385596
 10
-50.31155439199955
 20
-6.593079117126578
 10
-50.227790496976965
 20
-6.612552135704316
 10
-50.1440674525452
 20
-6.6315869345561245
 10
-50.06038652645493
 20
-6.650179643800348
 10
-49.97674901309117
 20
-6.668326220152059
 10
-49.893156235349196
 20
-6.6860224347770405
 10
-49.80960954669507
 20
-6.703263859950386
 10
-49.726110333434825
 20
-6.720045854365018
 10
-49.64266001722015
 20
-6.736363546909733
 10
-49.55926005782297
 20
-6.752211818707339
 10
-49.475911956217075
 20
-6.767585283165745
 10
-49.45787894207565
 20
-6.770809588034399
 10
-49.4360234059165
 20
-6.777619615676797
 10
-49.41652447623058
 20
-6.78963092391311
 10
-49.40060383388283
 20
-6.806090858577297
 10
-49.389258964884505
 20
-6.825968020209898
 10
-49.38320068187901
 20
-6.848016897865152
 10
-49.3827050029891
 20
-6.851466280137811
 10
-49.37269251956359
 20
-6.920439853641082
 10
-49.36257983104819
 20
-6.989398839271712
 10
-49.35236696098779
 20
-7.0583430920825325
 10
-49.35185137539443
 20
-7.061789580036568
 10
-49.351327429492116
 20
-7.084625743052203
 10
-49.3564979900964
 20
-7.106853135987196
 10
-49.367039170744334
 20
-7.1270790263067845
 10
-49.38229057946468
 20
-7.144036100756873
 10
-49.40129667040319
 20
-7.156661866671321
 10
-49.41766660762222
 20
-7.164782733554196
 10
-49.493193205932705
 20
-7.202768698708906
 10
-49.56863389352124
 20
-7.241224484788679
 10
-49.64398879493969
 20
-7.2801445044683355
 10
-49.719257996975166
 20
-7.31952343867013
 10
-49.79444155144585
 20
-7.35935621657265
 10
-49.86953947771886
 20
-7.399637997611047
 10
-49.944551764984396
 20
-7.44036415522124
 10
-50.01947837431581
 20
-7.481530262117407
 10
-50.09431924054088
 20
-7.523132076922764
 10
-50.16907427394545
 20
-7.565165531998226
 10
-50.243743361828834
 20
-7.607626722335012
 10
-50.31832636992649
 20
-7.650511895394979
 10
-50.3633384250319
 20
-7.676677752190852
 10
-50.372862713383014
 20
-7.683870559490032
 10
-50.38039478023577
 20
-7.693123080177747
 10
-50.385503812868464
 20
-7.703906120120534
 10
-50.38789757851272
 20
-7.715602948847682
 10
-50.38743914457436
 20
-7.727544574544929
 10
-50.37982638351887
 20
-7.775226338070926
 10
-50.36669296658621
 20
-7.8566133462277765
 10
-50.35342293365869
 20
-7.937978237928974
 10
-50.34001632589841
 20
-8.019320784921094
 10
-50.332084431188505
 20
-8.066950750484297
 10
-50.32872269505067
 20
-8.07843212631459
 10
-50.32273015027678
 20
-8.088800199494624
 10
-50.31444954343893
 20
-8.097461985858107
 10
-50.30435449467972
 20
-8.103922093218095
 10
-50.29302240479402
 20
-8.107811053000058
 10
-50.2419554006733
 20
-8.11875730113547
 10
-50.15748852199985
 20
-8.13644770867224
 10
-50.07307385718092
 20
-8.153708609638281
 10
-49.98871274108099
 20
-8.170536489923583
 10
-49.90440653685063
 20
-8.18692768407595
 10
-49.82015663782024
 20
-8.20287836521836
 10
-49.73596446957018
 20
-8.218384534025859
 10
-49.65183149219968
 20
-8.23344200664671
 10
-49.5677592028189
 20
-8.248046401434518
 10
-49.48374913829325
 20
-8.262193124337879
 10
-49.399802878273896
 20
-8.275877352768049
 10
-49.3159220485533
 20
-8.289094017736117
 10
-49.23210832479179
 20
-8.301837784014264
 10
-49.213977850908805
 20
-8.304493194942435
 10
-49.19191045035763
 20
-8.310611885796044
 10
-49.172030778534875
 20
-8.322002612556117
 10
-49.15558437586078
 20
-8.33795159980983
 10
-49.14360167792387
 20
-8.357459458453809
 10
-49.13683347096005
 20
-8.37930381508844
 10
-49.136226563440914
 20
-8.38273541189693
 10
-49.123990035236545
 20
-8.451350137055282
 10
-49.11165388049888
 20
-8.519947059570876
 10
-49.09921812789918
 20
-8.588526035559104
 10
-49.09859142526808
 20
-8.591954102845605
 10
-49.0973301748002
 20
-8.614759126364744
 10
-49.10178102302777
 20
-8.637134771377799
 10
-49.11166518258716
 20
-8.657679021806805
 10
-49.126363428528414
 20
-8.675104622726636
 10
-49.144954870847634
 20
-8.68831972956212
 10
-49.16105660150014
 20
-8.696949966831765
 10
-49.23532907737689
 20
-8.737285700626726
 10
-49.309500591345376
 20
-8.778088253532038
 10
-49.38357145049086
 20
-8.819352045554359
 10
-49.45754191544152
 20
-8.861071763587448
 10
-49.53141220381108
 20
-8.903242341522056
 10
-49.60518249329921
 20
-8.945858942337114
 10
-49.678852924491665
 20
-8.988916941925773
 10
-49.752423603396956
 20
-9.03241191444749
 10
-49.82589460375025
 20
-9.076339619026237
 10
-49.89926596911106
 20
-9.120695987640696
 10
-49.97253771477809
 20
-9.16547711407293
 10
-50.045709829540954
 20
-9.210679243800222
 10
-50.08986127344096
 20
-9.238243238300635
 10
-50.09915002192481
 20
-9.245730814145123
 10
-50.10638080893453
 20
-9.255214144510713
 10
-50.11114005425251
 20
-9.26615083292564
 10
-50.11315553109233
 20
-9.27791535955085
 10
-50.1123119420263
 20
-9.289834859239402
 10
-50.10316340247734
 20
-9.337246478669387
 10
-50.08740872841957
 20
-9.418167926568845
 10
-50.071518303894486
 20
-9.499062881900812
 10
-50.05549217809883
 20
-9.57993111824121
 10
-50.04602650751174
 20
-9.627280740181329
 10
-50.04229557006014
 20
-9.638648955863465
 10
-50.03597067626352
 20
-9.648821882215056
 10
-50.027413579030444
 20
-9.657217696801034
 10
-50.01711371042251
 20
-9.663356220549383
 10
-50.005660184752124
 20
-9.666886379020315
 10
-49.95425816635375
 20
-9.676220000791075
 10
-49.86925049627818
 20
-9.691243306410422
 10
-49.78430880797219
 20
-9.705838998147243
 10
-49.699434550137674
 20
-9.72000360685625
 10
-49.61462920465799
 20
-9.733733513046259
 10
-49.529894288817246
 20
-9.747024936864147
 10
-49.44523135772684
 20
-9.759873927144445
 10
-49.36064200698439
 20
-9.772276349410019
 10
-49.27612787559466
 20
-9.78422787269193
 10
-49.191690649185794
 20
-9.79572395501524
 10
-49.10733206356102
 20
-9.806759827373167
 10
-49.02305390863103
 20
-9.817330475982063
 10
-48.938858032781596
 20
-9.827430622573518
 10
-48.92064815306571
 20
-9.829514232766817
 10
-48.898390943450615
 20
-9.83493505388739
 10
-48.87815056363855
 20
-9.845693214961175
 10
-48.861195159008965
 20
-9.861114570529772
 10
-48.84858706524268
 20
-9.88023278772982
 10
-48.84111626340811
 20
-9.901849905627541
 10
-48.8403988261764
 20
-9.905260152103653
 10
-48.825952336563844
 20
-9.973444752859594
 10
-48.811406912410845
 20
-10.041608362025482
 10
-48.79676258745229
 20
-10.109750836983267
 10
-48.796025488538355
 20
-10.113156923481787
 10
-48.794028844508134
 20
-10.135907149618536
 10
-48.79775621359437
 20
-10.158407884392131
 10
-48.80697414289005
 20
-10.179249279547662
 10
-48.8211051507683
 20
-10.19712546760466
 10
-48.839263884395265
 20
-10.210916375720215
 10
-48.85508168500538
 20
-10.22004717581022
 10
-48.92802752590517
 20
-10.262691508579973
 10
-49.00085746718599
 20
-10.305799179489375
 10
-49.073571998038766
 20
-10.349364621813772
 10
-49.14617155255896
 20
-10.39338253407578
 10
-49.21865651383209
 20
-10.437847860276777
 10
-49.2910272176129
 20
-10.482755772097695
 10
-49.36328395564847
 20
-10.52810165282405
 10
-49.43542697868826
 20
-10.573881082787759
 10
-49.50745649921809
 20
-10.62008982614676
 10
-49.57937269394935
 20
-10.666723818849336
 10
-49.65117570609115
 20
-10.713779157650512
 10
-49.72286564742891
 20
-10.761252090065877
 10
-49.76611347883638
 20
-10.790186076937596
 10
-49.775157690642004
 20
-10.797960752633589
 10
-49.782080302491835
 20
-10.807665140595091
 10
-49.78648536120396
 20
-10.818744199874565
 10
-49.788120897769716
 20
-10.830564266328237
 10
-49.78689334454542
 20
-10.842449296835028
 10
-49.776219517334674
 20
-10.889541627181684
 10
-49.75786164645078
 20
-10.969913643024432
 10
-49.739369044294214
 20
-11.050254828294163
 10
-49.72074176799
 20
-11.130564958713293
 10
-49.709753166636126
 20
-11.177585178454022
 10
-49.70565708059833
 20
-11.188828443012868
 10
-49.69900642973115
 20
-11.198795644694531
 10
-49.690181596204
 20
-11.206916727647467
 10
-49.67968732318688
 20
-11.21272722679777
 10
-49.668123842636916
 20
-11.215894830135122
 10
-49.61643813596857
 20
-11.22360571008924
 10
-49.53097454844577
 20
-11.235945609304803
 10
-49.44559063764755
 20
-11.24786022729829
 10
-49.36028796442456
 20
-11.259346143514477
 10
-49.27506812766462
 20
-11.27039978820529
 10
-49.18993276683541
 20
-11.281017432490502
 10
-49.104883564764116
 20
-11.291195177491561
 10
-49.01992225068384
 20
-11.300928942424353
 10
-48.935050603579484
 20
-11.310214451520295
 10
-48.85027045587235
 20
-11.319047219623737
 10
-48.765583697488886
 20
-11.327422536289053
 10
-48.68099228036538
 20
-11.33533544817197
 10
-48.59649822345143
 20
-11.342780739472959
 10
-48.578227096524344
 20
-11.344290222862746
 10
-48.55580236602188
 20
-11.349007358015418
 10
-48.53522173674776
 20
-11.359121634987824
 10
-48.517774677825344
 20
-11.373999247820638
 10
-48.50455433857046
 20
-11.392707929905283
 10
-48.49638907112691
 20
-11.414075379846787
 10
-48.49556192859395
 20
-11.417460742064089
 10
-48.478922069781284
 20
-11.485144564982244
 10
-48.46218408034875
 20
-11.55280423768109
 10
-48.44534799902155
 20
-11.620439619008822
 10
-48.44450134981624
 20
-11.623820196368342
 10
-48.44177205497231
 20
-11.64649208687865
 10
-48.44477299152738
 20
-11.669094687045103
 10
-48.45331622541739
 20
-11.690211771633154
 10
-48.466866548042276
 20
-11.708520204692675
 10
-48.4845749857461
 20
-11.722872833941247
 10
-48.50009343977676
 20
-11.732494911260318
 10
-48.57164156779905
 20
-11.777404470183066
 10
-48.64305898839515
 20
-11.822773411910967
 10
-48.71434637221404
 20
-11.868596188899053
 10
-48.785504326235014
 20
-11.914867516932253
 10
-48.85653339849113
 20
-11.961582355499612
 10
-48.92743408232305
 20
-12.008735890122969
 10
-48.998206820220986
 20
-12.056323516397912
 10
-49.068852007304855
 20
-12.104340825540401
 10
-49.139369994485016
 20
-12.152783591261493
 10
-49.20976109134013
 20
-12.201647757818602
 10
-49.280025568743966
 20
-12.250929429110961
 10
-49.350163661268354
 20
-12.300624858705795
 10
-49.392465857304245
 20
-12.330899395419914
 10
-49.40125680261723
 20
-12.338953235370445
 10
-49.407864684246455
 20
-12.348868734082993
 10
-49.41191155110595
 20
-12.360078775149654
 10
-49.41316592121847
 20
-12.37194220157634
 10
-49.411556027019294
 20
-12.383780488886591
 10
-49.3993691246155
 20
-12.430504843732141
 10
-49.37842905471099
 20
-12.510244344288616
 10
-49.35735542420125
 20
-12.589948720408849
 10
-49.336148298017044
 20
-12.669617750271355
 10
-49.323649327812376
 20
-12.71625998146717
 10
-49.319192558756804
 20
-12.727366663546933
 10
-49.31222311365908
 20
-12.737117800089479
 10
-49.30313960567549
 20
-12.74495569309858
 10
-49.29246157068633
 20
-12.750432075124206
 10
-49.28079974944673
 20
-12.753233744935853
 10
-49.22888204345456
 20
-12.759313428775318
 10
-49.14304799800591
 20
-12.768956363231377
 10
-49.05730723610307
 20
-12.778176786001447
 10
-48.97166142892777
 20
-12.786971328673552
 10
-48.88611229050978
 20
-12.795336474950505
 10
-48.8006615805898
 20
-12.803268550798048
 10
-48.71531110774928
 20
-12.810763713673825
 10
-48.630062732840344
 20
-12.817817940724924
 10
-48.54491837275305
 20
-12.824427015823668
 10
-48.45988000456406
 20
-12.830586515291365
 10
-48.37494967011746
 20
-12.836291792135151
 10
-48.290129481096784
 20
-12.841537958593733
 10
-48.205421624658314
 20
-12.84631986675238
 10
-48.18710749431936
 20
-12.847253482579873
 10
-48.164537739197016
 20
-12.851261841965089
 10
-48.14363771906725
 20
-12.860721599419366
 10
-48.125716920479924
 20
-12.875039955289976
 10
-48.1118981843507
 20
-12.893319681885561
 10
-48.10304736633034
 20
-12.914415354784817
 10
-48.102111466607624
 20
-12.917772334707976
 10
-48.083297303582235
 20
-12.984885447897335
 10
-48.064385924044124
 20
-13.051971286943715
 10
-48.0453773716253
 20
-13.119029712355957
 10
-48.04442214152224
 20
-13.122381288926846
 10
-48.040963761145846
 20
-13.144951457882787
 10
-48.043236121971375
 20
-13.167632668819094
 10
-48.051096942398125
 20
-13.18900377655722
 10
-48.064053769772705
 20
-13.20772573392334
 10
-48.08129481174826
 20
-13.222625481695438
 10
-48.09649882321324
 20
-13.232729084230286
 10
-48.16657965770804
 20
-13.279858347569391
 10
-48.236515123039446
 20
-13.32744256942547
 10
-48.306306070449274
 20
-13.375476227308253
 10
-48.3759532790092
 20
-13.42395405986609
 10
-48.4454574609769
 20
-13.47287104742251
 10
-48.51481926661949
 20
-13.522222394451623
 10
-48.584039288569905
 20
-13.572003513751355
 10
-48.653118065773015
 20
-13.622210012109905
 10
-48.72205608706947
 20
-13.672837677289545
 10
-48.79085379445894
 20
-13.723882466176773
 10
-48.85951158607838
 20
-13.775340493968416
 10
-48.9280298189267
 20
-13.827208024280647
 10
-48.96934537111737
 20
-13.858792408042461
 10
-48.97787459409913
 20
-13.86711721989825
 10
-48.98416153484932
 20
-13.87723370081456
 10
-48.98784659972867
 20
-13.888563238343202
 10
-48.98871900043987
 20
-13.900457839614143
 10
-48.98672881558595
 20
-13.912237195729858
 10
-48.973042745863594
 20
-13.958545414521456
 10
-48.94954436719322
 20
-14.037570219899017
 10
-48.925913747555065
 20
-14.116555657000148
 10
-48.90215095954744
 20
-14.195501506760495
 10
-48.88815587230381
 20
-14.241717702257791
 10
-48.883343290654366
 20
-14.25267634626138
 10
-48.876062374800675
 20
-14.262201329150054
 10
-48.86672955000052
 20
-14.269747887641149
 10
-48.85587860954248
 20
-14.274884417581074
 10
-48.844130181900006
 20
-14.277317156405054
 10
-48.79203247162792
 20
-14.281758866535819
 10
-48.70591391944342
 20
-14.288694049162473
 10
-48.619902154486255
 20
-14.295209922837298
 10
-48.53399895632703
 20
-14.301303174767119
 10
-48.44820615214483
 20
-14.306970345734104
 10
-48.36252561990699
 20
-14.312207820341298
 10
-48.27695929184551
 20
-14.317011816348172
 10
-48.19150915826643
 20
-14.32137837298489
 10
-48.10617727173424
 20
-14.325303338116267
 10
-48.02096575167956
 20
-14.328782354106755
 10
-47.93587678948697
 20
-14.331810842213143
 10
-47.85091265412834
 20
-14.334383985302841
 10
-47.76607569841942
 20
-14.33649670866069
 10
-47.74773687382241
 20
-14.336853305326626
 10
-47.72504477311885
 20
-14.340148534323612
 10
-47.70384659558064
 20
-14.348943835979398
 10
-47.68547051534048
 20
-14.362688040004077
 10
-47.67106790877433
 20
-14.380519891517844
 10
-47.6615412249399
 20
-14.401322029142717
 10
-47.660497637790044
 20
-14.404647169449524
 10
-47.639530667174654
 20
-14.471120458927086
 10
-47.61846750237535
 20
-14.537563389308431
 10
-47.59730819183752
 20
-14.603975822951552
 10
-47.596245471544805
 20
-14.607294948587622
 10
-47.59206238256896
 20
-14.629740194292763
 10
-47.59360482986925
 20
-14.652476762376288
 10
-47.60077626746827
 20
-14.674080044631765
 10
-47.613127434700374
 20
-14.693196451275806
 10
-47.62988448229068
 20
-14.708628210805157
 10
-47.6447592888254
 20
-14.719203132038881
 10
-47.71330480646997
 20
-14.768504484822495
 10
-47.78169045516001
 20
-14.818255908890542
 10
-47.84991726564958
 20
-14.868451912638106
 10
-47.91798618810589
 20
-14.919087263136165
 10
-47.98589809809179
 20
-14.970156966851196
 10
-48.0536538019532
 20
-15.021656252285066
 10
-48.121254041684935
 20
-15.07358055429715
 10
-48.18869949933814
 20
-15.125925499905431
 10
-48.2559908010232
 20
-15.17868689539265
 10
-48.32312852055437
 20
-15.231860714568016
 10
-48.390113182776204
 20
-15.285443088054892
 10
-48.456945266606716
 20
-15.339430293492894
 10
-48.49723421515692
 20
-15.372292598916005
 10
-48.50549354044118
 20
-15.380879943829324
 10
-48.51145367756704
 20
-15.391187109724205
 10
-48.51477372578087
 20
-15.402624577191212
 10
-48.515263774488915
 20
-15.414538179117072
 10
-48.5128957705083
 20
-15.426246518505884
 10
-48.49772610709984
 20
-15.472091032005114
 10
-48.471696151487656
 20
-15.550319977247353
 10
-48.4455354207167
 20
-15.628505366101939
 10
-48.41924399489954
 20
-15.70664698255298
 10
-48.403768702025715
 20
-15.752389699463114
 10
-48.3986055742551
 20
-15.763189041183418
 10
-48.39102086074995
 20
-15.772478047874428
 10
-48.38144836000257
 20
-15.7797254526114
 10
-48.370435571223695
 20
-15.784516761593991
 10
-48.35861237806149
 20
-15.786577957858249
 10
-48.30638690686601
 20
-15.789376606729249
 10
-48.22007019537161
 20
-15.793596043250716
 10
-48.13387365683707
 20
-15.797399802505097
 10
-48.04779917715936
 20
-15.800784630711467
 10
-47.96184869454862
 20
-15.803747129275324
 10
-47.87602420302127
 20
-15.80628374514165
 10
-47.790327756218744
 20
-15.808390760247983
 10
-47.704761471592214
 20
-15.81006427996743
 10
-47.61932753499901
 20
-15.811300220414111
 10
-47.534028205764166
 20
-15.812094294463819
 10
-47.44886582226934
 20
-15.812441996318647
 10
-47.363842808140916
 20
-15.812338584415732
 10
-47.27896167912267
 20
-15.811779062445497
 10
-47.260616514698945
 20
-15.811558080604987
 10
-47.23782490439158
 20
-15.814136567494254
 10
-47.21635015161774
 20
-15.822258191218422
 10
-47.1975377663541
 20
-15.835413989210858
 10
-47.18256647174139
 20
-15.852779573186663
 10
-47.17237435898188
 20
-15.873266797858863
 10
-47.17122427352533
 20
-15.876556686618354
 10
-47.14812837755913
 20
-15.942321949788479
 10
-47.124937415780785
 20
-16.008053812007404
 10
-47.101651441346334
 20
-16.073752137664297
 10
-47.10048244055654
 20
-16.077035408378784
 10
-47.095579819084
 20
-16.099332744417968
 10
-47.09639181412903
 20
-16.12210144764146
 10
-47.102867648439336
 20
-16.143914901693943
 10
-47.11460164249165
 20
-16.16340635239727
 10
-47.130858611058876
 20
-16.17935453127564
 10
-47.14538979645077
 20
-16.19039012238823
 10
-47.212333588799225
 20
-16.24181391337392
 10
-47.279103189905385
 20
-16.2936824320567
 10
-47.34569980874292
 20
-16.3459902234936
 10
-47.41212456537502
 20
-16.39873208868752
 10
-47.47837849755646
 20
-16.451903065509292
 10
-47.54446256667871
 20
-16.505498411520374
 10
-47.61037766313962
 20
-16.55951358845981
 10
-47.67612461120706
 20
-16.61394424819464
 10
-47.74170417343624
 20
-16.668786219961863
 10
-47.80711705469147
 20
-16.724035498753565
 10
-47.87236390581711
 20
-16.779688234717458
 10
-47.93744532699541
 20
-16.835740723462056
 10
-47.97666879334935
 20
-16.8698478408827
 10
-47.98465033206369
 20
-16.878689043834743
 10
-47.99027815362451
 20
-16.88917644175469
 10
-47.99323036552482
 20
-16.90071020626787
 10
-47.99333809629491
 20
-16.912630661459904
 10
-47.99059515917888
 20
-16.924256017040186
 10
-47.97395910856229
 20
-16.969589910709836
 10
-47.94542709295944
 20
-17.046942953858398
 10
-47.916765911098494
 20
-17.12424831374936
 10
-47.887975650438804
 20
-17.201505777696177
 10
-47.871037689407316
 20
-17.24672824036556
 10
-47.865529668448595
 20
-17.25735722205652
 10
-47.85764916831059
 20
-17.26640070937974
 10
-47.84784690254161
 20
-17.27334147743378
 10
-47.83668350935865
 20
-17.27778257058671
 10
-47.8247974843717
 20
-17.27947000300818
 10
-47.7724966853005
 20
-17.280622204173305
 10
-47.68606846136896
 20
-17.282120710861363
 10
-47.59977366359548
 20
-17.283207596113886
 10
-47.513614282025245
 20
-17.28387966846885
 10
-47.42759236366045
 20
-17.284133593409916
 10
-47.341710016262624
 20
-17.283965883836917
 10
-47.255969412509344
 20
-17.283372889647318
 10
-47.17037279454938
 20
-17.28235078631972
 10
-47.08492247900601
 20
-17.280895562373782
 10
-46.999620862486495
 20
-17.27900300556096
 10
-46.91447042766562
 20
-17.276668687616883
 10
-46.82947375002147
 20
-17.273887947378082
 10
-46.74463350531634
 20
-17.270655872030872
 10
-46.72630038047997
 20
-17.269857346914666
 10
-46.70343222719241
 20
-17.271716229544733
 10
-46.681702803155254
 20
-17.279155681176974
 10
-46.66247358223747
 20
-17.291709479762456
 10
-46.646949414711045
 20
-17.308590956017742
 10
-46.63610304295195
 20
-17.32874229919243
 10
-46.6348477651418
 20
-17.33199357438375
 10
-46.60964916102292
 20
-17.396983610324167
 10
-46.584356723125524
 20
-17.461937250533968
 10
-46.55897050920479
 20
-17.526854361608457
 10
-46.55769655403429
 20
-17.530098424068637
 10
-46.552080361329466
 20
-17.552225109391333
 10
-46.55216215663466
 20
-17.575002787240415
 10
-46.557936914961935
 20
-17.597004284082608
 10
-46.56904288027468
 20
-17.616851067422207
 10
-46.58478421123362
 20
-17.633299606272058
 10
-46.59895771741489
 20
-17.6447847885924
 10
-46.66423504593584
 20
-17.69827938836828
 10
-46.72932405364259
 20
-17.752212923047118
 10
-46.79422612622711
 20
-17.806579980062015
 10
-46.85894255224979
 20
-17.861375399798206
 10
-46.923474530353374
 20
-17.916594256737557
 10
-46.98782317575903
 20
-17.972231842481342
 10
-47.05198952613358
 20
-18.028283650418132
 10
-47.11597454690383
 20
-18.084745361837953
 10
-47.17977913608314
 20
-18.141612833323265
 10
-47.24340412866577
 20
-18.19888208526917
 10
-47.30685030063794
 20
-18.25654929140793
 10
-47.37011837264664
 20
-18.314610769227112
 10
-47.40823859035758
 20
-18.34992844355815
 10
-47.41593474567936
 20
-18.359014603731772
 10
-47.42122509283092
 20
-18.369671637831793
 10
-47.42380704270284
 20
-18.381290014695843
 10
-47.42353290182852
 20
-18.393205218026033
 10
-47.42041832451117
 20
-18.404735756637315
 10
-47.402334690001375
 20
-18.449512831760494
 10
-47.371332854770436
 20
-18.525911158030596
 10
-47.34020360192821
 20
-18.602257740715658
 10
-47.308947026100086
 20
-18.678552370727896
 10
-47.29056552385147
 20
-18.723208531402953
 10
-47.284718638771594
 20
-18.73365631624103
 10
-47.27655068855008
 20
-18.742445033144
 10
-47.26652882500948
 20
-18.74907202819247
 10
-47.255226243813325
 20
-18.753158291908676
 10
-47.24328939947004
 20
-18.754470133312097
 10
-47.190965835917375
 20
-18.753974210155697
 10
-47.10451294790894
 20
-18.752749427731988
 10
-47.018206592387564
 20
-18.75111749850577
 10
-46.93204886125778
 20
-18.749075296549655
 10
-46.84604190795899
 20
-18.746619554786832
 10
-46.760187951572604
 20
-18.74374685558871
 10
-46.67448928131207
 20
-18.740453620495185
 10
-46.58894826144324
 20
-18.73673609895048
 10
-46.503567336688576
 20
-18.732590355930366
 10
-46.418349038178555
 20
-18.72801225831686
 10
-46.333295990022656
 20
-18.722997459854067
 10
-46.24841091658518
 20
-18.717541384489873
 10
-46.16369665056576
 20
-18.711639207874953
 10
-46.1453939492378
 20
-18.71026377082149
 10
-46.12247232354248
 20
-18.711400942187595
 10
-46.100510426347306
 20
-18.718150468127373
 10
-46.080884304977864
 20
-18.730089353544777
 10
-46.06482368794944
 20
-18.7464694580039
 10
-46.05333493966493
 20
-18.766264387635566
 10
-46.05197588954216
 20
-18.769473741493105
 10
-46.02470307439217
 20
-18.833622437757352
 10
-45.9973377585878
 20
-18.897731794401384
 10
-45.969880004363475
 20
-18.961801680394085
 10
-45.96850253457469
 20
-18.96500323623993
 10
-45.9621795016126
 20
-18.986936804182285
 10
-45.96153213170815
 20
-19.00970038668395
 10
-45.96660108669793
 20
-19.03186769827824
 10
-45.977068829722896
 20
-19.05204982038763
 10
-45.99227950175492
 20
-19.068982211644133
 10
-46.00608164026327
 20
-19.08090548932127
 10
-46.0696294888928
 20
-19.13641734939922
 10
-46.132975094694935
 20
-19.192361910062964
 10
-46.19612001837404
 20
-19.248733806764676
 10
-46.25906571539348
 20
-19.305527924655635
 10
-46.32181354379301
 20
-19.362739379972428
 10
-46.384364771228434
 20
-19.42036350327743
 10
-46.446720581329515
 20
-19.478395824322956
 10
-46.50888207945907
 20
-19.53683205834379
 10
-46.57085029794309
 20
-19.59566809360933
 10
-46.63262620083275
 20
-19.65489998009156
 10
-46.694210688250784
 20
-19.71452391912354
 10
-46.75560460036727
 20
-19.77453625394067
 10
-46.79258494430359
 20
-19.81102912396835
 10
-46.79998841656264
 20
-19.82035112513885
 10
-46.80493648527179
 20
-19.83116706937089
 10
-46.80714613956107
 20
-19.842858336346332
 10
-46.806490980405
 20
-19.854756239960533
 10
-46.80300845451096
 20
-19.866180277271464
 10
-46.78349759733969
 20
-19.91035510961167
 10
-46.750060839581664
 20
-19.985721231355473
 10
-46.71649854901132
 20
-20.061031620803252
 10
-46.68281082722679
 20
-20.13628607272312
 10
-46.66300646069852
 20
-20.180330669721226
 10
-46.65682710568125
 20
-20.1905866556118
 10
-46.648380354452826
 20
-20.199111655203
 10
-46.638149302468676
 20
-20.205418097122106
 10
-46.626719107450704
 20
-20.209145305654772
 10
-46.61474352073209
 20
-20.210080126193958
 10
-46.56244982648939
 20
-20.20793611826736
 10
-46.476059225316426
 20
-20.203988521869384
 10
-46.389828102031224
 20
-20.199638666233025
 10
-46.30375864800302
 20
-20.194883494086568
 10
-46.21785312064289
 20
-20.18971980905668
 10
-46.13211384781113
 20
-20.18414426640246
 10
-46.04654323263533
 20
-20.178153362885197
 10
-45.96114375879028
 20
-20.171743425667913
 10
-45.87591799629725
 20
-20.164910600122237
 10
-45.790868607910014
 20
-20.157650836401157
 10
-45.70599835616621
 20
-20.149959874613387
 10
-45.62131011119472
 20
-20.14183322840701
 10
-45.536806859386544
 20
-20.13326616673728
 10
-45.51855294937668
 20
-20.1313150459212
 10
-45.495600998750675
 20
-20.131729158627724
 10
-45.47342909230327
 20
-20.137781757134146
 10
-45.453426443668505
 20
-20.149093512660187
 10
-45.43684638320525
 20
-20.164955579805362
 10
-45.42472783162649
 20
-20.184374026413423
 10
-45.423266540370314
 20
-20.187538209584783
 10
-45.39395023210361
 20
-20.250780625251686
 10
-45.36454285464873
 20
-20.313980811938404
 10
-45.33504447459193
 20
-20.37713864114666
 10
-45.33356504061226
 20
-20.380294451120456
 10
-45.32654265127484
 20
-20.402012737278
 10
-45.325167922144246
 20
-20.424739273135174
 10
-45.32952708812941
 20
-20.447050099049328
 10
-45.33934708081975
 20
-20.467547307090953
 10
-45.35401262028879
 20
-20.484946613846112
 10
-45.36743008320364
 20
-20.497296086711366
 10
-45.42918720845138
 20
-20.554769799473718
 10
-45.490728390867595
 20
-20.612669545177166
 10
-45.55205536426319
 20
-20.670990012856326
 10
-45.61316974921902
 20
-20.72972613773753
 10
-45.674073061498
 20
-20.788873082885573
 10
-45.73476671962
 20
-20.848426222678683
 10
-45.79525205170357
 20
-20.90838112788475
 10
-45.855530301662824
 20
-20.968733552145594
 10
-45.915602634835324
 20
-21.029479419703673
 10
-45.9754701431063
 20
-21.090614814228623
 10
-46.03513384958537
 20
-21.152135968620662
 10
-46.09459471288469
 20
-21.214039255684355
 10
-46.13039972680787
 20
-21.25167089371524
 10
-46.13750351814962
 20
-21.26121941463363
 10
-46.14210486035648
 20
-21.272183425253154
 10
-46.14394057526367
 20
-21.283935836469624
 10
-46.14290565242028
 20
-21.295804464310237
 10
-46.13905925932842
 20
-21.30711047911996
 10
-46.11814305701148
 20
-21.350638474945825
 10
-46.08230885927683
 20
-21.424896327103557
 10
-46.046351145856804
 20
-21.499094534702476
 10
-46.010270025117656
 20
-21.573232896610815
 10
-45.98906497909995
 20
-21.61662150982341
 10
-45.982559901788946
 20
-21.62667534251014
 10
-45.97384329758436
 20
-21.63492799336363
 10
-45.96341369384964
 20
-21.640907467082954
 10
-45.95186760199028
 20
-21.644271788445003
 10
-45.939865399939634
 20
-21.644828558211305
 10
-45.887654218763565
 20
-21.64103822513541
 10
-45.80141285818046
 20
-21.63437113027266
 10
-45.71534374619801
 20
-21.627307070289486
 10
-45.62944917115496
 20
-21.619843059592807
 10
-45.5437314918633
 20
-21.611975975675392
 10
-45.458193142310805
 20
-21.603702549995948
 10
-45.37283663680171
 20
-21.59501935800843
 10
-45.287664575590206
 20
-21.585922808236468
 10
-45.202679651067974
 20
-21.5764091302722
 10
-45.11788465457797
 20
-21.56647436156074
 10
-45.03328248393776
 20
-21.556114332807713
 10
-44.948876151769774
 20
-21.545324651821726
 10
-44.864668794752724
 20
-21.534100685569125
 10
-44.84648200703835
 20
-21.53157570591428
 10
-44.82352292853224
 20
-21.531266175496405
 10
-44.80116371361924
 20
-21.536615606657556
 10
-44.78080532018932
 20
-21.547288728593983
 10
-44.76372337833038
 20
-21.562616712462646
 10
-44.75098826445142
 20
-21.58163909381783
 10
-44.74942637123951
 20
-21.584754919322044
 10
-44.7180994456417
 20
-21.6470273640461
 10
-44.68668297775267
 20
-21.709254748414217
 10
-44.655177038376124
 20
-21.77143694661171
 10
-44.65359729812934
 20
-21.774543834486252
 10
-44.64588377114651
 20
-21.79602500335649
 10
-44.643784248420474
 20
-21.818691687090414
 10
-44.6474303766129
 20
-21.841123680441328
 10
-44.65659375891759
 20
-21.86191548573127
 10
-44.67070024951327
 20
-21.879764360596415
 10
-44.683720119877904
 20
-21.892527737187187
 10
-44.743627098534425
 20
-21.95190609655562
 10
-44.803304670401424
 20
-22.011703396574166
 10
-44.86275474029542
 20
-22.071914385336157
 10
-44.92197909194283
 20
-22.13253405336973
 10
-44.98097939697719
 20
-22.193557615563623
 10
-45.03975722304097
 20
-22.254980494893466
 10
-45.09831404110288
 20
-22.316798307725065
 10
-45.1566512320858
 20
-22.37900685050421
 10
-45.214770092886035
 20
-22.441602087670145
 10
-45.27267184185363
 20
-22.504580140652127
 10
-45.3303576237944
 20
-22.567937277828104
 10
-45.38782851454541
 20
-22.631669905340352
 10
-45.42242393710227
 20
-22.670402857111025
 10
-45.429221355727314
 20
-22.680168381855793
 10
-45.43347187998294
 20
-22.69126950971553
 10
-45.434932398462
 20
-22.70307130920265
 10
-45.43351936128764
 20
-22.714898771002108
 10
-45.42931356256168
 20
-22.726075418894826
 10
-45.40701536476722
 20
-22.768912868208847
 10
-45.36882371951546
 20
-22.841987898975095
 10
-45.3305107039986
 20
-22.91499945394408
 10
-45.29207643313598
 20
-22.987947336314758
 10
-45.269494355669565
 20
-23.030636439886166
 10
-45.262670644926175
 20
-23.040478025325378
 10
-45.25369342064134
 20
-23.04845002201223
 10
-45.24307611408372
 20
-23.05409648560218
 10
-45.23142596984648
 20
-23.057094486748813
 10
-45.219409314963954
 20
-23.057272577753626
 10
-45.16733323978819
 20
-23.051839400649758
 10
-45.081327976113876
 20
-23.0424589650895
 10
-44.99550754362785
 20
-23.03268725821601
 10
-44.90987432504797
 20
-23.022521369036372
 10
-44.82443077791667
 20
-23.011958251967663
 10
-44.73917943959303
 20
-23.000994717872306
 10
-44.65412293271059
 20
-22.98962742425689
 10
-44.569263971157866
 20
-22.977852864532267
 10
-44.4846053666472
 20
-22.965667356216628
 10
-44.40015003594854
 20
-22.953067027944538
 10
-44.315901008876345
 20
-22.940047805122806
 10
-44.231861437133226
 20
-22.926605394047446
 10
-44.14803460413149
 20
-22.912735264263645
 10
-44.12993321207455
 20
-22.909638846531717
 10
-44.1069902247568
 20
-22.908605853615235
 10
-44.08446660962062
 20
-22.913246647949293
 10
-44.06377363369582
 20
-22.923270360120743
 10
-44.046207900814025
 20
-22.93804885378537
 10
-44.03287010930234
 20
-22.956656098145725
 10
-44.03120935799739
 20
-22.959720445120666
 10
-43.997906782336045
 20
-23.020960553961217
 10
-43.964516283651946
 20
-23.082152832314442
 10
-43.931037936825554
 20
-23.14329715719103
 10
-43.92935965239165
 20
-23.14635201348549
 10
-43.920963922130476
 20
-23.167574583808122
 10
-43.918142918128865
 20
-23.190158781837347
 10
-43.921073490730535
 20
-23.21268957447827
 10
-43.929572072147295
 20
-23.233755275208356
 10
-43.94310616378385
 20
-23.252035979153938
 10
-43.95571592552521
 20
-23.26520058987325
 10
-44.01371520002885
 20
-23.32642465257532
 10
-44.07147185343597
 20
-23.388060148131295
 10
-44.12898795927797
 20
-23.450101889074617
 10
-44.186265462273596
 20
-23.51254492637244
 10
-44.2433061879009
 20
-23.5753845316486
 10
-44.30011185101674
 20
-23.638616181177703
 10
-44.35668406364161
 20
-23.70223554143006
 10
-44.413024342010985
 20
-23.766238455980513
 10
-44.46913411297899
 20
-23.83062093362079
 10
-44.52501471984893
 20
-23.895379137537113
 10
-44.58066742769466
 20
-23.960509375434253
 10
-44.63609342822832
 20
-24.026008090502298
 10
-44.669446217406154
 20
-24.065803915270564
 10
-44.675930881404085
 20
-24.075776743545546
 10
-44.67982685301331
 20
-24.087003946147902
 10
-44.680911301215076
 20
-24.098843380951582
 10
-44.679122186774585
 20
-24.11061788566063
 10
-44.67456181401502
 20
-24.121654011977512
 10
-44.65090639615781
 20
-24.16375813880605
 10
-44.61039972635177
 20
-24.235577395268255
 10
-44.56977395576962
 20
-24.30732943002798
 10
-44.529029205659455
 20
-24.379014050831255
 10
-44.5050951612036
 20
-24.42096106287266
 10
-44.49796023433628
 20
-24.430580578839496
 10
-44.48873189318362
 20
-24.4382639516561
 10
-44.47793792947016
 20
-24.44357174362354
 10
-44.46619568924625
 20
-24.446200394899268
 10
-44.454176764763574
 20
-24.445999582419777
 10
-44.40228827668392
 20
-24.438928762839367
 10
-44.316605768169815
 20
-24.42684398437444
 10
-44.23112047221191
 20
-24.414374020761255
 10
-44.145834863227066
 20
-24.401516038424507
 10
-44.06075149472337
 20
-24.38826707165657
 10
-43.975873004576364
 20
-24.374624013816767
 10
-43.891202120797594
 20
-24.360583607709515
 10
-43.806741667855455
 20
-24.34614243504109
 10
-43.722494573618185
 20
-24.331296904838307
 10
-43.63846387699927
 20
-24.31604324069527
 10
-43.55465273639904
 20
-24.300377466691625
 10
-43.4710644390518
 20
-24.284295391800043
 10
-43.387702411406416
 20
-24.267792592568835
 10
-43.36970460994966
 20
-24.264127751616233
 10
-43.346800927190515
 20
-24.262372242899133
 10
-43.3241359976842
 20
-24.266299708555277
 10
-43.30312995128795
 20
-24.275663975272366
 10
-43.28509901760752
 20
-24.2898782287473
 10
-43.27117305173239
 20
-24.308051796581694
 10
-43.26941528741184
 20
-24.311061613811106
 10
-43.23417405092022
 20
-24.37120841764484
 10
-43.19884659985434
 20
-24.431304685161802
 10
-43.16343301302515
 20
-24.491350296330467
 10
-43.16165804714584
 20
-24.494350081804512
 10
-43.152589743357275
 20
-24.51529295053469
 10
-43.14905130307669
 20
-24.537772226128258
 10
-43.151264526390605
 20
-24.560379453021373
 10
-43.15909078663481
 20
-24.5816981565299
 10
-43.17203970363708
 20
-24.60039257766496
 10
-43.18422725099735
 20
-24.613945388051857
 10
-43.24026317252733
 20
-24.676954535370548
 10
-43.29604352146057
 20
-24.740367201814834
 10
-43.35157053756881
 20
-24.804178269637745
 10
-43.40684632423382
 20
-24.868382855286292
 10
-43.461872858583604
 20
-24.932976291939504
 10
-43.51665200061967
 20
-24.997954113786104
 10
-43.57118550146075
 20
-25.063312041825654
 10
-43.62547501080948
 20
-25.129045971009397
 10
-43.67952208373342
 20
-25.19515195856354
 10
-43.73332818683908
 20
-25.26162621335844
 10
-43.786894703906746
 20
-25.328465086208055
 10
-43.84022294104494
 20
-25.395665060996844
 10
-43.872301297144205
 20
-25.436484371738896
 10
-43.878467137940895
 20
-25.446654629097033
 10
-43.88200517864278
 20
-25.45799678237993
 10
-43.882713061846346
 20
-25.46986211523445
 10
-43.880550287327345
 20
-25.481571983854483
 10
-43.875640531501446
 20
-25.49245663595134
 10
-43.850654046300114
 20
-25.533785645571292
 10
-43.807877122539566
 20
-25.60427785410936
 10
-43.764983487167484
 20
-25.674699184404364
 10
-43.7219732675282
 20
-25.745049448951256
 10
-43.69671368813707
 20
-25.78621277816982
 10
-43.68927527766245
 20
-25.795600685066795
 10
-43.679805578221156
 20
-25.8029878089345
 10
-43.66884618395246
 20
-25.807951654705295
 10
-43.657023900302526
 20
-25.81020833354039
 10
-43.64501489537407
 20
-25.809628796820075
 10
-43.59336630253923
 20
-25.800927253151787
 10
-43.508092908599984
 20
-25.78614996321579
 10
-43.4230288946329
 20
-25.770993958878172
 10
-43.338176823989514
 20
-25.755456486692157
 10
-43.25353934329034
 20
-25.739534663666326
 10
-43.1691191879795
 20
-25.72322546863657
 10
-43.08491918839734
 20
-25.706525732833075
 10
-43.00094227643489
 20
-25.68943212954392
 10
-42.917191492842875
 20
-25.671941162761048
 10
-42.833669995280346
 20
-25.654049154677292
 10
-42.750381067201694
 20
-25.635752231880893
 10
-42.667328127696486
 20
-25.617046310068897
 10
-42.584514742417795
 20
-25.597927077069407
 10
-42.56663862730271
 20
-25.59369741926847
 10
-42.54379742896317
 20
-25.591221107311522
 10
-42.52101441837286
 20
-25.594431335844614
 10
-42.49971713259658
 20
-25.60312687329485
 10
-42.48124005898103
 20
-25.61676280982332
 10
-42.466741014677595
 20
-25.63448471396892
 10
-42.46488818002426
 20
-25.63743702318039
 10
-42.42774722161406
 20
-25.696431014529963
 10
-42.390521842950626
 20
-25.755371830883224
 10
-42.353212126624335
 20
-25.814259355289582
 10
-42.35134243907222
 20
-25.81720110420707
 10
-42.341611865709254
 20
-25.837843569067413
 10
-42.33736075185901
 20
-25.860195706117363
 10
-42.338855548484624
 20
-25.882857028841357
 10
-42.34600263733572
 20
-25.904407673388402
 10
-42.358354185946496
 20
-25.92349734564579
 10
-42.3701078324423
 20
-25.937424969733755
 10
-42.424126701813016
 20
-26.002156969634097
 10
-42.47787732258576
 20
-26.06728417897691
 10
-42.53136209812012
 20
-26.132801554905512
 10
-42.58458328796159
 20
-26.198704284284887
 10
-42.637543018530494
 20
-26.26498776657195
 10
-42.69024329274699
 20
-26.331647598392394
 10
-42.742685998724305
 20
-26.39867955961215
 10
-42.79487291764247
 20
-26.466079600723095
 10
-42.846805730899035
 20
-26.533843831388516
 10
-42.89848602661977
 20
-26.601968510014878
 10
-42.949915305600435
 20
-26.670450034235937
 10
-43.00109498674237
 20
-26.739284932208683
 10
-43.031868373926535
 20
-26.781087435854495
 10
-43.037709639365694
 20
-26.79144508382947
 10
-43.04088672658519
 20
-26.802890993663045
 10
-43.041217924662334
 20
-26.814770515193842
 10
-43.03868427931126
 20
-26.826404192986246
 10
-43.03343067962077
 20
-26.837126631750397
 10
-43.00714060686406
 20
-26.877639754747573
 10
-42.96214046147936
 20
-26.94673539601699
 10
-42.917026108784
 20
-27.015756595613173
 10
-42.87179768197913
 20
-27.084703170966634
 10
-42.845240316734454
 20
-27.125042260107957
 10
-42.837506456731965
 20
-27.134189310952525
 10
-42.827805397658054
 20
-27.14127291346725
 10
-42.81669196430733
 20
-27.145887931039095
 10
-42.804801770048094
 20
-27.147770424883696
 10
-42.79281486489561
 20
-27.146812747181432
 10
-42.741458241438174
 20
-27.13648910852276
 10
-42.656679921966145
 20
-27.119033961632688
 10
-42.572122923577865
 20
-27.10120694747107
 10
-42.48778989571651
 20
-27.08300539532216
 10
-42.40368357517914
 20
-27.064426507639578
 10
-42.31980679194338
 20
-27.045467351599555
 10
-42.23616247553775
 20
-27.026124849865933
 10
-42.15275366202184
 20
-27.006395770470867
 10
-42.06958350165353
 20
-26.98627671569915
 10
-41.986655267332
 20
-26.96576410984766
 10
-41.903972363919834
 20
-26.944854185709797
 10
-41.82153833856527
 20
-26.923542969609702
 10
-41.739356892165596
 20
-26.901826264781047
 10
-41.72162043921481
 20
-26.897035984603445
 10
-41.698864843807485
 20
-26.89384134642173
 10
-41.67598710243259
 20
-26.89633121712151
 10
-41.65442069633976
 20
-26.904349503158393
 10
-41.63551698446901
 20
-26.917393733841784
 10
-41.62046052365976
 20
-26.93464655805215
 10
-41.61851465523201
 20
-26.93753845697917
 10
-41.57951478880362
 20
-26.995321651119777
 10
-41.54043237890904
 20
-27.053049101367705
 10
-41.50126751176294
 20
-27.110720693966368
 10
-41.49930515559242
 20
-27.113601517122568
 10
-41.48892326881831
 20
-27.133923297688245
 10
-41.48396494601142
 20
-27.156126323256306
 10
-41.484740946212824
 20
-27.178819452605843
 10
-41.4912026826025
 20
-27.20058082861584
 10
-41.502945257847564
 20
-27.220046950313197
 10
-41.51425374477379
 20
-27.2343356640564
 10
-41.56620385121236
 20
-27.30072673359425
 10
-41.61787332076676
 20
-27.367504317289235
 10
-41.669264717560516
 20
-27.434663452230865
 10
-41.72038045463948
 20
-27.502199400531282
 10
-41.771222805201546
 20
-27.570107632544754
 10
-41.821793912708785
 20
-27.638383811758995
 10
-41.8720958000203
 20
-27.707023781150436
 10
-41.9221303776644
 20
-27.776023550827244
 10
-41.97189945135114
 20
-27.84537928680839
 10
-42.02140472881205
 20
-27.91508730080813
 10
-42.07064782604276
 20
-27.985144040914136
 10
-42.11963027301325
 20
-28.05554608306112
 10
-42.14906943950022
 20
-28.09829062070708
 10
-42.154580696581334
 20
-28.108825466836876
 10
-42.1573941622877
 20
-28.12036388021231
 10
-42.15734892474737
 20
-28.13224592064824
 10
-42.15444756138274
 20
-28.143791988699135
 10
-42.14885599373055
 20
-28.154341699303696
 10
-42.12129108850653
 20
-28.193999232378648
 10
-42.07411692704696
 20
-28.26163061073424
 10
-42.02683117305128
 20
-28.32918408055045
 10
-41.97943396533219
 20
-28.39665946436481
 10
-41.951607828287564
 20
-28.43613483038871
 10
-41.9435868404116
 20
-28.445032079960335
 10
-41.933664644869886
 20
-28.45180524857634
 10
-41.922408712524394
 20
-28.45606695332907
 10
-41.91046280470907
 20
-28.457573461816718
 10
-41.898510155757535
 20
-28.45623862980141
 10
-41.847497280901464
 20
-28.444303227290455
 10
-41.76329949588857
 20
-28.424187686310084
 10
-41.679334734809736
 20
-28.403707492975517
 10
-41.595605730283644
 20
-28.382860061794087
 10
-41.512115306270985
 20
-28.36164268327949
 10
-41.42886638416695
 20
-28.340052515694254
 10
-41.3458619894618
 20
-28.318086576021944
 10
-41.26310525903956
 20
-28.29574173007457
 10
-41.18059944919471
 20
-28.273014681626176
 10
-41.098347944460144
 20
-28.249901960446778
 10
-41.01635426735455
 20
-28.226399909089615
 10
-40.93462208917498
 20
-28.20250466826096
 10
-40.853155241983316
 20
-28.17821216057141
 10
-40.835576286490856
 20
-28.17286603633499
 10
-40.81292932338036
 20
-28.168956310786854
 10
-40.789980287963175
 20
-28.170723493548426
 10
-40.7681671371626
 20
-28.178056775857318
 10
-40.74885669922056
 20
-28.1904966125985
 10
-40.733259022519846
 20
-28.207263528448596
 10
-40.73122224691995
 20
-28.210092193651523
 10
-40.690406084649645
 20
-28.266608184888604
 10
-40.649509334677674
 20
-28.323065935533965
 10
-40.6085320866846
 20
-28.37946533512838
 10
-40.60647920438427
 20
-28.38228242263484
 10
-40.595457589892106
 20
-28.402263679916828
 10
-40.5897982081014
 20
-28.424295885518937
 10
-40.5898557404396
 20
-28.446998603161603
 10
-40.595626610848825
 20
-28.46894937390168
 10
-40.606749202798326
 20
-28.488772826152115
 10
-40.61760170729529
 20
-28.503408580901212
 10
-40.66743336519003
 20
-28.571393448830072
 10
-40.71697229735912
 20
-28.639755760727716
 10
-40.766221225701415
 20
-28.708490638564776
 10
-40.81518271394211
 20
-28.777593424415407
 10
-40.86385917939088
 20
-28.847059664042295
 10
-40.91225290352987
 20
-28.91688509211689
 10
-40.9603660415762
 20
-28.987065618872357
 10
-41.008200631143424
 20
-29.0575973180156
 10
-41.05575860010728
 20
-29.128476415750956
 10
-41.10304177376737
 20
-29.1996992807874
 10
-41.15005188138328
 20
-29.27126241521986
 10
-41.196790562153474
 20
-29.343162446188728
 10
-41.22486755911638
 20
-29.38680703323524
 10
-41.23004369641179
 20
-29.39750874096416
 10
-41.232491225620834
 20
-29.40912835685866
 10
-41.23207016628199
 20
-29.42100129723718
 10
-41.228804592442415
 20
-29.432448483359856
 10
-41.22288125756122
 20
-29.442815185239205
 10
-41.1940714972099
 20
-29.48157852869735
 10
-41.14477460777097
 20
-29.547679835951936
 10
-41.09536884628158
 20
-29.613699867522037
 10
-41.04585435691617
 20
-29.679638451208124
 10
-41.016789673814195
 20
-29.718211722138484
 10
-41.008490153028944
 20
-29.72685053527213
 10
-40.99835725291045
 20
-29.733306723608468
 10
-40.98697049387351
 20
-29.737211032263968
 10
-40.97498111771562
 20
-29.738340168599795
 10
-40.96307484275825
 20
-29.736629571089267
 10
-40.91245714024027
 20
-29.723094426701365
 10
-40.828924749932455
 20
-29.700338743934243
 10
-40.74563683660025
 20
-29.677225982547377
 10
-40.66259621305414
 20
-29.65375364465197
 10
-40.579805787334394
 20
-29.62991911132141
 10
-40.497268569062506
 20
-29.605719634531233
 10
-40.414987676384975
 20
-29.58115232834707
 10
-40.332966343582186
 20
-29.556214159268396
 10
-40.251207929426
 20
-29.53090193562196
 10
-40.169715926382935
 20
-29.50521229588145
 10
-40.08849397077597
 20
-29.47914169577068
 10
-40.00754585403604
 20
-29.452686393982802
 10
-39.926875535197915
 20
-29.42584243631994
 10
-39.90947175147056
 20
-29.41994582510215
 10
-39.88695633318181
 20
-29.41532500907642
 10
-39.86395949627949
 20
-29.416367965806216
 10
-39.84192220127991
 20
-29.42300926843437
 10
-39.82222532927623
 20
-29.434832735176332
 10
-39.80610314820531
 20
-29.451097517301513
 10
-39.803977678165666
 20
-29.45386020674317
 10
-39.76138955215614
 20
-29.509054219786275
 10
-39.71872286963417
 20
-29.56418756992845
 10
-39.67597772358534
 20
-29.61926015010117
 10
-39.67383654315044
 20
-29.622010773925275
 10
-39.6621873929185
 20
-29.641632128426863
 10
-39.65583377030996
 20
-29.66347209002954
 10
-39.65517385163305
 20
-29.6861622691937
 10
-39.66024900786687
 20
-29.708280990863297
 10
-39.67074120733275
 20
-29.728442355814344
 10
-39.68112735003612
 20
-29.74341079182641
 10
-39.728792933748565
 20
-29.812922761330277
 10
-39.776154013574
 20
-29.882802740727847
 10
-39.823213466040144
 20
-29.95304594167984
 10
-39.86997400257951
 20
-30.023647790817662
 10
-39.91643818180297
 20
-30.094603913709772
 10
-39.96260842055195
 20
-30.16591012042559
 10
-40.00848700388021
 20
-30.237562392498432
 10
-40.05407609409482
 20
-30.30955687111869
 10
-40.09937773896685
 20
-30.381889846412594
 10
-40.14439387920671
 20
-30.454557747681942
 10
-40.189126355286795
 20
-30.52755713449729
 10
-40.23357691368239
 20
-30.600884688551556
 10
-40.26026511293085
 20
-30.645386554720996
 10
-40.26510134270588
 20
-30.65624465316937
 10
-40.26718097166321
 20
-30.667934133075725
 10
-40.26638506300573
 20
-30.67978641592813
 10
-40.26275913179107
 20
-30.691123604891693
 10
-40.2565105430978
 20
-30.701297260927085
 10
-40.22648707315142
 20
-30.739128952812283
 10
-40.17512073399339
 20
-30.803636326261422
 10
-40.12364834414257
 20
-30.868059159460028
 10
-40.072070052882076
 20
-30.93239728561178
 10
-40.04179820690955
 20
-30.970031234023782
 10
-40.03322900701254
 20
-30.978403293041637
 10
-40.02289602700205
 20
-30.98453632630533
 10
-40.0113902293143
 20
-30.98807956003334
 10
-39.99936966210481
 20
-30.988830351606303
 10
-39.98752182553573
 20
-30.98674577765245
 10
-39.93735030347788
 20
-30.971624590475464
 10
-39.85456746928826
 20
-30.946251784610013
 10
-39.77204030418081
 20
-30.920529823357857
 10
-39.68977169811216
 20
-30.894456298702107
 10
-39.60776464005262
 20
-30.868028684659226
 10
-39.5260222245896
 20
-30.841244329424004
 10
-39.444547659147005
 20
-30.8141004467816
 10
-39.36334427189615
 20
-30.786594106697134
 10
-39.28241552044498
 20
-30.758722224978712
 10
-39.20176500140663
 20
-30.730481551894396
 10
-39.121396460964455
 20
-30.70186865960333
 10
-39.04131380657016
 20
-30.672879928238306
 10
-38.96152111993574
 20
-30.643511530448727
 10
-38.94431000102889
 20
-30.637070362173567
 10
-38.92194889573175
 20
-30.63174320558066
 10
-38.89892777512433
 20
-30.632061190138547
 10
-38.87668912958291
 20
-30.63800431838505
 10
-38.8566264644341
 20
-30.649200160636546
 10
-38.83999697327601
 20
-30.66494720029299
 10
-38.83778510368251
 20
-30.667641255667238
 10
-38.79347098636874
 20
-30.721460192057638
 10
-38.74908041555692
 20
-30.775216119597683
 10
-38.70461348737513
 20
-30.828908934692752
 10
-38.70238631832021
 20
-30.83159045094959
 10
-38.6901224069286
 20
-30.850832999182202
 10
-38.683082012186205
 20
-30.872459595894146
 10
-38.68170633707232
 20
-30.895115221070256
 10
-38.686081593482676
 20
-30.91738036228426
 10
-38.69593359719327
 20
-30.937859941168114
 10
-38.70584344948677
 20
-30.953146401137776
 10
-38.75129742632321
 20
-31.02411741262993
 10
-38.79643544252677
 20
-31.095446647358397
 10
-38.84126052595684
 20
-31.167129411352
 10
-38.88577553263682
 20
-31.239161220270443
 10
-38.92998315952999
 20
-31.311537783767463
 10
-38.97388595604354
 20
-31.384254991412266
 10
-39.01748633441882
 20
-31.457308899975008
 10
-39.060786579142025
 20
-31.530695721912558
 10
-39.1037888554906
 20
-31.60441181491257
 10
-39.14649521731441
 20
-31.678453672374946
 10
-39.18890761413735
 20
-31.75281791472574
 10
-39.231027897653256
 20
-31.827501281472514
 10
-39.25630200816755
 20
-31.872816910672313
 10
-39.26079386822799
 20
-31.88382080426548
 10
-39.26250398231196
 20
-31.895568782377463
 10
-39.26133454955534
 20
-31.90738892188689
 10
-39.25735245022002
 20
-31.918605164964003
 10
-39.250785421461146
 20
-31.928575989873757
 10
-39.219580500839086
 20
-31.96543973672667
 10
-39.16619988675182
 20
-32.028291311410186
 10
-39.1127161393099
 20
-32.09105518641445
 10
-39.05912941264987
 20
-32.153731200471114
 10
-39.027682889497726
 20
-32.19038977360182
 10
-39.01885310849911
 20
-32.19848708488015
 10
-39.008330850057035
 20
-32.20429116440574
 10
-38.996717900996295
 20
-32.20747005107672
 10
-38.98467843606404
 20
-32.20784193929865
 10
-38.972901034216726
 20
-32.20538557562336
 10
-38.92322622558811
 20
-32.18869370563401
 10
-38.84127631199376
 20
-32.16072953457958
 10
-38.75959298795839
 20
-32.13242447122799
 10
-38.678179217482636
 20
-32.103776199589376
 10
-38.597038067257365
 20
-32.07478228888959
 10
-38.516172713512184
 20
-32.04544018592762
 10
-38.435586449502495
 20
-32.015747206720036
 10
-38.355282693713896
 20
-31.985700527345085
 10
-38.27526499887367
 20
-31.955297173885413
 10
-38.1955370618744
 20
-31.92453401135289
 10
-38.11610273473075
 20
-31.893407731459728
 10
-38.03696603671166
 20
-31.86191483907753
 10
-37.95813116781417
 20
-31.830051637198224
 10
-37.94113000550581
 20
-31.82307240790518
 10
-37.918945809744656
 20
-31.817044407482516
 10
-37.89592391797281
 20
-31.8166374641678
 10
-37.87350687695068
 20
-31.82187700783882
 10
-37.85309937744575
 20
-31.83243470048871
 10
-37.83598022487015
 20
-31.84764901743376
 10
-37.833684328742486
 20
-31.850271866246427
 10
-37.78769175244635
 20
-31.902664345830306
 10
-37.74162489386323
 20
-31.95499154872166
 10
-37.695483852100175
 20
-32.00725337487318
 10
-37.693173081431446
 20
-32.00986322586986
 10
-37.680307742066184
 20
-32.02870855532513
 10
-37.6725886763227
 20
-32.050100986778105
 10
-37.6704996060715
 20
-32.07270017242485
 10
-37.67417143629893
 20
-32.0950901330792
 10
-37.683374051592274
 20
-32.11586796406196
 10
-37.692798142484385
 20
-32.13145750666322
 10
-37.73599710392513
 20
-32.203818200603465
 10
-37.7788689796341
 20
-32.27652699010417
 10
-37.82141694536185
 20
-32.34957928010485
 10
-37.86364399846917
 20
-32.422970679635945
 10
-37.905552971191085
 20
-32.49669698659408
 10
-37.94714654258066
 20
-32.570754174033894
 10
-37.98842724929621
 20
-32.64513837778869
 10
-38.02939749537157
 20
-32.7198458852592
 10
-38.070059561089
 20
-32.79487312523343
 10
-38.11041561105771
 20
-32.87021665861864
 10
-38.15046770158647
 20
-32.945873169984324
 10
-38.190217787427926
 20
-33.021839459826836
 10
-38.21405387082035
 20
-33.06792462983068
 10
-38.21819722611162
 20
-33.079063607781514
 10
-38.2195365574943
 20
-33.09085870083101
 10
-38.21799527245483
 20
-33.10263529245979
 10
-38.21366152081238
 20
-33.11371981629208
 10
-38.206783153564295
 20
-33.123478284226785
 10
-38.17443009928971
 20
-33.15933898847268
 10
-38.119092187160334
 20
-33.220474943681936
 10
-38.06365415007417
 20
-33.28152014718078
 10
-38.008116146765126
 20
-33.342474443338276
 10
-37.975528479260426
 20
-33.37812278982927
 10
-37.96644744468405
 20
-33.38593768950427
 10
-37.95574687000749
 20
-33.39140739641378
 10
-37.944038739625945
 20
-33.39421907200478
 10
-37.931992670391764
 20
-33.39421191138279
 10
-37.92029761702127
 20
-33.391386339171994
 10
-37.87116952082475
 20
-33.37314078854581
 10
-37.790134998471274
 20
-33.34261371821217
 10
-37.7093777042686
 20
-33.311754348587804
 10
-37.628900673107964
 20
-33.28056045775165
 10
-37.54870704613708
 20
-33.24902971228789
 10
-37.46880007784636
 20
-33.21715965986307
 10
-37.3891831438156
 20
-33.184947721110824
 10
-37.30985974920311
 20
-33.15239118073898
 10
-37.230833538069824
 20
-33.11948717776151
 10
-37.152108303647076
 20
-33.08623269474159
 10
-37.07368799967371
 20
-33.05262454591427
 10
-36.9955767529491
 20
-33.01865936403459
 10
-36.91777887727451
 20
-32.98433358577087
 10
-36.90100474231959
 20
-32.976823350078426
 10
-36.87901985405551
 20
-32.970100742025224
 10
-36.85602066818119
 20
-32.96896970262194
 10
-36.8334483165189
 20
-32.97350103766487
 10
-36.81271722829448
 20
-32.98341079109743
 10
-36.79512648888179
 20
-32.99807804379952
 10
-36.79274901333026
 20
-33.000627201202775
 10
-36.74512698935626
 20
-33.0515435986752
 10
-36.697432918862994
 20
-33.10239253124751
 10
-36.6496669037729
 20
-33.15317390248314
 10
-36.64727499193987
 20
-33.15570961851663
 10
-36.63382209221032
 20
-33.17413982110269
 10
-36.625433070698094
 20
-33.195277623526245
 10
-36.622633621966486
 20
-33.21779863178175
 10
-36.625599155271466
 20
-33.240291761297996
 10
-36.634143804349115
 20
-33.261347637120174
 10
-36.64307312699417
 20
-33.277225050551664
 10
-36.68397581827876
 20
-33.35090483024812
 10
-36.72454064010639
 20
-33.42492224860507
 10
-36.76477091254224
 20
-33.499272813876
 10
-36.8046697709005
 20
-33.57395223267271
 10
-36.84424017948256
 20
-33.648956395166415
 10
-36.88348494394745
 20
-33.724281361763495
 10
-36.92240672248447
 20
-33.799923351072565
 10
-36.96100803593261
 20
-33.875878729007184
 10
-36.99929127697024
 20
-33.95214399889075
 10
-37.0372587184823
 20
-34.02871579244806
 10
-37.07491252119625
 20
-34.10559086158507
 10
-37.11225474066714
 20
-34.182766070870336
 10
-37.134630225644266
 20
-34.22957589279995
 10
-37.13842126962688
 20
-34.240839138442176
 10
-37.13938889473136
 20
-34.252669955187
 10
-37.13747776950745
 20
-34.26439168477499
 10
-37.132797198205466
 20
-34.275333899559925
 10
-37.12561486929477
 20
-34.28487075090818
 10
-37.092148000998
 20
-34.31969453490207
 10
-37.03491147503346
 20
-34.379057134981956
 10
-36.97757791864342
 20
-34.43832604068378
 10
-36.92014749490347
 20
-34.49750110210825
 10
-36.88645320747778
 20
-34.53210559541221
 10
-36.87713046165024
 20
-34.53963075423317
 10
-36.86626267767724
 20
-34.54476105222695
 10
-36.854471402434356
 20
-34.547203061391
 10
-36.84243100660778
 20
-34.54681711784435
 10
-36.83083011855446
 20
-34.54362530890987
 10
-36.78229814187334
 20
-34.5238447009056
 10
-36.702260492107996
 20
-34.490785869994504
 10
-36.622510417390664
 20
-34.45740365250454
 10
-36.54305102030368
 20
-34.42369592251185
 10
-36.46388551313911
 20
-34.38966044599049
 10
-36.385017225214725
 20
-34.355294873616316
 10
-36.30644961087239
 20
-34.32059673289925
 10
-36.22818625824261
 20
-34.28556341956196
 10
-36.15023089887142
 20
-34.25019218806997
 10
-36.07258741832161
 20
-34.21448014120296
 10
-35.995259867877685
 20
-34.178424218540165
 10
-35.91825247750663
 20
-34.14202118370971
 10
-35.84156967025192
 20
-34.10526761022789
 10
-35.82503939296004
 20
-34.097233973005835
 10
-35.80327598499274
 20
-34.089823724467415
 10
-35.78032291667473
 20
-34.08797020387076
 10
-35.75761843759859
 20
-34.09178949241044
 10
-35.73658526224765
 20
-34.101042256944055
 10
-35.71854140804021
 20
-34.11514875114307
 10
-35.71608487021866
 20
-34.117621821526235
 10
-35.666883807878676
 20
-34.16701429810598
 10
-35.61761299570954
 20
-34.21633720252285
 10
-35.56827253828627
 20
-34.26559044200497
 10
-35.565802015132036
 20
-34.268049642917155
 10
-35.551775932825734
 20
-34.2860473268782
 10
-35.54272626636072
 20
-34.306910387882574
 10
-35.53922009953686
 20
-34.32933164529007
 10
-35.541477116791086
 20
-34.35190626024214
 10
-35.549355840573654
 20
-34.37321974564761
 10
-35.557781858458085
 20
-34.38936956117632
 10
-35.59634920662511
 20
-34.46429665554971
 10
-35.63456825220604
 20
-34.539550614456495
 10
-35.67244245587551
 20
-34.615127053725146
 10
-35.7099750873942
 20
-34.691021781623824
 10
-35.747169239806254
 20
-34.76723078450151
 10
-35.78402784222329
 20
-34.843750213859934
 10
-35.82055367137062
 20
-34.92057637467844
 10
-35.85674936204464
 20
-34.997705714840855
 10
-35.89261741660994
 20
-35.07513481553461
 10
-35.92816021364586
 20
-35.152860382510255
 10
-35.96338001583771
 20
-35.230879238105985
 10
-35.99827897719517
 20
-35.30918831395246
 10
-36.019172673094374
 20
-35.3566772715513
 10
-36.02260792891984
 20
-35.36805387152291
 10
-36.02320326571171
 20
-35.379909021888686
 10
-36.02092464624693
 20
-35.39156467422903
 10
-36.01590239497015
 20
-35.40235418123752
 10
-36.0084237438767
 20
-35.41166042865415
 10
-35.97387832834656
 20
-35.44541465543367
 10
-35.914803485396966
 20
-35.502948284967744
 10
-35.85563478777746
 20
-35.5603853884968
 10
-35.79637240265104
 20
-35.61772582193249
 10
-35.761606955905485
 20
-35.651254080439244
 10
-35.75205224129796
 20
-35.65848250778369
 10
-35.74102848381768
 20
-35.663268745077126
 10
-35.72916615036622
 20
-35.6653390408916
 10
-35.71714367433338
 20
-35.664574989327
 10
-35.70564865740516
 20
-35.66102030164919
 10
-35.657761558442104
 20
-35.639724857118374
 10
-35.578801179492274
 20
-35.60416803801061
 10
-35.50013842143317
 20
-35.56829705428332
 10
-35.421776451297966
 20
-35.53210987782535
 10
-35.343718549166795
 20
-35.495604375915235
 10
-35.26596811570486
 20
-35.45877830425837
 10
-35.188528680404026
 20
-35.42162929937413
 10
-35.11140391061356
 20
-35.38415487025419
 10
-35.03459762145962
 20
-35.34635238919927
 10
-34.958113786768465
 20
-35.30821908172871
 10
-34.88195655112733
 20
-35.26975201543869
 10
-34.806130243238975
 20
-35.23094808766506
 10
-34.730639390753076
 20
-35.19180401178123
 10
-34.71436954193052
 20
-35.18325511904934
 10
-34.692849535765724
 20
-35.1751649184756
 10
-34.66996590174041
 20
-35.17259130892894
 10
-34.64715254580904
 20
-35.17569549773844
 10
-34.6258390102436
 20
-35.18428296642073
 10
-34.60736088244999
 20
-35.19781566207027
 10
-34.60482786552349
 20
-35.20021034041202
 10
-34.55409949147091
 20
-35.248032870740296
 10
-34.50330372159016
 20
-35.29578380368641
 10
-34.45244066294737
 20
-35.343463050187545
 10
-34.44989412367668
 20
-35.345843446681755
 10
-34.43530972257323
 20
-35.36339174703123
 10
-34.42560929898231
 20
-35.38396031912381
 10
-34.42140070639076
 20
-35.40626043239025
 10
-34.422947635796554
 20
-35.42889483352397
 10
-34.43015309742143
 20
-35.45044528247926
 10
-34.43806775023575
 20
-35.466851787980794
 10
-34.474262890712566
 20
-35.542953314282464
 10
-34.51009965479098
 20
-35.61937062593614
 10
-34.54558163992899
 20
-35.6960994504607
 10
-34.58071224671081
 20
-35.773135701717564
 10
-34.61549469348851
 20
-35.85047546600529
 10
-34.64993202956613
 20
-35.92811498953948
 10
-34.68402714710699
 20
-36.006050667146354
 10
-34.7177827919183
 20
-36.084279032023524
 10
-34.75120157324533
 20
-36.16279674644221
 10
-34.784285972688274
 20
-36.24160059328307
 10
-34.81703835234036
 20
-36.32068746831238
 10
-34.84946096223187
 20
-36.40005437311761
 10
-34.86885307170318
 20
-36.44817636181658
 10
-34.871929393213705
 20
-36.45965531509627
 10
-34.87215219836372
 20
-36.47152341897891
 10
-34.869508757935584
 20
-36.483101885882014
 10
-34.864150263593594
 20
-36.493728484321196
 10
-34.85638317989871
 20
-36.502795417994726
 10
-34.82079537593673
 20
-36.535448708814634
 10
-34.75994403135375
 20
-36.59109990232083
 10
-34.69900208421107
 20
-36.64665185063175
 10
-34.63796970550749
 20
-36.70210441553507
 10
-34.60216944112785
 20
-36.73452531949449
 10
-34.59239268581369
 20
-36.74145036656528
 10
-34.58122430374372
 20
-36.74588827699249
 10
-34.56930303292468
 20
-36.74758521990632
 10
-34.55731067637498
 20
-36.74644414107022
 10
-34.5459331114839
 20
-36.742530313736694
 10
-34.498738943720895
 20
-36.71974182531782
 10
-34.420935058729754
 20
-36.68172338115367
 10
-34.34343853050973
 20
-36.643400292897994
 10
-34.2662525872686
 20
-36.6047706319555
 10
-34.18938057347968
 20
-36.56583236870735
 10
-34.11282595763452
 20
-36.52658336578783
 10
-34.03659234071875
 20
-36.487021370733515
 10
-33.960683465499564
 20
-36.44714400792855
 10
-33.885103226727615
 20
-36.40694876975666
 10
-33.809855682370646
 20
-36.36643300685789
 10
-33.734945066017545
 20
-36.325593917370284
 10
-33.66037580061272
 20
-36.284428535017035
 10
-33.58615251370934
 20
-36.24293371587594
 10
-33.570159386005905
 20
-36.23387824494946
 10
-33.548904426232305
 20
-36.22511649135679
 10
-33.5261134192875
 20
-36.2218259553357
 10
-33.50321447378486
 20
-36.22421277278207
 10
-33.48164249997087
 20
-36.23212738258479
 10
-33.46274928094498
 20
-36.24507389921922
 10
-33.46014243009122
 20
-36.24738797220696
 10
-33.40793970833354
 20
-36.29359636659797
 10
-33.3556719984871
 20
-36.33973122132398
 10
-33.303339409949615
 20
-36.38579245106679
 10
-33.300719511132776
 20
-36.388091845792935
 10
-33.28559211699483
 20
-36.4051744333011
 10
-33.27525138259385
 20
-36.42542914617154
 10
-33.270345276621036
 20
-36.447586916986154
 10
-33.27118118922545
 20
-36.470259405648896
 10
-33.277706677225886
 20
-36.49202597835903
 10
-33.2851023864413
 20
-36.50867323185508
 10
-33.31889068827579
 20
-36.585875258343044
 10
-33.352310907440604
 20
-36.66338169826929
 10
-33.3853667742373
 20
-36.741188394810806
 10
-33.41806181634187
 20
-36.81929137121898
 10
-33.45039937387515
 20
-36.897686817380006
 10
-33.482382612973005
 20
-36.976371077714674
 10
-33.51401453804233
 20
-37.05534064025087
 10
-33.54529800286145
 20
-37.134592126727604
 10
-33.57623572066107
 20
-37.214122283609036
 10
-33.606830273302045
 20
-37.29392797390411
 10
-33.637084119651874
 20
-37.37400616970176
 10
-33.66699960324642
 20
-37.45435394534345
 10
-33.68487173414812
 20
-37.50306231112772
 10
-33.68758630672308
 20
-37.51463253792881
 10
-33.68743667267634
 20
-37.52650223366846
 10
-33.68443140535716
 20
-37.53799252153007
 10
-33.6787423923118
 20
-37.54844621477094
 10
-33.6706950032508
 20
-37.5572654069532
 10
-33.63410180707449
 20
-37.58878765569765
 10
-33.57153720152499
 20
-37.64250512199996
 10
-33.508885317071616
 20
-37.69612073747811
 10
-33.44614632830124
 20
-37.74963436984701
 10
-33.40934841456771
 20
-37.780918075189334
 10
-33.399359717856946
 20
-37.78753343741943
 10
-33.38805815774709
 20
-37.79161914072922
 10
-33.37609008884746
 20
-37.79294149673373
 10
-33.3641399896844
 20
-37.791424873363454
 10
-33.3528913192726
 20
-37.78715602092196
 10
-33.306437376877454
 20
-37.76289782498772
 10
-33.229867944001484
 20
-37.722456663054174
 10
-33.15361528535953
 20
-37.68172066525063
 10
-33.07768268702623
 20
-37.640688004089526
 10
-33.00207355443969
 20
-37.599356754737244
 10
-32.92679142036038
 20
-37.55772488853648
 10
-32.85183995357249
 20
-37.51579026592395
 10
-32.77722296841879
 20
-37.47355062866995
 10
-32.70294443527374
 20
-37.431003591353765
 10
-32.62900849207634
 20
-37.38814663197632
 10
-32.55541945706428
 20
-37.344977081594884
 10
-32.482181842873764
 20
-37.30149211284566
 10
-32.409300372199
 20
-37.257688727196445
 10
-32.3935999618991
 20
-37.24813587610121
 10
-32.3726313911365
 20
-37.238711667272256
 10
-32.34995605166314
 20
-37.234708129058646
 10
-32.32699481054001
 20
-37.23637608057395
 10
-32.30518648571808
 20
-37.243611012040574
 10
-32.28589767133027
 20
-37.255959632620346
 10
-32.28321968979195
 20
-37.25819097954507
 10
-32.229596742737506
 20
-37.302742901747415
 10
-32.17591126555389
 20
-37.34721942563417
 10
-32.12216336981401
 20
-37.39162046965845
 10
-32.11947282544465
 20
-37.39383675807456
 10
-32.10381820229909
 20
-37.41043784686222
 10
-32.09284814352416
 20
-37.43035971848138
 10
-32.087250044749815
 20
-37.45235415743015
 10
-32.08737464981674
 20
-37.47504305143468
 10
-32.09321408101892
 20
-37.49700473116697
 10
-32.10008375518757
 20
-37.51387657436272
 10
-32.131432845009314
 20
-37.5921041829512
 10
-32.16240452116491
 20
-37.6706245527781
 10
-32.193002642753726
 20
-37.749433646496755
 10
-32.22323086071008
 20
-37.828527600402815
 10
-32.25309263328671
 20
-37.907902711473106
 10
-32.28259123999694
 20
-37.98755542569594
 10
-32.31172979420648
 20
-38.06748232753261
 10
-32.34051125453813
 20
-38.14768013037371
 10
-32.368938435228735
 20
-38.22814566787313
 10
-32.39701401555864
 20
-38.30887588605888
 10
-32.42474054845745
 20
-38.389867836134115
 10
-32.45212046837563
 20
-38.471118667892924
 10
-32.4684556449483
 20
-38.52036624598721
 10
-32.470805986218664
 20
-38.532016596516826
 10
-32.47028433820443
 20
-38.54387654905725
 10
-32.46692055233881
 20
-38.5552677859501
 10
-32.460907022723106
 20
-38.565538787144625
 10
-32.452587680899676
 20
-38.57410209597081
 10
-32.41502687233069
 20
-38.6044644805609
 10
-32.35081357996673
 20
-38.65619912204002
 10
-32.286516399172676
 20
-38.70782942149212
 10
-32.2221355078802
 20
-38.759355252597466
 10
-32.18437788600509
 20
-38.789473201772736
 10
-32.1741875043138
 20
-38.79577292046843
 10
-32.16276429513248
 20
-38.79950292184391
 10
-32.150761570457654
 20
-38.80044985989624
 10
-32.1388657900379
 20
-38.79855957219541
 10
-32.127757304826325
 20
-38.79394017844155
 10
-32.082090069425504
 20
-38.76823712487659
 10
-32.00683169419172
 20
-38.72541464642793
 10
-31.931899184233068
 20
-38.68230741697743
 10
-31.85729588015667
 20
-38.63891371162689
 10
-31.783025244907833
 20
-38.59523171189622
 10
-31.70909087192717
 20
-38.551259499497085
 10
-31.63549649406848
 20
-38.50699504952579
 10
-31.56224599337103
 20
-38.462436223003856
 10
-31.489343411793122
 20
-38.41758075868454
 10
-31.416792963032357
 20
-38.37242626402972
 10
-31.344599045576427
 20
-38.32697020524717
 10
-31.27276625715425
 20
-38.28120989625849
 10
-31.201299410785207
 20
-38.23514248644665
 10
-31.185907400080463
 20
-38.225101962629324
 10
-31.165246234558904
 20
-38.21502508228893
 10
-31.14270942276173
 20
-38.21031321828525
 10
-31.119709157223692
 20
-38.211261580420825
 10
-31.097686704723152
 20
-38.217810755829895
 10
-31.078022077235516
 20
-38.22955042912824
 10
-31.075275722440946
 20
-38.23169702256448
 10
-31.02028775331659
 20
-38.27455200322535
 10
-30.965239758794105
 20
-38.31732981105979
 10
-30.910131852468403
 20
-38.36003036831076
 10
-30.907373430091592
 20
-38.36216153933082
 10
-30.89120775690837
 20
-38.378265893130965
 10
-30.879619882197492
 20
-38.3978363397182
 10
-30.87333590761347
 20
-38.41964667933818
 10
-30.87274954791334
 20
-38.44233032829144
 10
-30.877897470086538
 20
-38.46446593802198
 10
-30.884234509881832
 20
-38.48154600984997
 10
-30.913114294672678
 20
-38.56072335876011
 10
-30.94160771732775
 20
-38.640181548969245
 10
-30.96971876159968
 20
-38.719916666274266
 10
-30.997451197752962
 20
-38.79992496352603
 10
-31.02480859844449
 20
-38.88020284815822
 10
-31.051794353023254
 20
-38.96074687095887
 10
-31.078411680444926
 20
-39.04155371593026
 10
-31.104663640968987
 20
-39.12262019110611
 10
-31.130553146781025
 20
-39.20394322021331
 10
-31.15608297166397
 20
-39.285519835081075
 10
-31.181255759824282
 20
-39.367347168714346
 10
-31.20607403396535
 20
-39.44942244895856
 10
-31.220856707343884
 20
-39.49916160235613
 10
-31.22284066779474
 20
-39.51088086544943
 10
-31.221947760808483
 20
-39.52271977420043
 10
-31.218229072548926
 20
-39.53400121651423
 10
-31.211897296727003
 20
-39.54407995363164
 10
-31.203314568043336
 20
-39.55237952626336
 10
-31.164824657703033
 20
-39.58155451719907
 10
-31.099028496067945
 20
-39.63125944415995
 10
-31.03315189866663
 20
-39.68085765293511
 10
-30.967195046538293
 20
-39.730349023195814
 10
-30.928516378051807
 20
-39.75927395317491
 10
-30.918134711061352
 20
-39.76525241643348
 10
-30.906601449318483
 20
-39.76862360527059
 10
-30.894576199127947
 20
-39.769194694003055
 10
-30.882746707869977
 20
-39.766933014470666
 10
-30.87178953396184
 20
-39.76196792569347
 10
-30.826954622894796
 20
-39.73484634558807
 10
-30.753082473005332
 20
-39.68968639224105
 10
-30.67954494545428
 20
-39.64425203821171
 10
-30.606345432023986
 20
-39.59854166256406
 10
-30.53348744968482
 20
-39.552553554626776
 10
-30.46097464894203
 20
-39.50628590802379
 10
-30.388810822960977
 20
-39.45973681414813
 10
-30.316999917566694
 20
-39.412904255010375
 10
-30.245546042227392
 20
-39.36578609538335
 10
-30.174453482149307
 20
-39.31838007415149
 10
-30.103726711631506
 20
-39.270683794759215
 10
-30.033370408852985
 20
-39.222694714634244
 10
-29.963389472295383
 20
-39.174410133440915
 10
-29.948321212074994
 20
-39.16389214180264
 10
-29.92798811790108
 20
-39.15317304581286
 10
-29.905612486744825
 20
-39.14775827365284
 10
-29.882596416578817
 20
-39.147987086782905
 10
-29.860382167327305
 20
-39.153845166899195
 10
-29.840361768877568
 20
-39.164965508504054
 10
-29.837549848645423
 20
-39.16702541478555
 10
-29.781253065602478
 20
-39.2081448608386
 10
-29.724898805297983
 20
-39.24918544402416
 10
-29.668487183199762
 20
-39.290147090385915
 10
-29.66566370012642
 20
-39.29219122682511
 10
-29.649003547995704
 20
-39.307784163983676
 10
-29.63680987001183
 20
-39.326985008906476
 10
-29.629846721403077
 20
-39.34859071593179
 10
-29.628550368475423
 20
-39.37124751606516
 10
-29.63300196276685
 20
-39.393535734967486
 10
-29.63880026577953
 20
-39.41080748514518
 10
-29.66518295452663
 20
-39.49085787159511
 10
-29.691170721975247
 20
-39.57117692428959
 10
-29.716767672295067
 20
-39.65176085568426
 10
-29.741977691064793
 20
-39.732606038551765
 10
-29.766804461533503
 20
-39.813708994011485
 10
-29.791251479262982
 20
-39.89506638075228
 10
-29.81532206535199
 20
-39.97667498529992
 10
-29.839019378413536
 20
-40.05853171320331
 10
-29.862346425451992
 20
-40.14063358103132
 10
-29.885306071765694
 20
-40.22297770908726
 10
-29.907901049984872
 20
-40.30556131476045
 10
-29.930133968338293
 20
-40.38838170644602
 10
-29.9433500264561
 20
-40.43856436431415
 10
-29.94496578993564
 20
-40.45034127595573
 10
-29.94370270572288
 20
-40.46214788237932
 10
-29.93963303266234
 20
-40.47330892103692
 10
-29.93298953987612
 20
-40.4831860413531
 10
-29.924152191729014
 20
-40.49121431648288
 10
-29.884772369449113
 20
-40.519175682677485
 10
-29.8174603114727
 20
-40.56680622310567
 10
-29.750071328074075
 20
-40.614327784620144
 10
-29.682605603169055
 20
-40.66174025289717
 10
-29.643045218557987
 20
-40.6894462004962
 10
-29.63248279571504
 20
-40.695098143438855
 10
-29.620851130970763
 20
-40.6981077914242
 10
-29.608815458822775
 20
-40.69830299517689
 10
-29.59706412222421
 20
-40.69567258282212
 10
-29.586269208593194
 20
-40.69036700053298
 10
-29.542311324756536
 20
-40.66185467188637
 10
-29.46989904751899
 20
-40.61440346874392
 10
-29.3978298085922
 20
-40.56668846936902
 10
-29.326107047558004
 20
-40.51870815805358
 10
-29.254734331909177
 20
-40.470460933278865
 10
-29.183715365577488
 20
-40.42194510200852
 10
-29.11305399825729
 20
-40.373158873448844
 10
-29.04275423562198
 20
-40.32410035221165
 10
-28.97282025054617
 20
-40.274767530803835
 10
-28.90325639546319
 20
-40.225158281356876
 10
-28.834067216009966
 20
-40.17527034649479
 10
-28.76525746613529
 20
-40.12510132922203
 10
-28.69683212487932
 20
-40.07464868169284
 10
-28.682102618071973
 20
-40.063663911976676
 10
-28.662117888235393
 20
-40.05231371359809
 10
-28.639925857198598
 20
-40.04620218011599
 10
-28.616917122923656
 20
-40.04571223986473
 10
-28.59453348774685
 20
-40.05087461935865
 10
-28.574177594538487
 20
-40.06136591137236
 10
-28.571302963380887
 20
-40.06333729087627
 10
-28.513754505582405
 20
-40.102684491102636
 10
-28.456151158794086
 20
-40.14195122305458
 10
-28.398493040212074
 20
-40.18113741658028
 10
-28.395607359833946
 20
-40.18309269541049
 10
-28.378469669733924
 20
-40.19816009270715
 10
-28.36568268801286
 20
-40.2169735743846
 10
-28.35804764056994
 20
-40.23835436124328
 10
-28.356042890009316
 20
-40.26096276978676
 10
-28.35979397319204
 20
-40.283382149585414
 10
-28.365047938495355
 20
-40.30082885219674
 10
-28.388908062790016
 20
-40.38167477517947
 10
-28.41236510224972
 20
-40.462776946918545
 10
-28.43542327714049
 20
-40.544131709891424
 10
-28.458086584258314
 20
-40.62573556001412
 10
-28.480358813554453
 20
-40.70758513518261
 10
-28.50224356310578
 20
-40.789677204956256
 10
-28.523744252635012
 20
-40.87200866124133
 10
-28.544864135756168
 20
-40.95457650985407
 10
-28.565606311095024
 20
-41.03737786285971
 10
-28.585973732413475
 20
-41.12040993159845
 10
-28.60596921784945
 20
-41.20367002032155
 10
-28.625595458368668
 20
-41.28715552037107
 10
-28.637232235301564
 20
-41.33773321637272
 10
-28.638478319452958
 20
-41.34955646811936
 10
-28.636846463521135
 20
-41.36131956306336
 10
-28.63243001845776
 20
-41.37234972934513
 10
-28.625481587702165
 20
-41.38201610342348
 10
-28.616398577491502
 20
-41.38976581318298
 10
-28.57616866213057
 20
-41.416488625266624
 10
-28.50740875053793
 20
-41.46200233027621
 10
-28.43857547717086
 20
-41.50740491124616
 10
-28.369669028598274
 20
-41.55269625986113
 10
-28.32926687738444
 20
-41.57915856456946
 10
-28.318534344788876
 20
-41.58447906893458
 10
-28.30681596559405
 20
-41.58712482746696
 10
-28.294781934141582
 20
-41.586944501684705
 10
-28.283120499241157
 20
-41.583948395662915
 10
-28.272498605632133
 20
-41.57830786883557
 10
-28.229461489015158
 20
-41.54843398037019
 10
-28.15858113156474
 20
-41.49874007604
 10
-28.088051880630424
 20
-41.448793222632496
 10
-28.01787722020277
 20
-41.39859201082762
 10
-27.94806076477771
 20
-41.34813494949357
 10
-27.878606268057133
 20
-41.29742046024695
 10
-27.80951763246125
 20
-41.24644687150523
 10
-27.74079891955202
 20
-41.19521241196963
 10
-27.6724543614824
 20
-41.14371520346637
 10
-27.604488373604188
 20
-41.091953253063366
 10
-27.536905568389074
 20
-41.039924444365646
 10
-27.469710770842987
 20
-40.987626527876806
 10
-27.402909035625346
 20
-40.93505711029406
 10
-27.38853292112463
 20
-40.92361672385923
 10
-27.368916453294574
 20
-40.91164717812906
 10
-27.346930182996836
 20
-40.90484574625582
 10
-27.32395181891828
 20
-40.90363859372844
 10
-27.301421261715877
 20
-40.90810139535294
 10
-27.280750359002848
 20
-40.917954584880306
 10
-27.277815914540824
 20
-40.919835692133546
 10
-27.219073780496306
 20
-40.957375819171276
 10
-27.160279382705127
 20
-40.99483395717346
 10
-27.101432839952324
 20
-41.03221003978981
 10
-27.09848786817092
 20
-41.034074732219025
 10
-27.080889929410606
 20
-41.048603027596286
 10
-27.067522613508604
 20
-41.06701180648674
 10
-27.059223504733712
 20
-41.088147642113846
 10
-27.056512571543156
 20
-41.110686191261664
 10
-27.05955959810174
 20
-41.133215172477264
 10
-27.064264130596946
 20
-41.15081993959012
 10
-27.085578564232804
 20
-41.23238316279558
 10
-27.106482150994733
 20
-41.31418998755453
 10
-27.126979222846746
 20
-41.3962368895768
 10
-27.14707388363039
 20
-41.478520490998555
 10
-27.166770026037685
 20
-41.5610375494452
 10
-27.1860713468939
 20
-41.64378494818475
 10
-27.20498136096028
 20
-41.72675968723537
 10
-27.22350341343524
 20
-41.809958875312695
 10
-27.241640691306788
 20
-41.89337972251791
 10
-27.25939623368853
 20
-41.97701953368116
 10
-27.276772941252315
 20
-42.06087570228766
 10
-27.293773584856346
 20
-42.14494570492251
 10
-27.30381986964614
 20
-42.19586961549956
 10
-27.304695126276236
 20
-42.20772786282031
 10
-27.30269622495849
 20
-42.219436293625904
 10
-27.297937509823928
 20
-42.23032526463747
 10
-27.29069116098841
 20
-42.239771989843156
 10
-27.28137162497897
 20
-42.247236161161844
 10
-27.240332015816435
 20
-42.272696792447626
 10
-27.170193280241968
 20
-42.316053437751975
 10
-27.099984795616212
 20
-42.35929692946711
 10
-27.02970675094573
 20
-42.40242716527976
 10
-26.988503353372693
 20
-42.42762246978732
 10
-26.977611461094874
 20
-42.432606962933505
 10
-26.96581808140455
 20
-42.43488685993734
 10
-26.95379769868042
 20
-42.43433174597547
 10
-26.94223778099733
 20
-42.43097335868367
 10
-26.931799466265538
 20
-42.42500377553499
 10
-26.88972584727087
 20
-42.39379888872979
 10
-26.82044777973814
 20
-42.3419130924157
 10
-26.751528532912996
 20
-42.28978542537592
 10
-26.68297163179249
 20
-42.23741458573499
 10
-26.614780734343263
 20
-42.184799193874554
 10
-26.54695964036619
 20
-42.131937787265414
 10
-26.479512301187924
 20
-42.07882881481718
 10
-26.412442830280778
 20
-42.025470630686854
 10
-26.34575551492768
 20
-41.971861487477916
 10
-26.279454829067653
 20
-41.9179995287509
 10
-26.213545447479294
 20
-41.86388278075402
 10
-26.148032261485582
 20
-41.80950914326622
 10
-26.082920396395842
 20
-41.75487637942731
 10
-26.068911933598397
 20
-41.742991995445095
 10
-26.04968320875496
 20
-41.73041548272681
 10
-26.02792457651803
 20
-41.72293171738589
 10
-26.004999484755736
 20
-41.721009628291284
 10
-25.982344496631306
 20
-41.724769695911746
 10
-25.961379254576677
 20
-41.73397639243561
 10
-25.958387934079372
 20
-41.73576557605806
 10
-25.89851091246408
 20
-41.77146568515857
 10
-25.83858428626984
 20
-41.80708236898085
 10
-25.778608175736586
 20
-41.842615564967545
 10
-25.775606857517655
 20
-41.84438803635831
 10
-25.757566286928576
 20
-41.8583642306555
 10
-25.743632060136342
 20
-41.876351395414595
 10
-25.73467727909629
 20
-41.89722251545365
 10
-25.731262993147144
 20
-41.919669825973195
 10
-25.73360305722161
 20
-41.94228675408767
 10
-25.73775357177233
 20
-41.96003254942113
 10
-25.756501549384765
 20
-42.04223416436736
 10
-25.774831325018713
 20
-42.124666516688784
 10
-25.792747337866498
 20
-42.20732621838613
 10
-25.81025379457552
 20
-42.290210020747764
 10
-25.827354686551303
 20
-42.37331480394382
 10
-25.84405380553779
 20
-42.45663756765764
 10
-25.860354757688494
 20
-42.54017542262536
 10
-25.87626097631076
 20
-42.62392558297448
 10
-25.891775733439122
 20
-42.707885359266946
 10
-25.906902150372265
 20
-42.792052152166114
 10
-25.921643207288874
 20
-42.87642344665807
 10
-25.936001752043644
 20
-42.96099680676627
 10
-25.944447797033988
 20
-43.012217789435105
 10
-25.94495141243081
 20
-43.0240996599863
 10
-25.94258751002141
 20
-43.03574233739802
 10
-25.937491309999697
 20
-43.046479941219765
 10
-25.92995429530859
 20
-43.055698344813074
 10
-25.92040753788226
 20
-43.06287030027729
 10
-25.878599167740855
 20
-43.08704642559809
 10
-25.807151544803908
 20
-43.128208009359746
 10
-25.735637830545958
 20
-43.169254525355285
 10
-25.66405821620441
 20
-43.21018587725838
 10
-25.6220946166789
 20
-43.23409212589383
 10
-25.611054206543873
 20
-43.23873637926506
 10
-25.59919755264008
 20
-43.240648815447386
 10
-25.58720275886499
 20
-43.239720034833894
 10
-25.57575582984515
 20
-43.23600314450623
 10
-25.565511440756765
 20
-43.22971072384926
 10
-25.524442995391247
 20
-43.19720673330692
 10
-25.456835837155502
 20
-43.14318204916163
 10
-25.389594853978263
 20
-43.08892679226537
 10
-25.32272360845239
 20
-43.03443976914225
 10
-25.256225798473125
 20
-42.97971971270824
 10
-25.190105266257916
 20
-42.92476527737948
 10
-25.124366008207573
 20
-42.869575033723905
 10
-25.059012185711985
 20
-42.81414746260096
 10
-24.994048137019288
 20
-42.758480948724085
 10
-24.9294783903063
 20
-42.70257377357183
 10
-24.865307678110014
 20
-42.64642410756047
 10
-24.801540953307672
 20
-42.59003000137671
 10
-24.738183406863946
 20
-42.53338937635143
 10
-24.72455646084729
 20
-42.52107305745975
 10
-24.7057345227886
 20
-42.507902566221716
 10
-24.68422509918454
 20
-42.49974471930234
 10
-24.661376024738072
 20
-42.49711069206008
 10
-24.638619099150876
 20
-42.500165582639745
 10
-24.617380349627688
 20
-42.50871805438941
 10
-24.614335126685788
 20
-42.510413756890294
 10
-24.553382729849616
 20
-42.54424278174048
 10
-24.49238341860507
 20
-42.5779870293371
 10
-24.43133731451859
 20
-42.61164644090163
 10
-24.428282630582082
 20
-42.61332515054473
 10
-24.40981735252285
 20
-42.62673680833929
 10
-24.39533007620188
 20
-42.6442858812412
 10
-24.385728553173905
 20
-42.664872797710146
 10
-24.381614354803524
 20
-42.6872075922502
 10
-24.383245192007585
 20
-42.709890733824246
 10
-24.38683761736977
 20
-42.72776038647986
 10
-24.40300075214662
 20
-42.81052087592387
 10
-24.4187387417918
 20
-42.89349903433301
 10
-24.434056128191525
 20
-42.97669161290608
 10
-24.448957216496943
 20
-43.06009549487176
 10
-24.463446092740234
 20
-43.14370768562298
 10
-24.477526639696585
 20
-43.22752530383451
 10
-24.491202551209916
 20
-43.31154557344182
 10
-24.504477345167693
 20
-43.39576581637722
 10
-24.51735437528334
 20
-43.48018344597433
 10
-24.529836841823712
 20
-43.564795960963814
 10
-24.54192780139891
 20
-43.64960093999466
 10
-24.553630175917053
 20
-43.73459603662346
 10
-24.560467704624564
 20
-43.78606466833829
 10
-24.56059919983288
 20
-43.797958770192444
 10
-24.557872655810847
 20
-43.80952467510149
 10
-24.552444033670877
 20
-43.82010089566016
 10
-24.544623829450128
 20
-43.82908253751731
 10
-24.53485931277894
 20
-43.83595589578332
 10
-24.492323603004373
 20
-43.858826488420284
 10
-24.419637859564734
 20
-43.897757225858314
 10
-24.346889723643795
 20
-43.936571096364396
 10
-24.27407938851202
 20
-43.97526800957646
 10
-24.23139711092522
 20
-43.99786444487841
 10
-24.22021910479432
 20
-44.00216457198789
 10
-24.208310902749254
 20
-44.00370831659346
 10
-24.196353557692092
 20
-44.00240736479771
 10
-24.185030932686498
 20
-43.99833610764423
 10
-24.174990593201063
 20
-43.99172738984678
 10
-24.134967900213447
 20
-43.95795748211505
 10
-24.069098449366667
 20
-43.901849041051705
 10
-24.003602162672028
 20
-43.84552153321506
 10
-23.938482636902027
 20
-43.788973874384254
 10
-23.873743606331637
 20
-43.73220491092683
 10
-23.809388951904346
 20
-43.675213415187436
 10
-23.745422711253244
 20
-43.61799808044604
 10
-23.68184908968196
 20
-43.56055751539351
 10
-23.618672472226397
 20
-43.50289023806319
 10
-23.555897436936938
 20
-43.444994669148294
 10
-23.493528769544348
 20
-43.38686912462337
 10
-23.4315714796987
 20
-43.32851180757371
 10
-23.370030819004768
 20
-43.26992079912114
 10
-23.35679884636887
 20
-43.257185036576345
 10
-23.33840228213019
 20
-43.24343414545985
 10
-23.31716330856281
 20
-43.23461113994967
 10
-23.294412815467084
 20
-43.231268882879164
 10
-23.271576424462886
 20
-43.233616857528105
 10
-23.250085138855184
 20
-43.24150802695151
 10
-23.246989020197045
 20
-43.24310878439538
 10
-23.18502142053429
 20
-43.27503753034227
 10
-23.12300962484659
 20
-43.30688023096761
 10
-23.060953755904954
 20
-43.33863683125321
 10
-23.057848719559
 20
-43.34022033201332
 10
-23.038976946785226
 20
-43.353055581677644
 10
-23.023950905372555
 20
-43.37015052339709
 10
-23.01371210191908
 20
-43.39043403389999
 10
-23.008902037690845
 20
-43.41263515005735
 10
-23.009822026815794
 20
-43.43536270883331
 10
-23.01285280936641
 20
-43.453338927106884
 10
-23.026415109846774
 20
-43.536578228810804
 10
-23.03954573860607
 20
-43.62002193957241
 10
-23.05224933563119
 20
-43.70366695254531
 10
-23.06453030021849
 20
-43.78751028554368
 10
-23.076392808885476
 20
-43.87154907172514
 10
-23.087840831498962
 20
-43.95578055120216
 10
-23.098878145841084
 20
-44.04020206346684
 10
-23.109508350801615
 20
-44.12481104053107
 10
-23.119734878358283
 20
-44.2096050006976
 10
-23.12956100448375
 20
-44.29458154288986
 10
-23.13898985909975
 20
-44.37973834147789
 10
-23.14802443518188
 20
-44.46507314154643
 10
-23.153246649717598
 20
-44.5167397571881
 10
-23.153005880778657
 20
-44.52863468703678
 10
-23.149919367132217
 20
-44.54011287708977
 10
-23.14416365779129
 20
-44.55051785879535
 10
-23.136067956583936
 20
-44.55925453380737
 10
-23.126095290749394
 20
-44.565823209624256
 10
-23.082874108152446
 20
-44.58736853655847
 10
-23.00902176792339
 20
-44.62403485170913
 10
-22.9351107714429
 20
-44.66058261527481
 10
-22.8611413138263
 20
-44.69701174282839
 10
-22.817782318854746
 20
-44.71827890048391
 10
-22.806477707430904
 20
-44.72223135447416
 10
-22.794529671136125
 20
-44.723405540595685
 10
-22.782621542050606
 20
-44.721734280356245
 10
-22.77143436884772
 20
-44.71731314228925
 10
-22.761607969900155
 20
-44.7103949798727
 10
-22.72267046993183
 20
-44.67539359084529
 10
-22.658603636062438
 20
-44.617258580014095
 10
-22.594916585163777
 20
-44.55891620473948
 10
-22.531612944768835
 20
-44.500365490813685
 10
-22.46869648197929
 20
-44.44160539887167
 10
-22.4061711127689
 20
-44.38263482006403
 10
-22.34404091215459
 20
-44.32345257132606
 10
-22.282310125341937
 20
-44.26405739019384
 10
-22.220983179967593
 20
-44.204447929109904
 10
-22.16006469958054
 20
-44.14462274915266
 10
-22.099559518527585
 20
-44.084580313112646
 10
-22.0394726984358
 20
-44.02431897782572
 10
-21.979809546517995
 20
-43.96383698565832
 10
-21.96698558191152
 20
-43.950694684024654
 10
-21.94903250312715
 20
-43.9363775432643
 10
-21.92808487048572
 20
-43.92689895662601
 10
-21.90545531910097
 20
-43.92285287431975
 10
-21.882561890668473
 20
-43.92449288851963
 10
-21.86083915871838
 20
-43.931716326975256
 10
-21.85769518117601
 20
-43.93322076853523
 10
-21.794773150490492
 20
-43.96322190356279
 10
-21.731809667723947
 20
-43.99313580865563
 10
-21.668804856735832
 20
-44.02296243253377
 10
-21.665652510861317
 20
-44.024449370384644
 10
-21.646392726301926
 20
-44.036696903470954
 10
-21.63084261301814
 20
-44.0533221173273
 10
-21.61997651251736
 20
-44.07328331389567
 10
-21.614475231160306
 20
-44.09532971710152
 10
-21.61468339577075
 20
-44.11807985012682
 10
-21.617149503035822
 20
-44.13614523541703
 10
-21.6280973890006
 20
-44.21978280634837
 10
-21.63860749744236
 20
-44.30361134764574
 10
-21.648684561802266
 20
-44.38762789702522
 10
-21.658333071112306
 20
-44.47182960938994
 10
-21.66755728818488
 20
-44.55621374806918
 10
-21.676361265991485
 20
-44.64077767693065
 10
-21.684748862454537
 20
-44.72551885325762
 10
-21.69272375384451
 20
-44.810434821298756
 10
-21.700289446945877
 20
-44.89552320641124
 10
-21.707449290133475
 20
-44.98078170972919
 10
-21.714206483480922
 20
-45.06620810329873
 10
-21.720564088006505
 20
-45.15180022562873
 10
-21.724165676051904
 20
-45.203614956680006
 10
-21.723552834211667
 20
-45.215499308031106
 10
-21.72010933287164
 20
-45.22687892413795
 10
-21.714032138203216
 20
-45.23710297632981
 10
-21.70566884124992
 20
-45.24558671653236
 10
-21.695497774827462
 20
-45.251844920432625
 10
-21.65163339066873
 20
-45.27204653616002
 10
-21.576686664323105
 20
-45.30641705120086
 10
-21.50168505181136
 20
-45.34066744390283
 10
-21.42662874991507
 20
-45.37479763573913
 10
-21.382635394377633
 20
-45.39471733813001
 10
-21.371215226552913
 20
-45.39831890897015
 10
-21.359239046334263
 20
-45.39912302847271
 10
-21.347391796490957
 20
-45.39708368273805
 10
-21.336351044420102
 20
-45.39231749073274
 10
-21.326748234216975
 20
-45.38509703864662
 10
-21.288934191022673
 20
-45.3488998096731
 10
-21.226732931411924
 20
-45.288797399815365
 10
-21.164917698684576
 20
-45.22849951252981
 10
-21.103492147714267
 20
-45.16800528428454
 10
-21.042460074874743
 20
-45.107313790698484
 10
-20.981825427471406
 20
-45.04642404250212
 10
-20.92159231405265
 20
-44.985334981121326
 10
-20.861765015709075
 20
-44.92404547383817
 10
-20.80234799848464
 20
-44.86255430847555
 10
-20.74334592704383
 20
-44.80086018754365
 10
-20.68476367976259
 20
-44.738961721776896
 10
-20.626606365437834
 20
-44.676857422977264
 10
-20.56887934184556
 20
-44.614545696066024
 10
-20.556475985194766
 20
-44.60101015748393
 10
-20.53898401042854
 20
-44.58614146974512
 10
-20.518348238844375
 20
-44.57601751662503
 10
-20.49586176431471
 20
-44.57127269561092
 10
-20.4729336609027
 20
-44.572204388731144
 10
-20.45100067063733
 20
-44.578754310518676
 10
-20.447811898266547
 20
-44.5801611579349
 10
-20.383996750230693
 20
-44.608209201753525
 10
-20.320142917106146
 20
-44.63616891395041
 10
-20.256250523731385
 20
-44.66404024695849
 10
-20.253053937921408
 20
-44.66542936042596
 10
-20.233424877389883
 20
-44.67707843049455
 10
-20.21736578067398
 20
-44.69321876626244
 10
-20.205882879323102
 20
-44.712839043912695
 10
-20.199695627860265
 20
-44.7347098402019
 10
-20.199191637782995
 20
-44.757460674008705
 10
-20.201090561763085
 20
-44.77559773483935
 10
-20.2094128792069
 20
-44.85955261588576
 10
-20.217291737964043
 20
-44.94368486250443
 10
-20.2247319602358
 20
-45.027991659434136
 10
-20.23173812033421
 20
-45.11247030103013
 10
-20.23831456313207
 20
-45.19711818306677
 10
-20.244465420675866
 20
-45.28193279535723
 10
-20.2501946271893
 20
-45.36691171508903
 10
-20.255505932661922
 20
-45.45205260078871
 10
-20.26040291518922
 20
-45.537353186842
 10
-20.264888992207197
 20
-45.62281127850527
 10
-20.26896743074529
 20
-45.70842474735387
 10
-20.272641356804506
 20
-45.79419152711901
 10
-20.274618498138008
 20
-45.84610434058764
 10
-20.273634110023828
 20
-45.857966711978506
 10
-20.269836910410817
 20
-45.86923698475346
 10
-20.26344409430389
 20
-45.87927058600125
 10
-20.254821304398984
 20
-45.88749366248895
 10
-20.24446171552059
 20
-45.893435900206185
 10
-20.199996766592815
 20
-45.91227663936072
 10
-20.12402848545389
 20
-45.944322161917334
 10
-20.04800911874279
 20
-45.97624610457346
 10
-19.971938864738572
 20
-46.008048394663824
 10
-19.927353863058936
 20
-46.02660374326692
 10
-19.915829235817682
 20
-46.02985155464845
 10
-19.9038365676496
 20
-46.03028545276801
 10
-19.89206174547721
 20
-46.02788059730579
 10
-19.881178195096215
 20
-46.02277451044234
 10
-19.871808369937607
 20
-46.01525921605132
 10
-19.835154833721596
 20
-45.9779029488888
 10
-19.774880093028074
 20
-45.91589421978643
 10
-19.714997243968032
 20
-45.853702073288346
 10
-19.655509965337366
 20
-45.79132575710812
 10
-19.596422079227573
 20
-45.72876446246809
 10
-19.537737560576545
 20
-45.6660173203513
 10
-19.479460547610255
 20
-45.60308339740352
 10
-19.421595353284673
 20
-45.53996169144305
 10
-19.364146477853758
 20
-45.476651126528374
 10
-19.30711862270944
 20
-45.41315054752672
 10
-19.250516705663152
 20
-45.34945871411692
 10
-19.194345877866702
 20
-45.285574294148695
 10
-19.1386115426048
 20
-45.2214958562675
 10
-19.12664094705999
 20
-45.207580764343355
 10
-19.109627185124214
 20
-45.19217576504336
 10
-19.08932340485309
 20
-45.181417279401096
 10
-19.067001896757233
 20
-45.175979473200734
 10
-19.044061394975717
 20
-45.17620315742391
 10
-19.02193941373495
 20
-45.182074413275075
 10
-19.018708935093386
 20
-45.18338248023686
 10
-18.954062470859636
 20
-45.20945379185229
 10
-18.88938010920851
 20
-45.23543575249675
 10
-18.82466197585441
 20
-45.26132831828844
 10
-18.82142424371199
 20
-45.26261843781932
 10
-18.801444879568763
 20
-45.27365885882769
 10
-18.784892270251603
 20
-45.28929961621981
 10
-18.772803568549563
 20
-45.308560681314255
 10
-18.765936188616482
 20
-45.33023513004112
 10
-18.764720361318524
 20
-45.35296477691818
 10
-18.766050121605332
 20
-45.37115594309159
 10
-18.771738156765245
 20
-45.455346824370636
 10
-18.776977480207535
 20
-45.539701312969186
 10
-18.781772998156512
 20
-45.624216742963206
 10
-18.78612936570757
 20
-45.708890550384695
 10
-18.79005100551965
 20
-45.79372026559462
 10
-18.793542124646397
 20
-45.87870350641616
 10
-18.79660672973678
 20
-45.963837971934
 10
-18.79924864080223
 20
-46.04912143687906
 10
-18.801471503718687
 20
-46.134551746530086
 10
-18.803278801608776
 20
-46.2201268120723
 10
-18.804673865229194
 20
-46.30584460636259
 10
-18.805659882472003
 20
-46.39170316005629
 10
-18.80601025503072
 20
-46.44366389770761
 10
-18.804655182794725
 20
-46.45549290095506
 10
-18.80050787947966
 20
-46.466643157125446
 10
-18.793805563152247
 20
-46.47647695943041
 10
-18.784931577879853
 20
-46.48443188411046
 10
-18.77439346578111
 20
-46.490052955783966
 10
-18.729370917617263
 20
-46.50751692481798
 10
-18.652454470981127
 20
-46.53721043367772
 10
-18.575490766717657
 20
-46.566781017489696
 10
-18.4984800044445
 20
-46.59622860940816
 10
-18.45334639224295
 20
-46.61340397629877
 10
-18.441728441126834
 20
-46.616295482292166
 10
-18.429730896453744
 20
-46.61635935196921
 10
-18.41803992529798
 20
-46.61359190769995
 10
-18.40732415867348
 20
-46.60815140793475
 10
-18.39819645430906
 20
-46.6003490007554
 10
-18.362739227212174
 20
-46.56187161149678
 10
-18.304449880701764
 20
-46.4980194757388
 10
-18.24655790751696
 20
-46.43399614397332
 10
-18.189067006960357
 20
-46.3698009756378
 10
-18.13198102328925
 20
-46.305433278082525
 10
-18.075303955376324
 20
-46.24089230311652
 10
-18.01903996727163
 20
-46.17617724323128
 10
-17.96319339977638
 20
-46.11128722746306
 10
-17.907768783155728
 20
-46.04622131684775
 10
-17.8527708511382
 20
-45.980978499415826
 10
-17.79820455637334
 20
-45.91555768466611
 10
-17.744075087547557
 20
-45.8499576974464
 10
-17.69038788839328
 20
-45.784177271157375
 10
-17.678861749003808
 20
-45.76989667451801
 10
-17.66234278328155
 20
-45.753971111697474
 10
-17.64239071672597
 20
-45.74258952844754
 10
-17.620255799933506
 20
-45.73646514213873
 10
-17.5973250714499
 20
-45.73598179091449
 10
-17.575035428023956
 20
-45.74116986106625
 10
-17.571766353607405
 20
-45.74237805253601
 10
-17.506350810592455
 20
-45.76645081666666
 10
-17.440902176283416
 20
-45.79043329218334
 10
-17.375420577173795
 20
-45.814325438860436
 10
-17.372144813768077
 20
-45.815515486135936
 10
-17.351834339537454
 20
-45.825937630506644
 10
-17.334804058753704
 20
-45.841064562434745
 10
-17.32212105345978
 20
-45.859948440933735
 10
-17.314579977806524
 20
-45.88140596749798
 10
-17.31265327965273
 20
-45.90409254189051
 10
-17.31341242632976
 20
-45.922320178787885
 10
-17.316459918732576
 20
-46.0066654656305
 10
-17.319053877673227
 20
-46.09116046067905
 10
-17.321199288623806
 20
-46.17580264951744
 10
-17.322900882929606
 20
-46.26058961194238
 10
-17.324163156725998
 20
-46.34551901491281
 10
-17.324990387971713
 20
-46.4305886062024
 10
-17.325386651831973
 20
-46.51579620866766
 10
-17.325355834610804
 20
-46.60113971505731
 10
-17.324901646403127
 20
-46.686617083299396
 10
-17.32402763261345
 20
-46.77222633221103
 10
-17.322737184467925
 20
-46.85796553758384
 10
-17.321033548629522
 20
-46.943832828603846
 10
-17.319756334081916
 20
-46.99579124656303
 10
-17.318031775505627
 20
-47.00757551507131
 10
-17.31353826597972
 20
-47.01859518388822
 10
-17.306532823543375
 20
-47.02822001683066
 10
-17.297416128892007
 20
-47.03589954406977
 10
-17.286709605943294
 20
-47.04119454329642
 10
-17.24117271815283
 20
-47.057267111466516
 10
-17.163381994243647
 20
-47.08458374112401
 10
-17.085547865033245
 20
-47.111776212173545
 10
-17.007670531328557
 20
-47.13884446354506
 10
-16.96203163113992
 20
-47.15462548225175
 10
-16.950331521274865
 20
-47.15715846378598
 10
-16.938340657440868
 20
-47.156852839795164
 10
-16.926744825943448
 20
-47.15372606490645
 10
-16.916207217528072
 20
-47.147956947621154
 10
-16.90733050105212
 20
-47.13987542884562
 10
-16.873104104813518
 20
-47.1003159009607
 10
-16.816856905174483
 20
-47.03468502625059
 10
-16.761012173947368
 20
-46.96889532663524
 10
-16.70557362753062
 20
-46.90294627366565
 10
-16.65054512879911
 20
-46.83683729125144
 10
-16.595930696865572
 20
-46.77056775250402
 10
-16.541734517752975
 20
-46.70413697628492
 10
-16.487960956089033
 20
-46.63754422342396
 10
-16.434614567951705
 20
-46.57078869256499
 10
-16.38170011501476
 20
-46.503869515591276
 10
-16.329222580166842
 20
-46.4367857525746
 10
-16.277187184806
 20
-46.369536386182276
 10
-16.225599408047245
 20
-46.302120315465636
 10
-16.21452895117327
 20
-46.287488611020834
 10
-16.198520824952343
 20
-46.27105872483383
 10
-16.178939769829725
 20
-46.25906606108965
 10
-16.15701278656541
 20
-46.252262135481054
 10
-16.134113880194985
 20
-46.251073371626745
 10
-16.1116779480669
 20
-46.25557435859857
 10
-16.108373407903432
 20
-46.25668167009645
 10
-16.04225141172579
 20
-46.278735882806274
 10
-15.97609914674281
 20
-46.300698950307186
 10
-15.9099167401366
 20
-46.322570835999855
 10
-15.906606079616541
 20
-46.32365982321186
 10
-15.885983895548803
 20
-46.333454619696084
 10
-15.868492143375372
 20
-46.34805393541534
 10
-15.855226819930074
 20
-46.36654298110709
 10
-15.847019069092077
 20
-46.387763189752654
 10
-15.844383116468112
 20
-46.41038482482456
 10
-15.844570732783268
 20
-46.428631247869646
 10
-15.844973887258732
 20
-46.51304912755274
 10
-15.844919120642814
 20
-46.597602688016536
 10
-15.844411492846193
 20
-46.68228956838196
 10
-15.843455806897788
 20
-46.76710749416365
 10
-15.84205662806822
 20
-46.85205427080174
 10
-15.840218301088731
 20
-46.93712777783872
 10
-15.837944965702219
 20
-47.02232596366099
 10
-15.835240570747429
 20
-47.10764684073711
 10
-15.832108886949026
 20
-47.19308848129423
 10
-15.82855351856179
 20
-47.27864901338249
 10
-15.82457791399725
 20
-47.36432661728379
 10
-15.820185375543645
 20
-47.450119522227695
 10
-15.817281264338718
 20
-47.50202533100979
 10
-15.815188752890808
 20
-47.513753528156855
 10
-15.810353235436287
 20
-47.524632147841515
 10
-15.803051289703363
 20
-47.53403902271929
 10
-15.793700554051158
 20
-47.54143615093794
 10
-15.782835838266465
 20
-47.5464004637305
 10
-15.736828131974761
 20
-47.56106825363539
 10
-15.658237462489279
 20
-47.5859852780897
 10
-15.579607261624703
 20
-47.61077702110834
 10
-15.500937731237514
 20
-47.635443427352044
 10
-15.454837120325807
 20
-47.64981698330828
 10
-15.443066038003984
 20
-47.65198954453488
 10
-15.431093349286192
 20
-47.65131529747102
 10
-15.419603802381397
 20
-47.647832779368045
 10
-15.409254510487042
 20
-47.64174114374384
 10
-15.400637372774554
 20
-47.633388775587974
 10
-15.367675018580801
 20
-47.592787112213884
 10
-15.313524546344624
 20
-47.52544384244146
 10
-15.259781247787291
 20
-47.45795425696507
 10
-15.20644885299793
 20
-47.3903179397513
 10
-15.153531239925796
 20
-47.32253443160977
 10
-15.101032444233562
 20
-47.25460322733552
 10
-15.048956670069582
 20
-47.18652377258507
 10
-14.997308301872325
 20
-47.11829546045324
 10
-14.946091917336346
 20
-47.04991762771331
 10
-14.895312301690641
 20
-46.98138955067639
 10
-14.84497446346427
 20
-46.91271044061998
 10
-14.795083651943234
 20
-46.84387943872583
 10
-14.745645376558388
 20
-46.77489561045799
 10
-14.735041350023678
 20
-46.759927526415
 10
-14.71955955284526
 20
-46.74301002830484
 10
-14.700368366499346
 20
-46.730418864315304
 10
-14.678670359607365
 20
-46.72294305984047
 10
-14.655825184584963
 20
-46.721051143405994
 10
-14.633264366261134
 20
-46.724861764601414
 10
-14.629927507659861
 20
-46.725867281468055
 10
-14.563162027171934
 20
-46.745884735376514
 10
-14.49636911478346
 20
-46.76581026786035
 10
-14.429548898280668
 20
-46.78564384591644
 10
-14.426206491643198
 20
-46.786630875024564
 10
-14.405292191199687
 20
-46.79578980647636
 10
-14.387355515997044
 20
-46.809848174715945
 10
-14.373520341381035
 20
-46.8279250775085
 10
-14.3646535204964
 20
-46.84888776425552
 10
-14.361310580777303
 20
-46.87142262864748
 10
-14.36092628557337
 20
-46.88967011794817
 10
-14.35868378316764
 20
-46.97407862724649
 10
-14.355979408675902
 20
-47.05860867408661
 10
-14.352818291608008
 20
-47.14325805301594
 10
-14.349205302081295
 20
-47.228024637087685
 10
-14.34514507013227
 20
-47.31290637198019
 10
-14.340642003105035
 20
-47.39790127070283
 10
-14.335700301355315
 20
-47.483007408815254
 10
-14.33032397247324
 20
-47.5682229200983
 10
-14.324516844199163
 20
-47.65354599262338
 10
-14.318282576182453
 20
-47.738974865174406
 10
-14.311624670712474
 20
-47.824507823983126
 10
-14.304546482534189
 20
-47.910143199743416
 10
-14.300017678383613
 20
-47.96194610476545
 10
-14.297559083219566
 20
-47.973606932386915
 10
-14.292386054868581
 20
-47.98433415664515
 10
-14.284794473388569
 20
-47.99351427064702
 10
-14.275218541845687
 20
-48.00062224391319
 10
-14.264205949855919
 20
-48.00525154762316
 10
-14.21777117719605
 20
-48.018502425534486
 10
-14.138455285348334
 20
-48.0409992417492
 10
-14.059103755033158
 20
-48.063369763571636
 10
-13.979716789025801
 20
-48.085613941348875
 10
-13.93319826923992
 20
-48.09856816218131
 10
-13.921367414043903
 20
-48.10037872678305
 10
-13.909424323278186
 20
-48.099337056962455
 10
-13.898052053798638
 20
-48.095502704109464
 10
-13.887901012661093
 20
-48.08909494337407
 10
-13.879551761343286
 20
-48.080480238287066
 10
-13.847885321866114
 20
-48.038877413903556
 10
-13.7958839394367
 20
-47.969889689204486
 10
-13.744294043240671
 20
-47.90076828451947
 10
-13.693119373659261
 20
-47.83151289644763
 10
-13.64236382017934
 20
-47.762123182949765
 10
-13.592031431328744
 20
-47.69259876079276
 10
-13.54212642553885
 20
-47.62293920275541
 10
-13.492653203047393
 20
-47.553144034567005
 10
-13.443616358972953
 20
-47.48321273154455
 10
-13.39502069771254
 20
-47.41314471488968
 10
-13.346871248839028
 20
-47.34293934760028
 10
-13.299173284703858
 20
-47.2725959299431
 10
-13.25193233998709
 20
-47.202113694426025
 10
-13.241805003973955
 20
-47.18682427309924
 10
-13.226864458992848
 20
-47.16943632472704
 10
-13.208081543837283
 20
-47.156259784594305
 10
-13.186633241226899
 20
-47.148120365029754
 10
-13.163863551634835
 20
-47.14552818104098
 10
-13.141199264033501
 20
-47.14864576129004
 10
-13.137833249483434
 20
-47.14954865794562
 10
-13.070487554801003
 20
-47.167512927365934
 10
-13.003117277721222
 20
-47.18538457886109
 10
-12.935722546555857
 20
-47.20316358299465
 10
-12.932351559563108
 20
-47.20404784498172
 10
-12.911164916789996
 20
-47.2125629461542
 10
-12.89280020521072
 20
-47.22606749833352
 10
-12.878408121208352
 20
-47.243715292689856
 10
-12.868890416951158
 20
-47.264400458457985
 10
-12.864843409291066
 20
-47.286826773271905
 10
-12.863887359177607
 20
-47.30505758845304
 10
-12.859000366888285
 20
-47.38937468207413
 10
-12.853647990376851
 20
-47.47379906663065
 10
-12.84783542388631
 20
-47.55832869384867
 10
-12.841567600001426
 20
-47.642961586010124
 10
-12.83484920913041
 20
-47.72769583066446
 10
-12.827684717046429
 20
-47.81252957586766
 10
-12.820078380729845
 20
-47.89746102588317
 10
-12.812034262716072
 20
-47.98248843728885
 10
-12.803556244125089
 20
-48.06761011544246
 10
-12.794648036523522
 20
-48.15282441126404
 10
-12.78531319275015
 20
-48.23812971830027
 10
-12.775555116817582
 20
-48.323524470039644
 10
-12.769405340557695
 20
-48.37517421266469
 10
-12.766582866447752
 20
-48.38675641965378
 10
-12.761077121012606
 20
-48.39732202428942
 10
-12.753203012318899
 20
-48.40626676474488
 10
-12.743410901407113
 20
-48.413079074417944
 10
-12.732260841878574
 20
-48.41736933667908
 10
-12.685442957458969
 20
-48.4291924028979
 10
-12.605476909393158
 20
-48.44925051432072
 10
-12.525479132325026
 20
-48.46918142741823
 10
-12.445449829826542
 20
-48.48898509818046
 10
-12.398557399415711
 20
-48.50050934406489
 10
-12.386677976865125
 20
-48.50195665156704
 10
-12.374775827647364
 20
-48.50054908290151
 10
-12.363531668525475
 20
-48.496367116607445
 10
-12.353588580950698
 20
-48.48964990820081
 10
-12.34551523392522
 20
-48.48078161797241
 10
-12.315175217538266
 20
-48.4382195295957
 10
-12.265373026813542
 20
-48.367656805617735
 10
-12.215986239578513
 20
-48.296973152344485
 10
-12.167018603115677
 20
-48.22616837914057
 10
-12.118474014919517
 20
-48.15524226128182
 10
-12.070356532705105
 20
-48.08419453770348
 10
-12.022670385350265
 20
-48.013024908538306
 10
-11.975419984886043
 20
-47.94173303241904
 10
-11.928609939667217
 20
-47.87031852351559
 10
-11.88224506887581
 20
-47.7987809482724
 10
-11.836330418535267
 20
-47.72711982180611
 10
-11.790871279242696
 20
-47.65533460391689
 10
-11.745873205862521
 20
-47.583424694658696
 10
-11.736232324546144
 20
-47.56782927511755
 10
-11.721847376894146
 20
-47.54998846710895
 10
-11.703490666968728
 20
-47.53624019937377
 10
-11.682312467212647
 20
-47.52744601548276
 10
-11.659639847528279
 20
-47.5241570616741
 10
-11.636893508384157
 20
-47.52657952582919
 10
-11.633501513596133
 20
-47.527379065045245
 10
-11.565639136990626
 20
-47.54327549138807
 10
-11.49775503839672
 20
-47.559078682375954
 10
-11.429849346578399
 20
-47.5747886121108
 10
-11.426452957817487
 20
-47.575569386253356
 10
-11.405013915561366
 20
-47.58343324172336
 10
-11.386238383179853
 20
-47.596371575348364
 10
-11.371302800003582
 20
-47.61357364894157
 10
-11.361142977596062
 20
-47.633961512918624
 10
-11.3563954735098
 20
-47.656257568957045
 10
-11.354868364756353
 20
-47.67445396419604
 10
-11.34734054399808
 20
-47.75859758415342
 10
-11.339344267682387
 20
-47.84283415746818
 10
-11.33088478989582
 20
-47.92716179466211
 10
-11.32196710104681
 20
-48.01157866880766
 10
-11.312595947499013
 20
-48.09608301083604
 10
-11.302775849249485
 20
-48.18067310531339
 10
-11.29251111589418
 20
-48.26534728662653
 10
-11.28180586108752
 20
-48.350103935529255
 10
-11.270664015673233
 20
-48.43494147600654
 10
-11.259089339638782
 20
-48.51985837242003
 10
-11.24708543302497
 20
-48.604853126903755
 10
-11.234655745904684
 20
-48.68992427698236
 10
-11.226890238677345
 20
-48.74137067613951
 10
-11.223706425845997
 20
-48.75286306717947
 10
-11.217873052000131
 20
-48.7632569568358
 10
-11.20972376204367
 20
-48.771957905581054
 10
-11.199724654688287
 20
-48.778468292053184
 10
-11.188447622160679
 20
-48.782415769799115
 10
-11.14129075640731
 20
-48.79280134926022
 10
-11.060749915803523
 20
-48.810404349780725
 10
-10.980181269940507
 20
-48.827879356251465
 10
-10.899585023072868
 20
-48.84522633026431
 10
-10.852362850355856
 20
-48.85531118456914
 10
-10.84044606505124
 20
-48.85639428670865
 10
-10.82859611449136
 20
-48.854622660606765
 10
-10.817490731537436
 20
-48.85009760680592
 10
-10.807765062115875
 20
-48.84307790250902
 10
-10.79997534158387
 20
-48.83396500730991
 10
-10.770990868737536
 20
-48.7904864253356
 10
-10.72343567228931
 20
-48.71841959192649
 10
-10.676299398997507
 20
-48.646244683382335
 10
-10.629585799663035
 20
-48.57396162188388
 10
-10.583298776265975
 20
-48.501570300099765
 10
-10.537442392037686
 20
-48.42907057924023
 10
-10.492020882472879
 20
-48.35646228692934
 10
-10.447038667396164
 20
-48.28374521487376
 10
-10.402500364216587
 20
-48.21091911630189
 10
-10.358410802523267
 20
-48.13798370314433
 10
-10.314775040201702
 20
-48.0649386429207
 10
-10.271598381278707
 20
-47.991783555292585
 10
-10.228886395741581
 20
-47.918518008235225
 10
-10.219741229657979
 20
-47.90263220883219
 10
-10.205925635795772
 20
-47.88435653940615
 10
-10.18801258440824
 20
-47.87005069758373
 10
-10.167124543454696
 20
-47.86061117078302
 10
-10.144570395169938
 20
-47.856629545424255
 10
-10.121763410400899
 20
-47.858355411116015
 10
-10.11834862248446
 20
-47.85905094331615
 10
-10.050033321967607
 20
-47.872866621077904
 10
-9.981699169200803
 20
-47.886588524514494
 10
-9.913346293331974
 20
-47.90021663123986
 10
-9.909927692408218
 20
-47.900893284409605
 10
-9.888256351315674
 20
-47.90809902673128
 10
-9.869087533821752
 20
-47.92045920905972
 10
-9.853622324045283
 20
-47.937199311719525
 10
-9.842829724304291
 20
-47.957270325025156
 10
-9.837385948007377
 20
-47.97941450031027
 10
-9.835289018136821
 20
-47.99755873958509
 10
-9.825126531835746
 20
-48.081446885555486
 10
-9.81449296111568
 20
-48.165413568681615
 10
-9.803393614996304
 20
-48.24945705976499
 10
-9.79183353704574
 20
-48.3335756841041
 10
-9.779817525147289
 20
-48.41776781740259
 10
-9.76735014929766
 20
-48.502031882085774
 10
-9.754435767680858
 20
-48.58636634397451
 10
-9.741078541225926
 20
-48.670769709273266
 10
-9.727282446826859
 20
-48.75524052183571
 10
-9.71305128937822
 20
-48.839777360675505
 10
-9.698388712758616
 20
-48.9243788376954
 10
-9.6832982098772
 20
-49.00904359561033
 10
-9.673923735560214
 20
-49.06023659002808
 10
-9.670381459418481
 20
-49.071628034471956
 10
-9.664225838804015
 20
-49.08184024952726
 10
-9.655808947545552
 20
-49.09028918742364
 10
-9.645612188348844
 20
-49.09649164200374
 10
-9.634218757461888
 20
-49.10009288060946
 10
-9.586767191710127
 20
-49.10903251394224
 10
-9.505727177368872
 20
-49.12416607264279
 10
-9.424663293662142
 20
-49.13917094901321
 10
-9.343575745420353
 20
-49.15404711020918
 10
-9.29606814417985
 20
-49.16268437063225
 10
-9.284125193412399
 20
-49.16340262783672
 10
-9.272338605412648
 20
-49.16126909718401
 10
-9.26138249064595
 20
-49.156405778260265
 10
-9.251883459517034
 20
-49.14909079432934
 10
-9.244384786536083
 20
-49.13974249171851
 10
-9.216783568258965
 20
-49.09539101054036
 10
-9.171520834019812
 20
-49.02189231006513
 10
-9.126680143004819
 20
-48.94829848062446
 10
-9.082265246159112
 20
-48.87460955718485
 10
-9.038280046434378
 20
-48.800825549800706
 10
-8.994728608915459
 20
-48.726946441975265
 10
-8.95161517189162
 20
-48.652972188868574
 10
-8.90894415898846
 20
-48.578902715334166
 10
-8.866720192493762
 20
-48.50473791376255
 10
-8.824948108032082
 20
-48.43047764170674
 10
-8.783632970767849
 20
-48.35612171926067
 10
-8.742780093346743
 20
-48.281669926156425
 10
-8.702395055821707
 20
-48.207121998540664
 10
-8.69375435496009
 20
-48.19096169936012
 10
-8.68052127299818
 20
-48.17226955290106
 10
-8.663068841416452
 20
-48.1574207760467
 10
-8.642490660366965
 20
-48.1473458821881
 10
-8.620076189621281
 20
-48.142676272104524
 10
-8.5972299415924
 20
-48.14370464275738
 10
-8.593795557357135
 20
-48.144295605361826
 10
-8.525091282753966
 20
-48.15601936899439
 10
-8.45637103349902
 20
-48.16764889722642
 10
-8.387634939060415
 20
-48.17918417115967
 10
-8.384197324913831
 20
-48.17975615717075
 10
-8.362313933146174
 20
-48.18629746535085
 10
-8.342769678035676
 20
-48.1980680374079
 10
-8.326789170775001
 20
-48.214330290423774
 10
-8.315373707142024
 20
-48.234065150112734
 10
-8.309238535611607
 20
-48.25603592770628
 10
-8.306573564669295
 20
-48.274110300262805
 10
-8.293785082874331
 20
-48.357661100962076
 10
-8.280523331687377
 20
-48.441275956296224
 10
-8.26679367013241
 20
-48.5249532986997
 10
-8.252601190255426
 20
-48.60869160700821
 10
-8.237950737006116
 20
-48.6924894029703
 10
-8.222846926139642
 20
-48.77634524810716
 10
-8.207294160383919
 20
-48.86025774087695
 10
-8.191296644082035
 20
-48.9442255141073
 10
-8.17485839648897
 20
-49.02824723266433
 10
-8.157983263877005
 20
-49.11232159133062
 10
-8.14067493058317
 20
-49.196447312869566
 10
-8.12293692911387
 20
-49.28062314625491
 10
-8.111961775924849
 20
-49.33151283733754
 10
-8.108064246674092
 20
-49.34279227824761
 10
-8.101592052008213
 20
-49.352813001888535
 10
-8.092915370136692
 20
-49.36100191352674
 10
-8.082530460897532
 20
-49.36689068050727
 10
-8.071031280969507
 20
-49.37014251310096
 10
-8.02332942415883
 20
-49.377628948339435
 10
-7.941866070311916
 20
-49.390280795367346
 10
-7.860382793150666
 20
-49.402803378530976
 10
-7.77887979798118
 20
-49.4151966705157
 10
-7.73113120443225
 20
-49.42237934090415
 10
-7.71917327222279
 20
-49.42273241892844
 10
-7.707461111246846
 20
-49.42023944219445
 10
-7.696664576751347
 20
-49.415042968894156
 10
-7.6874011538961575
 20
-49.40744017624041
 10
-7.680200643435347
 20
-49.397865870171835
 10
-7.6540089619205975
 20
-49.35268585869772
 10
-7.611081791309485
 20
-49.27782880418498
 10
-7.568579382652203
 20
-49.20288964746879
 10
-7.526505483672813
 20
-49.12786853619089
 10
-7.4848639947893645
 20
-49.052765597700876
 10
-7.443658979285434
 20
-48.97758093772543
 10
-7.402894674430656
 20
-48.902314638913495
 10
-7.362575503666464
 20
-48.82696675924254
 10
-7.322706089991201
 20
-48.75153733026783
 10
-7.283291270699804
 20
-48.67602635519507
 10
-7.244336113658962
 20
-48.600433806752406
 10
-7.205845935328142
 20
-48.52475962483425
 10
-7.167826320774108
 20
-48.4490037138848
 10
-7.159698318381084
 20
-48.43258503915206
 10
-7.14706029934481
 20
-48.41349516478361
 10
-7.130084946497336
 20
-48.398118558162444
 10
-7.1098359603932275
 20
-48.38741881151505
 10
-7.087582166551963
 20
-48.382066480392226
 10
-7.0647180031616434
 20
-48.3823970385909
 10
-7.061267227531448
 20
-48.38288295541835
 10
-6.992238088806192
 20
-48.39250536735238
 10
-6.923195859512464
 20
-48.40203316019814
 10
-6.854140669378954
 20
-48.41146631852403
 10
-6.8506872487121
 20
-48.41193317753916
 10
-6.8286121922963385
 20
-48.417804275918684
 10
-6.808710650982707
 20
-48.42897425693655
 10
-6.79222962625652
 20
-48.444743162774884
 10
-6.780201781754804
 20
-48.46412282621826
 10
-6.773380744470367
 20
-48.485898812359366
 10
-6.77015005594342
 20
-48.50388564840272
 10
-6.75474675983366
 20
-48.58701743400282
 10
-6.738868454414099
 20
-48.67019873766389
 10
-6.7225205437677555
 20
-48.75342815467767
 10
-6.705708163720693
 20
-48.836704318605896
 10
-6.688436201820203
 20
-48.9200258983982
 10
-6.670709315323479
 20
-49.00339159579743
 10
-6.65253194744338
 20
-49.08680014299698
 10
-6.633908342061855
 20
-49.17025030051947
 10
-6.614842557091136
 20
-49.25374085529101
 10
-6.595338476637918
 20
-49.337270618888205
 10
-6.575399822104259
 20
-49.420838425939024
 10
-6.555030162341216
 20
-49.504443132660356
 10
-6.542464143532562
 20
-49.554979828028564
 10
-6.538214905616769
 20
-49.566136291385966
 10
-6.531432098766457
 20
-49.57595585687891
 10
-6.522503664507219
 20
-49.583876935497884
 10
-6.511940259946679
 20
-49.589446514441235
 10
-6.500346049863416
 20
-49.592346061427705
 10
-6.452438416668061
 20
-49.59837324654448
 10
-6.370627735729412
 20
-49.60853316040194
 10
-6.288801085810155
 20
-49.618563334990554
 10
-6.20695867259753
 20
-49.62846374849574
 10
-6.159013623759829
 20
-49.63418603151969
 10
-6.147051875285553
 20
-49.634173898283606
 10
-6.1354251005803775
 20
-49.63132423379941
 10
-6.1247982728520185
 20
-49.62579999727455
 10
-6.115779172889079
 20
-49.61791711172614
 10
-6.1088836293695525
 20
-49.608126401585345
 10
-6.084126320594777
 20
-49.562162953765835
 10
-6.043575419997313
 20
-49.48602224707279
 10
-6.003451597265845
 20
-49.4098125341557
 10
-5.963758593547221
 20
-49.333534075141955
 10
-5.924500303229401
 20
-49.25718711450288
 10
-5.885680784148681
 20
-49.18077188003246
 10
-5.847304268749082
 20
-49.104288581730806
 10
-5.8093751763108195
 20
-49.02773741058112
 10
-5.771898126382174
 20
-48.95111853720633
 10
-5.734877953570869
 20
-48.874432110390195
 10
-5.698319723876077
 20
-48.79767825544453
 10
-5.662228752772592
 20
-48.72085707240158
 10
-5.626610625295309
 20
-48.64396863400658
 10
-5.619003032375595
 20
-48.627307934494354
 10
-5.6069720123845554
 20
-48.60783942470995
 10
-5.590489685520131
 20
-48.59195054063963
 10
-5.570588853072637
 20
-48.580636978150785
 10
-5.548516518173436
 20
-48.57460775520694
 10
-5.5256557426769755
 20
-48.574240756496415
 10
-5.522191787204064
 20
-48.57462123723552
 10
-5.452902024775195
 20
-48.5821345772996
 10
-5.383602061054646
 20
-48.58955299153623
 10
-5.314292025975341
 20
-48.59687646796239
 10
-5.310826011779057
 20
-48.59723782597032
 10
-5.2885798055074265
 20
-48.60243348358749
 10
-5.268339425770102
 20
-48.61299237593299
 10
-5.251373108964323
 20
-48.628252828418255
 10
-5.23874393302141
 20
-48.647258528094845
 10
-5.231243211341414
 20
-48.66881847066774
 10
-5.227449672700868
 20
-48.68670015727933
 10
-5.209445256861476
 20
-48.76933153287534
 10
-5.190964537776101
 20
-48.85199784813987
 10
-5.17201295962705
 20
-48.93469786231904
 10
-5.152595697308352
 20
-49.01743036476891
 10
-5.132717676482169
 20
-49.100194172681626
 10
-5.112383591637547
 20
-49.18298812903859
 10
-5.091597922399828
 20
-49.265811100762285
 10
-5.07036494830136
 20
-49.34866197704307
 10
-5.048688762194934
 20
-49.43153966782001
 10
-5.026573282465366
 20
-49.514443102398275
 10
-5.004022264173703
 20
-49.5973712281879
 10
-4.9810393092504395
 20
-49.68032300955038
 10
-4.966893762807955
 20
-49.730457267258316
 10
-4.962296694189608
 20
-49.74147987134996
 10
-4.955209524181278
 20
-49.751088769527165
 10
-4.946037600154254
 20
-49.75873442217275
 10
-4.9353055038032485
 20
-49.76397957044875
 10
-4.923627047171813
 20
-49.766524239281296
 10
-4.875558237382238
 20
-49.77108731569933
 10
-4.793476384821482
 20
-49.77874711221303
 10
-4.71138252412272
 20
-49.78627679965993
 10
-4.629276861264582
 20
-49.79367636170112
 10
-4.581179974550116
 20
-49.79793365253149
 10
-4.56922555091312
 20
-49.7975565751968
 10
-4.557695011140795
 20
-49.794353275641996
 10
-4.547247825890098
 20
-49.78850693966095
 10
-4.538481503345308
 20
-49.78035191234144
 10
-4.531897416647207
 20
-49.77035458204
 10
-4.508597854967625
 20
-49.7236534675179
 10
-4.470461510472332
 20
-49.64630491769205
 10
-4.432754155708034
 20
-49.568900515503906
 10
-4.395479521897468
 20
-49.491440633298296
 10
-4.358641493911185
 20
-49.41392563241275
 10
-4.322244120500983
 20
-49.33635586246646
 10
-4.286291625487945
 20
-49.258731660582875
 10
-4.250788420022303
 20
-49.18105335053839
 10
-4.215739116049844
 20
-49.10332124182735
 10
-4.181148541141176
 20
-49.02553562863272
 10
-4.147021754865729
 20
-48.947696788689946
 10
-4.113364066922271
 20
-48.86980498202908
 10
-4.08018105727501
 20
-48.7918604495782
 10
-4.073101057770388
 20
-48.77497428504572
 10
-4.0616883510982325
 20
-48.75514655444705
 10
-4.045714477350194
 20
-48.738761373376185
 10
-4.026180371541781
 20
-48.726845539281655
 10
-4.004310050523782
 20
-48.72014580838119
 10
-3.981473912001603
 20
-48.71908207557177
 10
-3.9779999934658044
 20
-48.719356815332695
 10
-3.9085139502217277
 20
-48.72475507178001
 10
-3.8390205989338155
 20
-48.73005817224668
 10
-3.7695200696856004
 20
-48.73526610818392
 10
-3.7660446798481613
 20
-48.735521676558065
 10
-3.7436479586305875
 20
-48.7400372070569
 10
-3.723087477308803
 20
-48.74997500170159
 10
-3.70565153366406
 20
-48.764712296702136
 10
-3.6924326387337034
 20
-48.78332555542449
 10
-3.6842590648614246
 20
-48.80464836276382
 10
-3.6799060876983924
 20
-48.822407360042725
 10
-3.659316760530963
 20
-48.90445728016513
 10
-3.638250282856208
 20
-48.986527531955
 10
-3.6167121339827526
 20
-49.0686170395845
 10
-3.594707523147733
 20
-49.150724749153206
 10
-3.5722414096326185
 20
-49.23284962702416
 10
-3.5493185208758202
 20
-49.31499065832648
 10
-3.5259433688302884
 20
-49.39714684560327
 10
-3.502120264778237
 20
-49.479317207587485
 10
-3.477853332784242
 20
-49.56150077809089
 10
-3.4531465219430864
 20
-49.643696604992684
 10
-3.428003617556955
 20
-49.72590374931717
 10
-3.40242825135888
 20
-49.808121284390246
 10
-3.386716038612268
 20
-49.85780395782112
 10
-3.38177534984557
 20
-49.868681922808975
 10
-3.374390350774328
 20
-49.87807080978195
 10
-3.3649834208594407
 20
-49.88543366272542
 10
-3.3540925810606597
 20
-49.89034939832629
 10
-3.3423407215779637
 20
-49.8925368835579
 10
-3.2941554005322256
 20
-49.89563218077237
 10
-3.2118786415271554
 20
-49.900785703966406
 10
-3.1295938400444365
 20
-49.90580885348364
 10
-3.0473012022681107
 20
-49.91070161844205
 10
-2.999097156080887
 20
-49.913490499560254
 10
-2.987161169368806
 20
-49.912749041879756
 10
-2.975737597602309
 20
-49.90919544901284
 10
-2.965479794971897
 20
-49.90303294237182
 10
-2.956974439991199
 20
-49.894613950224944
 10
-2.9507079819057886
 20
-49.88441995737896
 10
-2.9288880665519446
 20
-49.83702757236028
 10
-2.8932021218302606
 20
-49.75854801436304
 10
-2.8579466736688532
 20
-49.68002580444905
 10
-2.8231254400288877
 20
-49.60146142683416
 10
-2.7887422927854164
 20
-49.522855359384884
 10
-2.7548012679775664
 20
-49.44420807321792
 10
-2.7213065770149854
 20
-49.36552003226269
 10
-2.6882626189578436
 20
-49.28679169278225
 10
-2.655673994005365
 20
-49.208023502847475
 10
-2.623545518349395
 20
-49.12921590175807
 10
-2.5918822405753335
 20
-49.05036931940395
 10
-2.5606894598223517
 20
-48.97148417555813
 10
-2.529972745952506
 20
-48.89256087909197
 10
-2.5234269925780857
 20
-48.875466000789835
 10
-2.512643285554564
 20
-48.85529876497974
 10
-2.4971927643491165
 20
-48.83843367685794
 10
-2.478043563827321
 20
-48.82592760770297
 10
-2.456395575450804
 20
-48.81856429697419
 10
-2.433605259821371
 20
-48.81680521501286
 10
-2.4301245988991713
 20
-48.81697399396781
 10
-2.36050669360423
 20
-48.82025285628672
 10
-2.2908843763167006
 20
-48.82343640877901
 10
-2.221257777219386
 20
-48.82652464631965
 10
-2.2177762332033746
 20
-48.82667422146706
 10
-2.1952497437704914
 20
-48.83050548360468
 10
-2.1743881796052658
 20
-48.83981266618099
 10
-2.1564987086410112
 20
-48.85401251283079
 10
-2.142702266555137
 20
-48.87221515942334
 10
-2.1338633220453325
 20
-48.893279919458834
 10
-2.1289548617722502
 20
-48.910898776882824
 10
-2.1057993439022
 20
-48.99228662103501
 10
-2.082166275403023
 20
-49.0736801714384
 10
-2.058061165724891
 20
-49.15507851803897
 10
-2.033489253711355
 20
-49.2364807645112
 10
-2.008455527756222
 20
-49.31788602720568
 10
-1.9829647439531648
 20
-49.39929343420216
 10
-1.9570214424866308
 20
-49.48070212445447
 10
-1.9306299624768073
 20
-49.56211124701671
 10
-1.9037944554601627
 20
-49.64351996034086
 10
-1.8765188976621454
 20
-49.72492743163766
 10
-1.8488071011972227
 20
-49.80633283629372
 10
-1.8206627243130573
 20
-49.88773535733867
 10
-1.8033982273638165
 20
-49.936917640770794
 10
-1.7981184604379603
 20
-49.947640298444874
 10
-1.7904424492390218
 20
-49.95680000355426
 10
-1.7808092154035897
 20
-49.96387290798585
 10
-1.7697697213774364
 20
-49.96845451263952
 10
-1.7579553583609022
 20
-49.97028279627863
 10
-1.7096982382118244
 20
-49.971907827696704
 10
-1.6273029157131347
 20
-49.97455094275178
 10
-1.5449035195868261
 20
-49.97706352440191
 10
-1.4625002561390923
 20
-49.97944556720932
 10
-1.4142337712704924
 20
-49.98076380445216
 10
-1.4023272998561693
 20
-49.97965882441771
 10
-1.391021308889674
 20
-49.97575856407795
 10
-1.3809624290438811
 20
-49.96928607324138
 10
-1.372725963514437
 20
-49.96061150972875
 10
-1.3667829846179929
 20
-49.95023097494431
 10
-1.3464631280223462
 20
-49.90219429338239
 10
-1.3132609652281235
 20
-49.82266150732564
 10
-1.280490400032923
 20
-49.74309930511507
 10
-1.248155133808446
 20
-49.66350828241325
 10
-1.2162590219654876
 20
-49.58388903319676
 10
-1.1848060842115522
 20
-49.50424214966687
 10
-1.153800515765446
 20
-49.42456822215208
 10
-1.1232466996461101
 20
-49.344867839001886
 10
-1.0931492201708821
 20
-49.26514158647033
 10
-1.0635128778198302
 20
-49.185390048588005
 10
-1.034342705648406
 20
-49.10561380702124
 10
-1.005643987460798
 20
-49.0258134409165
 10
-0.9774222779934943
 20
-48.945989526727935
 10
-0.9714168887083178
 20
-48.92870285999855
 10
-0.9612722344218667
 20
-48.908216114670864
 10
-0.9463594306656777
 20
-48.890887900659
 10
-0.9276129118453816
 20
-48.877804110782165
 10
-0.906207330203908
 20
-48.869784682791696
 10
-0.8834839516751224
 20
-48.86733219424845
 10
-0.8799997716623024
 20
-48.86739487736851
 10
-0.8103144734251985
 20
-48.868551731017476
 10
-0.7406276609224816
 20
-48.86961319711139
 10
-0.6709394643862212
 20
-48.87057927394267
 10
-0.6674549899567783
 20
-48.870622737049736
 10
-0.6448195828057154
 20
-48.87376613584357
 10
-0.6236762293278336
 20
-48.882433693319086
 10
-0.6053497591134008
 20
-48.89608222579693
 10
-0.590988497091773
 20
-48.91385641123516
 10
-0.5814923108482214
 20
-48.93464241097233
 10
-0.5760328659349736
 20
-48.95210378397114
 10
-0.5503323864756541
 20
-49.0327494331566
 10
-0.5241544036443616
 20
-49.113386157947396
 10
-0.4975044520372596
 20
-49.19401321478805
 10
-0.47038779535685854
 20
-49.274629865642915
 10
-0.44280944659163485
 20
-49.35523537755607
 10
-0.41477418618578926
 20
-49.435829022255476
 10
-0.3862865784485673
 20
-49.516410075795754
 10
-0.35735098641573904
 20
-49.59697781823504
 10
-0.3279715853451633
 20
-49.677531533342055
 10
-0.29815237500322855
 20
-49.75807050832942
 10
-0.26789719087728847
 20
-49.83859403361097
 10
-0.23720971443126043
 20
-49.9191014025798
 10
-0.2184088323013524
 20
-49.96773487740455
 10
-0.2127948592258505
 20
-49.978291681118485
 10
-0.20483493326945457
 20
-49.987213215124335
 10
-0.19498431231070534
 20
-49.99398925313177
 10
-0.18380639023239795
 20
-49.99823227572824
 10
-0.17194047425720768
 20
-49.999699627918176
 10
-0.12365629585058989
 20
-49.99985308799997
 10
-0.041218799674649545
 20
-49.99998367643855
 10
0.04121879967463346
 20
-49.99998367643855
 10
0.12365629585057379
 20
-49.99985308799997
 10
0.17194047425719158
 20
-49.999699627918176
 10
0.18380639023238185
 20
-49.99823227572824
 10
0.19498431231067817
 20
-49.99398925313177
 10
0.20483493326943847
 20
-49.987213215124335
 10
0.21279485922582336
 20
-49.978291681118485
 10
0.21840883230133634
 20
-49.96773487740455
 10
0.2372097144312333
 20
-49.9191014025798
 10
0.26789719087727243
 20
-49.83859403361097
 10
0.29815237500321257
 20
-49.75807050832942
 10
0.3279715853451473
 20
-49.677531533342055
 10
0.3573509864157231
 20
-49.59697781823504
 10
0.3862865784485514
 20
-49.516410075795754
 10
0.41477418618577344
 20
-49.435829022255476
 10
0.442809446591619
 20
-49.35523537755607
 10
0.4703877953568316
 20
-49.27462986564291
 10
0.49750445203724375
 20
-49.19401321478805
 10
0.5241544036443458
 20
-49.113386157947396
 10
0.5503323864756383
 20
-49.0327494331566
 10
0.576032865934947
 20
-48.95210378397114
 10
0.5814923108482057
 20
-48.93464241097233
 10
0.5909884970917682
 20
-48.91385641123516
 10
0.6053497591133851
 20
-48.89608222579693
 10
0.6236762293278287
 20
-48.882433693319086
 10
0.6448195828056994
 20
-48.87376613584355
 10
0.6674549899567626
 20
-48.870622737049736
 10
0.6709394643862162
 20
-48.87057927394267
 10
0.7406276609224767
 20
-48.86961319711139
 10
0.8103144734251936
 20
-48.868551731017476
 10
0.8799997716622974
 20
-48.86739487736851
 10
0.8834839516750961
 20
-48.867332194248455
 10
0.9062073302038924
 20
-48.8697846827917
 10
0.9276129118453768
 20
-48.877804110782165
 10
0.9463594306656619
 20
-48.890887900658996
 10
0.9612722344218619
 20
-48.908216114670864
 10
0.9714168887083022
 20
-48.92870285999855
 10
0.9774222779935112
 20
-48.94598952672793
 10
1.0056439874608258
 20
-49.0258134409165
 10
1.0343427056484338
 20
-49.10561380702123
 10
1.063512877819858
 20
-49.185390048588005
 10
1.0931492201708992
 20
-49.265141586470335
 10
1.123246699646138
 20
-49.344867839001886
 10
1.153800515765474
 20
-49.424568222152075
 10
1.18480608421158
 20
-49.504242149666865
 10
1.2162590219655267
 20
-49.58388903319676
 10
1.2481551338084742
 20
-49.66350828241324
 10
1.280490400032951
 20
-49.74309930511505
 10
1.3132609652281515
 20
-49.822661507325634
 10
1.3464631280223633
 20
-49.90219429338239
 10
1.3667829846180213
 20
-49.95023097494431
 10
1.372725963514454
 20
-49.960611509728736
 10
1.3809624290439093
 20
-49.96928607324138
 10
1.391021308889691
 20
-49.97575856407794
 10
1.4023272998561975
 20
-49.97965882441771
 10
1.4142337712705206
 20
-49.98076380445215
 10
1.4625002561391205
 20
-49.979445567209304
 10
1.5449035195868654
 20
-49.977063524401906
 10
1.6273029157131627
 20
-49.97455094275177
 10
1.7096982382118522
 20
-49.9719078276967
 10
1.7579553583609417
 20
-49.97028279627863
 10
1.7697697213774648
 20
-49.96845451263952
 10
1.780809215403607
 20
-49.96387290798585
 10
1.7904424492390503
 20
-49.95680000355426
 10
1.7981184604379774
 20
-49.94764029844487
 10
1.803398227363845
 20
-49.93691764077079
 10
1.8206627243130744
 20
-49.88773535733867
 10
1.8488071011972507
 20
-49.80633283629372
 10
1.8765188976621738
 20
-49.72492743163766
 10
1.9037944554601907
 20
-49.64351996034085
 10
1.9306299624768346
 20
-49.56211124701669
 10
1.957021442486659
 20
-49.48070212445447
 10
1.982964743953192
 20
-49.39929343420214
 10
2.0084555277562495
 20
-49.31788602720567
 10
2.0334892537113713
 20
-49.23648076451119
 10
2.0580611657249186
 20
-49.15507851803896
 10
2.0821662754030505
 20
-49.07368017143838
 10
2.1057993439022273
 20
-48.992286621035
 10
2.128954861772267
 20
-48.91089877688282
 10
2.1338633220453604
 20
-48.893279919458834
 10
2.1427022665551756
 20
-48.87221515942334
 10
2.156498708641039
 20
-48.85401251283079
 10
2.1743881796053035
 20
-48.83981266618098
 10
2.195249743770519
 20
-48.830505483604675
 10
2.2177762332034026
 20
-48.82667422146705
 10
2.221257777219424
 20
-48.82652464631964
 10
2.2908843763167392
 20
-48.82343640877901
 10
2.3605066936042682
 20
-48.820252856286714
 10
2.43012459889921
 20
-48.81697399396781
 10
2.4336052598213986
 20
-48.81680521501286
 10
2.456395575450831
 20
-48.81856429697419
 10
2.4780435638273586
 20
-48.82592760770296
 10
2.4971927643491436
 20
-48.83843367685793
 10
2.512643285554603
 20
-48.85529876497973
 10
2.523426992578113
 20
-48.875466000789835
 10
2.5299727459525228
 20
-48.89256087909197
 10
2.5606894598223793
 20
-48.97148417555813
 10
2.591882240575362
 20
-49.050369319403956
 10
2.6235455183494225
 20
-49.12921590175807
 10
2.6556739940053817
 20
-49.208023502847475
 10
2.688262618957871
 20
-49.28679169278225
 10
2.721306577015013
 20
-49.36552003226268
 10
2.7548012679775944
 20
-49.44420807321792
 10
2.7887422927854444
 20
-49.52285535938488
 10
2.8231254400289156
 20
-49.60146142683416
 10
2.857946673668881
 20
-49.680025804449045
 10
2.893202121830289
 20
-49.75854801436304
 10
2.928888066551962
 20
-49.837027572360284
 10
2.950707981905817
 20
-49.88441995737896
 10
2.9569744399912157
 20
-49.894613950224944
 10
2.965479794971925
 20
-49.90303294237182
 10
2.975737597602338
 20
-49.909195449012834
 10
2.987161169368835
 20
-49.91274904187976
 10
2.999097156080915
 20
-49.91349049956026
 10
3.0473012022681387
 20
-49.91070161844205
 10
3.1295938400444654
 20
-49.90580885348365
 10
3.2118786415271843
 20
-49.900785703966406
 10
3.294155400532254
 20
-49.89563218077236
 10
3.3423407215779912
 20
-49.8925368835579
 10
3.3540925810606885
 20
-49.8903493983263
 10
3.364983420859458
 20
-49.885433662725426
 10
3.3743903507743562
 20
-49.878070809781946
 10
3.3817753498455874
 20
-49.86868192280897
 10
3.3867160386122963
 20
-49.85780395782112
 10
3.4024282513588973
 20
-49.80812128439025
 10
3.428003617556983
 20
-49.72590374931717
 10
3.453146521943115
 20
-49.64369660499269
 10
3.4778533327842704
 20
-49.56150077809088
 10
3.5021202647782648
 20
-49.479317207587485
 10
3.5259433688303172
 20
-49.39714684560327
 10
3.549318520875849
 20
-49.31499065832648
 10
3.5722414096326465
 20
-49.23284962702415
 10
3.59470752314775
 20
-49.150724749153206
 10
3.6167121339827806
 20
-49.0686170395845
 10
3.6382502828562355
 20
-48.986527531955005
 10
3.6593167605309906
 20
-48.904457280165126
 10
3.6799060876984098
 20
-48.822407360042725
 10
3.684259064861453
 20
-48.80464836276382
 10
3.6924326387337425
 20
-48.7833255554245
 10
3.705651533664087
 20
-48.764712296702136
 10
3.723087477308841
 20
-48.74997500170159
 10
3.743647958630616
 20
-48.74003720705691
 10
3.7660446798481897
 20
-48.735521676558065
 10
3.7695200696856386
 20
-48.73526610818392
 10
3.839020598933854
 20
-48.73005817224667
 10
3.9085139502217667
 20
-48.72475507178001
 10
3.977999993465844
 20
-48.71935681533271
 10
3.9814739120016314
 20
-48.719082075571784
 10
4.004310050523809
 20
-48.72014580838119
 10
4.0261803715418205
 20
-48.72684553928167
 10
4.045714477350222
 20
-48.738761373376185
 10
4.061688351098271
 20
-48.755146554447045
 10
4.073101057770416
 20
-48.77497428504574
 10
4.0801810572750385
 20
-48.7918604495782
 10
4.113364066922299
 20
-48.86980498202908
 10
4.147021754865757
 20
-48.94769678868995
 10
4.181148541141203
 20
-49.02553562863272
 10
4.215739116049871
 20
-49.103321241827345
 10
4.250788420022332
 20
-49.1810533505384
 10
4.286291625487974
 20
-49.258731660582875
 10
4.3222441205010105
 20
-49.33635586246647
 10
4.358641493911214
 20
-49.413925632412756
 10
4.395479521897497
 20
-49.491440633298296
 10
4.4327541557080625
 20
-49.56890051550391
 10
4.470461510472361
 20
-49.64630491769205
 10
4.508597854967642
 20
-49.723653467517906
 10
4.531897416647235
 20
-49.77035458204
 10
4.538481503345325
 20
-49.780351912341445
 10
4.5472478258901265
 20
-49.78850693966095
 10
4.5576950111408125
 20
-49.794353275641996
 10
4.569225550913147
 20
-49.7975565751968
 10
4.581179974550144
 20
-49.79793365253148
 10
4.629276861264612
 20
-49.79367636170112
 10
4.711382524122749
 20
-49.78627679965993
 10
4.793476384821511
 20
-49.77874711221303
 10
4.8755582373822675
 20
-49.77108731569934
 10
4.923627047171841
 20
-49.766524239281296
 10
4.935305503803278
 20
-49.763979570448754
 10
4.946037600154271
 20
-49.75873442217275
 10
4.955209524181307
 20
-49.75108876952717
 10
4.962296694189625
 20
-49.74147987134996
 10
4.966893762807984
 20
-49.730457267258316
 10
4.981039309250457
 20
-49.68032300955037
 10
5.004022264173732
 20
-49.59737122818791
 10
5.026573282465393
 20
-49.514443102398275
 10
5.0486887621949625
 20
-49.431539667820005
 10
5.070364948301387
 20
-49.34866197704307
 10
5.091597922399857
 20
-49.265811100762285
 10
5.112383591637576
 20
-49.18298812903859
 10
5.132717676482197
 20
-49.100194172681626
 10
5.15259569730838
 20
-49.01743036476891
 10
5.172012959627078
 20
-48.934697862319034
 10
5.1909645377761295
 20
-48.85199784813987
 10
5.209445256861504
 20
-48.769331532875334
 10
5.227449672700885
 20
-48.68670015727934
 10
5.231243211341442
 20
-48.66881847066774
 10
5.238743933021449
 20
-48.64725852809484
 10
5.251373108964362
 20
-48.62825282841826
 10
5.268339425770139
 20
-48.612992375932976
 10
5.288579805507454
 20
-48.60243348358748
 10
5.310826011779084
 20
-48.59723782597032
 10
5.314292025975367
 20
-48.59687646796238
 10
5.383602061054684
 20
-48.58955299153622
 10
5.452902024775223
 20
-48.5821345772996
 10
5.522191787204102
 20
-48.57462123723552
 10
5.525655742677003
 20
-48.574240756496415
 10
5.548516518173486
 20
-48.57460775520694
 10
5.570588853072675
 20
-48.58063697815077
 10
5.590489685520159
 20
-48.59195054063962
 10
5.606972012384594
 20
-48.607839424709944
 10
5.619003032375622
 20
-48.62730793449435
 10
5.626610625295326
 20
-48.64396863400659
 10
5.662228752772619
 20
-48.72085707240158
 10
5.698319723876106
 20
-48.79767825544454
 10
5.7348779535709
 20
-48.87443211039021
 10
5.771898126382193
 20
-48.951118537206334
 10
5.809375176310848
 20
-49.02773741058111
 10
5.84730426874911
 20
-49.104288581730806
 10
5.885680784148709
 20
-49.18077188003245
 10
5.924500303229429
 20
-49.25718711450288
 10
5.963758593547248
 20
-49.333534075141955
 10
6.003451597265874
 20
-49.409812534155705
 10
6.0435754199973415
 20
-49.48602224707279
 10
6.084126320594795
 20
-49.562162953765835
 10
6.10888362936957
 20
-49.608126401585345
 10
6.115779172889098
 20
-49.61791711172614
 10
6.124798272852048
 20
-49.625799997274555
 10
6.1354251005803935
 20
-49.631324233799404
 10
6.147051875285581
 20
-49.634173898283606
 10
6.159013623759857
 20
-49.63418603151968
 10
6.206958672597558
 20
-49.62846374849575
 10
6.288801085810183
 20
-49.61856333499056
 10
6.370627735729442
 20
-49.60853316040193
 10
6.452438416668079
 20
-49.59837324654449
 10
6.5003460498634436
 20
-49.5923460614277
 10
6.511940259946709
 20
-49.589446514441235
 10
6.522503664507236
 20
-49.583876935497884
 10
6.531432098766485
 20
-49.575955856878906
 10
6.538214905616788
 20
-49.566136291385966
 10
6.542464143532589
 20
-49.554979828028564
 10
6.555030162341234
 20
-49.50444313266036
 10
6.575399822104289
 20
-49.42083842593903
 10
6.595338476637949
 20
-49.33727061888821
 10
6.614842557091164
 20
-49.253740855291
 10
6.633908342061883
 20
-49.17025030051947
 10
6.652531947443408
 20
-49.08680014299698
 10
6.670709315323506
 20
-49.00339159579743
 10
6.688436201820231
 20
-48.920025898398194
 10
6.7057081637207085
 20
-48.836704318605896
 10
6.722520543767781
 20
-48.75342815467766
 10
6.738868454414129
 20
-48.67019873766389
 10
6.7547467598336866
 20
-48.58701743400281
 10
6.770150055943437
 20
-48.50388564840272
 10
6.7733807444703515
 20
-48.485898812359366
 10
6.7802017817548
 20
-48.46412282621827
 10
6.792229626256507
 20
-48.44474316277489
 10
6.808710650982706
 20
-48.42897425693656
 10
6.828612192296323
 20
-48.417804275918684
 10
6.850687248712086
 20
-48.411933177539176
 10
6.854140669378947
 20
-48.41146631852401
 10
6.923195859512458
 20
-48.40203316019813
 10
6.992238088806176
 20
-48.39250536735239
 10
7.061267227531445
 20
-48.38288295541837
 10
7.0647180031616275
 20
-48.38239703859091
 10
7.0875821665519485
 20
-48.38206648039223
 10
7.109835960393223
 20
-48.38741881151505
 10
7.13008494649732
 20
-48.39811855816244
 10
7.147060299344805
 20
-48.41349516478361
 10
7.159698318381069
 20
-48.432585039152066
 10
7.167826320774084
 20
-48.44900371388481
 10
7.205845935328127
 20
-48.52475962483426
 10
7.244336113658947
 20
-48.60043380675242
 10
7.28329127069979
 20
-48.676026355195084
 10
7.322706089991176
 20
-48.75153733026784
 10
7.362575503666449
 20
-48.82696675924254
 10
7.402894674430642
 20
-48.90231463891351
 10
7.443658979285416
 20
-48.97758093772543
 10
7.484863994789349
 20
-49.052765597700876
 10
7.526505483672798
 20
-49.127868536190896
 10
7.568579382652187
 20
-49.202889647468794
 10
7.611081791309468
 20
-49.27782880418498
 10
7.654008961920571
 20
-49.35268585869772
 10
7.680200643435331
 20
-49.39786587017184
 10
7.687401153896131
 20
-49.407440176240414
 10
7.696664576751333
 20
-49.41504296889417
 10
7.707461111246821
 20
-49.42023944219446
 10
7.719173272222773
 20
-49.42273241892844
 10
7.731131204432235
 20
-49.42237934090415
 10
7.778879797981162
 20
-49.4151966705157
 10
7.8603827931506505
 20
-49.40280337853098
 10
7.941866070311901
 20
-49.390280795367346
 10
8.023329424158813
 20
-49.377628948339435
 10
8.07103128096948
 20
-49.37014251310096
 10
8.082530460897516
 20
-49.36689068050728
 10
8.092915370136666
 20
-49.36100191352675
 10
8.101592052008199
 20
-49.35281300188854
 10
8.108064246674065
 20
-49.34279227824761
 10
8.111961775924822
 20
-49.33151283733755
 10
8.122936929113843
 20
-49.28062314625491
 10
8.140674930583153
 20
-49.196447312869566
 10
8.15798326387699
 20
-49.112321591330634
 10
8.174858396488956
 20
-49.028247232664334
 10
8.19129664408201
 20
-48.944225514107316
 10
8.207294160383901
 20
-48.860257740876946
 10
8.222846926139626
 20
-48.77634524810717
 10
8.237950737006102
 20
-48.69248940297032
 10
8.252601190255413
 20
-48.608691607008225
 10
8.266793670132396
 20
-48.524953298699714
 10
8.280523331687363
 20
-48.44127595629623
 10
8.293785082874315
 20
-48.357661100962076
 10
8.306573564669282
 20
-48.27411030026281
 10
8.309238535611591
 20
-48.25603592770629
 10
8.315373707142017
 20
-48.23406515011273
 10
8.326789170774987
 20
-48.21433029042378
 10
8.34276967803567
 20
-48.1980680374079
 10
8.362313933146158
 20
-48.18629746535084
 10
8.384197324913817
 20
-48.17975615717075
 10
8.38763493906041
 20
-48.179184171159676
 10
8.456371033499003
 20
-48.167648897226414
 10
8.52509128275396
 20
-48.15601936899439
 10
8.593795557357128
 20
-48.14429560536182
 10
8.597229941592383
 20
-48.14370464275738
 10
8.620076189621267
 20
-48.14267627210454
 10
8.642490660366951
 20
-48.147345882188105
 10
8.663068841416447
 20
-48.15742077604669
 10
8.680521272998174
 20
-48.172269552901064
 10
8.693754354960074
 20
-48.19096169936012
 10
8.702395055821725
 20
-48.20712199854066
 10
8.74278009334678
 20
-48.281669926156425
 10
8.783632970767876
 20
-48.35612171926066
 10
8.824948108032109
 20
-48.43047764170672
 10
8.866720192493778
 20
-48.50473791376255
 10
8.908944158988486
 20
-48.57890271533416
 10
8.951615171891646
 20
-48.65297218886857
 10
8.994728608915485
 20
-48.726946441975265
 10
9.038280046434407
 20
-48.8008255498007
 10
9.082265246159139
 20
-48.87460955718484
 10
9.126680143004847
 20
-48.94829848062446
 10
9.171520834019839
 20
-49.02189231006512
 10
9.21678356825898
 20
-49.095391010540354
 10
9.244384786536111
 20
-49.1397424917185
 10
9.251883459517053
 20
-49.14909079432934
 10
9.261382490645978
 20
-49.15640577826026
 10
9.272338605412665
 20
-49.161269097184004
 10
9.284125193412418
 20
-49.16340262783672
 10
9.296068144179879
 20
-49.16268437063224
 10
9.34357574542038
 20
-49.15404711020916
 10
9.424663293662169
 20
-49.139170949013206
 10
9.505727177368902
 20
-49.12416607264279
 10
9.586767191710143
 20
-49.109032513942225
 10
9.634218757461916
 20
-49.10009288060945
 10
9.645612188348872
 20
-49.096491642003734
 10
9.655808947545568
 20
-49.090289187423636
 10
9.664225838804041
 20
-49.081840249527254
 10
9.670381459418499
 20
-49.07162803447196
 10
9.67392373556024
 20
-49.060236590028076
 10
9.683298209877217
 20
-49.00904359561032
 10
9.698388712758643
 20
-48.92437883769539
 10
9.713051289378251
 20
-48.83977736067551
 10
9.727282446826875
 20
-48.75524052183571
 10
9.741078541225944
 20
-48.670769709273266
 10
9.754435767680885
 20
-48.5863663439745
 10
9.767350149297679
 20
-48.50203188208578
 10
9.779817525147314
 20
-48.41776781740258
 10
9.791833537045758
 20
-48.3335756841041
 10
9.803393614996333
 20
-48.24945705976499
 10
9.814492961115707
 20
-48.16541356868161
 10
9.825126531835773
 20
-48.08144688555548
 10
9.835289018136846
 20
-47.997558739585074
 10
9.837385948007404
 20
-47.97941450031026
 10
9.84282972430432
 20
-47.957270325025156
 10
9.853622324045318
 20
-47.93719931171952
 10
9.869087533821789
 20
-47.920459209059715
 10
9.8882563513157
 20
-47.90809902673127
 10
9.909927692408244
 20
-47.9008932844096
 10
9.913346293332012
 20
-47.90021663123984
 10
9.98169916920083
 20
-47.88658852451449
 10
10.050033321967636
 20
-47.872866621077904
 10
10.118348622484499
 20
-47.85905094331615
 10
10.121763410400929
 20
-47.85835541111602
 10
10.144570395169966
 20
-47.856629545424255
 10
10.167124543454731
 20
-47.860611170782995
 10
10.188012584408277
 20
-47.87005069758372
 10
10.20592563579581
 20
-47.88435653940615
 10
10.219741229658005
 20
-47.90263220883218
 10
10.22888639574161
 20
-47.918518008235225
 10
10.271598381278745
 20
-47.99178355529258
 10
10.31477504020173
 20
-48.064938642920694
 10
10.358410802523293
 20
-48.137983703144315
 10
10.402500364216605
 20
-48.21091911630189
 10
10.447038667396193
 20
-48.283745214873754
 10
10.492020882472898
 20
-48.35646228692934
 10
10.537442392037715
 20
-48.429070579240225
 10
10.583298776265993
 20
-48.50157030009976
 10
10.629585799663062
 20
-48.573961621883875
 10
10.676299398997534
 20
-48.64624468338232
 10
10.723435672289337
 20
-48.71841959192648
 10
10.770990868737552
 20
-48.7904864253356
 10
10.799975341583899
 20
-48.8339650073099
 10
10.8077650621159
 20
-48.84307790250901
 10
10.817490731537465
 20
-48.85009760680591
 10
10.82859611449139
 20
-48.854622660606765
 10
10.84044606505127
 20
-48.85639428670865
 10
10.852362850355883
 20
-48.855311184569125
 10
10.899585023072895
 20
-48.845226330264296
 10
10.980181269940536
 20
-48.82787935625146
 10
11.060749915803552
 20
-48.81040434978072
 10
11.141290756407336
 20
-48.792801349260216
 10
11.188447622160707
 20
-48.78241576979911
 10
11.199724654688316
 20
-48.778468292053184
 10
11.209723762043696
 20
-48.771957905581054
 10
11.21787305200016
 20
-48.7632569568358
 10
11.223706425846013
 20
-48.75286306717946
 10
11.226890238677372
 20
-48.7413706761395
 10
11.234655745904712
 20
-48.689924276982346
 10
11.247085433024997
 20
-48.60485312690375
 10
11.259089339638809
 20
-48.519858372420025
 10
11.27066401567326
 20
-48.43494147600653
 10
11.281805861087548
 20
-48.350103935529255
 10
11.292511115894206
 20
-48.26534728662653
 10
11.302775849249514
 20
-48.18067310531339
 10
11.312595947499041
 20
-48.09608301083604
 10
11.321967101046827
 20
-48.01157866880765
 10
11.330884789895848
 20
-47.927161794662105
 10
11.339344267682415
 20
-47.842834157468175
 10
11.347340543998108
 20
-47.758597584153414
 10
11.354868364756383
 20
-47.67445396419605
 10
11.356395473509838
 20
-47.65625756895704
 10
11.3611429775961
 20
-47.63396151291861
 10
11.371302800003608
 20
-47.61357364894156
 10
11.38623838317989
 20
-47.596371575348364
 10
11.405013915561392
 20
-47.583433241723355
 10
11.426452957817514
 20
-47.57556938625335
 10
11.42984934657843
 20
-47.574788612110815
 10
11.497755038396747
 20
-47.55907868237595
 10
11.565639136990658
 20
-47.543275491388094
 10
11.633501513596169
 20
-47.52737906504524
 10
11.636893508384183
 20
-47.52657952582919
 10
11.65963984752831
 20
-47.52415706167411
 10
11.682312467212684
 20
-47.527446015482745
 10
11.703490666968754
 20
-47.53624019937376
 10
11.721847376894184
 20
-47.54998846710894
 10
11.736232324546172
 20
-47.56782927511755
 10
11.745873205862548
 20
-47.583424694658696
 10
11.790871279242722
 20
-47.655334603916884
 10
11.836330418535296
 20
-47.727119821806106
 10
11.882245068875834
 20
-47.798780948272395
 10
11.92860993966724
 20
-47.87031852351558
 10
11.97541998488607
 20
-47.94173303241903
 10
12.022670385350292
 20
-48.01302490853829
 10
12.070356532705132
 20
-48.084194537703475
 10
12.118474014919546
 20
-48.15524226128181
 10
12.167018603115695
 20
-48.22616837914057
 10
12.21598623957854
 20
-48.29697315234448
 10
12.26537302681357
 20
-48.36765680561773
 10
12.315175217538284
 20
-48.4382195295957
 10
12.345515233925248
 20
-48.480781617972404
 10
12.353588580950714
 20
-48.48964990820081
 10
12.363531668525503
 20
-48.496367116607445
 10
12.374775827647381
 20
-48.500549082901514
 10
12.38667797686514
 20
-48.501956651567035
 10
12.39855739941574
 20
-48.50050934406489
 10
12.445449829826572
 20
-48.48898509818046
 10
12.525479132325056
 20
-48.46918142741823
 10
12.605476909393188
 20
-48.44925051432071
 10
12.685442957458985
 20
-48.42919240289789
 10
12.732260841878603
 20
-48.41736933667908
 10
12.743410901407142
 20
-48.41307907441793
 10
12.753203012318918
 20
-48.406266764744885
 10
12.761077121012635
 20
-48.397322024289416
 10
12.766582866447768
 20
-48.38675641965377
 10
12.769405340557723
 20
-48.375174212664675
 10
12.775555116817598
 20
-48.32352447003964
 10
12.785313192750177
 20
-48.23812971830026
 10
12.79464803652355
 20
-48.15282441126404
 10
12.803556244125106
 20
-48.06761011544246
 10
12.8120342627161
 20
-47.982488437288836
 10
12.820078380729871
 20
-47.89746102588316
 10
12.827684717046457
 20
-47.81252957586765
 10
12.834849209130438
 20
-47.72769583066445
 10
12.841567600001454
 20
-47.64296158601012
 10
12.847835423886337
 20
-47.558328693848665
 10
12.853647990376878
 20
-47.47379906663063
 10
12.859000366888312
 20
-47.38937468207412
 10
12.863887359177637
 20
-47.30505758845304
 10
12.864843409291094
 20
-47.286826773271905
 10
12.868890416951196
 20
-47.26440045845798
 10
12.878408121208379
 20
-47.24371529268985
 10
12.892800205210756
 20
-47.226067498333514
 10
12.911164916790034
 20
-47.212562946154186
 10
12.932351559563136
 20
-47.20404784498172
 10
12.935722546555883
 20
-47.20316358299464
 10
13.003117277721246
 20
-47.18538457886108
 10
13.070487554801034
 20
-47.16751292736594
 10
13.13783324948347
 20
-47.14954865794562
 10
13.141199264033528
 20
-47.14864576129004
 10
13.163863551634863
 20
-47.14552818104099
 10
13.186633241226927
 20
-47.14812036502975
 10
13.20808154383731
 20
-47.1562597845943
 10
13.226864458992887
 20
-47.16943632472702
 10
13.241805003973983
 20
-47.18682427309925
 10
13.251932339987116
 20
-47.20211369442601
 10
13.299173284703885
 20
-47.272595929943094
 10
13.346871248839054
 20
-47.34293934760027
 10
13.39502069771257
 20
-47.41314471488968
 10
13.44361635897297
 20
-47.48321273154454
 10
13.492653203047421
 20
-47.553144034567
 10
13.542126425538878
 20
-47.622939202755404
 10
13.59203143132877
 20
-47.69259876079276
 10
13.642363820179359
 20
-47.762123182949765
 10
13.69311937365929
 20
-47.83151289644762
 10
13.744294043240696
 20
-47.90076828451946
 10
13.79588393943673
 20
-47.96988968920447
 10
13.847885321866135
 20
-48.03887741390356
 10
13.879551761343313
 20
-48.08048023828705
 10
13.887901012661109
 20
-48.089094943374064
 10
13.898052053798667
 20
-48.095502704109464
 10
13.909424323278202
 20
-48.09933705696245
 10
13.921367414043921
 20
-48.10037872678304
 10
13.93319826923996
 20
-48.0985681621813
 10
13.979716789025819
 20
-48.08561394134887
 10
14.059103755033185
 20
-48.06336976357163
 10
14.138455285348362
 20
-48.04099924174919
 10
14.217771177196067
 20
-48.01850242553448
 10
14.264205949855947
 20
-48.00525154762315
 10
14.275218541845703
 20
-48.000622243913185
 10
14.284794473388587
 20
-47.99351427064701
 10
14.29238605486861
 20
-47.98433415664513
 10
14.297559083219582
 20
-47.973606932386915
 10
14.300017678383641
 20
-47.961946104765445
 10
14.304546482534205
 20
-47.91014319974341
 10
14.311624670712503
 20
-47.82450782398312
 10
14.318282576182481
 20
-47.7389748651744
 10
14.324516844199179
 20
-47.65354599262338
 10
14.330323972473257
 20
-47.5682229200983
 10
14.335700301355345
 20
-47.483007408815254
 10
14.340642003105062
 20
-47.397901270702825
 10
14.345145070132297
 20
-47.312906371980176
 10
14.349205302081321
 20
-47.22802463708768
 10
14.352818291608036
 20
-47.14325805301594
 10
14.355979408675934
 20
-47.058608674086614
 10
14.358683783167665
 20
-46.974078627246485
 10
14.360926285573397
 20
-46.889670117948164
 10
14.361310580777285
 20
-46.87142262864748
 10
14.364653520496395
 20
-46.84888776425552
 10
14.37352034138102
 20
-46.82792507750851
 10
14.38735551599704
 20
-46.80984817471595
 10
14.40529219119968
 20
-46.79578980647635
 10
14.426206491643176
 20
-46.78663087502456
 10
14.429548898280657
 20
-46.785643845916425
 10
14.496369114783434
 20
-46.76581026786036
 10
14.563162027171934
 20
-46.74588473537652
 10
14.629927507659852
 20
-46.725867281468076
 10
14.633264366261118
 20
-46.724861764601414
 10
14.655825184584957
 20
-46.721051143406
 10
14.678670359607358
 20
-46.72294305984046
 10
14.700368366499342
 20
-46.730418864315304
 10
14.719559552845245
 20
-46.743010028304845
 10
14.735041350023673
 20
-46.759927526415
 10
14.745645376558382
 20
-46.77489561045798
 10
14.795083651943223
 20
-46.843879438725835
 10
14.844974463464254
 20
-46.91271044061998
 10
14.895312301690625
 20
-46.9813895506764
 10
14.946091917336322
 20
-47.04991762771332
 10
14.997308301872312
 20
-47.11829546045325
 10
15.048956670069565
 20
-47.18652377258507
 10
15.101032444233546
 20
-47.25460322733553
 10
15.15353123992578
 20
-47.32253443160977
 10
15.206448852997905
 20
-47.39031793975132
 10
15.259781247787277
 20
-47.45795425696507
 10
15.313524546344606
 20
-47.52544384244147
 10
15.36767501858079
 20
-47.5927871122139
 10
15.400637372774534
 20
-47.633388775587974
 10
15.409254510487022
 20
-47.641741143743836
 10
15.419603802381381
 20
-47.64783277936805
 10
15.431093349286176
 20
-47.65131529747103
 10
15.443066038003955
 20
-47.651989544534885
 10
15.454837120325793
 20
-47.649816983308284
 10
15.5009377312375
 20
-47.63544342735205
 10
15.579607261624686
 20
-47.61077702110834
 10
15.658237462489263
 20
-47.5859852780897
 10
15.736828131974745
 20
-47.56106825363539
 10
15.782835838266445
 20
-47.5464004637305
 10
15.793700554051142
 20
-47.54143615093794
 10
15.803051289703339
 20
-47.534039022719305
 10
15.810353235436272
 20
-47.52463214784152
 10
15.815188752890778
 20
-47.51375352815686
 10
15.817281264338702
 20
-47.5020253310098
 10
15.820185375543629
 20
-47.4501195222277
 10
15.824577913997233
 20
-47.364326617283794
 10
15.828553518561774
 20
-47.278649013382505
 10
15.832108886949003
 20
-47.193088481294254
 10
15.835240570747404
 20
-47.10764684073711
 10
15.837944965702206
 20
-47.022325963661
 10
15.840218301088717
 20
-46.937127777838725
 10
15.842056628068205
 20
-46.852054270801744
 10
15.843455806897774
 20
-46.76710749416367
 10
15.844411492846174
 20
-46.68228956838196
 10
15.844919120642803
 20
-46.59760268801654
 10
15.844973887258707
 20
-46.513049127552755
 10
15.844570732783254
 20
-46.42863124786965
 10
15.844383116468096
 20
-46.41038482482457
 10
15.847019069092074
 20
-46.387763189752654
 10
15.855226819930058
 20
-46.366542981107095
 10
15.868492143375368
 20
-46.34805393541534
 10
15.885983895548788
 20
-46.33345461969608
 10
15.906606079616525
 20
-46.32365982321186
 10
15.909916740136586
 20
-46.322570835999855
 10
15.976099146742794
 20
-46.300698950307186
 10
16.04225141172579
 20
-46.27873588280629
 10
16.10837340790343
 20
-46.256681670096455
 10
16.11167794806689
 20
-46.25557435859859
 10
16.13411388019498
 20
-46.25107337162676
 10
16.157012786565396
 20
-46.25226213548107
 10
16.178939769829707
 20
-46.25906606108965
 10
16.19852082495233
 20
-46.27105872483384
 10
16.214528951173257
 20
-46.287488611020834
 10
16.225599408047263
 20
-46.302120315465636
 10
16.277187184806028
 20
-46.36953638618227
 10
16.329222580166878
 20
-46.43678575257459
 10
16.381700115014787
 20
-46.50386951559127
 10
16.43461456795173
 20
-46.57078869256499
 10
16.487960956089065
 20
-46.63754422342396
 10
16.541734517753003
 20
-46.704136976284914
 10
16.595930696865597
 20
-46.770567752504014
 10
16.650545128799124
 20
-46.836837291251435
 10
16.705573627530654
 20
-46.902946273665634
 10
16.7610121739474
 20
-46.96889532663524
 10
16.816856905174507
 20
-47.03468502625058
 10
16.873104104813542
 20
-47.100315900960695
 10
16.907330501052137
 20
-47.13987542884561
 10
16.916207217528093
 20
-47.14795694762116
 10
16.92674482594348
 20
-47.153726064906444
 10
16.938340657440893
 20
-47.15685283979516
 10
16.950331521274894
 20
-47.15715846378597
 10
16.962031631139943
 20
-47.154625482251745
 10
17.00767053132859
 20
-47.13884446354506
 10
17.085547865033277
 20
-47.11177621217354
 10
17.16338199424367
 20
-47.08458374112399
 10
17.24117271815285
 20
-47.057267111466516
 10
17.286709605943308
 20
-47.04119454329641
 10
17.29741612889202
 20
-47.035899544069764
 10
17.3065328235434
 20
-47.02822001683065
 10
17.313538265979748
 20
-47.018595183888216
 10
17.318031775505652
 20
-47.00757551507132
 10
17.319756334081944
 20
-46.995791246563016
 10
17.321033548629547
 20
-46.94383282860383
 10
17.322737184467954
 20
-46.85796553758382
 10
17.32402763261348
 20
-46.77222633221102
 10
17.324901646403145
 20
-46.68661708329939
 10
17.32535583461082
 20
-46.60113971505731
 10
17.325386651831998
 20
-46.51579620866765
 10
17.32499038797173
 20
-46.4305886062024
 10
17.324163156726023
 20
-46.3455190149128
 10
17.322900882929623
 20
-46.26058961194238
 10
17.321199288623834
 20
-46.17580264951743
 10
17.319053877673255
 20
-46.091160460679035
 10
17.3164599187326
 20
-46.00666546563049
 10
17.313412426329787
 20
-45.92232017878787
 10
17.312653279652753
 20
-45.904092541890506
 10
17.31457997780655
 20
-45.881405967497976
 10
17.32212105345981
 20
-45.859948440933735
 10
17.33480405875373
 20
-45.84106456243473
 10
17.35183433953748
 20
-45.82593763050662
 10
17.372144813768102
 20
-45.81551548613593
 10
17.37542057717383
 20
-45.814325438860415
 10
17.44090217628344
 20
-45.79043329218332
 10
17.506350810592483
 20
-45.76645081666666
 10
17.571766353607433
 20
-45.742378052536004
 10
17.57503542802398
 20
-45.74116986106624
 10
17.59732507144994
 20
-45.73598179091451
 10
17.620255799933535
 20
-45.73646514213872
 10
17.642390716726
 20
-45.74258952844754
 10
17.662342783281577
 20
-45.75397111169746
 10
17.67886174900383
 20
-45.769896674517994
 10
17.690387888393307
 20
-45.784177271157375
 10
17.744075087547582
 20
-45.849957697446385
 10
17.79820455637336
 20
-45.91555768466609
 10
17.852770851138228
 20
-45.98097849941581
 10
17.907768783155742
 20
-46.04622131684774
 10
17.963193399776404
 20
-46.11128722746305
 10
18.019039967271656
 20
-46.176177243231265
 10
18.075303955376352
 20
-46.2408923031165
 10
18.131981023289267
 20
-46.30543327808252
 10
18.18906700696037
 20
-46.369800975637794
 10
18.24655790751698
 20
-46.433996143973296
 10
18.304449880701792
 20
-46.4980194757388
 10
18.362739227212185
 20
-46.56187161149678
 10
18.398196454309083
 20
-46.600349000755386
 10
18.4073241586735
 20
-46.608151407934756
 10
18.418039925298004
 20
-46.61359190769994
 10
18.429730896453762
 20
-46.6163593519692
 10
18.441728441126866
 20
-46.61629548229216
 10
18.453346392242967
 20
-46.61340397629877
 10
18.498480004444513
 20
-46.59622860940815
 10
18.57549076671768
 20
-46.56678101748968
 10
18.652454470981148
 20
-46.53721043367771
 10
18.72937091761728
 20
-46.50751692481798
 10
18.774393465781134
 20
-46.49005295578395
 10
18.78493157787988
 20
-46.48443188411045
 10
18.79380556315227
 20
-46.47647695943041
 10
18.800507879479685
 20
-46.46664315712544
 10
18.804655182794754
 20
-46.45549290095505
 10
18.80601025503075
 20
-46.44366389770761
 10
18.80565988247202
 20
-46.391703160056295
 10
18.80467386522922
 20
-46.305844606362584
 10
18.8032788016088
 20
-46.22012681207229
 10
18.80147150371871
 20
-46.134551746530086
 10
18.799248640802247
 20
-46.04912143687906
 10
18.796606729736805
 20
-45.96383797193399
 10
18.79354212464642
 20
-45.878703506416144
 10
18.79005100551968
 20
-45.793720265594615
 10
18.786129365707588
 20
-45.7088905503847
 10
18.781772998156537
 20
-45.62421674296319
 10
18.776977480207556
 20
-45.53970131296917
 10
18.771738156765274
 20
-45.45534682437063
 10
18.766050121605346
 20
-45.37115594309159
 10
18.764720361318552
 20
-45.35296477691817
 10
18.765936188616507
 20
-45.3302351300411
 10
18.772803568549588
 20
-45.30856068131425
 10
18.78489227025164
 20
-45.28929961621979
 10
18.801444879568784
 20
-45.27365885882767
 10
18.82142424371202
 20
-45.26261843781931
 10
18.824661975854443
 20
-45.26132831828842
 10
18.889380109208535
 20
-45.235435752496734
 10
18.95406247085966
 20
-45.20945379185228
 10
19.018708935093425
 20
-45.183382480236844
 10
19.021939413734977
 20
-45.182074413275075
 10
19.044061394975756
 20
-45.176203157423906
 10
19.06700189675727
 20
-45.17597947320071
 10
19.08932340485311
 20
-45.181417279401074
 10
19.109627185124243
 20
-45.192175765043345
 10
19.126640947060018
 20
-45.20758076434334
 10
19.138611542604828
 20
-45.221495856267495
 10
19.194345877866727
 20
-45.28557429414869
 10
19.250516705663173
 20
-45.3494587141169
 10
19.307118622709464
 20
-45.413150547526705
 10
19.364146477853783
 20
-45.47665112652837
 10
19.421595353284694
 20
-45.53996169144303
 10
19.479460547610284
 20
-45.603083397403516
 10
19.53773756057657
 20
-45.66601732035128
 10
19.596422079227583
 20
-45.72876446246807
 10
19.655509965337387
 20
-45.7913257571081
 10
19.714997243968067
 20
-45.85370207328833
 10
19.774880093028095
 20
-45.91589421978641
 10
19.83515483372162
 20
-45.97790294888878
 10
19.871808369937632
 20
-46.015259216051305
 10
19.881178195096226
 20
-46.022774510442325
 10
19.892061745477235
 20
-46.02788059730578
 10
19.90383656764961
 20
-46.03028545276799
 10
19.915829235817707
 20
-46.02985155464843
 10
19.92735386305896
 20
-46.02660374326691
 10
19.97193886473859
 20
-46.00804839466383
 10
20.04800911874281
 20
-45.976246104573434
 10
20.124028485453913
 20
-45.94432216191731
 10
20.19999676659284
 20
-45.912276639360705
 10
20.24446171552061
 20
-45.89343590020617
 10
20.254821304399012
 20
-45.887493662488936
 10
20.2634440943039
 20
-45.87927058600124
 10
20.26983691041084
 20
-45.86923698475346
 10
20.27363411002385
 20
-45.85796671197849
 10
20.274618498138032
 20
-45.84610434058762
 10
20.272641356804524
 20
-45.794191527119004
 10
20.268967430745313
 20
-45.708424747353845
 10
20.264888992207222
 20
-45.62281127850525
 10
20.260402915189236
 20
-45.53735318684198
 10
20.255505932661944
 20
-45.45205260078869
 10
20.25019462718932
 20
-45.36691171508901
 10
20.24446542067589
 20
-45.281932795357214
 10
20.238314563132096
 20
-45.19711818306675
 10
20.23173812033423
 20
-45.11247030103013
 10
20.224731960235825
 20
-45.02799165943412
 10
20.217291737964068
 20
-44.94368486250441
 10
20.209412879206923
 20
-44.85955261588574
 10
20.201090561763106
 20
-44.77559773483934
 10
20.19919163778303
 20
-44.757460674008684
 10
20.1996956278603
 20
-44.73470984020189
 10
20.205882879323127
 20
-44.71283904391269
 10
20.21736578067401
 20
-44.69321876626241
 10
20.2334248773899
 20
-44.677078430494525
 10
20.253053937921432
 20
-44.665429360425954
 10
20.256250523731417
 20
-44.66404024695847
 10
20.320142917106182
 20
-44.63616891395039
 10
20.383996750230732
 20
-44.60820920175351
 10
20.447811898266572
 20
-44.580161157934896
 10
20.45100067063734
 20
-44.578754310518676
 10
20.472933660902726
 20
-44.57220438873113
 10
20.495861764314743
 20
-44.571272695610894
 10
20.51834823884441
 20
-44.57601751662501
 10
20.538984010428564
 20
-44.5861414697451
 10
20.556475985194798
 20
-44.60101015748391
 10
20.56887934184558
 20
-44.614545696066024
 10
20.62660636543786
 20
-44.67685742297726
 10
20.684763679762604
 20
-44.738961721776874
 10
20.743345927043855
 20
-44.80086018754363
 10
20.802347998484652
 20
-44.862554308475545
 10
20.8617650157091
 20
-44.924045473838156
 10
20.92159231405267
 20
-44.985334981121305
 10
20.981825427471428
 20
-45.0464240425021
 10
21.042460074874768
 20
-45.10731379069846
 10
21.103492147714277
 20
-45.168005284284526
 10
21.16491769868459
 20
-45.2284995125298
 10
21.226732931411952
 20
-45.28879739981535
 10
21.288934191022687
 20
-45.34889980967309
 10
21.326748234216996
 20
-45.385097038646606
 10
21.336351044420127
 20
-45.39231749073272
 10
21.347391796490967
 20
-45.397083682738035
 10
21.35923904633428
 20
-45.3991230284727
 10
21.371215226552952
 20
-45.398318908970126
 10
21.38263539437764
 20
-45.39471733813001
 10
21.42662874991512
 20
-45.374797635739114
 10
21.501685051811396
 20
-45.34066744390281
 10
21.57668666432313
 20
-45.306417051200846
 10
21.65163339066877
 20
-45.272046536160005
 10
21.69549777482747
 20
-45.25184492043263
 10
21.705668841249967
 20
-45.24558671653234
 10
21.714032138203233
 20
-45.23710297632981
 10
21.720109332871672
 20
-45.226878924137935
 10
21.723552834211684
 20
-45.2154993080311
 10
21.724165676051925
 20
-45.203614956679985
 10
21.72056408800652
 20
-45.15180022562873
 10
21.714206483480936
 20
-45.06620810329873
 10
21.707449290133496
 20
-44.98078170972917
 10
21.70028944694588
 20
-44.895523206411234
 10
21.69272375384453
 20
-44.81043482129875
 10
21.684748862454573
 20
-44.725518853257604
 10
21.676361265991517
 20
-44.64077767693062
 10
21.667557288184913
 20
-44.55621374806917
 10
21.658333071112317
 20
-44.471829609389935
 10
21.6486845618023
 20
-44.3876278970252
 10
21.638607497442383
 20
-44.30361134764573
 10
21.628097389000647
 20
-44.21978280634835
 10
21.617149503035854
 20
-44.136145235417025
 10
21.61468339577072
 20
-44.11807985012684
 10
21.614475231160295
 20
-44.09532971710154
 10
21.619976512517358
 20
-44.07328331389567
 10
21.63084261301813
 20
-44.05332211732729
 10
21.64639272630191
 20
-44.03669690347096
 10
21.6656525108613
 20
-44.02444937038465
 10
21.668804856735836
 20
-44.02296243253376
 10
21.73180966772394
 20
-43.99313580865563
 10
21.794773150490492
 20
-43.963221903562804
 10
21.857695181175973
 20
-43.93322076853524
 10
21.860839158718374
 20
-43.93171632697528
 10
21.882561890668445
 20
-43.924492888519666
 10
21.905455319100955
 20
-43.922852874319766
 10
21.92808487048571
 20
-43.926898956626026
 10
21.949032503127146
 20
-43.9363775432643
 10
21.966985581911487
 20
-43.950694684024675
 10
21.979809546518013
 20
-43.96383698565831
 10
22.039472698435848
 20
-44.0243189778257
 10
22.09955951852762
 20
-44.08458031311262
 10
22.160064699580566
 20
-44.144622749152646
 10
22.22098317996763
 20
-44.20444792910989
 10
22.282310125341976
 20
-44.26405739019383
 10
22.344040912154615
 20
-44.323452571326044
 10
22.406171112768927
 20
-44.38263482006403
 10
22.468696481979304
 20
-44.44160539887166
 10
22.531612944768856
 20
-44.500365490813685
 10
22.5949165851638
 20
-44.55891620473947
 10
22.658603636062473
 20
-44.61725858001408
 10
22.722670469931877
 20
-44.67539359084527
 10
22.76160796990018
 20
-44.71039497987269
 10
22.771434368847757
 20
-44.71731314228923
 10
22.78262154205062
 20
-44.72173428035624
 10
22.794529671136125
 20
-44.72340554059569
 10
22.806477707430943
 20
-44.72223135447415
 10
22.81778231885475
 20
-44.71827890048391
 10
22.861141313826337
 20
-44.697011742828366
 10
22.93511077144293
 20
-44.66058261527481
 10
23.009021767923404
 20
-44.624034851709126
 10
23.082874108152485
 20
-44.58736853655846
 10
23.12609529074941
 20
-44.56582320962425
 10
23.13606795658398
 20
-44.55925453380734
 10
23.14416365779131
 20
-44.55051785879534
 10
23.149919367132256
 20
-44.540112877089754
 10
23.153005880778686
 20
-44.528634687036764
 10
23.153246649717634
 20
-44.51673975718807
 10
23.148024435181927
 20
-44.46507314154641
 10
23.138989859099766
 20
-44.37973834147789
 10
23.129561004483772
 20
-44.29458154288984
 10
23.11973487835831
 20
-44.20960500069759
 10
23.10950835080165
 20
-44.12481104053105
 10
23.098878145841102
 20
-44.040202063466836
 10
23.087840831498987
 20
-43.95578055120214
 10
23.0763928088855
 20
-43.87154907172513
 10
23.064530300218525
 20
-43.78751028554367
 10
23.052249335631213
 20
-43.70366695254529
 10
23.039545738606087
 20
-43.6200219395724
 10
23.02641510984681
 20
-43.53657822881078
 10
23.012852809366425
 20
-43.45333892710687
 10
23.009822026815808
 20
-43.4353627088333
 10
23.00890203769088
 20
-43.41263515005733
 10
23.013712101919104
 20
-43.39043403389998
 10
23.023950905372583
 20
-43.370150523397065
 10
23.038976946785258
 20
-43.35305558167762
 10
23.057848719559033
 20
-43.34022033201331
 10
23.06095375590497
 20
-43.338636831253204
 10
23.12300962484663
 20
-43.306880230967586
 10
23.18502142053432
 20
-43.27503753034226
 10
23.246989020197063
 20
-43.243108784395375
 10
23.2500851388552
 20
-43.2415080269515
 10
23.271576424462918
 20
-43.23361685752809
 10
23.294412815467116
 20
-43.23126888287914
 10
23.317163308562826
 20
-43.23461113994966
 10
23.338402282130215
 20
-43.24343414545984
 10
23.356798846368875
 20
-43.25718503657634
 10
23.37003081900478
 20
-43.269920799121124
 10
23.431571479698746
 20
-43.32851180757369
 10
23.493528769544366
 20
-43.386869124623345
 10
23.555897436936963
 20
-43.44499466914828
 10
23.61867247222642
 20
-43.50289023806317
 10
23.68184908968199
 20
-43.560557515393505
 10
23.74542271125326
 20
-43.617998080446036
 10
23.809388951904374
 20
-43.67521341518743
 10
23.87374360633165
 20
-43.732204910926825
 10
23.938482636902048
 20
-43.78897387438423
 10
24.003602162672053
 20
-43.84552153321505
 10
24.069098449366685
 20
-43.9018490410517
 10
24.13496790021346
 20
-43.95795748211504
 10
24.174990593201088
 20
-43.99172738984677
 10
24.185030932686534
 20
-43.99833610764421
 10
24.19635355769212
 20
-44.002407364797705
 10
24.208310902749243
 20
-44.00370831659345
 10
24.22021910479435
 20
-44.00216457198788
 10
24.231397110925233
 20
-43.9978644448784
 10
24.27407938851205
 20
-43.97526800957643
 10
24.346889723643812
 20
-43.93657109636439
 10
24.419637859564766
 20
-43.897757225858285
 10
24.49232360300441
 20
-43.858826488420256
 10
24.53485931277896
 20
-43.835955895783314
 10
24.544623829450156
 20
-43.8290825375173
 10
24.55244403367089
 20
-43.820100895660154
 10
24.557872655810886
 20
-43.80952467510148
 10
24.560599199832904
 20
-43.79795877019243
 10
24.560467704624607
 20
-43.78606466833827
 10
24.55363017591708
 20
-43.734596036623444
 10
24.541927801398934
 20
-43.64960093999464
 10
24.529836841823734
 20
-43.5647959609638
 10
24.517354375283354
 20
-43.480183445974326
 10
24.504477345167707
 20
-43.395765816377214
 10
24.491202551209952
 20
-43.311545573441805
 10
24.4775266396966
 20
-43.227525303834504
 10
24.463446092740252
 20
-43.14370768562298
 10
24.448957216496975
 20
-43.06009549487175
 10
24.434056128191546
 20
-42.97669161290605
 10
24.41873874179182
 20
-42.89349903433299
 10
24.403000752146653
 20
-42.81052087592385
 10
24.386837617369785
 20
-42.72776038647985
 10
24.383245192007603
 20
-42.70989073382424
 10
24.38161435480355
 20
-42.68720759225018
 10
24.385728553173923
 20
-42.66487279771014
 10
24.39533007620191
 20
-42.644285881241174
 10
24.409817352522875
 20
-42.62673680833925
 10
24.428282630582107
 20
-42.61332515054471
 10
24.43133731451862
 20
-42.6116464409016
 10
24.49238341860509
 20
-42.57798702933708
 10
24.553382729849666
 20
-42.54424278174046
 10
24.614335126685795
 20
-42.510413756890294
 10
24.61738034962772
 20
-42.50871805438939
 10
24.63861909915091
 20
-42.50016558263973
 10
24.661376024738104
 20
-42.49711069206007
 10
24.684225099184555
 20
-42.499744719302335
 10
24.70573452278863
 20
-42.507902566221695
 10
24.72455646084731
 20
-42.52107305745973
 10
24.738183406863957
 20
-42.533389376351415
 10
24.801540953307697
 20
-42.59003000137668
 10
24.865307678110035
 20
-42.64642410756045
 10
24.929478390306322
 20
-42.702573773571814
 10
24.994048137019334
 20
-42.75848094872406
 10
25.059012185712007
 20
-42.814147462600936
 10
25.1243660082076
 20
-42.86957503372389
 10
25.190105266257945
 20
-42.92476527737947
 10
25.256225798473142
 20
-42.97971971270824
 10
25.322723608452414
 20
-43.03443976914223
 10
25.389594853978302
 20
-43.08892679226535
 10
25.456835837155523
 20
-43.14318204916161
 10
25.52444299539127
 20
-43.197206733306906
 10
25.565511440756786
 20
-43.229710723849244
 10
25.575755829845168
 20
-43.23600314450622
 10
25.587202758864997
 20
-43.23972003483388
 10
25.599197552640074
 20
-43.24064881544739
 10
25.611054206543905
 20
-43.23873637926504
 10
25.622094616678943
 20
-43.234092125893795
 10
25.66405821620445
 20
-43.210185877258354
 10
25.735637830545976
 20
-43.16925452535528
 10
25.807151544803926
 20
-43.128208009359746
 10
25.87859916774088
 20
-43.087046425598075
 10
25.920407537882273
 20
-43.06287030027728
 10
25.92995429530862
 20
-43.05569834481307
 10
25.937491309999714
 20
-43.04647994121975
 10
25.94258751002144
 20
-43.035742337398005
 10
25.944951412430846
 20
-43.02409965998628
 10
25.944447797034016
 20
-43.01221778943509
 10
25.936001752043666
 20
-42.96099680676625
 10
25.9216432072889
 20
-42.87642344665804
 10
25.9069021503723
 20
-42.7920521521661
 10
25.891775733439164
 20
-42.70788535926691
 10
25.87626097631077
 20
-42.62392558297446
 10
25.860354757688512
 20
-42.54017542262535
 10
25.84405380553781
 20
-42.45663756765762
 10
25.827354686551335
 20
-42.37331480394379
 10
25.81025379457554
 20
-42.29021002074776
 10
25.792747337866533
 20
-42.20732621838611
 10
25.77483132501875
 20
-42.12466651668874
 10
25.756501549384797
 20
-42.042234164367336
 10
25.737753571772345
 20
-41.960032549421115
 10
25.733603057221632
 20
-41.94228675408767
 10
25.731262993147165
 20
-41.91966982597319
 10
25.734677279096307
 20
-41.89722251545364
 10
25.74363206013636
 20
-41.87635139541458
 10
25.757566286928594
 20
-41.85836423065548
 10
25.775606857517666
 20
-41.84438803635829
 10
25.778608175736597
 20
-41.84261556496752
 10
25.83858428626987
 20
-41.807082368980836
 10
25.898510912464104
 20
-41.77146568515853
 10
25.958387934079408
 20
-41.73576557605804
 10
25.961379254576695
 20
-41.73397639243559
 10
25.982344496631328
 20
-41.72476969591174
 10
26.00499948475576
 20
-41.72100962829127
 10
26.027924576518057
 20
-41.72293171738586
 10
26.049683208754974
 20
-41.730415482726784
 10
26.068911933598415
 20
-41.74299199544509
 10
26.082920396395853
 20
-41.754876379427294
 10
26.148032261485614
 20
-41.8095091432662
 10
26.21354544747932
 20
-41.86388278075401
 10
26.279454829067667
 20
-41.91799952875089
 10
26.345755514927685
 20
-41.97186148747789
 10
26.412442830280792
 20
-42.02547063068685
 10
26.479512301187942
 20
-42.07882881481718
 10
26.546959640366204
 20
-42.13193778726541
 10
26.61478073434327
 20
-42.18479919387455
 10
26.682971631792515
 20
-42.23741458573497
 10
26.751528532913017
 20
-42.289785425375904
 10
26.820447779738156
 20
-42.34191309241568
 10
26.889725847270906
 20
-42.39379888872977
 10
26.931799466265577
 20
-42.42500377553497
 10
26.94223778099737
 20
-42.43097335868364
 10
26.95379769868044
 20
-42.43433174597547
 10
26.965818081404567
 20
-42.434886859937336
 10
26.977611461094902
 20
-42.43260696293348
 10
26.988503353372696
 20
-42.42762246978733
 10
27.029706750945756
 20
-42.40242716527975
 10
27.099984795616223
 20
-42.3592969294671
 10
27.170193280241993
 20
-42.31605343775196
 10
27.240332015816474
 20
-42.2726967924476
 10
27.281371624978988
 20
-42.24723616116183
 10
27.290691160988448
 20
-42.23977198984313
 10
27.297937509823942
 20
-42.23032526463746
 10
27.302696224958517
 20
-42.21943629362589
 10
27.304695126276265
 20
-42.207727862820285
 10
27.303819869646173
 20
-42.19586961549954
 10
27.293773584856353
 20
-42.14494570492251
 10
27.276772941252332
 20
-42.060875702287646
 10
27.259396233688545
 20
-41.977019533681144
 10
27.24164069130679
 20
-41.893379722517906
 10
27.22350341343524
 20
-41.809958875312695
 10
27.204981360960307
 20
-41.726759687235344
 10
27.186071346893918
 20
-41.64378494818473
 10
27.166770026037707
 20
-41.56103754944518
 10
27.147073883630426
 20
-41.47852049099852
 10
27.126979222846767
 20
-41.396236889576784
 10
27.10648215099477
 20
-41.314189987554506
 10
27.085578564232826
 20
-41.23238316279556
 10
27.064264130596978
 20
-41.1508199395901
 10
27.05955959810177
 20
-41.133215172477236
 10
27.056512571543177
 20
-41.11068619126165
 10
27.05922350473375
 20
-41.088147642113825
 10
27.067522613508633
 20
-41.067011806486725
 10
27.080889929410645
 20
-41.04860302759626
 10
27.098487868170952
 20
-41.034074732219
 10
27.101432839952352
 20
-41.03221003978978
 10
27.160279382705156
 20
-40.994833957173434
 10
27.21907378049634
 20
-40.957375819171254
 10
27.277815914540852
 20
-40.919835692133525
 10
27.280750359002873
 20
-40.9179545848803
 10
27.3014212617159
 20
-40.90810139535294
 10
27.323951818918314
 20
-40.90363859372841
 10
27.346930182996857
 20
-40.904845746255816
 10
27.368916453294613
 20
-40.91164717812904
 10
27.38853292112466
 20
-40.92361672385921
 10
27.40290903562535
 20
-40.93505711029405
 10
27.469710770843022
 20
-40.98762652787678
 10
27.53690556838911
 20
-41.039924444365624
 10
27.60448837360421
 20
-41.09195325306336
 10
27.672454361482423
 20
-41.14371520346637
 10
27.740798919552045
 20
-41.195212411969614
 10
27.80951763246127
 20
-41.24644687150521
 10
27.87860626805716
 20
-41.29742046024693
 10
27.948060764777722
 20
-41.34813494949355
 10
28.01787722020279
 20
-41.3985920108276
 10
28.088051880630434
 20
-41.44879322263249
 10
28.158581131564755
 20
-41.49874007603999
 10
28.229461489015193
 20
-41.54843398037018
 10
28.272498605632162
 20
-41.578307868835566
 10
28.283120499241186
 20
-41.583948395662894
 10
28.294781934141604
 20
-41.58694450168469
 10
28.306815965594073
 20
-41.58712482746694
 10
28.318534344788898
 20
-41.584479068934556
 10
28.32926687738447
 20
-41.57915856456943
 10
28.369669028598302
 20
-41.552696259861115
 10
28.438575477170883
 20
-41.50740491124615
 10
28.50740875053796
 20
-41.46200233027619
 10
28.576168662130595
 20
-41.4164886252666
 10
28.616398577491513
 20
-41.389765813182976
 10
28.625481587702204
 20
-41.38201610342345
 10
28.63243001845779
 20
-41.37234972934511
 10
28.636846463521156
 20
-41.361319563063354
 10
28.638478319452982
 20
-41.349556468119346
 10
28.637232235301575
 20
-41.337733216372705
 10
28.62559545836869
 20
-41.28715552037106
 10
28.605969217849474
 20
-41.203670020321546
 10
28.585973732413496
 20
-41.12040993159844
 10
28.565606311095042
 20
-41.037377862859685
 10
28.544864135756196
 20
-40.95457650985406
 10
28.523744252635026
 20
-40.87200866124133
 10
28.502243563105797
 20
-40.78967720495624
 10
28.480358813554474
 20
-40.70758513518259
 10
28.45808658425835
 20
-40.62573556001409
 10
28.435423277140526
 20
-40.5441317098914
 10
28.412365102249737
 20
-40.46277694691854
 10
28.388908062790044
 20
-40.38167477517946
 10
28.365047938495376
 20
-40.30082885219671
 10
28.359793973192026
 20
-40.28338214958543
 10
28.356042890009306
 20
-40.260962769786765
 10
28.358047640569943
 20
-40.238354361243275
 10
28.365682688012832
 20
-40.21697357438461
 10
28.37846966973392
 20
-40.198160092707155
 10
28.395607359833935
 20
-40.1830926954105
 10
28.398493040212077
 20
-40.18113741658027
 10
28.45615115879407
 20
-40.1419512230546
 10
28.513754505582394
 20
-40.10268449110265
 10
28.57130296338087
 20
-40.06333729087629
 10
28.574177594538487
 20
-40.06136591137237
 10
28.59453348774686
 20
-40.05087461935865
 10
28.616917122923645
 20
-40.045712239864734
 10
28.639925857198573
 20
-40.046202180116
 10
28.66211788823539
 20
-40.05231371359809
 10
28.68210261807198
 20
-40.063663911976676
 10
28.696832124879336
 20
-40.074648681692835
 10
28.765257466135324
 20
-40.125101329222
 10
28.83406721600999
 20
-40.17527034649476
 10
28.90325639546321
 20
-40.225158281356855
 10
28.972820250546185
 20
-40.27476753080383
 10
29.042754235622006
 20
-40.32410035221163
 10
29.11305399825731
 20
-40.37315887344883
 10
29.183715365577513
 20
-40.4219451020085
 10
29.25473433190918
 20
-40.47046093327885
 10
29.326107047558008
 20
-40.51870815805357
 10
29.397829808592213
 20
-40.566688469369005
 10
29.469899047519014
 20
-40.614403468743916
 10
29.542311324756557
 20
-40.66185467188635
 10
29.58626920859322
 20
-40.690367000532966
 10
29.59706412222425
 20
-40.6956725828221
 10
29.608815458822782
 20
-40.698302995176874
 10
29.620851130970795
 20
-40.69810779142417
 10
29.632482795715067
 20
-40.695098143438834
 10
29.64304521855799
 20
-40.68944620049621
 10
29.682605603169073
 20
-40.661740252897154
 10
29.750071328074103
 20
-40.61432778462013
 10
29.817460311472736
 20
-40.566806223105644
 10
29.88477236944914
 20
-40.519175682677464
 10
29.92415219172903
 20
-40.49121431648288
 10
29.932989539876136
 20
-40.483186041353086
 10
29.939633032662364
 20
-40.473308921036896
 10
29.9437027057229
 20
-40.46214788237929
 10
29.94496578993565
 20
-40.45034127595572
 10
29.94335002645612
 20
-40.438564364314146
 10
29.930133968338307
 20
-40.388381706446
 10
29.907901049984908
 20
-40.30556131476043
 10
29.88530607176572
 20
-40.22297770908724
 10
29.862346425451992
 20
-40.14063358103132
 10
29.839019378413564
 20
-40.05853171320329
 10
29.815322065352017
 20
-39.97667498529989
 10
29.791251479263003
 20
-39.89506638075227
 10
29.766804461533532
 20
-39.81370899401148
 10
29.741977691064815
 20
-39.73260603855175
 10
29.716767672295077
 20
-39.651760855684245
 10
29.691170721975265
 20
-39.57117692428957
 10
29.66518295452667
 20
-39.49085787159509
 10
29.638800265779565
 20
-39.41080748514515
 10
29.633001962766883
 20
-39.393535734967465
 10
29.628550368475455
 20
-39.37124751606514
 10
29.629846721403105
 20
-39.34859071593178
 10
29.63680987001186
 20
-39.326985008906455
 10
29.649003547995722
 20
-39.307784163983655
 10
29.665663700126444
 20
-39.292191226825096
 10
29.668487183199804
 20
-39.29014709038588
 10
29.72489880529801
 20
-39.24918544402413
 10
29.7812530656025
 20
-39.20814486083859
 10
29.83754984864544
 20
-39.16702541478554
 10
29.84036176887761
 20
-39.16496550850404
 10
29.860382167327348
 20
-39.15384516689917
 10
29.88259641657884
 20
-39.14798708678289
 10
29.905612486744854
 20
-39.147758273652805
 10
29.92798811790111
 20
-39.153173045812835
 10
29.948321212075037
 20
-39.163892141802606
 10
29.963389472295404
 20
-39.174410133440894
 10
30.03337040885301
 20
-39.22269471463422
 10
30.10372671163153
 20
-39.2706837947592
 10
30.17445348214933
 20
-39.31838007415147
 10
30.24554604222741
 20
-39.365786095383335
 10
30.316999917566722
 20
-39.41290425501036
 10
30.388810822960995
 20
-39.45973681414811
 10
30.46097464894205
 20
-39.50628590802378
 10
30.53348744968485
 20
-39.552553554626755
 10
30.606345432023996
 20
-39.59854166256405
 10
30.679544945454293
 20
-39.6442520382117
 10
30.753082473005353
 20
-39.68968639224104
 10
30.82695462289482
 20
-39.734846345588046
 10
30.871789533961863
 20
-39.76196792569346
 10
30.882746707869995
 20
-39.76693301447064
 10
30.894576199127957
 20
-39.769194694003055
 10
30.906601449318508
 20
-39.76862360527057
 10
30.918134711061377
 20
-39.76525241643347
 10
30.92851637805184
 20
-39.75927395317491
 10
30.96719504653831
 20
-39.730349023195814
 10
31.033151898666652
 20
-39.6808576529351
 10
31.099028496067973
 20
-39.63125944415993
 10
31.164824657703065
 20
-39.581554517199045
 10
31.203314568043346
 20
-39.55237952626335
 10
31.21189729672704
 20
-39.54407995363161
 10
31.218229072548944
 20
-39.534001216514206
 10
31.221947760808515
 20
-39.52271977420042
 10
31.222840667794742
 20
-39.51088086544942
 10
31.220856707343913
 20
-39.49916160235612
 10
31.206074033965375
 20
-39.44942244895854
 10
31.18125575982431
 20
-39.367347168714325
 10
31.156082971664
 20
-39.28551983508106
 10
31.13055314678104
 20
-39.203943220213304
 10
31.10466364096899
 20
-39.1226201911061
 10
31.078411680444944
 20
-39.04155371593024
 10
31.051794353023265
 20
-38.96074687095886
 10
31.024808598444515
 20
-38.880202848158206
 10
30.997451197752984
 20
-38.79992496352601
 10
30.969718761599715
 20
-38.719916666274244
 10
30.941607717327773
 20
-38.640181548969245
 10
30.9131142946727
 20
-38.56072335876009
 10
30.88423450988184
 20
-38.48154600984998
 10
30.877897470086552
 20
-38.464465938021974
 10
30.87274954791336
 20
-38.442330328291426
 10
30.873335907613512
 20
-38.41964667933816
 10
30.879619882197506
 20
-38.39783633971819
 10
30.8912077569084
 20
-38.37826589313092
 10
30.90737343009162
 20
-38.3621615393308
 10
30.910131852468428
 20
-38.36003036831074
 10
30.96523975879413
 20
-38.317329811059764
 10
31.020287753316616
 20
-38.27455200322534
 10
31.07527572244099
 20
-38.23169702256446
 10
31.07802207723555
 20
-38.22955042912821
 10
31.097686704723174
 20
-38.21781075582989
 10
31.119709157223728
 20
-38.21126158042081
 10
31.142709422761758
 20
-38.21031321828523
 10
31.16524623455894
 20
-38.2150250822889
 10
31.185907400080485
 20
-38.22510196262931
 10
31.201299410785214
 20
-38.235142486446634
 10
31.272766257154288
 20
-38.28120989625846
 10
31.34459904557645
 20
-38.32697020524714
 10
31.41679296303238
 20
-38.372426264029706
 10
31.48934341179315
 20
-38.41758075868451
 10
31.56224599337104
 20
-38.46243622300385
 10
31.635496494068512
 20
-38.506995049525784
 10
31.70909087192718
 20
-38.55125949949707
 10
31.78302524490785
 20
-38.595231711896204
 10
31.85729588015669
 20
-38.63891371162689
 10
31.93189918423309
 20
-38.68230741697741
 10
32.00683169419174
 20
-38.72541464642792
 10
32.08209006942553
 20
-38.76823712487657
 10
32.12775730482635
 20
-38.79394017844154
 10
32.138865790037926
 20
-38.798559572195394
 10
32.15076157045769
 20
-38.800449859896226
 10
32.162764295132504
 20
-38.79950292184389
 10
32.17418750431383
 20
-38.7957729204684
 10
32.184377886005095
 20
-38.78947320177272
 10
32.22213550788024
 20
-38.75935525259744
 10
32.28651639917269
 20
-38.70782942149211
 10
32.35081357996676
 20
-38.65619912204001
 10
32.415026872330735
 20
-38.60446448056087
 10
32.4525876808997
 20
-38.574102095970794
 10
32.46090702272313
 20
-38.565538787144604
 10
32.466920552338834
 20
-38.555267785950086
 10
32.47028433820445
 20
-38.543876549057245
 10
32.47080598621868
 20
-38.53201659651682
 10
32.468455644948314
 20
-38.52036624598721
 10
32.452120468375654
 20
-38.47111866789291
 10
32.42474054845747
 20
-38.3898678361341
 10
32.39701401555867
 20
-38.308875886058864
 10
32.36893843522874
 20
-38.22814566787312
 10
32.34051125453814
 20
-38.14768013037369
 10
32.3117297942065
 20
-38.06748232753259
 10
32.28259123999696
 20
-37.987555425695916
 10
32.25309263328674
 20
-37.907902711473106
 10
32.2232308607101
 20
-37.82852760040279
 10
32.19300264275375
 20
-37.74943364649674
 10
32.162404521164916
 20
-37.670624552778094
 10
32.131432845009336
 20
-37.59210418295118
 10
32.10008375518759
 20
-37.5138765743627
 10
32.09321408101893
 20
-37.49700473116696
 10
32.087374649816766
 20
-37.47504305143466
 10
32.08725004474985
 20
-37.45235415743012
 10
32.09284814352416
 20
-37.430359718481355
 10
32.1038182022991
 20
-37.4104378468622
 10
32.119472825444674
 20
-37.393836758074535
 10
32.12216336981405
 20
-37.391620469658406
 10
32.175911265553914
 20
-37.34721942563416
 10
32.229596742737534
 20
-37.30274290174741
 10
32.283219689791984
 20
-37.25819097954505
 10
32.2858976713303
 20
-37.255959632620325
 10
32.3051864857181
 20
-37.24361101204055
 10
32.32699481054003
 20
-37.236376080573926
 10
32.34995605166316
 20
-37.234708129058625
 10
32.372631391136515
 20
-37.238711667272234
 10
32.39359996189912
 20
-37.24813587610119
 10
32.40930037219901
 20
-37.257688727196424
 10
32.48218184287377
 20
-37.30149211284566
 10
32.55541945706429
 20
-37.34497708159486
 10
32.629008492076366
 20
-37.38814663197629
 10
32.702944435273764
 20
-37.43100359135375
 10
32.77722296841881
 20
-37.47355062866994
 10
32.851839953572494
 20
-37.51579026592394
 10
32.926791420360395
 20
-37.55772488853647
 10
33.002073554439704
 20
-37.59935675473725
 10
33.07768268702625
 20
-37.640688004089526
 10
33.15361528535953
 20
-37.68172066525062
 10
33.229867944001505
 20
-37.72245666305415
 10
33.306437376877476
 20
-37.7628978249877
 10
33.352891319272615
 20
-37.78715602092194
 10
33.36413998968442
 20
-37.79142487336344
 10
33.37609008884747
 20
-37.79294149673372
 10
33.38805815774709
 20
-37.79161914072921
 10
33.399359717856974
 20
-37.787533437419405
 10
33.409348414567724
 20
-37.78091807518932
 10
33.446146328301275
 20
-37.74963436984698
 10
33.508885317071645
 20
-37.69612073747809
 10
33.57153720152501
 20
-37.64250512199995
 10
33.634101807074515
 20
-37.58878765569763
 10
33.67069500325082
 20
-37.55726540695318
 10
33.67874239231182
 20
-37.54844621477091
 10
33.684431405357174
 20
-37.53799252153006
 10
33.687436672676355
 20
-37.526502233668445
 10
33.687586306723084
 20
-37.514632537928804
 10
33.68487173414813
 20
-37.5030623111277
 10
33.666999603246424
 20
-37.454353945343435
 10
33.637084119651895
 20
-37.37400616970174
 10
33.606830273302066
 20
-37.29392797390409
 10
33.57623572066109
 20
-37.21412228360902
 10
33.545298002861486
 20
-37.134592126727576
 10
33.51401453804233
 20
-37.055340640250854
 10
33.48238261297301
 20
-36.97637107771466
 10
33.450399373875165
 20
-36.897686817379984
 10
33.41806181634189
 20
-36.819291371218966
 10
33.385366774237305
 20
-36.74118839481079
 10
33.35231090744062
 20
-36.66338169826927
 10
33.318890688275815
 20
-36.58587525834302
 10
33.28510238644133
 20
-36.508673231855035
 10
33.27770667722589
 20
-36.492025978359024
 10
33.27118118922545
 20
-36.470259405648896
 10
33.27034527662106
 20
-36.44758691698615
 10
33.275251382593865
 20
-36.425429146171545
 10
33.285592116994835
 20
-36.405174433301084
 10
33.30071951113278
 20
-36.38809184579292
 10
33.30333940994963
 20
-36.38579245106678
 10
33.355671998487104
 20
-36.339731221323966
 10
33.40793970833356
 20
-36.29359636659796
 10
33.46014243009123
 20
-36.24738797220696
 10
33.462749280944976
 20
-36.24507389921923
 10
33.48164249997089
 20
-36.23212738258479
 10
33.503214473784865
 20
-36.22421277278205
 10
33.526113419287505
 20
-36.2218259553357
 10
33.54890442623231
 20
-36.22511649135679
 10
33.57015938600592
 20
-36.233878244949466
 10
33.58615251370934
 20
-36.24293371587594
 10
33.66037580061271
 20
-36.28442853501704
 10
33.73494506601755
 20
-36.32559391737026
 10
33.809855682370646
 20
-36.36643300685789
 10
33.885103226727615
 20
-36.40694876975666
 10
33.960683465499564
 20
-36.44714400792855
 10
34.036592340718734
 20
-36.48702137073352
 10
34.11282595763453
 20
-36.526583365787815
 10
34.18938057347967
 20
-36.565832368707355
 10
34.266252587268596
 20
-36.6047706319555
 10
34.34343853050973
 20
-36.643400292897994
 10
34.42093505872976
 20
-36.68172338115366
 10
34.4987389437209
 20
-36.71974182531782
 10
34.54593311148391
 20
-36.742530313736694
 10
34.55731067637498
 20
-36.74644414107022
 10
34.56930303292468
 20
-36.74758521990632
 10
34.581224303743724
 20
-36.74588827699249
 10
34.5923926858137
 20
-36.74145036656528
 10
34.60216944112784
 20
-36.734525319494495
 10
34.63796970550748
 20
-36.702104415535075
 10
34.69900208421107
 20
-36.64665185063175
 10
34.75994403135376
 20
-36.59109990232082
 10
34.82079537593672
 20
-36.535448708814656
 10
34.856383179898714
 20
-36.50279541799472
 10
34.86415026359358
 20
-36.4937284843212
 10
34.86950875793558
 20
-36.48310188588202
 10
34.87215219836372
 20
-36.47152341897891
 10
34.87192939321371
 20
-36.45965531509626
 10
34.86885307170318
 20
-36.44817636181658
 10
34.84946096223187
 20
-36.40005437311761
 10
34.817038352340354
 20
-36.32068746831239
 10
34.78428597268826
 20
-36.241600593283074
 10
34.75120157324534
 20
-36.162796746442204
 10
34.71778279191832
 20
-36.08427903202351
 10
34.68402714710699
 20
-36.006050667146354
 10
34.64993202956612
 20
-35.92811498953949
 10
34.61549469348849
 20
-35.85047546600531
 10
34.58071224671081
 20
-35.77313570171757
 10
34.54558163992899
 20
-35.6960994504607
 10
34.51009965479097
 20
-35.61937062593615
 10
34.47426289071256
 20
-35.54295331428247
 10
34.43806775023577
 20
-35.466851787980794
 10
34.430153097421446
 20
-35.450445282479244
 10
34.422947635796554
 20
-35.42889483352396
 10
34.42140070639077
 20
-35.40626043239024
 10
34.42560929898229
 20
-35.38396031912381
 10
34.43530972257323
 20
-35.36339174703121
 10
34.44989412367668
 20
-35.34584344668175
 10
34.45244066294737
 20
-35.343463050187545
 10
34.503303721590164
 20
-35.2957838036864
 10
34.55409949147091
 20
-35.248032870740296
 10
34.60482786552351
 20
-35.200210340412
 10
34.607360882449996
 20
-35.197815662070255
 10
34.62583901024362
 20
-35.18428296642073
 10
34.647152545809064
 20
-35.175695497738424
 10
34.669965901740404
 20
-35.17259130892895
 10
34.69284953576573
 20
-35.17516491847558
 10
34.71436954193052
 20
-35.18325511904935
 10
34.73063939075311
 20
-35.191804011781215
 10
34.80613024323901
 20
-35.230948087665034
 10
34.881956551127374
 20
-35.26975201543868
 10
34.958113786768486
 20
-35.308219081728694
 10
35.03459762145966
 20
-35.34635238919925
 10
35.1114039106136
 20
-35.38415487025415
 10
35.18852868040406
 20
-35.42162929937409
 10
35.265968115704894
 20
-35.458778304258324
 10
35.343718549166816
 20
-35.495604375915214
 10
35.421776451298015
 20
-35.53210987782531
 10
35.50013842143319
 20
-35.568297054283285
 10
35.578801179492324
 20
-35.604168038010556
 10
35.65776155844213
 20
-35.63972485711835
 10
35.705648657405206
 20
-35.66102030164916
 10
35.717143674333414
 20
-35.664574989326965
 10
35.729166150366254
 20
-35.665339040891574
 10
35.74102848381771
 20
-35.66326874507709
 10
35.752052241297996
 20
-35.65848250778365
 10
35.76160695590551
 20
-35.65125408043922
 10
35.79637240265107
 20
-35.61772582193246
 10
35.8556347877775
 20
-35.560385388496755
 10
35.914803485397
 20
-35.5029482849677
 10
35.97387832834659
 20
-35.445414655433645
 10
36.00842374387673
 20
-35.41166042865413
 10
36.01590239497018
 20
-35.40235418123748
 10
36.02092464624696
 20
-35.391564674229
 10
36.023203265711736
 20
-35.37990902188866
 10
36.02260792891987
 20
-35.36805387152288
 10
36.01917267309442
 20
-35.35667727155126
 10
35.99827897719519
 20
-35.30918831395244
 10
35.96338001583775
 20
-35.23087923810594
 10
35.92816021364589
 20
-35.15286038251022
 10
35.89261741660997
 20
-35.075134815534554
 10
35.85674936204468
 20
-34.99770571484082
 10
35.820553671370654
 20
-34.9205763746784
 10
35.78402784222333
 20
-34.84375021385989
 10
35.747169239806276
 20
-34.76723078450148
 10
35.70997508739423
 20
-34.691021781623796
 10
35.67244245587555
 20
-34.61512705372512
 10
35.63456825220608
 20
-34.53955061445648
 10
35.59634920662514
 20
-34.46429665554968
 10
35.557781858458114
 20
-34.3893695611763
 10
35.54935584057366
 20
-34.3732197456476
 10
35.541477116791114
 20
-34.35190626024212
 10
35.5392200995369
 20
-34.32933164529005
 10
35.54272626636073
 20
-34.30691038788255
 10
35.55177593282577
 20
-34.286047326878155
 10
35.565802015132064
 20
-34.26804964291712
 10
35.568272538286294
 20
-34.26559044200493
 10
35.617612995709564
 20
-34.21633720252283
 10
35.6668838078787
 20
-34.167014298105954
 10
35.71608487021867
 20
-34.11762182152623
 10
35.71854140804023
 20
-34.11514875114304
 10
35.73658526224769
 20
-34.10104225694403
 10
35.757618437598595
 20
-34.09178949241041
 10
35.78032291667475
 20
-34.08797020387073
 10
35.80327598499276
 20
-34.089823724467394
 10
35.82503939296006
 20
-34.097233973005814
 10
35.84156967025192
 20
-34.10526761022787
 10
35.918252477506655
 20
-34.14202118370969
 10
35.99525986787772
 20
-34.17842421854013
 10
36.07258741832163
 20
-34.214480141202934
 10
36.150230898871456
 20
-34.25019218806993
 10
36.228186258242616
 20
-34.285563419561946
 10
36.306449610872406
 20
-34.320596732899226
 10
36.38501722521475
 20
-34.355294873616295
 10
36.463885513139125
 20
-34.38966044599047
 10
36.54305102030369
 20
-34.423695922511826
 10
36.62251041739067
 20
-34.45740365250452
 10
36.70226049210801
 20
-34.490785869994475
 10
36.78229814187337
 20
-34.52384470090557
 10
36.83083011855449
 20
-34.54362530890984
 10
36.842431006607804
 20
-34.546817117844306
 10
36.85447140243437
 20
-34.54720306139099
 10
36.86626267767726
 20
-34.54476105222693
 10
36.87713046165027
 20
-34.53963075423315
 10
36.88645320747779
 20
-34.5321055954122
 10
36.920147494903475
 20
-34.49750110210823
 10
36.97757791864343
 20
-34.43832604068376
 10
37.03491147503348
 20
-34.37905713498193
 10
37.092148000998016
 20
-34.31969453490206
 10
37.12561486929477
 20
-34.28487075090817
 10
37.13279719820551
 20
-34.27533389955989
 10
37.13747776950747
 20
-34.26439168477498
 10
37.13938889473138
 20
-34.25266995518697
 10
37.13842126962691
 20
-34.24083913844215
 10
37.13463022564428
 20
-34.22957589279993
 10
37.112254740667154
 20
-34.182766070870315
 10
37.07491252119628
 20
-34.10559086158505
 10
37.03725871848231
 20
-34.02871579244804
 10
36.99929127697025
 20
-33.95214399889074
 10
36.961008035932615
 20
-33.87587872900718
 10
36.922406722484496
 20
-33.799923351072536
 10
36.88348494394746
 20
-33.72428136176348
 10
36.84424017948258
 20
-33.64895639516639
 10
36.80466977090053
 20
-33.573952232672674
 10
36.764770912542254
 20
-33.49927281387596
 10
36.72454064010642
 20
-33.42492224860505
 10
36.683975818278775
 20
-33.350904830248105
 10
36.64307312699419
 20
-33.27722505055163
 10
36.63414380434914
 20
-33.26134763712015
 10
36.625599155271495
 20
-33.24029176129797
 10
36.62263362196651
 20
-33.21779863178172
 10
36.6254330706981
 20
-33.19527762352622
 10
36.63382209221035
 20
-33.174139821102656
 10
36.647274991939895
 20
-33.155709618516624
 10
36.64966690377293
 20
-33.15317390248309
 10
36.697432918863015
 20
-33.102392531247474
 10
36.745126989356294
 20
-33.051543598675174
 10
36.792749013330294
 20
-33.00062720120273
 10
36.79512648888182
 20
-32.998078043799495
 10
36.81271722829453
 20
-32.9834107910974
 10
36.83344831651891
 20
-32.97350103766483
 10
36.856020668181216
 20
-32.96896970262191
 10
36.87901985405553
 20
-32.970100742025195
 10
36.90100474231961
 20
-32.97682335007842
 10
36.91777887727453
 20
-32.98433358577085
 10
36.99557675294911
 20
-33.01865936403457
 10
37.07368799967374
 20
-33.05262454591424
 10
37.1521083036471
 20
-33.086232694741575
 10
37.230833538069845
 20
-33.119487177761485
 10
37.30985974920313
 20
-33.15239118073896
 10
37.38918314381562
 20
-33.1849477211108
 10
37.468800077846375
 20
-33.21715965986306
 10
37.54870704613711
 20
-33.249029712287864
 10
37.62890067310798
 20
-33.28056045775164
 10
37.709377704268626
 20
-33.311754348587776
 10
37.790134998471295
 20
-33.34261371821215
 10
37.87116952082478
 20
-33.37314078854579
 10
37.92029761702129
 20
-33.39138633917198
 10
37.93199267039179
 20
-33.39421191138276
 10
37.94403873962595
 20
-33.394219072004766
 10
37.9557468700075
 20
-33.39140739641377
 10
37.96644744468408
 20
-33.38593768950423
 10
37.97552847926045
 20
-33.37812278982925
 10
38.00811614676514
 20
-33.34247444333827
 10
38.06365415007419
 20
-33.28152014718075
 10
38.11909218716036
 20
-33.22047494368191
 10
38.174430099289744
 20
-33.159338988472655
 10
38.20678315356431
 20
-33.12347828422676
 10
38.2136615208124
 20
-33.11371981629206
 10
38.21799527245484
 20
-33.10263529245978
 10
38.21953655749432
 20
-33.090858700830985
 10
38.218197226111634
 20
-33.07906360778151
 10
38.21405387082037
 20
-33.06792462983066
 10
38.19021778742794
 20
-33.021839459826815
 10
38.150467701586486
 20
-32.945873169984296
 10
38.11041561105773
 20
-32.870216658618624
 10
38.07005956108903
 20
-32.794873125233416
 10
38.02939749537157
 20
-32.71984588525918
 10
37.988427249296215
 20
-32.64513837778867
 10
37.94714654258067
 20
-32.57075417403388
 10
37.9055529711911
 20
-32.49669698659405
 10
37.86364399846919
 20
-32.422970679635924
 10
37.821416945361875
 20
-32.34957928010481
 10
37.77886897963412
 20
-32.276526990104166
 10
37.73599710392515
 20
-32.20381820060345
 10
37.69279814248442
 20
-32.1314575066632
 10
37.683374051592295
 20
-32.11586796406195
 10
37.67417143629894
 20
-32.09509013307918
 10
37.67049960607153
 20
-32.07270017242482
 10
37.67258867632271
 20
-32.050100986778084
 10
37.68030774206621
 20
-32.02870855532509
 10
37.693173081431475
 20
-32.00986322586982
 10
37.6954838521002
 20
-32.00725337487315
 10
37.74162489386325
 20
-31.954991548721633
 10
37.787691752446364
 20
-31.902664345830278
 10
37.83368432874251
 20
-31.85027186624641
 10
37.8359802248702
 20
-31.847649017433742
 10
37.853099377445766
 20
-31.832434700488697
 10
37.873506876950714
 20
-31.82187700783881
 10
37.89592391797284
 20
-31.816637464167766
 10
37.918945809744685
 20
-31.817044407482484
 10
37.94113000550582
 20
-31.82307240790517
 10
37.95813116781419
 20
-31.830051637198213
 10
38.036966036711675
 20
-31.861914839077517
 10
38.116102734730774
 20
-31.893407731459725
 10
38.19553706187442
 20
-31.92453401135288
 10
38.275264998873695
 20
-31.95529717388541
 10
38.3552826937139
 20
-31.985700527345077
 10
38.43558644950252
 20
-32.01574720672001
 10
38.516172713512205
 20
-32.045440185927596
 10
38.59703806725738
 20
-32.074782288889566
 10
38.67817921748264
 20
-32.10377619958936
 10
38.75959298795841
 20
-32.13242447122798
 10
38.84127631199378
 20
-32.16072953457956
 10
38.923226225588145
 20
-32.18869370563398
 10
38.97290103421675
 20
-32.205385575623346
 10
38.98467843606405
 20
-32.20784193929863
 10
38.9967179009963
 20
-32.2074700510767
 10
39.00833085005705
 20
-32.20429116440572
 10
39.01885310849914
 20
-32.19848708488013
 10
39.02768288949775
 20
-32.1903897736018
 10
39.059129412649874
 20
-32.153731200471086
 10
39.11271613930992
 20
-32.091055186414415
 10
39.16619988675184
 20
-32.02829131141017
 10
39.2195805008391
 20
-31.965439736726648
 10
39.25078542146117
 20
-31.92857598987374
 10
39.25735245022004
 20
-31.918605164963996
 10
39.26133454955538
 20
-31.90738892188688
 10
39.262503982311976
 20
-31.895568782377428
 10
39.260793868228
 20
-31.883820804265465
 10
39.256302008167566
 20
-31.872816910672288
 10
39.23102789765326
 20
-31.827501281472497
 10
39.18890761413737
 20
-31.75281791472572
 10
39.14649521731443
 20
-31.67845367237493
 10
39.103788855490606
 20
-31.60441181491256
 10
39.06078657914203
 20
-31.530695721912544
 10
39.01748633441884
 20
-31.457308899975004
 10
38.97388595604356
 20
-31.384254991412238
 10
38.92998315953
 20
-31.31153778376745
 10
38.88577553263684
 20
-31.239161220270418
 10
38.84126052595685
 20
-31.167129411351986
 10
38.7964354425268
 20
-31.095446647358372
 10
38.75129742632324
 20
-31.0241174126299
 10
38.70584344948679
 20
-30.953146401137765
 10
38.69593359719328
 20
-30.937859941168096
 10
38.68608159348268
 20
-30.917380362284252
 10
38.681706337072335
 20
-30.895115221070238
 10
38.68308201218621
 20
-30.872459595894142
 10
38.69012240692861
 20
-30.850832999182185
 10
38.70238631832022
 20
-30.831590450949577
 10
38.70461348737515
 20
-30.828908934692734
 10
38.74908041555693
 20
-30.77521611959768
 10
38.79347098636876
 20
-30.72146019205764
 10
38.837785103682535
 20
-30.66764125566723
 10
38.839996973276016
 20
-30.664947200292982
 10
38.856626464434136
 20
-30.649200160636525
 10
38.876689129582914
 20
-30.63800431838505
 10
38.89892777512434
 20
-30.632061190138536
 10
38.92194889573177
 20
-30.63174320558064
 10
38.9443100010289
 20
-30.637070362173557
 10
38.96152111993573
 20
-30.643511530448734
 10
39.04131380657016
 20
-30.672879928238316
 10
39.12139646096445
 20
-30.701868659603328
 10
39.201765001406635
 20
-30.730481551894382
 10
39.28241552044498
 20
-30.758722224978705
 10
39.36334427189615
 20
-30.786594106697134
 10
39.444547659147005
 20
-30.81410044678161
 10
39.5260222245896
 20
-30.841244329424004
 10
39.60776464005261
 20
-30.868028684659233
 10
39.68977169811215
 20
-30.89445629870211
 10
39.77204030418081
 20
-30.920529823357857
 10
39.85456746928827
 20
-30.946251784610002
 10
39.937350303477885
 20
-30.971624590475447
 10
39.98752182553573
 20
-30.986745777652448
 10
39.99936966210479
 20
-30.98883035160632
 10
40.01139022931431
 20
-30.988079560033324
 10
40.022896027002055
 20
-30.98453632630532
 10
40.033229007012544
 20
-30.978403293041616
 10
40.04179820690956
 20
-30.97003123402377
 10
40.07207005288207
 20
-30.932397285611778
 10
40.12364834414258
 20
-30.86805915946002
 10
40.17512073399339
 20
-30.803636326261422
 10
40.22648707315141
 20
-30.739128952812287
 10
40.25651054309782
 20
-30.701297260927078
 10
40.26275913179106
 20
-30.6911236048917
 10
40.26638506300572
 20
-30.679786415928127
 10
40.2671809716632
 20
-30.66793413307572
 10
40.26510134270588
 20
-30.656244653169377
 10
40.260265112930846
 20
-30.645386554721004
 10
40.233576913682384
 20
-30.60088468855156
 10
40.189126355286795
 20
-30.52755713449729
 10
40.1443938792067
 20
-30.454557747681946
 10
40.099377738966865
 20
-30.381889846412584
 10
40.05407609409483
 20
-30.309556871118673
 10
40.00848700388021
 20
-30.237562392498425
 10
39.96260842055195
 20
-30.16591012042559
 10
39.916438181802974
 20
-30.09460391370976
 10
39.86997400257952
 20
-30.023647790817655
 10
39.82321346604016
 20
-29.95304594167983
 10
39.77615401357399
 20
-29.882802740727843
 10
39.72879293374855
 20
-29.81292276133028
 10
39.68112735003613
 20
-29.743410791826392
 10
39.67074120733277
 20
-29.728442355814323
 10
39.660249007866874
 20
-29.70828099086329
 10
39.65517385163306
 20
-29.686162269193687
 10
39.655833770309954
 20
-29.663472090029536
 10
39.662187392918504
 20
-29.641632128426835
 10
39.673836543150436
 20
-29.622010773925254
 10
39.67597772358534
 20
-29.619260150101162
 10
39.71872286963417
 20
-29.56418756992844
 10
39.76138955215614
 20
-29.50905421978626
 10
39.80397767816569
 20
-29.45386020674314
 10
39.8061031482053
 20
-29.45109751730151
 10
39.82222532927626
 20
-29.434832735176315
 10
39.84192220127992
 20
-29.42300926843436
 10
39.86395949627949
 20
-29.416367965806216
 10
39.886956333181814
 20
-29.415325009076398
 10
39.90947175147058
 20
-29.41994582510214
 10
39.92687553519796
 20
-29.42584243631988
 10
40.00754585403607
 20
-29.452686393982763
 10
40.08849397077601
 20
-29.47914169577064
 10
40.16971592638296
 20
-29.50521229588142
 10
40.251207929426016
 20
-29.53090193562192
 10
40.332966343582214
 20
-29.556214159268357
 10
40.414987676385
 20
-29.58115232834702
 10
40.49726856906255
 20
-29.605719634531194
 10
40.57980578733442
 20
-29.62991911132137
 10
40.66259621305417
 20
-29.65375364465194
 10
40.745636836600276
 20
-29.677225982547338
 10
40.8289247499325
 20
-29.700338743934193
 10
40.912457140240285
 20
-29.723094426701337
 10
40.96307484275829
 20
-29.73662957108922
 10
40.97498111771565
 20
-29.73834016859976
 10
40.98697049387354
 20
-29.73721103226393
 10
40.998357252910495
 20
-29.733306723608422
 10
41.008490153028966
 20
-29.726850535272096
 10
41.01678967381423
 20
-29.718211722138438
 10
41.04585435691619
 20
-29.679638451208096
 10
41.095368846281616
 20
-29.61369986752199
 10
41.14477460777101
 20
-29.54767983595189
 10
41.19407149720992
 20
-29.481578528697323
 10
41.22288125756125
 20
-29.442815185239166
 10
41.22880459244244
 20
-29.432448483359828
 10
41.232070166282014
 20
-29.42100129723714
 10
41.23249122562086
 20
-29.40912835685863
 10
41.23004369641181
 20
-29.39750874096412
 10
41.22486755911641
 20
-29.3868070332352
 10
41.196790562153495
 20
-29.343162446188693
 10
41.150051881383305
 20
-29.27126241521983
 10
41.103041773767394
 20
-29.19969928078736
 10
41.055758600107296
 20
-29.12847641575091
 10
41.008200631143445
 20
-29.057597318015553
 10
40.960366041576236
 20
-28.987065618872318
 10
40.91225290352989
 20
-28.91688509211686
 10
40.863859179390914
 20
-28.847059664042256
 10
40.815182713942114
 20
-28.777593424415386
 10
40.766221225701436
 20
-28.708490638564733
 10
40.716972297359135
 20
-28.639755760727663
 10
40.66743336519006
 20
-28.571393448830033
 10
40.61760170729533
 20
-28.503408580901176
 10
40.60674920279834
 20
-28.488772826152093
 10
40.59562661084884
 20
-28.46894937390166
 10
40.589855740439624
 20
-28.446998603161585
 10
40.58979820810141
 20
-28.424295885518923
 10
40.59545758989213
 20
-28.402263679916793
 10
40.606479204384286
 20
-28.38228242263481
 10
40.60853208668461
 20
-28.37946533512835
 10
40.64950933467769
 20
-28.323065935533947
 10
40.69040608464965
 20
-28.266608184888593
 10
40.73122224691998
 20
-28.210092193651498
 10
40.73325902251985
 20
-28.20726352844858
 10
40.748856699220575
 20
-28.190496612598487
 10
40.76816713716262
 20
-28.178056775857304
 10
40.789980287963196
 20
-28.170723493548394
 10
40.81292932338038
 20
-28.168956310786818
 10
40.83557628649086
 20
-28.17286603633497
 10
40.853155241983316
 20
-28.178212160571398
 10
40.93462208917499
 20
-28.202504668260953
 10
41.01635426735455
 20
-28.22639990908959
 10
41.098347944460166
 20
-28.249901960446753
 10
41.18059944919473
 20
-28.273014681626158
 10
41.26310525903957
 20
-28.29574173007454
 10
41.34586198946182
 20
-28.31808657602192
 10
41.42886638416695
 20
-28.340052515694236
 10
41.512115306271
 20
-28.361642683279477
 10
41.595605730283644
 20
-28.38286006179407
 10
41.67933473480974
 20
-28.40370749297549
 10
41.76329949588857
 20
-28.424187686310063
 10
41.847497280901486
 20
-28.444303227290426
 10
41.89851015575754
 20
-28.456238629801387
 10
41.910462804709084
 20
-28.457573461816676
 10
41.9224087125244
 20
-28.45606695332905
 10
41.93366464486989
 20
-28.45180524857631
 10
41.943586840411626
 20
-28.445032079960296
 10
41.95160782828757
 20
-28.4361348303887
 10
41.97943396533221
 20
-28.396659464364795
 10
42.02683117305129
 20
-28.32918408055042
 10
42.07411692704697
 20
-28.261630610734223
 10
42.12129108850655
 20
-28.193999232378612
 10
42.148855993730564
 20
-28.154341699303675
 10
42.15444756138274
 20
-28.143791988699128
 10
42.15734892474738
 20
-28.13224592064823
 10
42.157394162287716
 20
-28.12036388021228
 10
42.15458069658135
 20
-28.108825466836862
 10
42.14906943950022
 20
-28.098290620707065
 10
42.11963027301328
 20
-28.055546083061092
 10
42.07064782604275
 20
-27.98514404091411
 10
42.02140472881206
 20
-27.91508730080811
 10
41.971899451351156
 20
-27.845379286808363
 10
41.92213037766441
 20
-27.776023550827226
 10
41.872095800020304
 20
-27.70702378115041
 10
41.82179391270879
 20
-27.638383811758978
 10
41.77122280520155
 20
-27.57010763254474
 10
41.72038045463948
 20
-27.50219940053125
 10
41.66926471756052
 20
-27.434663452230833
 10
41.617873320766776
 20
-27.367504317289196
 10
41.56620385121237
 20
-27.300726733594207
 10
41.514253744773804
 20
-27.234335664056385
 10
41.50294525784757
 20
-27.220046950313176
 10
41.491202682602506
 20
-27.200580828615816
 10
41.484740946212845
 20
-27.178819452605815
 10
41.48396494601143
 20
-27.156126323256274
 10
41.48892326881831
 20
-27.13392329768821
 10
41.49930515559243
 20
-27.11360151712254
 10
41.50126751176294
 20
-27.110720693966353
 10
41.54043237890906
 20
-27.05304910136767
 10
41.57951478880364
 20
-26.995321651119752
 10
41.618514655232026
 20
-26.93753845697915
 10
41.620460523659766
 20
-26.934646558052112
 10
41.635516984469035
 20
-26.917393733841767
 10
41.65442069633977
 20
-26.904349503158354
 10
41.675987102432615
 20
-26.896331217121475
 10
41.6988648438075
 20
-26.893841346421695
 10
41.72162043921482
 20
-26.89703598460343
 10
41.7393568921656
 20
-26.90182626478102
 10
41.82153833856529
 20
-26.923542969609677
 10
41.90397236391985
 20
-26.94485418570976
 10
41.986655267332004
 20
-26.965764109847633
 10
42.069583501653554
 20
-26.986276715699123
 10
42.15275366202186
 20
-27.00639577047085
 10
42.23616247553777
 20
-27.026124849865905
 10
42.31980679194339
 20
-27.04546735159952
 10
42.40368357517913
 20
-27.064426507639574
 10
42.48778989571652
 20
-27.083005395322154
 10
42.572122923577865
 20
-27.101206947471056
 10
42.65667992196615
 20
-27.119033961632663
 10
42.74145824143818
 20
-27.136489108522742
 10
42.792814864895625
 20
-27.14681274718141
 10
42.80480177004811
 20
-27.147770424883667
 10
42.81669196430734
 20
-27.145887931039077
 10
42.827805397658075
 20
-27.141272913467223
 10
42.83750645673199
 20
-27.134189310952486
 10
42.84524031673446
 20
-27.125042260107936
 10
42.87179768197914
 20
-27.084703170966606
 10
42.91702610878401
 20
-27.01575659561314
 10
42.962140461479365
 20
-26.946735396016976
 10
43.007140606864084
 20
-26.87763975474754
 10
43.03343067962078
 20
-26.837126631750394
 10
43.03868427931128
 20
-26.826404192986235
 10
43.04121792466234
 20
-26.814770515193818
 10
43.04088672658519
 20
-26.802890993663027
 10
43.03770963936571
 20
-26.79144508382945
 10
43.03186837392655
 20
-26.781087435854467
 10
43.00109498674238
 20
-26.739284932208655
 10
42.949915305600435
 20
-26.670450034235916
 10
42.898486026619786
 20
-26.60196851001486
 10
42.84680573089905
 20
-26.53384383138848
 10
42.79487291764247
 20
-26.466079600723095
 10
42.74268599872431
 20
-26.39867955961213
 10
42.69024329274699
 20
-26.331647598392376
 10
42.6375430185305
 20
-26.264987766571938
 10
42.5845832879616
 20
-26.198704284284876
 10
42.531362098120134
 20
-26.132801554905495
 10
42.477877322585776
 20
-26.067284178976884
 10
42.42412670181303
 20
-26.00215696963408
 10
42.37010783244231
 20
-25.937424969733748
 10
42.3583541859465
 20
-25.92349734564577
 10
42.34600263733574
 20
-25.904407673388384
 10
42.33885554848465
 20
-25.882857028841325
 10
42.337360751859
 20
-25.860195706117338
 10
42.34161186570926
 20
-25.837843569067367
 10
42.351342439072226
 20
-25.81720110420704
 10
42.35321212662437
 20
-25.814259355289547
 10
42.39052184295065
 20
-25.755371830883206
 10
42.427747221614084
 20
-25.696431014529942
 10
42.46488818002429
 20
-25.637437023180354
 10
42.46674101467761
 20
-25.634484713968906
 10
42.481240058981065
 20
-25.616762809823296
 10
42.49971713259661
 20
-25.603126873294823
 10
42.52101441837287
 20
-25.594431335844604
 10
42.54379742896318
 20
-25.591221107311487
 10
42.566638627302716
 20
-25.59369741926844
 10
42.58451474241781
 20
-25.5979270770694
 10
42.6673281276965
 20
-25.617046310068865
 10
42.750381067201715
 20
-25.63575223188087
 10
42.83366999528036
 20
-25.654049154677264
 10
42.91719149284289
 20
-25.671941162761023
 10
43.000942276434905
 20
-25.689432129543892
 10
43.08491918839736
 20
-25.70652573283306
 10
43.16911918797951
 20
-25.723225468636556
 10
43.25353934329035
 20
-25.73953466366632
 10
43.338176823989535
 20
-25.755456486692133
 10
43.42302889463292
 20
-25.770993958878137
 10
43.508092908600005
 20
-25.78614996321577
 10
43.59336630253925
 20
-25.80092725315175
 10
43.64501489537408
 20
-25.809628796820046
 10
43.65702390030254
 20
-25.810208333540363
 10
43.66884618395248
 20
-25.80795165470528
 10
43.67980557822117
 20
-25.80298780893447
 10
43.689275277662475
 20
-25.795600685066773
 10
43.6967136881371
 20
-25.786212778169784
 10
43.72197326752822
 20
-25.745049448951235
 10
43.7649834871675
 20
-25.674699184404357
 10
43.80787712253957
 20
-25.604277854109345
 10
43.85065404630014
 20
-25.533785645571253
 10
43.87564053150147
 20
-25.49245663595132
 10
43.88055028732737
 20
-25.48157198385445
 10
43.88271306184635
 20
-25.469862115234438
 10
43.8820051786428
 20
-25.457996782379908
 10
43.8784671379409
 20
-25.446654629097026
 10
43.87230129714422
 20
-25.436484371738878
 10
43.84022294104494
 20
-25.395665060996823
 10
43.78689470390677
 20
-25.32846508620803
 10
43.7333281868391
 20
-25.261626213358404
 10
43.67952208373344
 20
-25.195151958563493
 10
43.625475010809495
 20
-25.129045971009393
 10
43.57118550146077
 20
-25.063312041825622
 10
43.51665200061968
 20
-24.997954113786086
 10
43.46187285858361
 20
-24.93297629193948
 10
43.40684632423384
 20
-24.86838285528626
 10
43.35157053756882
 20
-24.804178269637728
 10
43.29604352146059
 20
-24.740367201814824
 10
43.24026317252734
 20
-24.676954535370523
 10
43.18422725099738
 20
-24.61394538805184
 10
43.1720397036371
 20
-24.600392577664934
 10
43.15909078663481
 20
-24.5816981565299
 10
43.15126452639061
 20
-24.560379453021373
 10
43.14905130307669
 20
-24.537772226128254
 10
43.15258974335728
 20
-24.515292950534665
 10
43.161658047145856
 20
-24.494350081804495
 10
43.163433013025156
 20
-24.49135029633046
 10
43.19884659985434
 20
-24.431304685161788
 10
43.23417405092023
 20
-24.371208417644848
 10
43.26941528741186
 20
-24.311061613811084
 10
43.27117305173239
 20
-24.30805179658169
 10
43.285099017607536
 20
-24.28987822874728
 10
43.30312995128796
 20
-24.27566397527235
 10
43.3241359976842
 20
-24.266299708555277
 10
43.34680092719052
 20
-24.26237224289913
 10
43.36970460994967
 20
-24.26412775161621
 10
43.38770241140641
 20
-24.267792592568828
 10
43.4710644390518
 20
-24.284295391800043
 10
43.55465273639904
 20
-24.300377466691625
 10
43.63846387699927
 20
-24.316043240695265
 10
43.72249457361818
 20
-24.33129690483831
 10
43.806741667855455
 20
-24.34614243504109
 10
43.891202120797594
 20
-24.36058360770952
 10
43.97587300457638
 20
-24.37462401381675
 10
44.06075149472336
 20
-24.388267071656568
 10
44.14583486322707
 20
-24.401516038424504
 10
44.23112047221192
 20
-24.414374020761247
 10
44.31660576816982
 20
-24.426843984374432
 10
44.402288276683926
 20
-24.438928762839353
 10
44.45417676476357
 20
-24.44599958241978
 10
44.466195689246256
 20
-24.446200394899257
 10
44.47793792947016
 20
-24.443571743623533
 10
44.48873189318361
 20
-24.438263951656086
 10
44.4979602343363
 20
-24.43058057883948
 10
44.50509516120361
 20
-24.42096106287265
 10
44.52902920565946
 20
-24.379014050831255
 10
44.569773955769634
 20
-24.307329430027966
 10
44.610399726351766
 20
-24.235577395268255
 10
44.6509063961578
 20
-24.16375813880606
 10
44.67456181401502
 20
-24.121654011977515
 10
44.67912218677457
 20
-24.110617885660634
 10
44.680911301215076
 20
-24.098843380951593
 10
44.67982685301331
 20
-24.087003946147902
 10
44.675930881404085
 20
-24.075776743545536
 10
44.66944621740615
 20
-24.065803915270557
 10
44.63609342822831
 20
-24.0260080905023
 10
44.58066742769466
 20
-23.960509375434253
 10
44.52501471984893
 20
-23.895379137537102
 10
44.469134112979
 20
-23.830620933620764
 10
44.41302434201099
 20
-23.766238455980503
 10
44.35668406364161
 20
-23.702235541430067
 10
44.30011185101673
 20
-23.638616181177714
 10
44.2433061879009
 20
-23.57538453164859
 10
44.1862654622736
 20
-23.51254492637242
 10
44.12898795927797
 20
-23.450101889074606
 10
44.07147185343598
 20
-23.38806014813129
 10
44.01371520002885
 20
-23.326424652575316
 10
43.95571592552522
 20
-23.26520058987324
 10
43.94310616378386
 20
-23.25203597915393
 10
43.929572072147295
 20
-23.23375527520836
 10
43.921073490730535
 20
-23.21268957447827
 10
43.91814291812888
 20
-23.19015878183735
 10
43.92096392213049
 20
-23.167574583808097
 10
43.92935965239165
 20
-23.14635201348549
 10
43.93103793682556
 20
-23.143297157191004
 10
43.96451628365195
 20
-23.08215283231444
 10
43.99790678233605
 20
-23.020960553961203
 10
44.031209357997405
 20
-22.95972044512065
 10
44.03287010930234
 20
-22.956656098145718
 10
44.046207900814046
 20
-22.938048853785357
 10
44.06377363369584
 20
-22.92327036012072
 10
44.08446660962062
 20
-22.913246647949286
 10
44.10699022475682
 20
-22.908605853615214
 10
44.12993321207456
 20
-22.909638846531692
 10
44.14803460413151
 20
-22.912735264263606
 10
44.23186143713325
 20
-22.926605394047417
 10
44.31590100887637
 20
-22.940047805122777
 10
44.40015003594856
 20
-22.9530670279445
 10
44.484605366647216
 20
-22.96566735621658
 10
44.569263971157895
 20
-22.977852864532217
 10
44.65412293271062
 20
-22.989627424256838
 10
44.739179439593045
 20
-23.000994717872274
 10
44.82443077791668
 20
-23.011958251967624
 10
44.909874325047994
 20
-23.02252136903632
 10
44.995507543627866
 20
-23.032687258215972
 10
45.081327976113904
 20
-23.04245896508947
 10
45.16733323978822
 20
-23.0518394006497
 10
45.219409314963976
 20
-23.05727257775358
 10
45.2314259698465
 20
-23.057094486748767
 10
45.243076114083735
 20
-23.05409648560213
 10
45.25369342064137
 20
-23.048450022012172
 10
45.2626706449262
 20
-23.04047802532532
 10
45.269494355669586
 20
-23.030636439886113
 10
45.292076433136
 20
-22.987947336314722
 10
45.33051070399862
 20
-22.914999453944045
 10
45.36882371951548
 20
-22.841987898975045
 10
45.40701536476724
 20
-22.768912868208794
 10
45.4293135625617
 20
-22.72607541889478
 10
45.43351936128766
 20
-22.71489877100207
 10
45.43493239846201
 20
-22.703071309202613
 10
45.43347187998295
 20
-22.691269509715493
 10
45.429221355727336
 20
-22.680168381855754
 10
45.422423937102295
 20
-22.670402857110982
 10
45.387828514545426
 20
-22.63166990534031
 10
45.33035762379443
 20
-22.567937277828058
 10
45.27267184185365
 20
-22.50458014065208
 10
45.21477009288606
 20
-22.441602087670095
 10
45.15665123208583
 20
-22.379006850504155
 10
45.09831404110291
 20
-22.316798307725026
 10
45.039757223040986
 20
-22.254980494893427
 10
44.98097939697721
 20
-22.193557615563574
 10
44.92197909194285
 20
-22.132534053369685
 10
44.862754740295436
 20
-22.071914385336115
 10
44.80330467040145
 20
-22.01170339657412
 10
44.743627098534446
 20
-21.95190609655558
 10
44.683720119877925
 20
-21.89252773718714
 10
44.670700249513295
 20
-21.87976436059639
 10
44.656593758917616
 20
-21.861915485731245
 10
44.64743037661291
 20
-21.8411236804413
 10
44.6437842484205
 20
-21.818691687090404
 10
44.645883771146515
 20
-21.79602500335646
 10
44.653597298129355
 20
-21.77454383448622
 10
44.655177038376145
 20
-21.77143694661168
 10
44.68668297775268
 20
-21.709254748414192
 10
44.71809944564171
 20
-21.64702736404607
 10
44.749426371239515
 20
-21.584754919322013
 10
44.75098826445143
 20
-21.581639093817806
 10
44.7637233783304
 20
-21.562616712462642
 10
44.78080532018935
 20
-21.54728872859395
 10
44.801163713619246
 20
-21.536615606657534
 10
44.82352292853226
 20
-21.531266175496377
 10
44.84648200703836
 20
-21.531575705914275
 10
44.86466879475273
 20
-21.53410068556911
 10
44.94887615176978
 20
-21.5453246518217
 10
45.033282483937775
 20
-21.556114332807688
 10
45.11788465457798
 20
-21.56647436156071
 10
45.20267965106799
 20
-21.576409130272193
 10
45.28766457559021
 20
-21.585922808236436
 10
45.37283663680173
 20
-21.595019358008397
 10
45.458193142310826
 20
-21.60370254999592
 10
45.54373149186331
 20
-21.611975975675385
 10
45.62944917115496
 20
-21.6198430595928
 10
45.71534374619802
 20
-21.62730707028946
 10
45.80141285818046
 20
-21.634371130272637
 10
45.88765421876357
 20
-21.641038225135375
 10
45.93986539993965
 20
-21.64482855821127
 10
45.9518676019903
 20
-21.64427178844498
 10
45.96341369384966
 20
-21.640907467082926
 10
45.97384329758437
 20
-21.634927993363604
 10
45.98255990178896
 20
-21.626675342510097
 10
45.98906497909995
 20
-21.616621509823407
 10
46.01027002511767
 20
-21.57323289661079
 10
46.04635114585681
 20
-21.499094534702458
 10
46.08230885927685
 20
-21.424896327103525
 10
46.1181430570115
 20
-21.35063847494579
 10
46.139059259328434
 20
-21.307110479119935
 10
46.142905652420296
 20
-21.295804464310216
 10
46.143940575263684
 20
-21.283935836469595
 10
46.14210486035649
 20
-21.27218342525314
 10
46.13750351814963
 20
-21.26121941463361
 10
46.13039972680788
 20
-21.25167089371522
 10
46.0945947128847
 20
-21.214039255684344
 10
46.03513384958537
 20
-21.152135968620634
 10
45.97547014310631
 20
-21.090614814228605
 10
45.91560263483533
 20
-21.02947941970367
 10
45.85553030166284
 20
-20.968733552145576
 10
45.795252051703585
 20
-20.908381127884727
 10
45.73476671962001
 20
-20.848426222678658
 10
45.674073061498014
 20
-20.788873082885548
 10
45.61316974921904
 20
-20.729726137737497
 10
45.55205536426319
 20
-20.670990012856294
 10
45.490728390867595
 20
-20.612669545177145
 10
45.42918720845138
 20
-20.55476979947371
 10
45.36743008320365
 20
-20.49729608671134
 10
45.3540126202888
 20
-20.484946613846102
 10
45.33934708081976
 20
-20.46754730709094
 10
45.329527088129424
 20
-20.447050099049292
 10
45.325167922144274
 20
-20.424739273135156
 10
45.32654265127485
 20
-20.40201273727795
 10
45.333565040612264
 20
-20.38029445112043
 10
45.335044474591946
 20
-20.377138641146626
 10
45.36454285464873
 20
-20.313980811938375
 10
45.393950232103634
 20
-20.25078062525167
 10
45.423266540370314
 20
-20.18753820958478
 10
45.42472783162651
 20
-20.184374026413394
 10
45.43684638320527
 20
-20.164955579805337
 10
45.453426443668505
 20
-20.149093512660144
 10
45.47342909230327
 20
-20.13778175713412
 10
45.495600998750696
 20
-20.13172915862769
 10
45.518552949376684
 20
-20.131315045921177
 10
45.53680685938656
 20
-20.133266166737258
 10
45.621310111194724
 20
-20.141833228407
 10
45.70599835616622
 20
-20.149959874613376
 10
45.79086860791002
 20
-20.157650836401142
 10
45.875917996297254
 20
-20.16491060012222
 10
45.9611437587903
 20
-20.171743425667895
 10
46.04654323263534
 20
-20.178153362885162
 10
46.13211384781115
 20
-20.184144266402427
 10
46.21785312064291
 20
-20.189719809056673
 10
46.303758648003026
 20
-20.194883494086554
 10
46.38982810203124
 20
-20.199638666232993
 10
46.47605922531644
 20
-20.203988521869363
 10
46.562449826489406
 20
-20.207936118267323
 10
46.614743520732105
 20
-20.21008012619392
 10
46.626719107450725
 20
-20.209145305654733
 10
46.638149302468676
 20
-20.20541809712208
 10
46.648380354452854
 20
-20.19911165520297
 10
46.65682710568127
 20
-20.190586655611764
 10
46.66300646069853
 20
-20.180330669721208
 10
46.68281082722679
 20
-20.13628607272311
 10
46.716498549011334
 20
-20.061031620803238
 10
46.750060839581685
 20
-19.98572123135544
 10
46.7834975973397
 20
-19.910355109611643
 10
46.80300845451097
 20
-19.866180277271443
 10
46.80649098040502
 20
-19.854756239960505
 10
46.807146139561084
 20
-19.842858336346314
 10
46.8049364852718
 20
-19.83116706937085
 10
46.79998841656266
 20
-19.82035112513883
 10
46.7925849443036
 20
-19.811029123968336
 10
46.75560460036727
 20
-19.77453625394064
 10
46.6942106882508
 20
-19.714523919123526
 10
46.632626200832775
 20
-19.65489998009153
 10
46.57085029794311
 20
-19.595668093609298
 10
46.50888207945909
 20
-19.536832058343748
 10
46.44672058132953
 20
-19.47839582432294
 10
46.384364771228434
 20
-19.420363503277393
 10
46.321813543793034
 20
-19.362739379972407
 10
46.2590657153935
 20
-19.305527924655603
 10
46.19612001837406
 20
-19.248733806764644
 10
46.13297509469495
 20
-19.19236191006293
 10
46.06962948889281
 20
-19.13641734939919
 10
46.006081640263275
 20
-19.080905489321243
 10
45.992279501754936
 20
-19.068982211644098
 10
45.97706882972292
 20
-19.052049820387598
 10
45.96660108669794
 20
-19.03186769827821
 10
45.96153213170816
 20
-19.009700386683928
 10
45.9621795016126
 20
-18.986936804182257
 10
45.96850253457469
 20
-18.9650032362399
 10
45.96988000436349
 20
-18.961801680394043
 10
45.99733775858781
 20
-18.897731794401345
 10
46.024703074392185
 20
-18.833622437757324
 10
46.05197588954218
 20
-18.769473741493083
 10
46.05333493966494
 20
-18.76626438763554
 10
46.06482368794947
 20
-18.746469458003872
 10
46.080884304977886
 20
-18.730089353544752
 10
46.10051042634731
 20
-18.71815046812736
 10
46.1224723235425
 20
-18.71140094218756
 10
46.14539394923781
 20
-18.710263770821467
 10
46.16369665056577
 20
-18.711639207874928
 10
46.24841091658519
 20
-18.717541384489852
 10
46.33329599002267
 20
-18.72299745985404
 10
46.418349038178576
 20
-18.728012258316827
 10
46.50356733668859
 20
-18.732590355930345
 10
46.58894826144325
 20
-18.736736098950463
 10
46.67448928131209
 20
-18.740453620495146
 10
46.76018795157261
 20
-18.743746855588686
 10
46.846041907959
 20
-18.74661955478682
 10
46.93204886125778
 20
-18.749075296549623
 10
47.01820659238758
 20
-18.751117498505742
 10
47.10451294790895
 20
-18.752749427731956
 10
47.19096583591738
 20
-18.753974210155654
 10
47.24328939947006
 20
-18.75447013331207
 10
47.25522624381334
 20
-18.753158291908637
 10
47.26652882500948
 20
-18.749072028192444
 10
47.27655068855009
 20
-18.742445033143962
 10
47.2847186387716
 20
-18.733656316241028
 10
47.29056552385147
 20
-18.723208531402946
 10
47.30894702610009
 20
-18.67855237072787
 10
47.34020360192823
 20
-18.602257740715643
 10
47.37133285477046
 20
-18.525911158030564
 10
47.40233469000139
 20
-18.44951283176047
 10
47.42041832451117
 20
-18.40473575663731
 10
47.42353290182854
 20
-18.39320521802601
 10
47.423807042702855
 20
-18.381290014695814
 10
47.42122509283094
 20
-18.369671637831768
 10
47.415934745679365
 20
-18.359014603731765
 10
47.408238590357584
 20
-18.349928443558127
 10
47.370118372646644
 20
-18.314610769227087
 10
47.30685030063795
 20
-18.256549291407904
 10
47.2434041286658
 20
-18.198882085269148
 10
47.17977913608314
 20
-18.14161283332325
 10
47.11597454690383
 20
-18.084745361837953
 10
47.05198952613359
 20
-18.028283650418103
 10
46.98782317575905
 20
-17.972231842481328
 10
46.923474530353374
 20
-17.916594256737532
 10
46.8589425522498
 20
-17.861375399798185
 10
46.79422612622713
 20
-17.806579980061986
 10
46.72932405364262
 20
-17.752212923047086
 10
46.66423504593585
 20
-17.69827938836827
 10
46.5989577174149
 20
-17.644784788592364
 10
46.58478421123362
 20
-17.633299606272047
 10
46.56904288027469
 20
-17.6168510674222
 10
46.557936914961935
 20
-17.597004284082598
 10
46.55216215663466
 20
-17.575002787240408
 10
46.552080361329466
 20
-17.55222510939132
 10
46.557696554034294
 20
-17.530098424068623
 10
46.558970509204784
 20
-17.526854361608436
 10
46.58435672312554
 20
-17.46193725053396
 10
46.60964916102293
 20
-17.396983610324174
 10
46.63484776514181
 20
-17.331993574383727
 10
46.63610304295195
 20
-17.328742299192434
 10
46.64694941471106
 20
-17.30859095601773
 10
46.66247358223748
 20
-17.291709479762442
 10
46.68170280315526
 20
-17.27915568117696
 10
46.703432227192415
 20
-17.27171622954472
 10
46.72630038047999
 20
-17.269857346914637
 10
46.74463350531633
 20
-17.270655872030883
 10
46.82947375002147
 20
-17.273887947378093
 10
46.91447042766561
 20
-17.276668687616887
 10
46.9996208624865
 20
-17.27900300556094
 10
47.08492247900601
 20
-17.280895562373782
 10
47.17037279454939
 20
-17.28235078631972
 10
47.255969412509344
 20
-17.28337288964732
 10
47.341710016262624
 20
-17.28396588383692
 10
47.42759236366045
 20
-17.284133593409916
 10
47.513614282025245
 20
-17.283879668468845
 10
47.599773663595485
 20
-17.283207596113876
 10
47.68606846136897
 20
-17.28212071086135
 10
47.772496685300496
 20
-17.28062220417331
 10
47.8247974843717
 20
-17.279470003008182
 10
47.83668350935865
 20
-17.277782570586695
 10
47.84784690254161
 20
-17.273341477433778
 10
47.85764916831059
 20
-17.266400709379717
 10
47.865529668448595
 20
-17.257357222056523
 10
47.871037689407316
 20
-17.24672824036555
 10
47.887975650438804
 20
-17.20150577769618
 10
47.916765911098494
 20
-17.12424831374936
 10
47.94542709295944
 20
-17.0469429538584
 10
47.97395910856229
 20
-16.969589910709843
 10
47.99059515917888
 20
-16.924256017040186
 10
47.99333809629492
 20
-16.912630661459897
 10
47.99323036552482
 20
-16.90071020626788
 10
47.9902781536245
 20
-16.88917644175468
 10
47.98465033206369
 20
-16.878689043834747
 10
47.976668793349354
 20
-16.869847840882688
 10
47.93744532699541
 20
-16.835740723462052
 10
47.87236390581712
 20
-16.779688234717447
 10
47.807117054691474
 20
-16.72403549875355
 10
47.74170417343623
 20
-16.668786219961852
 10
47.676124611207065
 20
-16.613944248194624
 10
47.61037766313962
 20
-16.559513588459804
 10
47.54446256667871
 20
-16.505498411520374
 10
47.478378497556456
 20
-16.451903065509278
 10
47.412124565375024
 20
-16.398732088687503
 10
47.34569980874293
 20
-16.345990223493597
 10
47.27910318990539
 20
-16.293682432056688
 10
47.21233358879922
 20
-16.24181391337393
 10
47.145389796450765
 20
-16.19039012238822
 10
47.130858611058876
 20
-16.179354531275624
 10
47.11460164249165
 20
-16.16340635239727
 10
47.10286764843934
 20
-16.143914901693933
 10
47.09639181412902
 20
-16.12210144764146
 10
47.095579819083994
 20
-16.099332744417957
 10
47.10048244055653
 20
-16.077035408378773
 10
47.101651441346334
 20
-16.073752137664272
 10
47.12493741578078
 20
-16.008053812007386
 10
47.14812837755914
 20
-15.94232194978847
 10
47.17122427352535
 20
-15.876556686618345
 10
47.17237435898188
 20
-15.873266797858859
 10
47.182566471741396
 20
-15.852779573186647
 10
47.19753776635412
 20
-15.835413989210842
 10
47.21635015161774
 20
-15.822258191218411
 10
47.23782490439158
 20
-15.814136567494234
 10
47.26061651469895
 20
-15.811558080604968
 10
47.27896167912269
 20
-15.81177906244546
 10
47.36384280814092
 20
-15.812338584415697
 10
47.448865822269354
 20
-15.812441996318594
 10
47.53402820576417
 20
-15.812094294463774
 10
47.619327534999016
 20
-15.811300220414077
 10
47.704761471592235
 20
-15.810064279967385
 10
47.79032775621876
 20
-15.808390760247924
 10
47.87602420302129
 20
-15.806283745141597
 10
47.961848694548635
 20
-15.803747129275294
 10
48.04779917715937
 20
-15.80078463071143
 10
48.1338736568371
 20
-15.797399802505046
 10
48.22007019537162
 20
-15.793596043250663
 10
48.30638690686603
 20
-15.789376606729196
 10
48.35861237806151
 20
-15.786577957858192
 10
48.37043557122371
 20
-15.78451676159393
 10
48.38144836000257
 20
-15.77972545261134
 10
48.39102086074996
 20
-15.772478047874369
 10
48.39860557425512
 20
-15.76318904118337
 10
48.40376870202574
 20
-15.752389699463063
 10
48.419243994899546
 20
-15.706646982552948
 10
48.4455354207167
 20
-15.628505366101882
 10
48.47169615148766
 20
-15.550319977247305
 10
48.49772610709985
 20
-15.472091032005077
 10
48.51289577050831
 20
-15.426246518505845
 10
48.51526377448893
 20
-15.414538179117034
 10
48.51477372578086
 20
-15.402624577191176
 10
48.51145367756705
 20
-15.391187109724147
 10
48.50549354044118
 20
-15.38087994382928
 10
48.497234215156915
 20
-15.372292598915951
 10
48.456945266606716
 20
-15.339430293492848
 10
48.39011318277621
 20
-15.285443088054846
 10
48.32312852055437
 20
-15.231860714567956
 10
48.25599080102322
 20
-15.178686895392604
 10
48.18869949933814
 20
-15.125925499905371
 10
48.12125404168495
 20
-15.073580554297108
 10
48.05365380195321
 20
-15.021656252285016
 10
47.98589809809181
 20
-14.970156966851137
 10
47.91798618810591
 20
-14.91908726313611
 10
47.849917265649594
 20
-14.868451912638047
 10
47.781690455160025
 20
-14.818255908890498
 10
47.713304806469985
 20
-14.768504484822458
 10
47.6447592888254
 20
-14.71920313203883
 10
47.629884482290684
 20
-14.708628210805143
 10
47.61312743470038
 20
-14.693196451275782
 10
47.60077626746828
 20
-14.674080044631728
 10
47.593604829869264
 20
-14.652476762376255
 10
47.59206238256897
 20
-14.629740194292719
 10
47.59624547154482
 20
-14.60729494858759
 10
47.59730819183752
 20
-14.603975822951512
 10
47.61846750237535
 20
-14.537563389308392
 10
47.639530667174675
 20
-14.471120458927055
 10
47.660497637790066
 20
-14.404647169449511
 10
47.66154122493991
 20
-14.401322029142687
 10
47.67106790877435
 20
-14.380519891517807
 10
47.68547051534048
 20
-14.36268804000404
 10
47.70384659558065
 20
-14.348943835979368
 10
47.72504477311886
 20
-14.340148534323585
 10
47.74773687382242
 20
-14.336853305326606
 10
47.766075698419435
 20
-14.336496708660656
 10
47.85091265412836
 20
-14.3343839853028
 10
47.93587678948696
 20
-14.331810842213107
 10
48.020965751679555
 20
-14.328782354106739
 10
48.10617727173424
 20
-14.325303338116253
 10
48.191509158266435
 20
-14.32137837298487
 10
48.276959291845515
 20
-14.31701181634814
 10
48.362525619907004
 20
-14.312207820341266
 10
48.44820615214482
 20
-14.306970345734085
 10
48.53399895632704
 20
-14.301303174767096
 10
48.619902154486255
 20
-14.295209922837266
 10
48.705913919443425
 20
-14.288694049162453
 10
48.792032471627934
 20
-14.281758866535782
 10
48.84413018190002
 20
-14.277317156405019
 10
48.855878609542486
 20
-14.274884417581042
 10
48.86672955000053
 20
-14.269747887641133
 10
48.87606237480068
 20
-14.262201329150027
 10
48.88334329065438
 20
-14.252676346261342
 10
48.88815587230382
 20
-14.241717702257786
 10
48.90215095954745
 20
-14.195501506760477
 10
48.92591374755507
 20
-14.11655565700012
 10
48.949544367193226
 20
-14.037570219898988
 10
48.9730427458636
 20
-13.958545414521423
 10
48.986728815585955
 20
-13.912237195729839
 10
48.98871900043988
 20
-13.90045783961412
 10
48.98784659972868
 20
-13.888563238343178
 10
48.98416153484934
 20
-13.877233700814534
 10
48.97787459409913
 20
-13.867117219898235
 10
48.96934537111738
 20
-13.858792408042437
 10
48.928029818926696
 20
-13.82720802428063
 10
48.85951158607838
 20
-13.775340493968391
 10
48.790853794458954
 20
-13.723882466176738
 10
48.72205608706948
 20
-13.672837677289516
 10
48.65311806577301
 20
-13.62221001210988
 10
48.58403928856991
 20
-13.572003513751326
 10
48.514819266619504
 20
-13.52222239445159
 10
48.445457460976904
 20
-13.472871047422482
 10
48.37595327900921
 20
-13.423954059866064
 10
48.306306070449274
 20
-13.375476227308237
 10
48.23651512303944
 20
-13.327442569425447
 10
48.16657965770804
 20
-13.27985834756938
 10
48.096498823213246
 20
-13.232729084230265
 10
48.08129481174828
 20
-13.222625481695397
 10
48.064053769772705
 20
-13.207725733923311
 10
48.05109694239813
 20
-13.189003776557191
 10
48.043236121971375
 20
-13.167632668819067
 10
48.040963761145846
 20
-13.144951457882735
 10
48.04442214152224
 20
-13.122381288926812
 10
48.045377371625314
 20
-13.11902971235591
 10
48.06438592404412
 20
-13.051971286943678
 10
48.08329730358225
 20
-12.984885447897303
 10
48.10211146660764
 20
-12.917772334707948
 10
48.103047366330344
 20
-12.914415354784783
 10
48.111898184350714
 20
-12.893319681885517
 10
48.12571692047993
 20
-12.875039955289946
 10
48.14363771906726
 20
-12.860721599419335
 10
48.164537739197016
 20
-12.85126184196506
 10
48.18710749431936
 20
-12.847253482579832
 10
48.2054216246583
 20
-12.846319866752362
 10
48.2901294810968
 20
-12.841537958593689
 10
48.374949670117466
 20
-12.836291792135132
 10
48.45988000456407
 20
-12.830586515291351
 10
48.54491837275305
 20
-12.824427015823652
 10
48.63006273284035
 20
-12.817817940724899
 10
48.71531110774929
 20
-12.810763713673788
 10
48.80066158058981
 20
-12.803268550798018
 10
48.88611229050978
 20
-12.795336474950494
 10
48.971661428927774
 20
-12.786971328673525
 10
49.05730723610309
 20
-12.778176786001419
 10
49.14304799800592
 20
-12.768956363231357
 10
49.22888204345456
 20
-12.759313428775293
 10
49.280799749446736
 20
-12.75323374493583
 10
49.29246157068633
 20
-12.750432075124177
 10
49.3031396056755
 20
-12.744955693098552
 10
49.31222311365909
 20
-12.737117800089448
 10
49.319192558756804
 20
-12.727366663546897
 10
49.323649327812376
 20
-12.716259981467157
 10
49.336148298017044
 20
-12.669617750271343
 10
49.35735542420125
 20
-12.589948720408819
 10
49.37842905471099
 20
-12.510244344288592
 10
49.399369124615504
 20
-12.430504843732106
 10
49.41155602701929
 20
-12.383780488886575
 10
49.41316592121848
 20
-12.371942201576317
 10
49.41191155110595
 20
-12.360078775149626
 10
49.40786468424646
 20
-12.348868734082972
 10
49.40125680261724
 20
-12.338953235370418
 10
49.39246585730425
 20
-12.330899395419888
 10
49.35016366126836
 20
-12.300624858705783
 10
49.28002556874398
 20
-12.250929429110926
 10
49.20976109134014
 20
-12.201647757818563
 10
49.13936999448502
 20
-12.152783591261457
 10
49.06885200730486
 20
-12.104340825540357
 10
48.998206820220986
 20
-12.056323516397894
 10
48.92743408232306
 20
-12.008735890122937
 10
48.85653339849114
 20
-11.961582355499578
 10
48.78550432623502
 20
-11.914867516932219
 10
48.71434637221405
 20
-11.868596188899014
 10
48.643058988395154
 20
-11.82277341191095
 10
48.571641567799055
 20
-11.777404470183026
 10
48.50009343977677
 20
-11.732494911260284
 10
48.48457498574609
 20
-11.722872833941224
 10
48.46686654804227
 20
-11.708520204692682
 10
48.453316225417396
 20
-11.690211771633143
 10
48.44477299152739
 20
-11.669094687045101
 10
48.44177205497231
 20
-11.64649208687862
 10
48.44450134981624
 20
-11.623820196368337
 10
48.44534799902155
 20
-11.620439619008796
 10
48.462184080348734
 20
-11.55280423768108
 10
48.478922069781284
 20
-11.485144564982246
 10
48.49556192859396
 20
-11.417460742064064
 10
48.49638907112691
 20
-11.414075379846786
 10
48.50455433857046
 20
-11.392707929905262
 10
48.51777467782534
 20
-11.373999247820624
 10
48.53522173674776
 20
-11.35912163498782
 10
48.55580236602189
 20
-11.349007358015399
 10
48.57822709652435
 20
-11.344290222862726
 10
48.59649822345142
 20
-11.34278073947296
 10
48.68099228036538
 20
-11.335335448171966
 10
48.76558369748888
 20
-11.327422536289044
 10
48.85027045587235
 20
-11.31904721962373
 10
48.935050603579484
 20
-11.310214451520302
 10
49.01992225068384
 20
-11.30092894242434
 10
49.10488356476412
 20
-11.29119517749155
 10
49.18993276683541
 20
-11.281017432490504
 10
49.27506812766462
 20
-11.270399788205284
 10
49.360287964424565
 20
-11.259346143514474
 10
49.44559063764755
 20
-11.247860227298276
 10
49.53097454844577
 20
-11.235945609304807
 10
49.61643813596858
 20
-11.22360571008922
 10
49.668123842636916
 20
-11.215894830135102
 10
49.679687323186876
 20
-11.212727226797766
 10
49.69018159620399
 20
-11.206916727647476
 10
49.69900642973115
 20
-11.198795644694515
 10
49.70565708059833
 20
-11.188828443012845
 10
49.709753166636126
 20
-11.17758517845401
 10
49.72074176799
 20
-11.130564958713302
 10
49.739369044294214
 20
-11.050254828294152
 10
49.757861646450785
 20
-10.969913643024418
 10
49.776219517334674
 20
-10.889541627181663
 10
49.78689334454541
 20
-10.842449296835035
 10
49.788120897769716
 20
-10.83056426632823
 10
49.78648536120396
 20
-10.818744199874562
 10
49.782080302491835
 20
-10.80766514059509
 10
49.775157690642
 20
-10.797960752633598
 10
49.76611347883638
 20
-10.790186076937605
 10
49.72286564742891
 20
-10.761252090065875
 10
49.65117570609115
 20
-10.713779157650498
 10
49.57937269394936
 20
-10.666723818849318
 10
49.50745649921809
 20
-10.620089826146756
 10
49.43542697868826
 20
-10.573881082787752
 10
49.36328395564848
 20
-10.528101652824041
 10
49.2910272176129
 20
-10.482755772097683
 10
49.21865651383209
 20
-10.43784786027678
 10
49.14617155255897
 20
-10.393382534075771
 10
49.073571998038766
 20
-10.349364621813772
 10
49.000857467185995
 20
-10.305799179489366
 10
48.92802752590517
 20
-10.262691508579985
 10
48.85508168500539
 20
-10.220047175810203
 10
48.83926388439528
 20
-10.210916375720196
 10
48.82110515076831
 20
-10.197125467604648
 10
48.80697414289005
 20
-10.179249279547658
 10
48.79775621359439
 20
-10.158407884392119
 10
48.794028844508134
 20
-10.135907149618523
 10
48.79602548853835
 20
-10.113156923481778
 10
48.7967625874523
 20
-10.109750836983247
 10
48.81140691241085
 20
-10.041608362025464
 10
48.82595233656385
 20
-9.973444752859594
 10
48.84039882617641
 20
-9.90526015210363
 10
48.84111626340812
 20
-9.901849905627536
 10
48.84858706524269
 20
-9.880232787729806
 10
48.86119515900897
 20
-9.861114570529761
 10
48.878150563638556
 20
-9.845693214961178
 10
48.898390943450615
 20
-9.834935053887381
 10
48.92064815306572
 20
-9.829514232766806
 10
48.9388580327816
 20
-9.82743062257352
 10
49.02305390863103
 20
-9.817330475982079
 10
49.107332063561024
 20
-9.806759827373169
 10
49.191690649185794
 20
-9.79572395501524
 10
49.27612787559466
 20
-9.784227872691943
 10
49.3606420069844
 20
-9.772276349410022
 10
49.44523135772683
 20
-9.759873927144431
 10
49.52989428881725
 20
-9.747024936864142
 10
49.61462920465799
 20
-9.733733513046255
 10
49.699434550137674
 20
-9.720003606856247
 10
49.78430880797219
 20
-9.705838998147243
 10
49.8692504962782
 20
-9.691243306410422
 10
49.95425816635376
 20
-9.676220000791062
 10
50.00566018475213
 20
-9.666886379020314
 10
50.01711371042251
 20
-9.663356220549383
 10
50.02741357903045
 20
-9.657217696801041
 10
50.035970676263524
 20
-9.648821882215056
 10
50.04229557006015
 20
-9.638648955863445
 10
50.04602650751174
 20
-9.627280740181316
 10
50.05549217809884
 20
-9.579931118241223
 10
50.071518303894486
 20
-9.49906288190081
 10
50.08740872841957
 20
-9.41816792656884
 10
50.103163402477364
 20
-9.337246478669373
 10
50.11231194202632
 20
-9.289834859239397
 10
50.11315553109233
 20
-9.277915359550853
 10
50.11114005425251
 20
-9.266150832925636
 10
50.10638080893454
 20
-9.255214144510715
 10
50.09915002192481
 20
-9.245730814145132
 10
50.08986127344097
 20
-9.238243238300637
 10
50.045709829540954
 20
-9.210679243800213
 10
49.9725377147781
 20
-9.165477114072921
 10
49.89926596911106
 20
-9.120695987640689
 10
49.825894603750264
 20
-9.076339619026228
 10
49.75242360339696
 20
-9.032411914447469
 10
49.67885292449167
 20
-8.988916941925757
 10
49.60518249329921
 20
-8.945858942337106
 10
49.53141220381109
 20
-8.903242341522056
 10
49.45754191544152
 20
-8.861071763587432
 10
49.38357145049086
 20
-8.819352045554357
 10
49.30950059134538
 20
-8.778088253532042
 10
49.235329077376896
 20
-8.737285700626739
 10
49.16105660150016
 20
-8.696949966831754
 10
49.144954870847634
 20
-8.688319729562108
 10
49.126363428528414
 20
-8.675104622726629
 10
49.11166518258718
 20
-8.657679021806787
 10
49.10178102302777
 20
-8.63713477137778
 10
49.09733017480019
 20
-8.614759126364714
 10
49.09859142526808
 20
-8.591954102845591
 10
49.09921812789918
 20
-8.588526035559084
 10
49.11165388049887
 20
-8.51994705957087
 10
49.12399003523655
 20
-8.451350137055268
 10
49.13622656344093
 20
-8.38273541189691
 10
49.136833470960056
 20
-8.379303815088436
 10
49.14360167792389
 20
-8.357459458453798
 10
49.155584375860776
 20
-8.337951599809825
 10
49.172030778534875
 20
-8.322002612556117
 10
49.191910450357646
 20
-8.310611885796039
 10
49.213977850908805
 20
-8.304493194942408
 10
49.232108324791795
 20
-8.30183778401423
 10
49.315922048553304
 20
-8.289094017736073
 10
49.39980287827392
 20
-8.275877352768003
 10
49.48374913829325
 20
-8.262193124337836
 10
49.5677592028189
 20
-8.24804640143448
 10
49.651831492199705
 20
-8.233442006646662
 10
49.73596446957019
 20
-8.218384534025812
 10
49.82015663782025
 20
-8.202878365218302
 10
49.90440653685065
 20
-8.186927684075906
 10
49.988712741080995
 20
-8.170536489923544
 10
50.07307385718094
 20
-8.153708609638233
 10
50.15748852199986
 20
-8.136447708672192
 10
50.241955400673305
 20
-8.118757301135414
 10
50.293022404794044
 20
-8.107811053000013
 10
50.30435449467973
 20
-8.103922093218042
 10
50.314449543438954
 20
-8.09746198585806
 10
50.3227301502768
 20
-8.088800199494573
 10
50.32872269505068
 20
-8.078432126314548
 10
50.33208443118853
 20
-8.066950750484255
 10
50.34001632589842
 20
-8.019320784921058
 10
50.3534229336587
 20
-7.937978237928931
 10
50.366692966586214
 20
-7.8566133462277294
 10
50.37982638351888
 20
-7.775226338070864
 10
50.387439144574365
 20
-7.727544574544891
 10
50.38789757851273
 20
-7.715602948847651
 10
50.38550381286847
 20
-7.703906120120488
 10
50.380394780235775
 20
-7.693123080177688
 10
50.37286271338302
 20
-7.683870559489988
 10
50.363338425031905
 20
-7.676677752190813
 10
50.318326369926496
 20
-7.650511895394934
 10
50.24374336182884
 20
-7.6076267223349525
 10
50.16907427394547
 20
-7.565165531998177
 10
50.09431924054088
 20
-7.523132076922708
 10
50.019478374315824
 20
-7.481530262117343
 10
49.944551764984396
 20
-7.440364155221194
 10
49.86953947771888
 20
-7.399637997611009
 10
49.794441551445864
 20
-7.359356216572596
 10
49.71925799697517
 20
-7.319523438670085
 10
49.643988794939695
 20
-7.280144504468295
 10
49.56863389352126
 20
-7.241224484788626
 10
49.493193205932705
 20
-7.202768698708872
 10
49.41766660762223
 20
-7.164782733554139
 10
49.4012966704032
 20
-7.156661866671291
 10
49.38229057946468
 20
-7.144036100756851
 10
49.36703917074434
 20
-7.127079026306743
 10
49.356497990096415
 20
-7.1068531359871665
 10
49.35132742949212
 20
-7.08462574305217
 10
49.351851375394425
 20
-7.061789580036547
 10
49.352366960987794
 20
-7.058343092082501
 10
49.36257983104819
 20
-6.9893988392716775
 10
49.372692519563614
 20
-6.9204398536410485
 10
49.38270500298912
 20
-6.851466280137794
 10
49.38320068187901
 20
-6.848016897865112
 10
49.38925896488451
 20
-6.825968020209859
 10
49.400603833882826
 20
-6.806090858577261
 10
49.416524476230585
 20
-6.7896309239130845
 10
49.436023405916494
 20
-6.777619615676766
 10
49.45787894207566
 20
-6.770809588034347
 10
49.475911956217075
 20
-6.767585283165714
 10
49.55926005782297
 20
-6.75221181870732
 10
49.64266001722015
 20
-6.736363546909708
 10
49.726110333434825
 20
-6.720045854364989
 10
49.80960954669508
 20
-6.703263859950375
 10
49.893156235349196
 20
-6.686022434777011
 10
49.97674901309117
 20
-6.668326220152036
 10
50.060386526454934
 20
-6.6501796438003264
 10
50.14406745254521
 20
-6.631586934556106
 10
50.22779049697696
 20
-6.612552135704297
 10
50.31155439199955
 20
-6.593079117126559
 10
50.39535789478507
 20
-6.573171586385571
 10
50.47919978586273
 20
-6.552833098863561
 10
50.52988086843016
 20
-6.540285983280596
 10
50.54108018775998
 20
-6.536042345424109
 10
50.550960240639
 20
-6.529267434245293
 10
50.558955921977585
 20
-6.520348724765702
 10
50.56460990613002
 20
-6.5097963048743726
 10
50.567598808196465
 20
-6.498213702897898
 10
50.57398782210737
 20
-6.450352855895376
 10
50.584759517050244
 20
-6.368620476878775
 10
50.59539391905038
 20
-6.286870159694925
 10
50.60589099506965
 20
-6.20510213410293
 10
50.61195923111786
 20
-6.157199761124637
 10
50.612031755367205
 20
-6.145248404538135
 10
50.609261778885724
 20
-6.133631393234879
 10
50.60380775042625
 20
-6.1230131525562275
 10
50.595981634508334
 20
-6.114000985810081
 10
50.58623106263051
 20
-6.107110338829346
 10
50.540402338289105
 20
-6.082369431795707
 10
50.46448125899147
 20
-6.041845158698993
 10
50.38848774741865
 20
-6.001747413432917
 10
50.312422060795996
 20
-5.96207994252518
 10
50.236284439755245
 20
-5.922846645589373
 10
50.16007510724233
 20
-5.884051585525275
 10
50.0837942673234
 20
-5.845698999670698
 10
50.00744210387714
 20
-5.80779331202163
 10
49.931018779158435
 20
-5.770339146655032
 10
49.854524432217225
 20
-5.733341342510142
 10
49.777959177152965
 20
-5.696804969709402
 10
49.70132310118233
 20
-5.660735347630291
 10
49.62461626249353
 20
-5.6251380649761975
 10
49.6079941349717
 20
-5.617534886767122
 10
49.58859191287821
 20
-5.605511443180747
 10
49.57280203444542
 20
-5.589040407554772
 10
49.56161378138758
 20
-5.569153823703222
 10
49.555728090074766
 20
-5.5470977508860075
 10
49.55551365963989
 20
-5.5242541925793205
 10
49.55591753424916
 20
-5.520792870802697
 10
49.563895748667186
 20
-5.451555096030154
 10
49.57177331250978
 20
-5.382305823588607
 10
49.57955020741005
 20
-5.31304519927989
 10
49.57993408577959
 20
-5.309581622293097
 10
49.58527592861855
 20
-5.287351197388687
 10
49.59597127020222
 20
-5.267125486563061
 10
49.61135000415443
 20
-5.2501718373914175
 10
49.63044860524221
 20
-5.237552579481055
 10
49.65207047867872
 20
-5.230058454036306
 10
49.6699881030982
 20
-5.226268737450686
 10
49.75278770236157
 20
-5.208282157069648
 10
49.83562385329682
 20
-5.18981935131619
 10
49.918495231373015
 20
-5.170885752474496
 10
50.00140054454597
 20
-5.151486523918255
 10
50.0843385308253
 20
-5.131626580148743
 10
50.16730795608418
 20
-5.111310604837202
 10
50.25030761208116
 20
-5.090543067119199
 10
50.33333631466891
 20
-5.069328236351912
 10
50.41639290216763
 20
-5.04767019551519
 10
50.499476233884394
 20
-5.02557285341192
 10
50.58258518876205
 20
-5.0030399558018885
 10
50.66571866414351
 20
-4.980075095585674
 10
50.71596339126407
 20
-4.96594049518774
 10
50.72701876388596
 20
-4.961346665398187
 10
50.73667389612179
 20
-4.9542640588350855
 10
50.74437654640994
 20
-4.945097750467089
 10
50.74968614734194
 20
-4.934371990698931
 10
50.752299008790644
 20
-4.922700222616952
 10
50.7571377969062
 20
-4.874658289916378
 10
50.765262190404684
 20
-4.792621121165606
 10
50.77324872986512
 20
-4.710570446770228
 10
50.78109739044541
 20
-4.6285064976660415
 10
50.785614118304586
 20
-4.580433369241249
 10
50.78530041799562
 20
-4.568484711324949
 10
50.78215673547408
 20
-4.556959581480568
 10
50.776362892235596
 20
-4.5465171486236295
 10
50.76825028803748
 20
-4.537754659255832
 10
50.75828294054551
 20
-4.531173277592473
 10
50.711682390169486
 20
-4.507882763981156
 10
50.634497538367626
 20
-4.46976106590496
 10
50.55725398317337
 20
-4.432068002945447
 10
50.479952104527726
 20
-4.394807311598012
 10
50.40259227076732
 20
-4.3579828818979065
 10
50.32517483786409
 20
-4.321598767650522
 10
50.247700148594085
 20
-4.2856591976160265
 10
50.17016853162722
 20
-4.250168587765411
 10
50.092580300527636
 20
-4.21513155474273
 10
50.014935752653194
 20
-4.180552930689803
 10
49.93723516794086
 20
-4.146437779615067
 10
49.859478807561985
 20
-4.1127914155184575
 10
49.78166691242935
 20
-4.079619422521165
 10
49.764808888971075
 20
-4.07254175112064
 10
49.74502949425918
 20
-4.061133035678312
 10
49.72871644542612
 20
-4.045165100219473
 10
49.716891802102566
 20
-4.025638470963639
 10
49.71029637648667
 20
-4.003776659475013
 10
49.709343342885035
 20
-3.980949502547383
 10
49.709635040673724
 20
-3.977476955377425
 10
49.7153693892757
 20
-3.908017841305111
 10
49.72100273395658
 20
-3.8385504814973515
 10
49.72653506156808
 20
-3.7690750223996803
 10
49.72680669581077
 20
-3.765600862178252
 10
49.73142640610702
 20
-3.7432120867182235
 10
49.74146127222145
 20
-3.7226589655679994
 10
49.75628257964853
 20
-3.705229357919338
 10
49.77496173562515
 20
-3.6920154105962504
 10
49.796328428503166
 20
-3.68384512081318
 10
49.81411287601304
 20
-3.679494044178428
 10
49.896281769896895
 20
-3.6589135625426175
 10
49.9784718685906
 20
-3.6378559300348448
 10
50.060682025553405
 20
-3.616326618890671
 10
50.142911117977256
 20
-3.594330831521825
 10
50.22515804500566
 20
-3.571873520622522
 10
50.30742172612996
 20
-3.548959407273263
 10
50.38970109974136
 20
-3.5255929972906697
 10
50.47199512181943
 20
-3.5017785960350216
 10
50.554302764741635
 20
-3.477520321856938
 10
50.63662301619935
 20
-3.4528221183392676
 10
50.718954878209125
 20
-3.427687765468874
 10
50.80129736620816
 20
-3.402120889855167
 10
50.851055830786564
 20
-3.3864137892634063
 10
50.86195625126626
 20
-3.381474609611436
 10
50.87137680064882
 20
-3.37409173410237
 10
50.87877865371133
 20
-3.3646874129477284
 10
50.88373844562243
 20
-3.353799510890318
 10
50.88597249144616
 20
-3.3420507454578656
 10
50.8892554846856
 20
-3.2938777851248573
 10
50.89472322127418
 20
-3.211621310896916
 10
50.900052700969816
 20
-3.1293557831568806
 10
50.90524390718075
 20
-3.04708143368406
 10
50.90820392225186
 20
-2.998887651750601
 10
50.90750412455887
 20
-2.9869541387637515
 10
50.90398966706394
 20
-2.975532881843829
 10
50.897861576214936
 20
-2.965277107691386
 10
50.88947036840914
 20
-2.956773385392934
 10
50.87929599633909
 20
-2.9505080776136934
 10
50.83196932319959
 20
-2.9286919986314017
 10
50.75359640586216
 20
-2.8930122266151073
 10
50.675178580202285
 20
-2.8577627562585834
 10
50.59671634847978
 20
-2.8229473100135993
 10
50.51821020635255
 20
-2.7885697641638734
 10
50.439660642448914
 20
-2.7546341590746004
 10
50.36106813790018
 20
-2.721144710398111
 10
50.28243316582903
 20
-2.688105821352933
 10
50.20375619078759
 20
-2.6555220962113193
 10
50.125037668138944
 20
-2.6233983551517785
 10
50.04627804337487
 20
-2.5917396506586368
 10
49.967477751360235
 20
-2.5605512856809156
 10
49.888637215494555
 20
-2.5298388337998388
 10
49.871559853356516
 20
-2.5232939767329943
 10
49.851422668450226
 20
-2.512511802728844
 10
49.83460234200129
 20
-2.497063553958315
 10
49.82215271645445
 20
-2.4779171999942644
 10
49.814853765784804
 20
-2.456272431454173
 10
49.813162751022986
 20
-2.433485490771569
 10
49.81334193528852
 20
-2.430005343004368
 10
49.8168257911344
 20
-2.3603973957093283
 10
49.8202084061787
 20
-2.2907844666744483
 10
49.82348977252077
 20
-2.221166702775685
 10
49.823648848295946
 20
-2.2176855863013873
 10
49.82754156666038
 20
-2.1951618461947975
 10
49.836905773800034
 20
-2.1743028076789837
 10
49.85115478472977
 20
-2.15641549439871
 10
49.869395870202695
 20
-2.1426207263923223
 10
49.89048616798721
 20
-2.133782887796626
 10
49.908119812677775
 20
-2.1288750655775406
 10
49.989576560775205
 20
-2.105722498356077
 10
50.07103914336617
 20
-2.0820923485328673
 10
50.15250659323486
 20
-2.057990122494595
 10
50.23397795811559
 20
-2.033421056174485
 10
50.31545229956541
 20
-2.008390135205724
 10
50.39692869194906
 20
-1.9829021130676787
 10
50.47840622152255
 20
-1.9569615274740368
 10
50.55988398560335
 20
-1.9305727152150294
 10
50.64136109181705
 20
-1.9037398256356064
 10
50.72283665741171
 20
-1.8764668329060028
 10
50.80430980863232
 20
-1.8487575472196747
 10
50.8857796801488
 20
-1.8206156250357708
 10
50.93500255398702
 20
-1.803352587243919
 10
50.94573719929956
 20
-1.798073248314089
 10
50.954913776856934
 20
-1.790397837229455
 10
50.96200741496137
 20
-1.7807653371688394
 10
50.96661237577764
 20
-1.7697266648496186
 10
50.9684652669007
 20
-1.7579131619367778
 10
50.970188684260506
 20
-1.709659422195329
 10
50.97299346210042
 20
-1.6272694454435903
 10
50.97565973931548
 20
-1.5448748804812704
 10
50.97818750760067
 20
-1.4624759595949965
 10
50.97958739527649
 20
-1.4142118017080445
 10
50.978502070818976
 20
-1.4023058786976403
 10
50.974620194220115
 20
-1.391000396447686
 10
50.968163804799886
 20
-1.380941958798826
 10
50.959502195157924
 20
-1.3727058467290834
 10
50.949130783731974
 20
-1.3667631155375148
 10
50.90112450831656
 20
-1.3464440770568724
 10
50.821640569628
 20
-1.3132432042972728
 10
50.74212556855285
 20
-1.2804738566650355
 10
50.66258012912187
 20
-1.2481397385742738
 10
50.58300487377357
 20
-1.2162447084008865
 10
50.50340042325971
 20
-1.1847927887405294
 10
50.42376739654225
 20
-1.1537881776235044
 10
50.34410641068087
 20
-1.1232352608039278
 10
50.26441808070947
 20
-1.093138625258341
 10
50.18470301950047
 20
-1.0635030740504523
 10
50.104961837615534
 20
-1.0343336427441545
 10
50.025195143140124
 20
-1.0056356175773056
 10
49.94540354150051
 20
-0.9774145556457698
 10
49.92812364510015
 20
-0.9714092998193758
 10
49.9076484582678
 20
-0.9612648715768212
 10
49.89033732644664
 20
-0.9463523976872057
 10
49.877274843506655
 20
-0.927606283185536
 10
49.869279386233
 20
-0.9062011467649952
 10
49.866851863200544
 20
-0.8834782208277576
 10
49.86691832711597
 20
-0.8799941083501843
 10
49.868147661151916
 20
-0.8103100517762202
 10
49.86927563449538
 20
-0.7406242847559491
 10
49.870302244510874
 20
-0.6709369543809285
 10
49.870348577441625
 20
-0.6674525188548137
 10
49.87351028479427
 20
-0.6448173550668757
 10
49.88219442642964
 20
-0.6236742146501361
 10
49.89585693580443
 20
-0.6053479183710279
 10
49.91364183654444
 20
-0.5909867861046467
 10
49.93443485008043
 20
-0.581490683065105
  0
LWPOLYLINE
  5
93
330
17
100
AcDbEntity
  8
FLEXSPLINE_DEFORMED
100
AcDbPolyline
 90
200
 70
1
 10
47.875
 20
0.0
 10
47.8508860699242
 20
1.4879038678918641
 10
47.778572339804654
 20
2.974248987554445
 10
47.658142926668184
 20
4.457478922583359
 10
47.48973781489502
 20
5.936041851773367
 10
47.273552541355706
 20
7.408392855637547
 10
47.00983775686582
 20
8.872996177759607
 10
46.69889866620951
 20
10.328327452806297
 10
46.341094349610195
 20
11.772875893212207
 10
45.93683696914044
 20
13.205146426780596
 10
45.486590864161435
 20
14.623661777721589
 10
44.99087154046141
 20
16.026964483972826
 10
44.45024455831873
 20
17.41361884401653
 10
43.865324325245616
 20
18.782212786821617
 10
43.236772799668145
 20
20.131359658997116
 10
42.565298112263775
 20
21.459699923744825
 10
41.85165311210507
 20
22.765902766741114
 10
41.096633845143444
 20
24.04866760465965
 10
40.30107797290384
 20
25.306725492665024
 10
39.46586313954918
 20
26.53884042785936
 10
38.591905295704905
 20
27.743810546346364
 10
37.68015698760703
 20
28.92046921228491
 10
36.73160562024703
 20
30.067685998034488
 10
35.74727170323208
 20
31.184367555239454
 10
34.7282070880534
 20
32.269458377455216
 10
33.675493205361605
 20
33.321941455678186
 10
32.59023931067798
 20
34.34083882889837
 10
31.473580746729965
 20
35.32521203253873
 10
30.326677230282442
 20
36.274162448374106
 10
29.150711170947496
 20
37.18683156022514
 10
27.946886028994705
 20
38.06240112039137
 10
26.71642471865367
 20
38.90009323241587
 10
25.460568062805457
 20
39.69917035635173
 10
24.180573304302502
 20
40.458935243222996
 10
22.877712678444254
 20
41.17873080582955
 10
21.553272050374193
 20
41.85793993343325
 10
20.208549620359943
 20
42.49598525817213
 10
18.84485469908057
 20
43.09232888127802
 10
17.463506554182274
 20
43.64647206731473
 10
16.065833328485088
 20
44.157954914705435
 10
14.65317102933923
 20
44.626356010778174
 10
13.226862587749768
 20
45.051292079424016
 10
11.788256985024113
 20
45.43241762923611
 10
10.338708443857954
 20
45.76942460967848
 10
8.87957567997267
 20
46.062042082425194
 10
7.412221209661553
 20
46.31003591451704
 10
5.938010707901772
 20
46.51320849940779
 10
4.458312411055245
 20
46.67139851132485
 10
2.9744965576203564
 20
46.78448069765307
 10
1.4879348600175348
 20
46.8523657132777
 10
-7.538074920359234e-15
 20
46.875
 10
-1.4879348600175393
 20
46.8523657132777
 10
-2.974496557620361
 20
46.78448069765307
 10
-4.45831241105525
 20
46.67139851132485
 10
-5.9380107079017765
 20
46.51320849940778
 10
-7.412221209661566
 20
46.31003591451702
 10
-8.879575679972685
 20
46.062042082425194
 10
-10.338708443857959
 20
45.76942460967848
 10
-11.788256985024118
 20
45.43241762923611
 10
-13.226862587749773
 20
45.051292079424016
 10
-14.653171029339235
 20
44.626356010778174
 10
-16.065833328485102
 20
44.157954914705435
 10
-17.463506554182278
 20
43.64647206731473
 10
-18.844854699080578
 20
43.09232888127802
 10
-20.208549620359946
 20
42.49598525817212
 10
-21.55327205037418
 20
41.85793993343325
 10
-22.87771267844426
 20
41.17873080582954
 10
-24.18057330430251
 20
40.458935243222996
 10
-25.46056806280547
 20
39.69917035635173
 10
-26.716424718653677
 20
38.900093232415855
 10
-27.946886028994708
 20
38.062401120391364
 10
-29.150711170947517
 20
37.186831560225116
 10
-30.326677230282442
 20
36.2741624483741
 10
-31.473580746729983
 20
35.32521203253871
 10
-32.59023931067798
 20
34.34083882889838
 10
-33.6754932053616
 20
33.32194145567819
 10
-34.7282070880534
 20
32.269458377455216
 10
-35.74727170323207
 20
31.184367555239454
 10
-36.73160562024704
 20
30.06768599803447
 10
-37.68015698760703
 20
28.9204692122849
 10
-38.59190529570491
 20
27.743810546346367
 10
-39.465863139549185
 20
26.538840427859352
 10
-40.30107797290385
 20
25.306725492665013
 10
-41.09663384514346
 20
24.048667604659638
 10
-41.85165311210507
 20
22.76590276674111
 10
-42.56529811226376
 20
21.459699923744814
 10
-43.23677279966816
 20
20.131359658997106
 10
-43.865324325245616
 20
18.782212786821614
 10
-44.45024455831872
 20
17.41361884401652
 10
-44.990871540461406
 20
16.026964483972815
 10
-45.48659086416144
 20
14.623661777721566
 10
-45.93683696914044
 20
13.20514642678059
 10
-46.341094349610195
 20
11.772875893212207
 10
-46.6988986662095
 20
10.328327452806292
 10
-47.00983775686582
 20
8.872996177759592
 10
-47.273552541355706
 20
7.408392855637537
 10
-47.48973781489502
 20
5.9360418517733615
 10
-47.658142926668184
 20
4.457478922583357
 10
-47.778572339804654
 20
2.9742489875544313
 10
-47.8508860699242
 20
1.4879038678918548
 10
-47.875
 20
-5.862996550917953e-15
 10
-47.8508860699242
 20
-1.4879038678918548
 10
-47.778572339804654
 20
-2.9742489875544313
 10
-47.65814292666819
 20
-4.457478922583358
 10
-47.48973781489502
 20
-5.9360418517733615
 10
-47.27355254135569
 20
-7.408392855637557
 10
-47.00983775686582
 20
-8.872996177759592
 10
-46.69889866620951
 20
-10.328327452806292
 10
-46.341094349610195
 20
-11.772875893212207
 10
-45.93683696914044
 20
-13.20514642678059
 10
-45.48659086416144
 20
-14.623661777721589
 10
-44.99087154046141
 20
-16.026964483972815
 10
-44.450244558318715
 20
-17.413618844016536
 10
-43.86532432524561
 20
-18.78221278682161
 10
-43.236772799668145
 20
-20.131359658997123
 10
-42.565298112263754
 20
-21.459699923744832
 10
-41.851653112105076
 20
-22.765902766741114
 10
-41.09663384514343
 20
-24.04866760465967
 10
-40.30107797290383
 20
-25.306725492665024
 10
-39.465863139549185
 20
-26.538840427859352
 10
-38.591905295704905
 20
-27.743810546346364
 10
-37.68015698760703
 20
-28.9204692122849
 10
-36.73160562024703
 20
-30.06768599803449
 10
-35.747271703232066
 20
-31.184367555239472
 10
-34.72820708805339
 20
-32.26945837745523
 10
-33.6754932053616
 20
-33.32194145567819
 10
-32.59023931067798
 20
-34.34083882889838
 10
-31.47358074672995
 20
-35.32521203253874
 10
-30.32667723028242
 20
-36.27416244837411
 10
-29.150711170947503
 20
-37.18683156022513
 10
-27.94688602899472
 20
-38.06240112039138
 10
-26.716424718653663
 20
-38.90009323241588
 10
-25.46056806280544
 20
-39.69917035635176
 10
-24.180573304302488
 20
-40.458935243223
 10
-22.877712678444244
 20
-41.17873080582955
 10
-21.55327205037418
 20
-41.85793993343325
 10
-20.208549620359907
 20
-42.49598525817214
 10
-18.84485469908056
 20
-43.09232888127803
 10
-17.46350655418227
 20
-43.64647206731473
 10
-16.06583332848509
 20
-44.15795491470543
 10
-14.653171029339235
 20
-44.626356010778174
 10
-13.226862587749745
 20
-45.05129207942402
 10
-11.788256985024097
 20
-45.43241762923611
 10
-10.338708443857948
 20
-45.76942460967848
 10
-8.879575679972675
 20
-46.062042082425194
 10
-7.412221209661566
 20
-46.31003591451702
 10
-5.9380107079017455
 20
-46.51320849940779
 10
-4.45831241105523
 20
-46.67139851132485
 10
-2.9744965576203506
 20
-46.78448069765307
 10
-1.4879348600175393
 20
-46.8523657132777
 10
-7.538074920359234e-15
 20
-46.875
 10
1.4879348600175657
 20
-46.85236571327769
 10
2.9744965576203772
 20
-46.78448069765307
 10
4.458312411055257
 20
-46.67139851132485
 10
5.938010707901772
 20
-46.51320849940779
 10
7.412221209661553
 20
-46.31003591451704
 10
8.879575679972701
 20
-46.062042082425194
 10
10.338708443857971
 20
-45.76942460967847
 10
11.788256985024123
 20
-45.43241762923611
 10
13.226862587749768
 20
-45.051292079424016
 10
14.653171029339223
 20
-44.62635601077818
 10
16.06583332848512
 20
-44.157954914705435
 10
17.463506554182292
 20
-43.64647206731472
 10
18.84485469908058
 20
-43.092328881278014
 10
20.208549620359943
 20
-42.49598525817213
 10
21.55327205037422
 20
-41.85793993343323
 10
22.877712678444276
 20
-41.17873080582953
 10
24.18057330430252
 20
-40.45893524322299
 10
25.46056806280546
 20
-39.69917035635173
 10
26.71642471865367
 20
-38.90009323241587
 10
27.94688602899474
 20
-38.06240112039136
 10
29.150711170947524
 20
-37.186831560225116
 10
30.326677230282456
 20
-36.27416244837409
 10
31.473580746729972
 20
-35.32521203253872
 10
32.59023931067798
 20
-34.34083882889838
 10
33.675493205361626
 20
-33.321941455678164
 10
34.728207088053416
 20
-32.269458377455194
 10
35.74727170323209
 20
-31.184367555239444
 10
36.73160562024704
 20
-30.06768599803448
 10
37.68015698760702
 20
-28.920469212284914
 10
38.591905295704926
 20
-27.74381054634634
 10
39.465863139549185
 20
-26.53884042785934
 10
40.30107797290385
 20
-25.306725492665
 10
41.09663384514345
 20
-24.048667604659638
 10
41.85165311210507
 20
-22.765902766741114
 10
42.56529811226378
 20
-21.459699923744797
 10
43.236772799668174
 20
-20.1313596589971
 10
43.86532432524562
 20
-18.782212786821603
 10
44.45024455831873
 20
-17.413618844016526
 10
44.99087154046141
 20
-16.026964483972826
 10
45.48659086416144
 20
-14.623661777721559
 10
45.93683696914044
 20
-13.20514642678057
 10
46.341094349610195
 20
-11.772875893212193
 10
46.698898666209516
 20
-10.328327452806292
 10
47.00983775686582
 20
-8.872996177759608
 10
47.27355254135572
 20
-7.408392855637517
 10
47.48973781489502
 20
-5.936041851773345
 10
47.658142926668184
 20
-4.457478922583346
 10
47.778572339804654
 20
-2.97424898755444
 10
47.8508860699242
 20
-1.4879038678918675
  0
TEXT
  5
94
330
17
100
AcDbEntity
  8
TEXT
100
AcDbText
 10
-51.0
 20
56.0
 30
0.0
 40
5.0
  1
Flexspline deformed (working)  w0=0.5000 mm
 11
-51.0
 21
56.0
 31
0.0
100
AcDbText
  0
ENDSEC
  0
SECTION
  2
OBJECTS
  0
DICTIONARY
  5
A
330
0
100
AcDbDictionary
281
1
  3
ACAD_COLOR
350
B
  3
ACAD_GROUP
350
C
  3
ACAD_LAYOUT
350
D
  3
ACAD_MATERIAL
350
E
  3
ACAD_MLEADERSTYLE
350
F
  3
ACAD_MLINESTYLE
350
10
  3
ACAD_PLOTSETTINGS
350
11
  3
ACAD_PLOTSTYLENAME
350
12
  3
ACAD_SCALELIST
350
14
  3
ACAD_TABLESTYLE
350
15
  3
ACAD_VISUALSTYLE
350
16
  3
EZDXF_META
350
2D
  0
DICTIONARY
  5
B
330
A
100
AcDbDictionary
281
1
  0
DICTIONARY
  5
C
330
A
100
AcDbDictionary
281
1
  0
DICTIONARY
  5
D
330
A
100
AcDbDictionary
281
1
  3
Model
350
1A
  3
Layout1
350
1E
  0
DICTIONARY
  5
E
330
A
100
AcDbDictionary
281
1
  3
ByBlock
350
1F
  3
ByLayer
350
20
  3
Global
350
21
  0
DICTIONARY
  5
F
330
A
100
AcDbDictionary
281
1
  3
Standard
350
2C
  0
DICTIONARY
  5
10
330
A
100
AcDbDictionary
281
1
  3
Standard
350
22
  0
DICTIONARY
  5
11
330
A
100
AcDbDictionary
281
1
  0
ACDBDICTIONARYWDFLT
  5
12
330
A
100
AcDbDictionary
281
1
  3
Normal
350
13
100
AcDbDictionaryWithDefault
340
13
  0
ACDBPLACEHOLDER
  5
13
330
12
  0
DICTIONARY
  5
14
330
A
100
AcDbDictionary
281
1
  0
DICTIONARY
  5
15
330
A
100
AcDbDictionary
281
1
  0
DICTIONARY
  5
16
330
A
100
AcDbDictionary
281
1
  3
2dWireframe
350
5A
  3
Basic
350
5B
  3
Brighten
350
5C
  3
ColorChange
350
5D
  3
Conceptual
350
5E
  3
Dim
350
5F
  3
EdgeColorOff
350
60
  3
Facepattern
350
61
  3
Flat
350
62
  3
FlatWithEdges
350
63
  3
Gouraud
350
64
  3
GouraudWithEdges
350
65
  3
Hidden
350
66
  3
JitterOff
350
67
  3
Linepattern
350
68
  3
Modeling
350
69
  3
OverhangOff
350
6A
  3
Realistic
350
6B
  3
Shaded
350
6C
  3
Shaded with edges
350
6D
  3
Shades of Gray
350
6E
  3
Sketchy
350
6F
  3
Thicken
350
70
  3
Wireframe
350
71
  3
X-Ray
350
72
  0
LAYOUT
  5
1A
330
D
100
AcDbPlotSettings
  1

  4
A3
  6

 40
7.5
 41
20.0
 42
7.5
 43
20.0
 44
420.0
 45
297.0
 46
0.0
 47
0.0
 48
0.0
 49
0.0
140
0.0
141
0.0
142
1.0
143
1.0
 70
1024
 72
1
 73
0
 74
5
  7

 75
16
 76
0
 77
2
 78
300
147
1.0
148
0.0
149
0.0
100
AcDbLayout
  1
Model
 70
1
 71
0
 10
0.0
 20
0.0
 11
420.0
 21
297.0
 12
0.0
 22
0.0
 32
0.0
 14
1e+20
 24
1e+20
 34
1e+20
 15
-1e+20
 25
-1e+20
 35
-1e+20
146
0.0
 13
0.0
 23
0.0
 33
0.0
 16
1.0
 26
0.0
 36
0.0
 17
0.0
 27
1.0
 37
0.0
 76
1
330
17
  0
LAYOUT
  5
1E
330
D
100
AcDbPlotSettings
  1

  4
A3
  6

 40
7.5
 41
20.0
 42
7.5
 43
20.0
 44
420.0
 45
297.0
 46
0.0
 47
0.0
 48
0.0
 49
0.0
140
0.0
141
0.0
142
1.0
143
1.0
 70
0
 72
1
 73
0
 74
5
  7

 75
16
 76
0
 77
2
 78
300
147
1.0
148
0.0
149
0.0
100
AcDbLayout
  1
Layout1
 70
1
 71
1
 10
0.0
 20
0.0
 11
420.0
 21
297.0
 12
0.0
 22
0.0
 32
0.0
 14
1e+20
 24
1e+20
 34
1e+20
 15
-1e+20
 25
-1e+20
 35
-1e+20
146
0.0
 13
0.0
 23
0.0
 33
0.0
 16
1.0
 26
0.0
 36
0.0
 17
0.0
 27
1.0
 37
0.0
 76
1
330
1B
  0
MATERIAL
  5
1F
102
{ACAD_REACTORS
330
E
102
}
330
E
100
AcDbMaterial
  1
ByBlock
  2

 70
0
 40
1.0
 71
1
 41
1.0
 91
-1023410177
 42
1.0
 72
1
  3

 73
1
 74
1
 75
1
 44
0.5
 73
0
 45
1.0
 46
1.0
 77
1
  4

 78
1
 79
1
170
1
 48
1.0
171
1
  6

172
1
173
1
174
1
140
1.0
141
1.0
175
1
  7

176
1
177
1
178
1
143
1.0
179
1
  8

270
1
271
1
272
1
145
1.0
146
1.0
273
1
  9

274
1
275
1
276
1
 42
1.0
 72
1
  3

 73
1
 74
1
 75
1
 94
63
  0
MATERIAL
  5
20
102
{ACAD_REACTORS
330
E
102
}
330
E
100
AcDbMaterial
  1
ByLayer
  2

 70
0
 40
1.0
 71
1
 41
1.0
 91
-1023410177
 42
1.0
 72
1
  3

 73
1
 74
1
 75
1
 44
0.5
 73
0
 45
1.0
 46
1.0
 77
1
  4

 78
1
 79
1
170
1
 48
1.0
171
1
  6

172
1
173
1
174
1
140
1.0
141
1.0
175
1
  7

176
1
177
1
178
1
143
1.0
179
1
  8

270
1
271
1
272
1
145
1.0
146
1.0
273
1
  9

274
1
275
1
276
1
 42
1.0
 72
1
  3

 73
1
 74
1
 75
1
 94
63
  0
MATERIAL
  5
21
102
{ACAD_REACTORS
330
E
102
}
330
E
100
AcDbMaterial
  1
Global
  2

 70
0
 40
1.0
 71
1
 41
1.0
 91
-1023410177
 42
1.0
 72
1
  3

 73
1
 74
1
 75
1
 44
0.5
 73
0
 45
1.0
 46
1.0
 77
1
  4

 78
1
 79
1
170
1
 48
1.0
171
1
  6

172
1
173
1
174
1
140
1.0
141
1.0
175
1
  7

176
1
177
1
178
1
143
1.0
179
1
  8

270
1
271
1
272
1
145
1.0
146
1.0
273
1
  9

274
1
275
1
276
1
 42
1.0
 72
1
  3

 73
1
 74
1
 75
1
 94
63
  0
MLINESTYLE
  5
22
102
{ACAD_REACTORS
330
10
102
}
330
10
100
AcDbMlineStyle
  2
Standard
 70
0
  3

 62
256
 51
90.0
 52
90.0
 71
2
 49
0.5
 62
256
  6
BYLAYER
 49
-0.5
 62
256
  6
BYLAYER
  0
MLEADERSTYLE
  5
2C
102
{ACAD_REACTORS
330
F
102
}
330
F
100
AcDbMLeaderStyle
179
2
170
2
171
1
172
0
 90
2
 40
0.0
 41
0.0
173
1
 91
-1056964608
 92
-2
290
1
 42
2.0
291
1
 43
8.0
  3
Standard
 44
4.0
300

342
29
174
1
175
1
176
0
178
1
 93
-1056964608
 45
4.0
292
0
297
0
 46
4.0
 94
-1056964608
 47
1.0
 49
1.0
140
1.0
294
1
141
0.0
177
0
142
1.0
295
0
296
0
143
3.75
271
0
272
9
273
9
  0
DICTIONARY
  5
2D
330
A
100
AcDbDictionary
280
1
281
1
  3
CREATED_BY_EZDXF
350
2E
  3
WRITTEN_BY_EZDXF
350
97
  0
DICTIONARYVAR
  5
2E
330
2D
100
DictionaryVariables
280
0
  1
1.4.4 @ 2026-08-20T10:18:51.027734+00:00
  0
VISUALSTYLE
  5
5A
102
{ACAD_REACTORS
330
16
102
}
330
16
100
AcDbVisualStyle
  2
2dWireframe
 70
4
 90
0
 40
0.6
 62
7
290
0
291
0
  0
VISUALSTYLE
  5
5B
102
{ACAD_REACTORS
330
16
102
}
330
16
100
AcDbVisualStyle
  2
Basic
 70
7
 90
1
 40
0.6
 62
7
290
0
291
1
  0
VISUALSTYLE
  5
5C
102
{ACAD_REACTORS
330
16
102
}
330
16
100
AcDbVisualStyle
  2
Brighten
 70
12
 90
2
 40
0.6
 62
7
290
0
291
1
  0
VISUALSTYLE
  5
5D
102
{ACAD_REACTORS
330
16
102
}
330
16
100
AcDbVisualStyle
  2
ColorChange
 70
16
 90
2
 40
0.6
 62
8
290
0
291
1
  0
VISUALSTYLE
  5
5E
102
{ACAD_REACTORS
330
16
102
}
330
16
100
AcDbVisualStyle
  2
Conceptual
 70
9
 90
3
 40
0.6
 62
7
290
0
291
0
  0
VISUALSTYLE
  5
5F
102
{ACAD_REACTORS
330
16
102
}
330
16
100
AcDbVisualStyle
  2
Dim
 70
11
 90
2
 40
0.6
 62
7
290
0
291
1
  0
VISUALSTYLE
  5
60
102
{ACAD_REACTORS
330
16
102
}
330
16
100
AcDbVisualStyle
  2
EdgeColorOff
 70
22
 90
2
 40
0.6
 62
7
290
0
291
1
  0
VISUALSTYLE
  5
61
102
{ACAD_REACTORS
330
16
102
}
330
16
100
AcDbVisualStyle
  2
Facepattern
 70
15
 90
2
 40
0.6
 62
7
290
0
291
1
  0
VISUALSTYLE
  5
62
102
{ACAD_REACTORS
330
16
102
}
330
16
100
AcDbVisualStyle
  2
Flat
 70
0
 90
2
 40
0.6
 62
7
290
0
291
1
  0
VISUALSTYLE
  5
63
102
{ACAD_REACTORS
330
16
102
}
330
16
100
AcDbVisualStyle
  2
FlatWithEdges
 70
1
 90
2
 40
0.6
 62
7
290
0
291
1
  0
VISUALSTYLE
  5
64
102
{ACAD_REACTORS
330
16
102
}
330
16
100
AcDbVisualStyle
  2
Gouraud
 70
2
 90
2
 40
0.6
 62
7
290
0
291
1
  0
VISUALSTYLE
  5
65
102
{ACAD_REACTORS
330
16
102
}
330
16
100
AcDbVisualStyle
  2
GouraudWithEdges
 70
3
 90
2
 40
0.6
 62
7
290
0
291
1
  0
VISUALSTYLE
  5
66
102
{ACAD_REACTORS
330
16
102
}
330
16
100
AcDbVisualStyle
  2
Hidden
 70
6
 90
1
 40
0.6
 62
7
290
0
291
0
  0
VISUALSTYLE
  5
67
102
{ACAD_REACTORS
330
16
102
}
330
16
100
AcDbVisualStyle
  2
JitterOff
 70
20
 90
2
 40
0.6
 62
7
290
0
291
1
  0
VISUALSTYLE
  5
68
102
{ACAD_REACTORS
330
16
102
}
330
16
100
AcDbVisualStyle
  2
Linepattern
 70
14
 90
2
 40
0.6
 62
7
290
0
291
1
  0
VISUALSTYLE
  5
69
102
{ACAD_REACTORS
330
16
102
}
330
16
100
AcDbVisualStyle
  2
Modeling
 70
10
 90
2
 40
0.6
 62
7
290
0
291
0
  0
VISUALSTYLE
  5
6A
102
{ACAD_REACTORS
330
16
102
}
330
16
100
AcDbVisualStyle
  2
OverhangOff
 70
21
 90
2
 40
0.6
 62
7
290
0
291
1
  0
VISUALSTYLE
  5
6B
102
{ACAD_REACTORS
330
16
102
}
330
16
100
AcDbVisualStyle
  2
Realistic
 70
8
 90
2
 40
0.6
 62
7
290
0
291
0
  0
VISUALSTYLE
  5
6C
102
{ACAD_REACTORS
330
16
102
}
330
16
100
AcDbVisualStyle
  2
Shaded
 70
27
 90
2
 40
0.6
 62
7
290
0
291
0
  0
VISUALSTYLE
  5
6D
102
{ACAD_REACTORS
330
16
102
}
330
16
100
AcDbVisualStyle
  2
Shaded with edges
 70
26
 90
2
 40
0.6
 62
7
290
0
291
0
  0
VISUALSTYLE
  5
6E
102
{ACAD_REACTORS
330
16
102
}
330
16
100
AcDbVisualStyle
  2
Shades of Gray
 70
23
 90
2
 40
0.6
 62
7
290
0
291
0
  0
VISUALSTYLE
  5
6F
102
{ACAD_REACTORS
330
16
102
}
330
16
100
AcDbVisualStyle
  2
Sketchy
 70
24
 90
1
 40
0.6
 62
7
290
0
291
0
  0
VISUALSTYLE
  5
70
102
{ACAD_REACTORS
330
16
102
}
330
16
100
AcDbVisualStyle
  2
Thicken
 70
13
 90
2
 40
0.6
 62
7
290
0
291
1
  0
VISUALSTYLE
  5
71
102
{ACAD_REACTORS
330
16
102
}
330
16
100
AcDbVisualStyle
  2
Wireframe
 70
5
 90
0
 40
0.6
 62
7
290
0
291
0
  0
VISUALSTYLE
  5
72
102
{ACAD_REACTORS
330
16
102
}
330
16
100
AcDbVisualStyle
  2
X-Ray
 70
25
 90
2
 40
0.5
 62
7
290
0
291
0
  0
DICTIONARYVAR
  5
97
330
2D
100
DictionaryVariables
280
0
  1
1.4.4 @ 2026-08-20T10:18:52.088464+00:00
  0
ENDSEC
  0
EOF
